weather,visibility,road_type,lighting,traffic_density,speed_limit,time_of_day,accident_risk
Rain,1.591,Rural,Night-lit,Very High,100,Afternoon,High
Storm,2.479,Urban,Daylight,Very High,50,Morning,High
Drizzle,4.972,Highway,Daylight,Low,50,Morning,Low
Clear,2.612,Urban,Daylight,Low,80,Evening,Medium
Fog,4.083,Urban,Night-lit,High,80,Morning,High
Drizzle,7.779,Highway,Daylight,High,100,Night,High
Rain,4.484,Urban,Daylight,High,60,Morning,Medium
Drizzle,5.445,Urban,Night-lit,Low,80,Evening,Medium
Drizzle,3.356,Urban,Night-lit,Medium,60,Afternoon,Medium
Clear,9.853,Rural,Daylight,Very High,50,Afternoon,Medium
Drizzle,5.938,Urban,Daylight,Very High,40,Evening,Medium
Clear,6.857,Intersection,Night-lit,High,50,Night,Medium
Clear,2.15,Urban,Daylight,Low,80,Night,Medium
Clear,5.275,Highway,Daylight,High,60,Evening,Medium
Clear,9.46,Highway,Night-lit,Low,60,Morning,Medium
Rain,3.679,Urban,Daylight,Medium,80,Morning,High
Fog,3.827,Urban,Daylight,High,30,Morning,Medium
Rain,1.707,Urban,Daylight,Very High,60,Morning,High
Drizzle,5.429,Urban,Night-lit,High,60,Morning,Medium
Fog,9.795,Intersection,Dawn/Dusk,High,40,Evening,High
Drizzle,7.963,Urban,Night-unlit,Medium,50,Evening,Medium
Clear,5.292,Highway,Daylight,Medium,30,Afternoon,Low
Rain,3.578,Highway,Night-lit,High,30,Afternoon,Medium
Clear,5.0,Rural,Daylight,Medium,30,Morning,Low
Clear,3.77,Intersection,Night-lit,Very High,60,Morning,Medium
Rain,0.508,Rural,Daylight,Medium,40,Morning,Medium
Fog,6.74,Highway,Daylight,Medium,40,Evening,Medium
Rain,5.444,Urban,Daylight,Medium,60,Afternoon,Medium
Clear,5.174,Highway,Night-unlit,Very High,60,Afternoon,High
Fog,5.569,Highway,Night-lit,Low,50,Morning,High
Drizzle,4.977,Intersection,Daylight,Low,80,Morning,Medium
Drizzle,5.186,Highway,Daylight,Low,60,Afternoon,Low
Drizzle,5.038,Rural,Night-unlit,Medium,80,Evening,High
Rain,7.045,Urban,Night-lit,Very High,30,Evening,High
Clear,6.865,Rural,Daylight,High,100,Evening,Medium
Drizzle,5.749,Highway,Daylight,Very High,60,Evening,Medium
Fog,5.766,Urban,Daylight,Low,100,Evening,High
Rain,6.578,Urban,Dawn/Dusk,Low,80,Afternoon,High
Clear,6.013,Urban,Night-lit,High,40,Morning,Medium
Clear,5.177,Urban,Night-lit,Low,40,Night,Low
Drizzle,7.201,Intersection,Night-lit,High,60,Afternoon,High
Clear,4.229,Urban,Daylight,High,60,Morning,Medium
Storm,5.657,Highway,Dawn/Dusk,Low,50,Morning,Medium
Rain,5.2,Intersection,Night-unlit,Low,30,Afternoon,Medium
Drizzle,7.984,Rural,Night-lit,Medium,100,Afternoon,Medium
Clear,1.561,Urban,Night-lit,Medium,50,Afternoon,Medium
Rain,3.202,Highway,Night-lit,High,80,Morning,Medium
Clear,4.562,Intersection,Daylight,Medium,50,Morning,Medium
Drizzle,5.594,Intersection,Daylight,Very High,50,Night,Medium
Clear,6.718,Urban,Night-lit,High,50,Evening,Medium
Drizzle,7.433,Intersection,Night-unlit,Medium,80,Morning,High
Rain,4.671,Urban,Daylight,High,60,Morning,High
Clear,4.016,Highway,Daylight,High,60,Afternoon,Medium
Rain,7.309,Urban,Daylight,Medium,50,Evening,Medium
Clear,4.752,Intersection,Daylight,Very High,80,Morning,High
Rain,4.002,Intersection,Daylight,Medium,100,Evening,High
Clear,4.826,Rural,Daylight,Medium,80,Morning,Medium
Drizzle,3.256,Urban,Daylight,Low,80,Night,Low
Clear,4.739,Rural,Daylight,Low,50,Morning,Low
Clear,4.202,Intersection,Night-unlit,Very High,80,Afternoon,High
Fog,4.75,Urban,Night-unlit,High,50,Afternoon,High
Drizzle,8.37,Urban,Night-unlit,High,50,Afternoon,Medium
Drizzle,5.59,Rural,Night-lit,Medium,60,Afternoon,High
Rain,4.44,Highway,Night-unlit,Medium,60,Morning,High
Rain,7.773,Highway,Daylight,High,50,Morning,Medium
Drizzle,3.184,Intersection,Daylight,Low,80,Evening,Medium
Clear,3.399,Rural,Night-unlit,Low,60,Night,Medium
Clear,3.095,Rural,Dawn/Dusk,High,30,Afternoon,Medium
Drizzle,3.579,Rural,Daylight,High,60,Night,Medium
Clear,2.35,Urban,Daylight,High,80,Morning,High
Storm,8.807,Highway,Dawn/Dusk,Low,100,Morning,High
Clear,6.682,Intersection,Dawn/Dusk,Medium,40,Evening,Medium
Storm,3.981,Rural,Daylight,Low,80,Evening,High
Clear,7.378,Intersection,Daylight,Medium,30,Evening,Medium
Drizzle,3.202,Urban,Daylight,High,60,Morning,Medium
Rain,3.642,Intersection,Night-unlit,High,30,Afternoon,High
Rain,6.618,Rural,Night-lit,Low,30,Night,Medium
Rain,7.32,Urban,Daylight,High,50,Morning,Medium
Storm,5.672,Highway,Daylight,Medium,50,Evening,Medium
Clear,5.978,Rural,Night-lit,Low,50,Evening,Medium
Clear,6.556,Highway,Night-lit,Low,50,Morning,Low
Clear,8.065,Urban,Dawn/Dusk,Medium,40,Morning,Low
Clear,6.167,Urban,Dawn/Dusk,Very High,60,Afternoon,Low
Clear,5.332,Highway,Daylight,Low,30,Evening,Low
Fog,5.139,Intersection,Night-lit,Low,30,Morning,Medium
Fog,8.578,Intersection,Daylight,Very High,40,Night,High
Storm,4.409,Intersection,Dawn/Dusk,Medium,50,Evening,High
Rain,2.148,Highway,Night-unlit,Medium,30,Evening,High
Clear,4.424,Urban,Night-unlit,Medium,50,Evening,Medium
Clear,6.322,Rural,Night-lit,Very High,60,Morning,Medium
Rain,6.709,Urban,Dawn/Dusk,High,80,Afternoon,High
Drizzle,6.348,Rural,Daylight,Medium,60,Night,Medium
Clear,4.334,Urban,Dawn/Dusk,Very High,50,Evening,Medium
Storm,4.834,Rural,Daylight,High,30,Afternoon,Medium
Rain,3.524,Highway,Daylight,Medium,40,Morning,Medium
Drizzle,3.909,Urban,Night-unlit,Very High,80,Night,High
Clear,6.471,Urban,Night-lit,Very High,100,Night,High
Rain,6.288,Highway,Night-lit,Medium,80,Night,High
Clear,5.811,Rural,Daylight,Medium,80,Night,Medium
Drizzle,5.046,Urban,Night-lit,Low,80,Afternoon,Medium
Drizzle,5.829,Intersection,Night-unlit,Very High,80,Night,High
Drizzle,5.697,Highway,Night-lit,High,80,Afternoon,Medium
Drizzle,8.804,Highway,Daylight,Low,50,Night,Medium
Rain,4.07,Urban,Night-unlit,Very High,60,Morning,High
Rain,7.367,Intersection,Dawn/Dusk,High,80,Morning,High
Clear,2.784,Rural,Dawn/Dusk,Medium,60,Night,Medium
Fog,7.663,Urban,Daylight,High,40,Evening,High
Drizzle,6.524,Urban,Night-lit,High,40,Morning,Medium
Fog,5.675,Intersection,Daylight,Low,60,Night,Medium
Fog,4.719,Highway,Night-lit,Very High,30,Afternoon,Medium
Rain,3.284,Highway,Dawn/Dusk,Low,60,Evening,High
Storm,6.497,Urban,Night-lit,Low,80,Afternoon,High
Clear,4.995,Highway,Dawn/Dusk,Very High,30,Morning,Medium
Clear,4.153,Highway,Night-lit,Low,40,Morning,Low
Fog,3.224,Rural,Night-unlit,Low,30,Morning,Medium
Rain,4.859,Highway,Dawn/Dusk,Very High,60,Night,High
Clear,6.677,Intersection,Daylight,Low,80,Morning,Medium
Drizzle,2.572,Highway,Daylight,Very High,40,Night,High
Rain,7.898,Urban,Night-lit,Low,80,Night,High
Rain,4.799,Intersection,Night-lit,High,60,Afternoon,High
Drizzle,7.057,Intersection,Daylight,High,50,Afternoon,Medium
Rain,10.0,Urban,Night-lit,Low,50,Evening,Medium
Clear,5.108,Intersection,Night-lit,Medium,80,Afternoon,Medium
Rain,3.822,Urban,Night-lit,Medium,50,Night,High
Drizzle,5.681,Urban,Daylight,High,30,Morning,Low
Clear,6.905,Urban,Night-unlit,High,80,Evening,High
Clear,2.831,Rural,Night-lit,High,60,Afternoon,High
Clear,7.159,Rural,Night-unlit,Medium,50,Evening,Medium
Fog,5.513,Rural,Daylight,Medium,100,Evening,High
Clear,4.681,Intersection,Daylight,Low,60,Morning,Medium
Drizzle,5.88,Rural,Dawn/Dusk,Medium,80,Afternoon,Medium
Storm,3.56,Urban,Daylight,Medium,80,Night,High
Drizzle,7.59,Highway,Night-lit,Low,50,Evening,Medium
Rain,4.11,Intersection,Night-unlit,Medium,30,Morning,High
Clear,4.223,Intersection,Night-lit,Low,40,Afternoon,Medium
Rain,2.397,Intersection,Dawn/Dusk,Low,100,Morning,High
Drizzle,5.07,Rural,Night-lit,Medium,50,Night,Medium
Storm,5.79,Rural,Night-unlit,High,60,Afternoon,High
Rain,4.447,Rural,Daylight,Low,40,Afternoon,Low
Drizzle,6.059,Urban,Night-lit,High,40,Night,Medium
Clear,4.587,Rural,Night-unlit,Medium,100,Night,High
Rain,7.045,Urban,Daylight,High,30,Morning,Medium
Fog,3.729,Intersection,Night-unlit,High,60,Evening,High
Clear,5.867,Urban,Night-lit,Low,80,Morning,Medium
Clear,1.254,Urban,Daylight,High,80,Evening,High
Clear,3.7,Highway,Daylight,Medium,50,Morning,Medium
Drizzle,6.234,Highway,Night-unlit,Medium,40,Morning,Medium
Drizzle,6.394,Highway,Daylight,Medium,60,Evening,Low
Clear,6.707,Urban,Daylight,Very High,50,Morning,Medium
Drizzle,5.156,Urban,Night-unlit,Low,80,Morning,Medium
Drizzle,6.581,Intersection,Daylight,Low,60,Morning,Medium
Drizzle,5.045,Intersection,Night-unlit,High,60,Evening,High
Drizzle,4.218,Urban,Daylight,Very High,60,Morning,Medium
Rain,5.467,Urban,Night-lit,Low,60,Night,Medium
Rain,4.515,Urban,Daylight,Low,100,Afternoon,Medium
Drizzle,5.191,Intersection,Night-unlit,High,30,Afternoon,High
Clear,4.107,Urban,Daylight,Low,50,Morning,Low
Fog,7.958,Urban,Daylight,Very High,80,Morning,High
Rain,1.619,Intersection,Daylight,Very High,30,Night,High
Rain,3.787,Intersection,Night-lit,Very High,50,Morning,High
Clear,7.844,Rural,Daylight,Very High,40,Morning,Low
Fog,2.852,Urban,Night-lit,Medium,60,Night,High
Drizzle,6.834,Highway,Night-unlit,Medium,30,Night,Medium
Rain,4.141,Urban,Daylight,High,60,Morning,High
Clear,4.002,Highway,Night-lit,Medium,50,Morning,Medium
Clear,5.967,Rural,Dawn/Dusk,Medium,80,Evening,Medium
Rain,6.544,Highway,Daylight,Low,50,Evening,Medium
Clear,4.949,Urban,Daylight,Medium,80,Morning,Medium
Clear,9.844,Urban,Night-unlit,Medium,60,Afternoon,Medium
Drizzle,3.845,Intersection,Night-unlit,Medium,60,Night,High
Drizzle,6.811,Intersection,Night-lit,High,40,Afternoon,Medium
Drizzle,3.774,Urban,Dawn/Dusk,Very High,30,Night,Medium
Rain,8.316,Urban,Night-lit,High,60,Morning,High
Clear,5.514,Rural,Night-lit,Medium,50,Night,Medium
Drizzle,5.612,Urban,Daylight,Medium,30,Evening,Low
Drizzle,3.395,Urban,Daylight,Medium,50,Night,High
Rain,6.705,Urban,Night-unlit,Medium,50,Night,High
Clear,2.078,Urban,Daylight,Medium,50,Night,Medium
Rain,3.925,Highway,Night-lit,Medium,60,Morning,High
Fog,5.037,Highway,Dawn/Dusk,Medium,40,Evening,High
Clear,3.026,Urban,Dawn/Dusk,Medium,60,Night,High
Clear,3.382,Rural,Daylight,High,80,Afternoon,Medium
Storm,6.125,Highway,Night-unlit,High,60,Evening,High
Rain,4.497,Urban,Daylight,Low,80,Morning,Medium
Rain,5.741,Highway,Daylight,High,40,Morning,Medium
Drizzle,5.867,Intersection,Daylight,Medium,80,Afternoon,Medium
Clear,6.965,Urban,Night-lit,Medium,60,Evening,Medium
Clear,6.085,Rural,Daylight,Low,60,Night,Medium
Drizzle,7.372,Highway,Daylight,Medium,100,Afternoon,Medium
Drizzle,6.186,Highway,Night-lit,Medium,60,Night,Medium
Drizzle,4.959,Highway,Daylight,High,80,Afternoon,Medium
Fog,4.335,Urban,Daylight,Very High,40,Morning,Medium
Rain,6.099,Highway,Night-unlit,Low,30,Night,High
Storm,7.076,Urban,Night-unlit,High,30,Evening,High
Drizzle,4.701,Highway,Night-unlit,High,30,Night,Medium
Drizzle,7.689,Intersection,Dawn/Dusk,High,40,Afternoon,Medium
Fog,7.916,Urban,Daylight,Medium,50,Morning,Medium
Clear,5.164,Rural,Daylight,High,80,Afternoon,Medium
Rain,5.531,Urban,Daylight,Very High,60,Evening,High
Drizzle,7.294,Highway,Night-lit,Medium,60,Night,High
Clear,3.6,Urban,Night-lit,Medium,80,Afternoon,Medium
Rain,2.801,Urban,Daylight,Medium,80,Evening,High
Clear,6.263,Rural,Daylight,Very High,80,Afternoon,Medium
Rain,5.849,Urban,Night-lit,High,100,Evening,High
Clear,8.006,Urban,Daylight,Medium,80,Evening,Medium
Storm,3.785,Rural,Daylight,Medium,100,Evening,High
Clear,0.4,Rural,Daylight,Low,60,Night,Medium
Clear,7.013,Highway,Night-lit,Very High,100,Afternoon,High
Fog,2.218,Rural,Daylight,High,50,Evening,High
Rain,4.974,Urban,Night-lit,Medium,50,Afternoon,High
Rain,7.408,Intersection,Dawn/Dusk,High,50,Night,High
Clear,2.578,Highway,Night-lit,Medium,40,Evening,High
Clear,3.619,Intersection,Daylight,Medium,60,Afternoon,Medium
Drizzle,4.03,Urban,Night-lit,Medium,60,Night,High
Drizzle,10.0,Highway,Daylight,Low,40,Afternoon,Low
Drizzle,1.535,Urban,Night-lit,Medium,30,Morning,Medium
Clear,5.616,Highway,Daylight,Medium,50,Morning,Low
Drizzle,5.774,Rural,Dawn/Dusk,Low,40,Night,Medium
Rain,7.53,Rural,Dawn/Dusk,Very High,60,Evening,High
Fog,8.426,Highway,Night-lit,Low,40,Afternoon,Medium
Drizzle,6.926,Rural,Night-lit,Low,80,Night,Medium
Rain,6.36,Intersection,Daylight,High,80,Night,High
Drizzle,4.457,Highway,Night-lit,Medium,60,Afternoon,Medium
Drizzle,5.521,Highway,Night-lit,Very High,40,Evening,High
Clear,7.395,Intersection,Dawn/Dusk,Low,60,Morning,Medium
Clear,5.754,Highway,Daylight,High,50,Evening,Medium
Drizzle,4.926,Urban,Daylight,Low,30,Night,Low
Clear,6.397,Intersection,Night-lit,High,30,Morning,Medium
Rain,3.701,Highway,Dawn/Dusk,High,50,Morning,Medium
Fog,4.394,Highway,Night-lit,Very High,40,Evening,High
Rain,7.184,Highway,Night-lit,Medium,40,Night,Medium
Rain,9.263,Urban,Daylight,Medium,80,Night,High
Clear,5.171,Urban,Daylight,High,40,Night,Medium
Fog,5.408,Intersection,Night-lit,High,50,Morning,High
Clear,1.518,Rural,Daylight,Medium,80,Night,Medium
Rain,5.62,Urban,Night-unlit,High,60,Morning,High
Drizzle,8.033,Rural,Daylight,Medium,30,Morning,Low
Clear,7.125,Urban,Daylight,Medium,60,Afternoon,Low
Clear,3.163,Urban,Daylight,Very High,60,Evening,High
Clear,6.876,Highway,Night-lit,High,40,Afternoon,Medium
Storm,8.668,Rural,Daylight,Low,50,Evening,Medium
Storm,5.08,Urban,Daylight,Medium,60,Afternoon,Medium
Clear,9.352,Rural,Daylight,High,60,Evening,Medium
Drizzle,3.172,Highway,Daylight,Medium,80,Morning,Medium
Storm,6.199,Urban,Daylight,High,60,Afternoon,High
Clear,7.224,Urban,Daylight,Very High,30,Morning,Low
Rain,1.874,Highway,Daylight,Medium,40,Night,High
Rain,1.844,Urban,Night-lit,Low,80,Afternoon,High
Fog,5.848,Rural,Night-unlit,Very High,80,Evening,High
Fog,7.015,Urban,Dawn/Dusk,Low,60,Evening,Medium
Drizzle,4.967,Urban,Night-lit,High,50,Morning,Medium
Fog,8.168,Highway,Daylight,High,50,Afternoon,Medium
Rain,5.96,Highway,Night-lit,Low,100,Afternoon,High
Drizzle,2.545,Highway,Daylight,Medium,60,Afternoon,Medium
Clear,3.08,Intersection,Night-unlit,Low,30,Afternoon,High
Drizzle,5.63,Rural,Dawn/Dusk,Medium,60,Night,Medium
Clear,8.305,Rural,Dawn/Dusk,Very High,40,Morning,Medium
Clear,4.176,Rural,Night-lit,High,60,Afternoon,Medium
Fog,8.099,Intersection,Daylight,Low,100,Morning,High
Rain,4.704,Rural,Daylight,Medium,100,Afternoon,High
Clear,5.296,Urban,Daylight,High,40,Evening,Medium
Rain,7.885,Urban,Night-unlit,High,50,Night,High
Rain,3.81,Urban,Night-lit,High,30,Morning,Medium
Storm,4.351,Highway,Dawn/Dusk,High,50,Night,High
Clear,6.182,Urban,Daylight,Medium,80,Night,Medium
Drizzle,8.033,Intersection,Night-unlit,Very High,60,Morning,High
Clear,4.491,Urban,Night-lit,Medium,60,Morning,Medium
Drizzle,8.782,Intersection,Dawn/Dusk,High,30,Afternoon,Medium
Rain,8.132,Highway,Daylight,High,40,Morning,Medium
Drizzle,4.243,Highway,Night-lit,High,80,Morning,High
Clear,6.032,Urban,Night-unlit,Medium,60,Evening,Medium
Clear,6.988,Highway,Night-lit,High,50,Morning,Medium
Drizzle,4.066,Urban,Night-lit,Medium,50,Evening,Medium
Rain,4.581,Urban,Daylight,Very High,100,Morning,High
Clear,0.4,Urban,Night-lit,Medium,50,Afternoon,High
Rain,7.215,Highway,Daylight,Medium,100,Night,Medium
Rain,8.08,Rural,Night-unlit,Medium,50,Night,Medium
Fog,9.616,Highway,Daylight,High,40,Evening,Medium
Clear,6.192,Rural,Dawn/Dusk,Low,100,Morning,Medium
Rain,4.205,Highway,Night-lit,High,100,Evening,High
Rain,4.108,Rural,Night-unlit,High,50,Morning,High
Fog,3.249,Intersection,Daylight,High,60,Afternoon,High
Drizzle,7.041,Highway,Daylight,Low,80,Evening,Medium
Storm,3.278,Intersection,Night-unlit,Low,40,Evening,High
Clear,6.368,Highway,Night-lit,Medium,40,Morning,Medium
Clear,4.532,Rural,Daylight,Medium,50,Afternoon,Low
Rain,6.211,Highway,Daylight,High,60,Night,High
Clear,5.04,Urban,Daylight,Medium,60,Evening,Medium
Rain,5.029,Urban,Daylight,Medium,100,Morning,High
Clear,8.269,Rural,Dawn/Dusk,High,40,Morning,Medium
Rain,1.622,Rural,Night-lit,Low,60,Afternoon,High
Drizzle,2.484,Urban,Dawn/Dusk,Medium,60,Evening,High
Clear,3.348,Urban,Night-lit,Low,40,Evening,Medium
Clear,5.636,Highway,Daylight,Very High,80,Night,High
Clear,4.208,Urban,Daylight,Medium,50,Night,Medium
Drizzle,5.033,Highway,Daylight,Low,60,Morning,Low
Rain,7.752,Highway,Daylight,Low,80,Morning,Medium
Rain,4.509,Rural,Night-unlit,Very High,60,Afternoon,High
Storm,5.378,Urban,Dawn/Dusk,Very High,80,Morning,High
Drizzle,6.526,Urban,Dawn/Dusk,Medium,80,Night,High
Drizzle,2.608,Rural,Dawn/Dusk,Medium,50,Morning,Medium
Rain,8.013,Rural,Dawn/Dusk,Medium,80,Morning,High
Rain,1.964,Urban,Night-unlit,Medium,80,Night,High
Storm,5.694,Urban,Night-lit,Very High,30,Morning,High
Rain,9.131,Highway,Dawn/Dusk,High,50,Morning,Medium
Clear,8.76,Intersection,Night-unlit,Very High,60,Morning,High
Storm,4.374,Rural,Night-lit,High,80,Night,High
Fog,2.75,Highway,Night-lit,High,40,Night,High
Rain,4.531,Urban,Night-unlit,Very High,60,Evening,High
Rain,6.992,Intersection,Night-unlit,Medium,50,Morning,High
Drizzle,7.098,Intersection,Dawn/Dusk,Very High,80,Afternoon,High
Drizzle,4.125,Rural,Night-unlit,Medium,40,Night,High
Rain,7.194,Urban,Night-lit,Very High,50,Afternoon,High
Clear,2.391,Highway,Daylight,Medium,100,Night,High
Clear,2.684,Intersection,Daylight,Medium,80,Night,High
Rain,4.534,Highway,Night-lit,High,50,Morning,High
Clear,4.257,Intersection,Dawn/Dusk,Very High,30,Morning,Medium
Fog,4.739,Highway,Dawn/Dusk,High,60,Afternoon,High
Rain,5.08,Urban,Daylight,High,40,Morning,Medium
Rain,4.672,Highway,Daylight,Medium,60,Night,Medium
Clear,6.423,Urban,Night-lit,Very High,40,Evening,Medium
Clear,5.047,Urban,Daylight,Medium,60,Night,Medium
Clear,10.0,Rural,Dawn/Dusk,High,50,Morning,Medium
Rain,7.114,Urban,Daylight,High,50,Evening,Medium
Clear,3.794,Urban,Night-unlit,Low,40,Afternoon,Medium
Clear,8.636,Rural,Daylight,High,100,Evening,Medium
Drizzle,9.245,Intersection,Daylight,Very High,80,Night,High
Drizzle,7.594,Urban,Daylight,Low,50,Afternoon,Low
Clear,10.0,Urban,Night-lit,Medium,50,Evening,Medium
Clear,7.671,Intersection,Daylight,High,60,Afternoon,Medium
Drizzle,8.628,Urban,Night-unlit,Very High,60,Morning,High
Clear,3.499,Highway,Daylight,Medium,80,Afternoon,Medium
Clear,4.645,Rural,Night-lit,High,60,Morning,Medium
Rain,4.41,Rural,Night-lit,High,60,Evening,High
Rain,4.963,Urban,Daylight,High,40,Afternoon,Medium
Drizzle,6.353,Intersection,Daylight,High,30,Afternoon,Medium
Drizzle,3.304,Highway,Night-lit,High,50,Afternoon,Medium
Rain,6.664,Urban,Daylight,Low,60,Evening,Medium
Drizzle,7.206,Highway,Night-lit,Very High,50,Morning,Medium
Clear,6.3,Urban,Daylight,Very High,50,Morning,Medium
Rain,6.38,Highway,Night-unlit,Low,40,Morning,Medium
Clear,5.714,Urban,Night-lit,Medium,60,Night,Medium
Fog,4.068,Urban,Night-lit,High,30,Night,High
Drizzle,3.991,Highway,Daylight,High,50,Night,High
Drizzle,1.474,Rural,Daylight,High,50,Night,High
Clear,4.157,Urban,Daylight,Very High,50,Morning,Medium
Fog,4.63,Rural,Daylight,Medium,50,Afternoon,Medium
Clear,7.771,Urban,Daylight,High,80,Night,Medium
Rain,5.469,Rural,Dawn/Dusk,Medium,30,Evening,Medium
Rain,4.943,Urban,Night-lit,Low,40,Morning,Medium
Clear,7.264,Intersection,Daylight,Low,50,Morning,Medium
Clear,2.381,Urban,Dawn/Dusk,Medium,80,Evening,High
Drizzle,5.858,Highway,Daylight,Medium,40,Afternoon,Low
Clear,5.699,Urban,Dawn/Dusk,Medium,50,Morning,Medium
Rain,9.414,Intersection,Night-lit,Medium,40,Evening,High
Clear,1.016,Urban,Night-lit,Low,60,Morning,High
Clear,7.874,Rural,Daylight,High,80,Afternoon,Medium
Drizzle,4.692,Highway,Dawn/Dusk,High,60,Night,High
Drizzle,6.655,Urban,Dawn/Dusk,Medium,40,Evening,Low
Clear,5.513,Rural,Daylight,Very High,40,Afternoon,Medium
Rain,6.377,Urban,Night-lit,Low,60,Morning,Medium
Drizzle,4.332,Highway,Daylight,Medium,100,Evening,High
Storm,2.187,Rural,Night-lit,High,50,Evening,High
Drizzle,7.834,Highway,Daylight,Medium,40,Afternoon,Medium
Rain,6.595,Intersection,Night-lit,Low,80,Morning,High
Clear,5.92,Highway,Night-lit,Medium,40,Evening,Medium
Rain,3.461,Intersection,Daylight,Medium,100,Evening,High
Clear,3.809,Highway,Daylight,Very High,50,Evening,Medium
Clear,4.631,Urban,Daylight,Very High,40,Night,Medium
Clear,3.636,Urban,Dawn/Dusk,Medium,40,Afternoon,Medium
Fog,5.758,Intersection,Daylight,High,40,Morning,High
Clear,5.049,Urban,Night-lit,Low,40,Night,Medium
Fog,4.432,Rural,Night-lit,Low,50,Night,Low
Fog,5.221,Urban,Daylight,High,30,Morning,Medium
Storm,3.966,Highway,Night-lit,Medium,60,Morning,High
Storm,5.348,Rural,Daylight,Low,30,Night,Medium
Drizzle,5.402,Urban,Daylight,Medium,50,Evening,Medium
Fog,8.829,Rural,Daylight,Medium,60,Afternoon,Medium
Rain,4.732,Urban,Daylight,Low,40,Afternoon,Low
Clear,7.142,Urban,Daylight,Medium,60,Morning,Medium
Fog,5.884,Urban,Night-unlit,Medium,80,Morning,High
Rain,4.869,Intersection,Night-lit,Low,60,Evening,High
Drizzle,3.284,Rural,Daylight,Very High,30,Night,Medium
Clear,5.093,Intersection,Daylight,Medium,40,Morning,Medium
Rain,8.436,Urban,Night-unlit,Medium,50,Afternoon,Medium
Rain,3.278,Highway,Dawn/Dusk,Medium,40,Night,High
Rain,2.526,Urban,Night-lit,Medium,50,Night,High
Clear,7.291,Urban,Daylight,High,40,Evening,Medium
Clear,10.0,Urban,Night-lit,Very High,30,Afternoon,Medium
Drizzle,6.925,Urban,Daylight,Low,100,Morning,Medium
Clear,5.395,Urban,Night-lit,High,50,Afternoon,Medium
Rain,4.397,Rural,Night-lit,High,100,Morning,High
Rain,5.283,Rural,Dawn/Dusk,Very High,60,Afternoon,Medium
Clear,6.891,Intersection,Night-lit,Low,60,Night,Medium
Drizzle,6.527,Rural,Night-lit,High,60,Afternoon,Medium
Drizzle,6.244,Rural,Night-lit,Medium,80,Night,High
Fog,4.551,Intersection,Night-lit,Very High,60,Night,High
Clear,3.142,Highway,Dawn/Dusk,Low,60,Morning,Medium
Storm,6.253,Rural,Daylight,High,40,Night,High
Rain,6.479,Urban,Daylight,Very High,60,Night,High
Storm,3.622,Highway,Daylight,High,50,Night,High
Drizzle,3.187,Highway,Night-lit,High,60,Afternoon,High
Drizzle,3.043,Highway,Daylight,High,40,Night,Medium
Clear,4.257,Highway,Daylight,Medium,30,Afternoon,Low
Drizzle,2.654,Intersection,Dawn/Dusk,Low,100,Afternoon,High
Rain,0.539,Intersection,Daylight,High,30,Afternoon,High
Fog,5.231,Rural,Night-unlit,Medium,40,Morning,Medium
Drizzle,7.775,Intersection,Daylight,High,50,Afternoon,Medium
Rain,2.339,Urban,Dawn/Dusk,Low,60,Evening,High
Rain,4.561,Intersection,Daylight,Medium,100,Evening,High
Clear,4.101,Highway,Daylight,Medium,30,Evening,Medium
Rain,7.992,Urban,Daylight,Medium,50,Night,High
Fog,7.114,Highway,Daylight,High,30,Evening,Medium
Fog,2.986,Rural,Dawn/Dusk,Very High,60,Afternoon,High
Fog,0.4,Urban,Night-unlit,Low,60,Night,High
Clear,8.141,Urban,Dawn/Dusk,Medium,30,Afternoon,Low
Clear,4.168,Highway,Daylight,Low,80,Afternoon,Medium
Storm,9.238,Urban,Dawn/Dusk,High,40,Evening,High
Clear,5.194,Urban,Daylight,High,50,Afternoon,Low
Clear,3.946,Urban,Daylight,High,100,Night,High
Drizzle,8.146,Urban,Daylight,Medium,50,Night,Medium
Rain,4.085,Urban,Dawn/Dusk,Medium,40,Afternoon,Medium
Drizzle,5.502,Intersection,Daylight,High,40,Evening,Medium
Clear,6.382,Urban,Dawn/Dusk,Medium,100,Morning,Medium
Drizzle,3.232,Rural,Night-lit,Medium,40,Afternoon,Medium
Clear,5.655,Urban,Dawn/Dusk,Very High,60,Morning,Medium
Fog,7.709,Urban,Night-unlit,Very High,40,Evening,High
Rain,2.085,Highway,Night-lit,Low,30,Morning,Medium
Clear,4.445,Rural,Daylight,Low,50,Afternoon,Low
Clear,3.977,Intersection,Dawn/Dusk,High,80,Night,High
Clear,2.608,Urban,Night-lit,High,40,Afternoon,Medium
Rain,9.22,Urban,Night-lit,Very High,40,Afternoon,Medium
Drizzle,1.297,Intersection,Daylight,Very High,50,Afternoon,High
Clear,8.27,Rural,Dawn/Dusk,High,80,Evening,Medium
Clear,5.056,Urban,Night-lit,Low,100,Morning,Medium
Clear,9.574,Highway,Night-lit,Very High,60,Evening,High
Rain,6.488,Intersection,Daylight,Low,60,Night,Medium
Rain,6.208,Urban,Daylight,Medium,60,Night,Medium
Drizzle,7.808,Rural,Daylight,Low,80,Evening,Medium
Clear,3.838,Highway,Night-unlit,Medium,80,Afternoon,High
Clear,6.873,Intersection,Night-lit,High,60,Night,High
Rain,2.23,Highway,Daylight,Low,60,Afternoon,Medium
Drizzle,6.499,Highway,Daylight,Medium,50,Afternoon,Medium
Rain,6.241,Urban,Dawn/Dusk,High,60,Evening,High
Clear,5.007,Highway,Daylight,High,50,Evening,Medium
Clear,3.944,Urban,Dawn/Dusk,High,50,Morning,Medium
Fog,3.368,Rural,Daylight,Medium,50,Morning,Medium
Clear,2.986,Urban,Daylight,High,80,Night,High
Clear,6.306,Urban,Daylight,Medium,30,Morning,Low
Drizzle,4.406,Highway,Night-unlit,High,40,Morning,Medium
Clear,7.69,Intersection,Night-lit,High,50,Evening,Medium
Drizzle,5.831,Rural,Night-lit,Very High,60,Night,High
Clear,4.051,Urban,Dawn/Dusk,Medium,50,Morning,Medium
Rain,6.878,Rural,Night-unlit,Very High,80,Morning,High
Fog,9.495,Urban,Daylight,Medium,60,Evening,Medium
Clear,5.946,Rural,Daylight,Medium,60,Night,Medium
Clear,5.079,Urban,Night-lit,Very High,40,Morning,Medium
Clear,3.823,Intersection,Night-lit,High,60,Morning,Medium
Clear,6.352,Rural,Daylight,High,30,Evening,Low
Clear,4.052,Intersection,Daylight,Very High,50,Night,Medium
Drizzle,5.397,Urban,Night-lit,Very High,80,Night,High
Clear,4.992,Urban,Daylight,Low,50,Morning,Low
Clear,4.679,Intersection,Daylight,High,50,Night,Medium
Clear,5.367,Intersection,Dawn/Dusk,High,60,Night,High
Rain,3.692,Urban,Daylight,Low,40,Afternoon,Medium
Rain,5.403,Highway,Daylight,Medium,30,Afternoon,Medium
Clear,7.308,Highway,Dawn/Dusk,Very High,50,Evening,High
Clear,4.358,Rural,Daylight,Medium,100,Evening,Medium
Rain,3.206,Urban,Dawn/Dusk,High,80,Morning,High
Clear,5.879,Urban,Daylight,Medium,40,Night,Low
Rain,4.593,Urban,Night-lit,Medium,30,Evening,Medium
Drizzle,7.926,Highway,Dawn/Dusk,High,50,Evening,High
Drizzle,5.616,Urban,Daylight,Medium,40,Afternoon,Low
Fog,4.753,Urban,Daylight,Very High,50,Night,High
Drizzle,3.597,Urban,Dawn/Dusk,Low,30,Evening,Medium
Clear,7.504,Urban,Daylight,Low,50,Morning,Low
Rain,8.784,Urban,Daylight,Low,100,Night,High
Rain,4.838,Urban,Night-lit,High,50,Afternoon,Medium
Rain,6.091,Urban,Daylight,Medium,60,Evening,Medium
Clear,8.184,Urban,Daylight,Low,60,Night,Low
Rain,2.082,Rural,Daylight,High,30,Afternoon,Medium
Clear,8.701,Highway,Night-lit,Medium,50,Afternoon,Medium
Drizzle,6.16,Rural,Dawn/Dusk,Low,80,Evening,Medium
Rain,6.042,Intersection,Night-unlit,Low,100,Morning,High
Clear,9.07,Intersection,Night-lit,Low,40,Evening,Medium
Clear,6.828,Rural,Night-lit,Medium,40,Morning,Medium
Drizzle,4.855,Highway,Night-lit,Medium,80,Evening,High
Drizzle,7.656,Intersection,Daylight,Medium,60,Evening,Medium
Clear,10.0,Intersection,Daylight,Low,50,Night,Medium
Clear,10.0,Highway,Daylight,Medium,80,Morning,Medium
Fog,6.711,Highway,Dawn/Dusk,High,50,Night,High
Clear,2.424,Rural,Night-unlit,High,40,Morning,Medium
Clear,7.69,Rural,Daylight,Very High,60,Evening,Medium
Clear,7.062,Intersection,Daylight,Medium,50,Night,Medium
Drizzle,4.26,Urban,Daylight,Medium,50,Morning,Medium
Drizzle,3.373,Urban,Dawn/Dusk,Medium,80,Afternoon,High
Drizzle,7.33,Highway,Dawn/Dusk,Medium,40,Night,Low
Fog,4.872,Urban,Daylight,Medium,60,Night,High
Clear,2.309,Intersection,Dawn/Dusk,High,80,Morning,High
Clear,6.066,Rural,Night-lit,Medium,40,Night,Medium
Rain,4.805,Urban,Dawn/Dusk,Medium,30,Night,Medium
Drizzle,4.031,Intersection,Night-lit,Medium,80,Afternoon,High
Drizzle,4.289,Urban,Night-lit,Very High,50,Morning,Medium
Clear,6.908,Rural,Dawn/Dusk,High,60,Morning,Medium
Rain,6.456,Intersection,Night-lit,Medium,40,Evening,High
Drizzle,3.647,Urban,Daylight,Medium,40,Evening,Medium
Clear,7.813,Intersection,Daylight,High,50,Morning,Low
Storm,5.919,Highway,Daylight,Medium,40,Afternoon,Medium
Clear,8.492,Intersection,Night-lit,Very High,40,Morning,High
Clear,5.463,Urban,Night-lit,Very High,60,Morning,High
Clear,6.154,Urban,Night-unlit,Low,50,Night,Medium
Clear,4.353,Rural,Night-unlit,Medium,80,Afternoon,Medium
Storm,5.614,Urban,Daylight,High,40,Night,Medium
Clear,6.504,Intersection,Night-lit,Medium,40,Morning,Medium
Rain,2.098,Urban,Night-unlit,Medium,60,Morning,High
Clear,8.525,Rural,Night-lit,Medium,40,Evening,Medium
Fog,5.964,Highway,Dawn/Dusk,Medium,80,Night,High
Clear,4.754,Highway,Dawn/Dusk,High,80,Afternoon,Medium
Fog,8.358,Urban,Night-unlit,Medium,60,Afternoon,High
Fog,8.699,Urban,Night-unlit,Very High,60,Evening,High
Drizzle,3.71,Highway,Night-unlit,Medium,80,Evening,High
Drizzle,7.865,Urban,Night-lit,High,60,Night,High
Clear,8.011,Highway,Daylight,High,50,Evening,Medium
Clear,7.941,Urban,Night-unlit,Medium,80,Night,Medium
Storm,6.044,Urban,Night-lit,High,80,Afternoon,High
Clear,7.005,Intersection,Night-lit,Medium,60,Morning,Medium
Fog,3.732,Rural,Daylight,Very High,60,Evening,Medium
Rain,3.136,Urban,Dawn/Dusk,High,60,Evening,High
Clear,8.041,Rural,Daylight,High,80,Evening,Medium
Drizzle,3.364,Highway,Night-lit,Medium,40,Evening,Medium
Rain,4.561,Intersection,Night-unlit,Low,40,Morning,Medium
Clear,9.713,Rural,Dawn/Dusk,Medium,80,Morning,Medium
Drizzle,5.394,Urban,Night-unlit,High,40,Afternoon,Medium
Clear,4.743,Intersection,Night-unlit,Very High,30,Morning,Medium
Fog,5.662,Intersection,Night-lit,Medium,50,Afternoon,Medium
Clear,6.816,Rural,Night-lit,Low,60,Night,Medium
Clear,5.967,Urban,Dawn/Dusk,Medium,60,Night,Medium
Rain,5.344,Highway,Dawn/Dusk,Medium,50,Night,High
Fog,5.159,Urban,Daylight,High,60,Afternoon,High
Clear,2.757,Rural,Dawn/Dusk,Low,40,Evening,Medium
Clear,7.347,Intersection,Daylight,Low,30,Morning,Low
Fog,2.409,Rural,Night-lit,Low,80,Morning,High
Drizzle,4.594,Urban,Daylight,Very High,40,Morning,Medium
Drizzle,3.374,Urban,Night-lit,Medium,80,Afternoon,Medium
Rain,4.9,Urban,Dawn/Dusk,High,30,Evening,Medium
Drizzle,4.005,Intersection,Daylight,High,50,Afternoon,Medium
Rain,6.716,Intersection,Night-lit,High,80,Evening,High
Clear,9.283,Intersection,Night-lit,High,50,Evening,High
Rain,1.782,Highway,Night-lit,Medium,40,Morning,Medium
Rain,7.386,Highway,Daylight,Medium,30,Night,Medium
Clear,5.431,Urban,Dawn/Dusk,Low,100,Evening,Low
Clear,6.36,Rural,Daylight,Medium,60,Morning,Medium
Clear,3.86,Highway,Night-lit,Low,40,Night,Medium
Clear,4.118,Urban,Daylight,Medium,100,Morning,Medium
Clear,5.872,Highway,Night-unlit,Medium,30,Morning,Medium
Clear,6.195,Rural,Daylight,Medium,80,Morning,Medium
Clear,7.362,Intersection,Night-unlit,Medium,40,Morning,Medium
Clear,5.698,Rural,Daylight,High,50,Night,Medium
Clear,4.866,Urban,Dawn/Dusk,Medium,40,Evening,Medium
Storm,6.026,Highway,Night-lit,High,80,Night,High
Rain,5.291,Rural,Daylight,High,80,Night,High
Drizzle,3.677,Highway,Night-lit,High,30,Night,Medium
Clear,5.455,Urban,Night-unlit,Low,40,Evening,Medium
Clear,7.292,Rural,Daylight,Medium,40,Evening,Low
Storm,9.807,Intersection,Night-lit,High,80,Night,High
Rain,4.691,Urban,Daylight,Very High,40,Night,High
Rain,10.0,Intersection,Daylight,Medium,50,Night,Medium
Rain,3.691,Rural,Daylight,High,60,Evening,High
Fog,5.355,Highway,Night-lit,Low,80,Morning,High
Rain,5.144,Highway,Night-unlit,Low,30,Evening,Medium
Clear,5.955,Intersection,Daylight,High,50,Night,Medium
Drizzle,5.695,Intersection,Dawn/Dusk,Low,50,Afternoon,Medium
Rain,5.874,Urban,Daylight,High,40,Morning,Medium
Drizzle,5.303,Highway,Daylight,Medium,60,Night,Medium
Drizzle,10.0,Intersection,Night-unlit,Medium,60,Morning,Medium
Clear,6.126,Intersection,Night-unlit,Low,60,Morning,Medium
Clear,4.707,Rural,Night-unlit,High,50,Afternoon,Medium
Clear,8.239,Urban,Night-lit,Low,60,Night,Medium
Rain,0.952,Highway,Night-lit,Very High,60,Morning,High
Drizzle,3.927,Urban,Daylight,Low,60,Night,Low
Drizzle,1.323,Highway,Daylight,Low,40,Night,High
Rain,9.392,Rural,Night-unlit,Medium,60,Morning,High
Drizzle,5.645,Intersection,Dawn/Dusk,Low,80,Night,Medium
Drizzle,8.449,Intersection,Daylight,Medium,40,Morning,Medium
Drizzle,3.214,Intersection,Daylight,Very High,50,Afternoon,High
Drizzle,4.23,Urban,Daylight,Very High,30,Morning,Medium
Clear,7.38,Highway,Night-lit,Very High,50,Morning,Medium
Drizzle,7.387,Urban,Daylight,High,80,Night,High
Rain,4.484,Urban,Daylight,High,50,Afternoon,Medium
Clear,4.787,Urban,Daylight,Medium,50,Night,Medium
Clear,6.727,Intersection,Night-lit,Very High,40,Afternoon,Medium
Drizzle,6.482,Rural,Night-lit,High,30,Morning,Low
Fog,9.408,Highway,Dawn/Dusk,Low,80,Afternoon,High
Clear,1.528,Urban,Daylight,High,60,Night,High
Clear,5.348,Urban,Daylight,Medium,50,Morning,Low
Rain,9.003,Rural,Daylight,High,30,Afternoon,Medium
Clear,5.613,Urban,Night-lit,High,50,Evening,Medium
Drizzle,0.98,Rural,Night-unlit,Medium,60,Morning,High
Clear,4.062,Rural,Daylight,Medium,80,Afternoon,Medium
Drizzle,2.792,Highway,Night-lit,High,60,Evening,High
Drizzle,7.684,Urban,Night-lit,Very High,30,Morning,Medium
Fog,6.563,Intersection,Night-lit,Very High,50,Night,High
Clear,4.097,Rural,Dawn/Dusk,Medium,40,Afternoon,Medium
Clear,5.888,Urban,Daylight,Medium,60,Afternoon,Low
Storm,5.036,Urban,Dawn/Dusk,High,50,Afternoon,High
Clear,2.62,Urban,Daylight,Low,40,Afternoon,Low
Clear,3.387,Urban,Daylight,Medium,40,Morning,Medium
Rain,1.786,Rural,Night-lit,Medium,60,Evening,High
Rain,6.782,Urban,Daylight,Low,60,Morning,Medium
Rain,4.979,Highway,Daylight,High,50,Afternoon,Medium
Rain,6.904,Intersection,Night-lit,High,50,Afternoon,Medium
Rain,4.958,Urban,Night-lit,Medium,60,Morning,Medium
Rain,2.414,Highway,Night-unlit,Medium,30,Afternoon,High
Drizzle,6.35,Intersection,Night-unlit,High,50,Morning,High
Drizzle,5.583,Highway,Night-unlit,Medium,40,Afternoon,Medium
Clear,3.253,Highway,Night-lit,High,100,Night,Medium
Drizzle,4.113,Urban,Night-lit,Medium,40,Evening,Medium
Clear,9.468,Highway,Dawn/Dusk,Very High,50,Morning,Medium
Clear,2.026,Rural,Daylight,High,50,Evening,Medium
Clear,5.261,Intersection,Dawn/Dusk,High,60,Evening,Medium
Rain,5.794,Urban,Night-lit,Low,60,Afternoon,Medium
Drizzle,7.475,Highway,Dawn/Dusk,High,50,Evening,High
Rain,5.995,Urban,Daylight,Very High,60,Night,High
Rain,9.769,Urban,Daylight,Very High,50,Afternoon,Medium
Fog,3.45,Intersection,Night-lit,High,50,Night,High
Fog,7.349,Rural,Night-unlit,High,60,Afternoon,High
Clear,7.127,Urban,Night-lit,Medium,100,Morning,Medium
Fog,2.098,Intersection,Dawn/Dusk,Medium,50,Afternoon,High
Rain,3.758,Urban,Night-unlit,High,50,Morning,High
Drizzle,6.621,Rural,Night-lit,Medium,40,Night,Medium
Rain,3.505,Intersection,Night-lit,Medium,60,Night,High
Rain,4.129,Rural,Daylight,High,50,Evening,Medium
Storm,6.058,Rural,Daylight,Medium,30,Night,Medium
Drizzle,5.391,Highway,Night-lit,Very High,30,Morning,Medium
Drizzle,4.332,Intersection,Night-lit,Medium,80,Afternoon,Medium
Clear,9.53,Urban,Daylight,Very High,50,Night,Medium
Rain,5.586,Rural,Night-unlit,Medium,80,Evening,High
Clear,1.364,Highway,Daylight,High,80,Evening,High
Clear,7.293,Highway,Night-unlit,Medium,60,Morning,Medium
Clear,3.673,Urban,Night-lit,Very High,40,Evening,Medium
Clear,3.251,Urban,Daylight,Medium,50,Morning,Medium
Fog,6.998,Highway,Dawn/Dusk,Low,40,Morning,Medium
Drizzle,3.828,Rural,Night-unlit,Low,30,Afternoon,Medium
Drizzle,6.25,Urban,Daylight,Very High,40,Afternoon,Medium
Fog,7.728,Rural,Daylight,High,50,Night,High
Drizzle,6.315,Urban,Night-unlit,Medium,60,Night,High
Rain,8.133,Urban,Dawn/Dusk,Medium,50,Afternoon,Medium
Clear,6.737,Intersection,Night-lit,Very High,60,Afternoon,High
Clear,5.46,Highway,Daylight,High,60,Afternoon,Medium
Clear,8.132,Highway,Night-lit,Low,100,Night,Medium
Rain,8.77,Highway,Daylight,Medium,80,Morning,High
Clear,6.036,Urban,Daylight,Medium,100,Night,Medium
Drizzle,6.578,Rural,Night-lit,Low,80,Evening,Medium
Clear,2.554,Urban,Dawn/Dusk,High,40,Evening,Medium
Clear,2.636,Urban,Daylight,Low,40,Evening,Medium
Clear,3.107,Rural,Daylight,Medium,30,Afternoon,Low
Rain,2.441,Intersection,Daylight,Very High,60,Evening,High
Clear,4.809,Rural,Daylight,Low,50,Morning,Low
Fog,4.906,Urban,Daylight,High,80,Night,High
Clear,2.959,Urban,Daylight,High,80,Evening,High
Clear,4.459,Highway,Night-unlit,Very High,50,Morning,Medium
Clear,7.469,Urban,Daylight,Very High,80,Evening,Medium
Clear,5.15,Urban,Daylight,Low,40,Night,Low
Rain,3.952,Urban,Daylight,Very High,100,Evening,High
Clear,4.181,Rural,Daylight,High,40,Morning,Low
Clear,9.139,Rural,Daylight,High,80,Evening,Medium
Clear,0.4,Urban,Dawn/Dusk,Low,60,Morning,High
Clear,3.44,Highway,Night-lit,Medium,30,Afternoon,Medium
Clear,7.568,Intersection,Daylight,Medium,60,Morning,Medium
Rain,0.94,Rural,Daylight,High,80,Afternoon,High
Rain,4.708,Urban,Daylight,Low,60,Evening,Medium
Rain,5.678,Urban,Night-unlit,High,40,Morning,Medium
Clear,4.787,Intersection,Daylight,Very High,50,Night,Medium
Drizzle,4.441,Highway,Night-unlit,Very High,40,Night,High
Drizzle,3.854,Intersection,Daylight,Medium,60,Morning,Medium
Clear,7.227,Rural,Dawn/Dusk,High,60,Morning,Medium
Rain,3.399,Highway,Daylight,Medium,60,Night,High
Drizzle,6.356,Intersection,Dawn/Dusk,Medium,80,Morning,Medium
Rain,5.404,Urban,Night-lit,Medium,40,Morning,Medium
Clear,8.61,Highway,Night-lit,High,50,Morning,Medium
Rain,4.565,Intersection,Night-unlit,Medium,60,Evening,High
Fog,5.919,Urban,Daylight,Medium,50,Evening,Medium
Clear,5.364,Urban,Daylight,Low,80,Morning,Medium
Drizzle,4.58,Urban,Night-unlit,High,80,Afternoon,High
Clear,6.255,Urban,Dawn/Dusk,High,100,Evening,High
Clear,3.833,Rural,Daylight,High,30,Morning,Medium
Drizzle,1.369,Highway,Daylight,Low,60,Night,High
Clear,7.923,Urban,Night-unlit,Medium,60,Evening,Medium
Fog,6.595,Urban,Night-unlit,Medium,30,Evening,High
Drizzle,3.461,Rural,Night-lit,Low,50,Morning,Medium
Drizzle,1.084,Urban,Night-unlit,Medium,80,Night,High
Drizzle,0.965,Rural,Night-lit,Low,60,Afternoon,Medium
Storm,3.376,Rural,Night-unlit,High,30,Night,High
Rain,2.932,Rural,Night-lit,Medium,40,Evening,High
Rain,3.368,Intersection,Night-lit,Very High,40,Afternoon,High
Drizzle,5.217,Urban,Daylight,Low,50,Night,Medium
Clear,6.529,Urban,Night-lit,High,30,Morning,Medium
Drizzle,1.877,Highway,Dawn/Dusk,Low,50,Afternoon,Medium
Rain,6.927,Rural,Night-lit,Medium,50,Evening,Medium
Drizzle,6.438,Highway,Dawn/Dusk,High,30,Afternoon,Medium
Clear,6.919,Highway,Daylight,Low,30,Afternoon,Low
Clear,4.096,Urban,Night-lit,Very High,60,Afternoon,Medium
Clear,5.038,Urban,Night-lit,Medium,60,Afternoon,Medium
Clear,8.009,Urban,Night-unlit,High,80,Afternoon,High
Drizzle,6.134,Urban,Dawn/Dusk,Medium,80,Night,High
Clear,7.321,Rural,Daylight,Medium,100,Night,Low
Fog,3.892,Urban,Night-unlit,Medium,50,Afternoon,High
Clear,5.999,Highway,Dawn/Dusk,Medium,60,Afternoon,Medium
Clear,5.103,Urban,Daylight,High,60,Morning,Medium
Rain,5.208,Urban,Dawn/Dusk,Medium,30,Afternoon,Medium
Drizzle,2.663,Highway,Daylight,Low,40,Afternoon,Medium
Drizzle,5.517,Urban,Daylight,Medium,50,Night,Low
Clear,5.885,Urban,Daylight,High,40,Afternoon,Medium
Clear,4.356,Highway,Night-unlit,High,60,Evening,High
Rain,3.223,Urban,Daylight,Low,60,Afternoon,Medium
Rain,6.718,Highway,Night-lit,Very High,40,Afternoon,High
Clear,2.961,Urban,Night-lit,High,50,Night,Medium
Clear,5.12,Urban,Dawn/Dusk,Low,40,Evening,Medium
Drizzle,5.056,Rural,Dawn/Dusk,High,100,Afternoon,Medium
Drizzle,5.3,Highway,Daylight,High,30,Morning,Medium
Clear,4.129,Highway,Night-lit,High,30,Evening,Medium
Drizzle,0.695,Intersection,Daylight,High,50,Night,High
Drizzle,5.144,Urban,Daylight,Medium,80,Afternoon,Medium
Clear,4.935,Urban,Night-lit,Medium,80,Evening,Medium
Fog,6.274,Intersection,Night-lit,Very High,80,Evening,High
Clear,2.906,Urban,Dawn/Dusk,Medium,100,Night,High
Drizzle,5.839,Urban,Daylight,Medium,60,Morning,Medium
Rain,7.255,Intersection,Daylight,Low,80,Afternoon,Medium
Drizzle,7.1,Urban,Dawn/Dusk,Very High,100,Night,High
Drizzle,4.61,Intersection,Night-unlit,High,80,Evening,High
Clear,6.109,Urban,Night-unlit,Low,100,Evening,High
Clear,6.287,Highway,Daylight,Very High,50,Night,Medium
Rain,1.773,Urban,Daylight,High,50,Evening,High
Clear,3.739,Rural,Daylight,Very High,100,Afternoon,Medium
Clear,4.204,Urban,Night-lit,Medium,100,Morning,Medium
Clear,4.35,Highway,Daylight,High,50,Afternoon,Medium
Rain,8.842,Intersection,Daylight,High,50,Night,Medium
Rain,7.931,Highway,Night-unlit,Medium,60,Afternoon,High
Clear,8.648,Urban,Night-lit,Medium,80,Morning,Medium
Drizzle,3.391,Highway,Dawn/Dusk,High,80,Afternoon,High
Drizzle,3.708,Intersection,Daylight,Very High,80,Evening,High
Rain,5.492,Highway,Night-lit,Very High,50,Evening,High
Clear,5.744,Highway,Night-lit,Medium,60,Evening,Medium
Clear,6.213,Urban,Night-lit,High,60,Evening,Medium
Rain,5.38,Highway,Dawn/Dusk,Very High,30,Morning,High
Drizzle,4.247,Highway,Night-lit,Medium,80,Evening,High
Rain,6.175,Highway,Daylight,Medium,60,Morning,Medium
Fog,6.726,Urban,Night-unlit,Medium,80,Afternoon,High
Drizzle,5.543,Urban,Night-lit,Low,100,Afternoon,Medium
Rain,7.915,Urban,Daylight,Medium,30,Evening,Medium
Rain,5.117,Urban,Daylight,Low,50,Morning,Medium
Clear,6.695,Highway,Dawn/Dusk,Medium,30,Morning,Medium
Fog,5.974,Highway,Dawn/Dusk,Medium,80,Morning,High
Clear,7.304,Urban,Daylight,Medium,50,Morning,Low
Storm,6.921,Rural,Daylight,Very High,80,Afternoon,High
Rain,4.61,Urban,Dawn/Dusk,Medium,30,Evening,Medium
Rain,4.321,Highway,Dawn/Dusk,High,80,Morning,High
Rain,5.26,Urban,Night-lit,Medium,50,Evening,High
Drizzle,4.803,Highway,Daylight,Medium,80,Night,High
Drizzle,5.891,Urban,Daylight,Low,50,Evening,Low
Rain,7.572,Urban,Dawn/Dusk,Medium,50,Morning,Medium
Clear,4.962,Rural,Dawn/Dusk,High,40,Morning,High
Clear,4.737,Urban,Night-lit,Medium,60,Morning,Low
Clear,6.687,Highway,Night-unlit,High,30,Afternoon,Medium
Drizzle,4.954,Intersection,Daylight,Medium,50,Night,Medium
Fog,2.629,Urban,Daylight,Low,60,Night,High
Clear,2.44,Highway,Dawn/Dusk,High,50,Night,High
Clear,4.288,Intersection,Dawn/Dusk,Medium,60,Morning,Medium
Fog,8.854,Urban,Daylight,Low,50,Night,Medium
Fog,0.808,Intersection,Night-unlit,Low,50,Morning,High
Clear,6.53,Urban,Dawn/Dusk,Medium,60,Evening,Medium
Rain,3.174,Highway,Night-unlit,Low,60,Afternoon,High
Drizzle,3.473,Urban,Dawn/Dusk,High,50,Night,High
Rain,4.74,Urban,Night-lit,High,50,Afternoon,Medium
Clear,8.298,Rural,Daylight,Very High,40,Morning,Medium
Rain,5.3,Highway,Daylight,Medium,50,Night,High
Drizzle,4.091,Urban,Dawn/Dusk,Medium,50,Evening,Medium
Fog,9.001,Urban,Night-lit,Very High,30,Evening,High
Drizzle,5.667,Rural,Daylight,Low,50,Night,Low
Clear,6.277,Urban,Dawn/Dusk,High,40,Evening,Medium
Clear,3.938,Urban,Night-lit,Medium,50,Afternoon,Medium
Rain,4.005,Highway,Daylight,Medium,50,Morning,Medium
Fog,3.369,Highway,Night-lit,Low,80,Morning,High
Clear,5.903,Urban,Daylight,High,40,Morning,Low
Rain,2.918,Rural,Night-lit,Medium,80,Afternoon,High
Clear,4.391,Rural,Dawn/Dusk,Medium,50,Afternoon,Medium
Clear,5.152,Highway,Daylight,Very High,40,Morning,Medium
Drizzle,8.006,Urban,Night-unlit,Medium,40,Morning,Medium
Clear,4.16,Highway,Night-lit,Medium,100,Evening,High
Rain,6.115,Highway,Night-unlit,High,60,Afternoon,High
Rain,5.167,Urban,Daylight,Low,60,Morning,Low
Fog,8.054,Intersection,Daylight,Medium,80,Morning,High
Clear,7.048,Intersection,Daylight,Medium,100,Morning,Medium
Drizzle,4.321,Rural,Dawn/Dusk,Medium,80,Night,Medium
Storm,7.02,Urban,Night-lit,High,50,Night,High
Clear,4.787,Urban,Daylight,High,30,Afternoon,Low
Rain,0.4,Highway,Daylight,Low,100,Morning,High
Drizzle,7.435,Urban,Daylight,High,100,Morning,High
Storm,3.66,Rural,Night-lit,Medium,80,Evening,High
Clear,6.702,Urban,Night-lit,Medium,60,Morning,Medium
Clear,4.029,Urban,Night-unlit,Medium,60,Morning,Medium
Rain,5.645,Intersection,Dawn/Dusk,High,100,Evening,High
Rain,3.948,Urban,Daylight,Medium,80,Morning,High
Storm,1.524,Highway,Night-lit,Medium,50,Night,High
Clear,4.588,Highway,Daylight,Very High,80,Night,High
Drizzle,3.169,Rural,Daylight,High,80,Evening,High
Drizzle,7.63,Urban,Night-lit,Very High,100,Evening,High
Storm,4.918,Highway,Night-unlit,Medium,100,Evening,High
Clear,4.978,Urban,Dawn/Dusk,Medium,80,Morning,Medium
Clear,8.768,Highway,Dawn/Dusk,Medium,50,Afternoon,Medium
Storm,5.471,Rural,Night-lit,Low,60,Morning,High
Clear,6.388,Intersection,Night-lit,Very High,50,Night,High
Clear,8.212,Urban,Dawn/Dusk,Low,50,Afternoon,Medium
Clear,2.004,Intersection,Daylight,Very High,40,Evening,High
Rain,4.272,Urban,Dawn/Dusk,High,30,Afternoon,Medium
Rain,8.003,Highway,Daylight,Medium,100,Evening,High
Clear,5.36,Urban,Daylight,Low,60,Night,High
Rain,7.742,Rural,Night-lit,High,50,Afternoon,Medium
Rain,8.167,Intersection,Dawn/Dusk,High,100,Afternoon,High
Fog,8.898,Intersection,Dawn/Dusk,Very High,80,Evening,High
Clear,6.591,Urban,Dawn/Dusk,Medium,50,Morning,Medium
Rain,4.364,Intersection,Daylight,Medium,80,Night,High
Fog,2.733,Intersection,Night-unlit,Very High,30,Morning,High
Drizzle,4.301,Urban,Daylight,Medium,50,Morning,Medium
Clear,4.157,Urban,Daylight,Low,40,Night,Medium
Clear,7.042,Urban,Night-lit,Very High,60,Afternoon,Medium
Drizzle,6.623,Highway,Daylight,Medium,100,Afternoon,High
Rain,2.839,Rural,Dawn/Dusk,High,30,Evening,High
Clear,4.506,Urban,Daylight,High,100,Afternoon,Medium
Rain,3.59,Urban,Night-unlit,Medium,40,Night,High
Clear,6.653,Urban,Night-unlit,Very High,100,Night,High
Rain,5.859,Urban,Dawn/Dusk,Very High,30,Night,High
Rain,7.306,Urban,Daylight,High,50,Afternoon,Medium
Drizzle,4.822,Rural,Daylight,Medium,50,Night,Medium
Drizzle,5.023,Intersection,Dawn/Dusk,High,60,Night,Medium
Clear,8.666,Intersection,Daylight,High,80,Morning,Medium
Rain,7.975,Rural,Dawn/Dusk,Medium,60,Night,High
Drizzle,5.361,Highway,Daylight,High,40,Night,Medium
Clear,8.851,Rural,Night-lit,High,80,Night,High
Drizzle,5.81,Intersection,Daylight,Medium,60,Morning,Medium
Rain,6.261,Urban,Night-unlit,Low,50,Afternoon,Medium
Rain,7.216,Intersection,Daylight,Medium,50,Afternoon,Medium
Storm,3.648,Urban,Daylight,Very High,80,Night,High
Clear,5.162,Rural,Daylight,High,50,Morning,Medium
Rain,4.399,Highway,Night-unlit,Very High,80,Night,Medium
Rain,7.765,Highway,Night-lit,Medium,60,Morning,High
Rain,4.498,Urban,Daylight,Medium,50,Night,High
Clear,3.79,Urban,Daylight,High,60,Evening,Medium
Drizzle,5.706,Urban,Daylight,High,50,Evening,Medium
Storm,4.064,Urban,Night-lit,Medium,40,Evening,High
Drizzle,8.102,Highway,Daylight,High,50,Evening,Medium
Drizzle,3.9,Urban,Dawn/Dusk,Very High,50,Afternoon,High
Clear,3.246,Highway,Night-unlit,Medium,40,Afternoon,Medium
Clear,5.427,Intersection,Daylight,Medium,60,Night,Medium
Fog,6.68,Rural,Daylight,Low,80,Evening,Medium
Drizzle,4.694,Highway,Night-unlit,Medium,80,Afternoon,High
Clear,9.074,Rural,Daylight,Medium,50,Evening,Medium
Drizzle,5.778,Urban,Daylight,Low,60,Night,Medium
Drizzle,4.788,Urban,Dawn/Dusk,High,80,Afternoon,High
Rain,2.259,Urban,Daylight,Medium,30,Night,High
Clear,3.843,Urban,Night-unlit,Very High,50,Evening,High
Storm,5.263,Urban,Night-unlit,Low,40,Night,High
Drizzle,3.978,Urban,Daylight,Very High,50,Afternoon,High
Rain,7.687,Highway,Night-lit,Medium,30,Morning,Medium
Rain,2.335,Rural,Daylight,High,50,Evening,Medium
Rain,2.383,Rural,Daylight,Medium,50,Morning,Medium
Drizzle,8.543,Urban,Night-lit,High,50,Night,High
Clear,5.929,Urban,Night-unlit,Medium,60,Night,High
Clear,2.371,Urban,Daylight,Medium,40,Morning,Medium
Clear,6.854,Urban,Daylight,Very High,40,Morning,Medium
Fog,3.568,Urban,Night-lit,High,40,Evening,High
Rain,5.314,Urban,Daylight,Medium,50,Morning,Medium
Clear,6.039,Rural,Night-unlit,Very High,50,Night,High
Fog,6.672,Urban,Night-lit,Low,100,Evening,High
Rain,6.742,Urban,Daylight,Very High,50,Afternoon,Medium
Rain,7.128,Highway,Daylight,Medium,80,Evening,High
Rain,5.707,Highway,Daylight,Low,50,Morning,Low
Drizzle,7.217,Rural,Dawn/Dusk,Medium,60,Evening,Medium
Rain,5.503,Rural,Night-lit,Low,80,Evening,Medium
Rain,4.402,Urban,Night-lit,High,80,Morning,High
Drizzle,6.0,Urban,Daylight,High,30,Night,Medium
Drizzle,1.916,Highway,Night-unlit,Very High,50,Afternoon,High
Drizzle,5.469,Urban,Daylight,Medium,80,Evening,Medium
Drizzle,4.072,Rural,Dawn/Dusk,Low,60,Evening,Medium
Rain,4.649,Rural,Night-lit,Medium,40,Morning,Medium
Clear,8.022,Urban,Night-unlit,Medium,50,Afternoon,Medium
Clear,3.517,Urban,Daylight,High,30,Evening,Medium
Rain,4.718,Rural,Daylight,Medium,50,Night,Medium
Clear,3.452,Highway,Daylight,High,40,Night,Medium
Rain,5.569,Intersection,Dawn/Dusk,Medium,80,Morning,High
Rain,8.728,Highway,Dawn/Dusk,Very High,100,Afternoon,High
Drizzle,6.456,Urban,Daylight,High,80,Morning,Medium
Drizzle,4.308,Highway,Night-lit,Medium,50,Night,Medium
Clear,8.296,Urban,Daylight,High,60,Afternoon,Medium
Rain,4.461,Urban,Dawn/Dusk,Low,60,Morning,High
Rain,7.292,Highway,Night-unlit,High,80,Afternoon,High
Fog,3.647,Rural,Night-unlit,Medium,80,Morning,High
Drizzle,4.436,Urban,Daylight,Low,40,Morning,Low
Clear,3.68,Highway,Night-lit,Low,80,Afternoon,Medium
Fog,7.393,Urban,Night-lit,Very High,80,Morning,High
Rain,3.977,Rural,Daylight,Very High,80,Night,High
Clear,8.447,Intersection,Night-unlit,Medium,80,Morning,High
Rain,4.045,Intersection,Daylight,Low,80,Night,High
Drizzle,2.03,Urban,Night-lit,Medium,80,Night,High
Rain,5.247,Urban,Daylight,Medium,60,Afternoon,Medium
Clear,6.92,Intersection,Daylight,High,30,Morning,Medium
Drizzle,4.617,Urban,Daylight,Very High,100,Afternoon,High
Fog,2.117,Highway,Daylight,Low,100,Morning,High
Rain,5.621,Urban,Daylight,High,60,Afternoon,Medium
Drizzle,5.576,Urban,Daylight,Low,50,Afternoon,Low
Drizzle,3.024,Urban,Daylight,High,50,Night,Medium
Clear,2.413,Rural,Daylight,High,40,Morning,Medium
Clear,9.726,Highway,Daylight,Medium,50,Night,Medium
Clear,6.657,Rural,Daylight,High,50,Evening,Medium
Fog,7.717,Urban,Night-unlit,Medium,100,Afternoon,High
Drizzle,6.539,Intersection,Daylight,High,60,Night,Medium
Clear,2.472,Urban,Dawn/Dusk,Very High,80,Night,High
Clear,4.967,Urban,Daylight,Low,60,Evening,Medium
Clear,4.671,Highway,Daylight,Low,80,Morning,Low
Clear,3.986,Highway,Daylight,High,50,Evening,Medium
Rain,5.685,Urban,Daylight,Low,60,Night,Medium
Clear,1.013,Highway,Dawn/Dusk,High,40,Afternoon,Medium
Clear,2.942,Highway,Night-lit,Very High,80,Night,High
Clear,5.197,Urban,Daylight,High,80,Afternoon,Medium
Clear,6.918,Intersection,Daylight,Low,60,Evening,Medium
Drizzle,1.192,Intersection,Daylight,Low,60,Afternoon,Medium
Storm,7.845,Urban,Daylight,Medium,80,Night,High
Drizzle,3.755,Urban,Night-unlit,Low,80,Afternoon,Medium
Storm,3.941,Rural,Daylight,High,80,Night,High
Clear,5.617,Urban,Dawn/Dusk,Very High,50,Morning,Medium
Fog,2.994,Rural,Dawn/Dusk,Medium,60,Morning,High
Clear,3.139,Urban,Dawn/Dusk,Very High,80,Night,High
Storm,3.255,Urban,Night-lit,High,80,Night,High
Clear,7.284,Urban,Daylight,Medium,80,Night,Medium
Drizzle,6.082,Urban,Daylight,High,50,Night,Medium
Drizzle,4.816,Urban,Daylight,High,60,Night,Medium
Rain,7.163,Highway,Dawn/Dusk,Medium,60,Night,Medium
Fog,5.304,Highway,Dawn/Dusk,Very High,60,Morning,High
Clear,3.085,Intersection,Daylight,Medium,60,Evening,High
Rain,5.005,Highway,Dawn/Dusk,High,80,Night,High
Clear,4.956,Urban,Night-lit,Medium,40,Night,Medium
Rain,6.8,Urban,Dawn/Dusk,Very High,80,Night,High
Clear,5.351,Rural,Dawn/Dusk,High,60,Evening,Medium
Clear,2.044,Rural,Daylight,Low,50,Afternoon,Low
Rain,2.59,Urban,Night-unlit,Low,50,Evening,High
Clear,8.012,Highway,Night-lit,Very High,50,Night,High
Rain,5.548,Highway,Daylight,High,50,Afternoon,Medium
Drizzle,7.024,Highway,Night-lit,Very High,60,Afternoon,Medium
Drizzle,9.449,Highway,Daylight,Medium,60,Afternoon,Medium
Drizzle,3.892,Urban,Night-unlit,High,40,Morning,High
Rain,8.971,Highway,Daylight,Medium,80,Night,High
Storm,7.897,Urban,Night-lit,Low,40,Night,High
Fog,7.103,Highway,Night-unlit,Medium,30,Morning,Medium
Clear,8.61,Urban,Daylight,Medium,50,Morning,Low
Drizzle,6.565,Urban,Daylight,High,40,Night,Medium
Drizzle,4.79,Highway,Dawn/Dusk,Very High,40,Afternoon,Medium
Clear,7.248,Highway,Night-lit,Very High,100,Afternoon,High
Clear,3.681,Highway,Dawn/Dusk,Very High,100,Evening,High
Clear,10.0,Urban,Dawn/Dusk,Medium,60,Night,Medium
Rain,3.47,Urban,Night-unlit,Low,50,Night,High
Drizzle,7.287,Rural,Night-unlit,Medium,80,Evening,High
Drizzle,6.215,Highway,Night-lit,Medium,30,Evening,Medium
Drizzle,7.681,Highway,Night-lit,Very High,80,Night,High
Clear,10.0,Rural,Daylight,Very High,100,Night,High
Rain,6.194,Urban,Night-unlit,Low,30,Afternoon,Medium
Storm,8.901,Intersection,Daylight,Low,30,Afternoon,Medium
Clear,2.858,Highway,Daylight,Low,50,Night,Medium
Storm,7.396,Urban,Daylight,Medium,40,Night,High
Clear,8.735,Urban,Night-lit,Low,80,Morning,Medium
Drizzle,5.432,Urban,Daylight,Medium,60,Night,Medium
Fog,6.699,Intersection,Daylight,High,80,Afternoon,Medium
Clear,4.036,Urban,Daylight,Medium,50,Afternoon,Medium
Rain,7.199,Highway,Daylight,Low,50,Night,Medium
Clear,4.452,Urban,Night-lit,Medium,40,Afternoon,Medium
Fog,7.54,Intersection,Daylight,Medium,60,Afternoon,Medium
Clear,5.028,Urban,Night-unlit,Very High,50,Morning,High
Clear,7.45,Urban,Daylight,Medium,50,Evening,Medium
Clear,8.311,Highway,Night-unlit,Medium,50,Night,Medium
Drizzle,2.958,Urban,Dawn/Dusk,High,30,Evening,Medium
Drizzle,4.71,Intersection,Daylight,Medium,50,Evening,Medium
Drizzle,4.387,Urban,Night-lit,Medium,60,Morning,Medium
Clear,2.512,Urban,Daylight,High,80,Evening,High
Rain,5.437,Highway,Dawn/Dusk,Low,50,Morning,High
Rain,5.166,Rural,Night-lit,High,80,Night,High
Clear,3.926,Rural,Night-lit,Very High,40,Morning,Medium
Clear,6.152,Urban,Dawn/Dusk,Medium,50,Morning,Medium
Clear,8.941,Urban,Night-unlit,Medium,60,Evening,Medium
Drizzle,4.781,Rural,Night-lit,Very High,40,Night,Medium
Fog,6.149,Urban,Daylight,Medium,80,Evening,High
Rain,5.26,Highway,Night-unlit,High,80,Evening,High
Fog,6.564,Rural,Night-lit,Medium,60,Morning,Medium
Drizzle,5.674,Highway,Daylight,Medium,60,Afternoon,Medium
Drizzle,5.87,Urban,Night-unlit,High,100,Morning,High
Clear,6.992,Urban,Daylight,Medium,100,Morning,Low
Rain,3.967,Urban,Daylight,High,60,Night,High
Rain,3.49,Urban,Night-unlit,High,50,Afternoon,High
Clear,6.998,Highway,Daylight,Medium,30,Evening,Medium
Clear,3.795,Rural,Night-lit,Medium,100,Morning,High
Fog,8.962,Highway,Daylight,Low,60,Night,Medium
Rain,6.813,Urban,Daylight,Medium,80,Morning,Medium
Drizzle,2.492,Urban,Dawn/Dusk,Low,80,Morning,Medium
Clear,4.291,Urban,Daylight,Medium,60,Evening,Medium
Drizzle,7.095,Urban,Dawn/Dusk,Medium,80,Morning,Medium
Rain,6.125,Rural,Night-lit,Medium,50,Morning,Medium
Rain,3.787,Highway,Daylight,Very High,60,Evening,High
Clear,5.043,Urban,Daylight,Low,80,Evening,Medium
Clear,8.239,Highway,Dawn/Dusk,Very High,100,Evening,High
Rain,4.765,Urban,Night-lit,Medium,60,Evening,High
Clear,9.967,Highway,Daylight,High,80,Night,High
Clear,1.933,Highway,Daylight,High,50,Afternoon,Medium
Rain,4.853,Highway,Night-lit,Very High,80,Afternoon,High
Clear,4.427,Intersection,Daylight,Low,60,Morning,Low
Drizzle,4.897,Urban,Daylight,High,30,Afternoon,Low
Clear,4.545,Rural,Night-lit,Medium,40,Evening,Medium
Drizzle,5.217,Urban,Daylight,Medium,40,Morning,Medium
Clear,3.912,Urban,Daylight,Low,50,Evening,Medium
Clear,2.689,Urban,Dawn/Dusk,Medium,60,Night,High
Drizzle,4.038,Rural,Night-unlit,Medium,80,Morning,High
Clear,2.742,Highway,Daylight,Very High,40,Afternoon,Medium
Storm,6.004,Urban,Daylight,High,40,Evening,High
Rain,2.766,Intersection,Dawn/Dusk,High,60,Evening,High
Clear,4.595,Highway,Night-unlit,Medium,60,Night,Medium
Clear,4.923,Intersection,Daylight,Very High,50,Evening,Medium
Clear,5.647,Intersection,Daylight,High,60,Morning,Medium
Drizzle,5.052,Urban,Dawn/Dusk,Very High,100,Night,High
Drizzle,8.218,Rural,Daylight,High,80,Afternoon,Medium
Drizzle,8.375,Rural,Daylight,Low,50,Afternoon,Low
Clear,5.72,Rural,Daylight,High,100,Night,Medium
Clear,6.368,Highway,Daylight,Medium,50,Night,Medium
Drizzle,1.138,Urban,Night-lit,Medium,40,Evening,High
Clear,3.162,Urban,Daylight,High,50,Evening,Medium
Clear,3.409,Rural,Daylight,Low,30,Afternoon,Low
Fog,4.126,Intersection,Night-unlit,Medium,60,Night,High
Rain,0.4,Highway,Daylight,High,30,Afternoon,High
Clear,10.0,Highway,Night-unlit,Low,80,Evening,Medium
Drizzle,6.554,Highway,Daylight,Low,30,Morning,Low
Drizzle,5.851,Urban,Night-unlit,High,80,Afternoon,Medium
Rain,5.1,Highway,Night-lit,High,30,Night,High
Drizzle,6.683,Highway,Night-lit,Very High,30,Night,Medium
Drizzle,4.978,Urban,Daylight,Medium,100,Evening,Medium
Drizzle,4.509,Highway,Night-lit,Medium,60,Evening,High
Rain,6.514,Urban,Daylight,Low,100,Night,High
Drizzle,4.399,Urban,Daylight,High,50,Morning,Medium
Clear,4.275,Intersection,Daylight,Medium,40,Afternoon,Medium
Clear,4.68,Highway,Dawn/Dusk,Medium,60,Afternoon,Medium
Storm,6.294,Rural,Night-unlit,Medium,50,Morning,High
Rain,7.912,Urban,Daylight,Low,60,Afternoon,Low
Clear,0.4,Intersection,Daylight,High,80,Night,High
Fog,3.459,Rural,Dawn/Dusk,Very High,40,Evening,High
Rain,8.123,Highway,Daylight,Very High,30,Morning,Medium
Drizzle,3.03,Urban,Dawn/Dusk,Very High,60,Afternoon,High
Rain,3.553,Rural,Night-lit,High,50,Night,High
Clear,6.277,Intersection,Night-unlit,Very High,80,Evening,High
Clear,10.0,Urban,Daylight,High,100,Morning,Medium
Rain,6.98,Intersection,Night-lit,Low,50,Morning,Medium
Storm,5.558,Urban,Dawn/Dusk,Low,40,Morning,Medium
Drizzle,3.765,Rural,Dawn/Dusk,Medium,50,Afternoon,Medium
Clear,9.228,Urban,Dawn/Dusk,Medium,50,Night,Medium
Rain,7.113,Urban,Daylight,Medium,40,Morning,Medium
Clear,4.913,Urban,Daylight,Very High,50,Evening,Medium
Clear,7.101,Intersection,Daylight,Medium,40,Morning,Low
Rain,6.256,Highway,Dawn/Dusk,Medium,40,Morning,Medium
Clear,6.331,Intersection,Night-lit,Very High,50,Evening,High
Clear,5.783,Intersection,Night-lit,High,60,Night,High
Clear,9.592,Highway,Daylight,Low,100,Evening,Medium
Clear,4.658,Urban,Night-unlit,Medium,50,Afternoon,Medium
Rain,4.027,Urban,Daylight,High,40,Night,Medium
Clear,5.867,Urban,Daylight,Medium,60,Evening,Medium
Clear,8.241,Highway,Night-lit,Medium,80,Afternoon,Medium
Rain,5.051,Intersection,Night-lit,Low,80,Afternoon,Medium
Clear,3.204,Rural,Night-unlit,Medium,50,Afternoon,Medium
Clear,2.796,Intersection,Daylight,Medium,60,Afternoon,Medium
Fog,5.82,Intersection,Daylight,Very High,30,Morning,High
Rain,3.22,Highway,Night-lit,Medium,60,Afternoon,Low
Drizzle,2.05,Urban,Daylight,Low,30,Night,Medium
Storm,7.693,Urban,Dawn/Dusk,High,40,Afternoon,High
Clear,4.25,Highway,Daylight,High,40,Evening,Medium
Clear,5.659,Rural,Night-lit,Low,50,Morning,Low
Clear,7.048,Urban,Night-lit,Low,40,Evening,Medium
Rain,7.196,Highway,Daylight,Medium,30,Night,Medium
Drizzle,2.132,Urban,Daylight,Medium,60,Evening,Medium
Rain,8.216,Intersection,Night-lit,Very High,30,Evening,High
Drizzle,3.859,Highway,Daylight,High,80,Afternoon,High
Clear,7.64,Intersection,Daylight,Very High,60,Morning,High
Rain,4.248,Urban,Night-lit,Medium,50,Morning,Medium
Drizzle,1.916,Rural,Night-unlit,High,50,Evening,High
Clear,3.758,Rural,Dawn/Dusk,High,80,Afternoon,Medium
Drizzle,7.401,Highway,Daylight,Medium,50,Afternoon,Low
Rain,4.506,Urban,Daylight,Very High,60,Morning,Medium
Clear,3.715,Rural,Night-unlit,Low,80,Morning,Medium
Rain,5.801,Urban,Night-unlit,Low,80,Morning,High
Storm,8.536,Highway,Daylight,Medium,30,Morning,Low
Drizzle,5.401,Rural,Daylight,Medium,50,Morning,Low
Drizzle,7.544,Highway,Daylight,Medium,100,Morning,Medium
Clear,7.233,Highway,Night-lit,Medium,80,Afternoon,Medium
Storm,6.89,Highway,Daylight,Medium,80,Night,High
Rain,6.111,Highway,Night-unlit,Low,80,Morning,Medium
Drizzle,2.801,Urban,Night-lit,Medium,50,Morning,Medium
Drizzle,7.586,Highway,Night-lit,Medium,100,Morning,High
Rain,7.901,Rural,Daylight,Very High,60,Afternoon,Medium
Drizzle,7.11,Highway,Night-lit,High,30,Night,High
Clear,6.819,Intersection,Daylight,Low,60,Night,Medium
Rain,7.047,Urban,Daylight,Medium,60,Evening,Medium
Clear,4.75,Urban,Daylight,Medium,80,Morning,Medium
Drizzle,8.212,Intersection,Night-lit,High,40,Night,High
Drizzle,10.0,Urban,Night-lit,Low,50,Morning,Medium
Fog,1.07,Urban,Daylight,High,60,Night,High
Drizzle,6.031,Urban,Daylight,Very High,50,Night,Medium
Rain,8.505,Highway,Daylight,Medium,40,Evening,Medium
Clear,2.462,Rural,Daylight,Very High,60,Afternoon,Medium
Clear,4.624,Urban,Night-lit,Medium,60,Night,Medium
Rain,7.452,Rural,Night-lit,Medium,40,Afternoon,Medium
Rain,7.669,Highway,Night-lit,Medium,60,Afternoon,High
Fog,3.645,Urban,Daylight,Low,40,Afternoon,Medium
Rain,3.577,Highway,Night-lit,Very High,60,Morning,High
Drizzle,4.614,Intersection,Night-unlit,High,100,Night,High
Rain,7.825,Rural,Daylight,Low,50,Afternoon,Low
Drizzle,2.895,Intersection,Night-lit,Very High,80,Evening,High
Rain,5.695,Urban,Daylight,Low,60,Afternoon,Medium
Rain,6.371,Urban,Daylight,High,100,Afternoon,High
Rain,5.739,Urban,Daylight,High,100,Night,High
Rain,4.965,Highway,Daylight,High,50,Morning,Medium
Clear,8.959,Urban,Daylight,Low,100,Evening,Medium
Clear,4.144,Highway,Daylight,Medium,60,Afternoon,Medium
Clear,4.424,Highway,Daylight,High,100,Morning,High
Drizzle,2.136,Highway,Night-lit,Low,50,Afternoon,Medium
Fog,2.37,Intersection,Night-unlit,Medium,50,Afternoon,High
Storm,4.521,Rural,Night-lit,Medium,80,Morning,High
Rain,7.514,Urban,Night-lit,High,60,Morning,Medium
Clear,9.246,Highway,Dawn/Dusk,Medium,60,Afternoon,Medium
Rain,2.866,Highway,Dawn/Dusk,Low,40,Night,Medium
Clear,5.214,Urban,Daylight,Low,30,Night,Low
Rain,2.582,Highway,Night-unlit,Medium,50,Morning,High
Rain,6.433,Intersection,Daylight,Medium,50,Afternoon,Medium
Clear,4.689,Intersection,Daylight,Very High,80,Afternoon,High
Clear,5.651,Urban,Dawn/Dusk,High,50,Afternoon,Medium
Rain,2.822,Highway,Dawn/Dusk,Very High,80,Morning,High
Rain,8.937,Intersection,Daylight,High,60,Evening,High
Clear,6.246,Highway,Night-unlit,Medium,80,Night,High
Drizzle,7.859,Rural,Dawn/Dusk,Very High,40,Afternoon,Medium
Rain,7.3,Intersection,Daylight,Very High,60,Night,High
Drizzle,5.251,Rural,Daylight,High,30,Morning,Medium
Rain,7.044,Highway,Night-lit,Medium,40,Evening,Medium
Clear,9.297,Highway,Daylight,Low,40,Evening,Low
Drizzle,5.819,Urban,Night-lit,Medium,40,Night,Medium
Fog,5.824,Urban,Dawn/Dusk,Low,100,Afternoon,High
Clear,5.653,Rural,Night-lit,Medium,100,Evening,High
Storm,6.859,Urban,Dawn/Dusk,High,50,Morning,Medium
Clear,4.567,Urban,Night-unlit,Low,40,Morning,Low
Fog,1.221,Urban,Night-lit,Medium,80,Evening,High
Rain,5.686,Urban,Daylight,Medium,100,Evening,High
Rain,4.284,Highway,Dawn/Dusk,High,50,Morning,High
Clear,6.627,Rural,Night-lit,High,40,Night,Medium
Clear,7.472,Urban,Night-unlit,Medium,40,Evening,Medium
Clear,5.561,Rural,Daylight,Very High,60,Afternoon,Medium
Rain,5.282,Urban,Night-lit,Very High,100,Night,High
Clear,6.131,Urban,Daylight,High,60,Evening,Medium
Clear,4.288,Urban,Daylight,Very High,40,Morning,Medium
Storm,6.203,Urban,Dawn/Dusk,Low,50,Evening,High
Clear,5.627,Intersection,Dawn/Dusk,Medium,60,Afternoon,Medium
Rain,1.971,Urban,Dawn/Dusk,Medium,40,Evening,High
Drizzle,7.021,Urban,Dawn/Dusk,Low,40,Night,Medium
Fog,3.542,Rural,Night-unlit,Very High,30,Night,Medium
Fog,2.156,Urban,Daylight,Medium,50,Afternoon,High
Drizzle,1.535,Rural,Dawn/Dusk,Medium,80,Afternoon,Medium
Clear,1.697,Highway,Daylight,High,100,Evening,High
Rain,5.405,Intersection,Night-lit,High,50,Evening,High
Clear,3.944,Urban,Dawn/Dusk,Medium,50,Morning,Low
Drizzle,2.272,Urban,Daylight,Very High,100,Evening,High
Clear,3.997,Intersection,Daylight,Very High,60,Afternoon,Medium
Clear,1.89,Urban,Dawn/Dusk,Very High,40,Morning,High
Fog,10.0,Urban,Night-unlit,Medium,60,Night,High
Storm,8.194,Highway,Night-lit,Low,40,Afternoon,Medium
Clear,5.863,Rural,Daylight,Medium,50,Evening,Low
Clear,9.895,Urban,Daylight,High,50,Night,Medium
Clear,6.408,Highway,Dawn/Dusk,Medium,50,Night,Medium
Clear,3.866,Urban,Night-lit,Medium,50,Evening,Medium
Clear,9.132,Urban,Night-unlit,High,60,Night,High
Clear,5.402,Urban,Daylight,Very High,30,Morning,Medium
Clear,3.115,Intersection,Dawn/Dusk,High,40,Evening,High
Rain,3.823,Urban,Daylight,Low,50,Night,Medium
Clear,5.226,Highway,Daylight,Low,40,Morning,Low
Clear,1.237,Urban,Night-unlit,Medium,60,Afternoon,High
Clear,5.024,Urban,Daylight,High,30,Evening,Medium
Clear,5.97,Highway,Night-lit,High,50,Morning,Medium
Clear,7.048,Urban,Daylight,Medium,30,Morning,Low
Fog,8.942,Highway,Daylight,High,60,Night,High
Drizzle,0.528,Urban,Night-lit,High,60,Night,High
Fog,6.244,Rural,Daylight,Medium,80,Morning,High
Drizzle,0.4,Intersection,Night-unlit,Low,100,Afternoon,High
Clear,8.069,Rural,Dawn/Dusk,Very High,60,Evening,Medium
Storm,3.839,Urban,Night-unlit,Medium,80,Night,High
Rain,5.908,Highway,Daylight,Medium,40,Afternoon,Medium
Clear,5.581,Intersection,Daylight,Medium,80,Evening,Medium
Clear,7.976,Urban,Dawn/Dusk,Medium,80,Morning,Medium
Rain,6.816,Highway,Daylight,High,100,Night,High
Drizzle,8.153,Highway,Daylight,Medium,60,Evening,Medium
Drizzle,4.342,Highway,Daylight,Low,60,Morning,Medium
Clear,6.591,Rural,Daylight,Low,60,Night,Low
Clear,5.846,Highway,Daylight,Low,50,Night,Medium
Clear,7.499,Urban,Night-lit,Medium,30,Morning,Medium
Drizzle,5.465,Rural,Night-lit,Medium,50,Afternoon,Medium
Rain,2.919,Rural,Night-lit,High,60,Evening,High
Clear,5.96,Rural,Daylight,Very High,40,Morning,Low
Fog,7.732,Intersection,Night-lit,Very High,40,Morning,Medium
Rain,7.141,Urban,Dawn/Dusk,High,30,Night,High
Fog,9.517,Rural,Night-unlit,Very High,40,Night,High
Clear,9.214,Urban,Night-unlit,Medium,80,Afternoon,Low
Clear,5.725,Rural,Daylight,Very High,80,Evening,Low
Clear,7.189,Highway,Dawn/Dusk,Low,50,Night,Medium
Drizzle,2.876,Highway,Night-unlit,Medium,100,Evening,High
Drizzle,6.021,Urban,Daylight,Medium,30,Evening,Low
Drizzle,3.649,Highway,Night-lit,Medium,60,Evening,High
Clear,4.979,Highway,Daylight,Medium,30,Morning,Low
Clear,5.611,Urban,Night-lit,Low,50,Evening,Low
Drizzle,2.435,Highway,Daylight,Low,60,Afternoon,Medium
Rain,4.383,Urban,Daylight,Medium,40,Night,Medium
Fog,7.156,Urban,Dawn/Dusk,Low,60,Evening,Medium
Drizzle,5.259,Rural,Dawn/Dusk,Medium,60,Afternoon,Low
Drizzle,7.128,Intersection,Night-lit,Medium,60,Night,High
Fog,3.626,Intersection,Daylight,Medium,60,Morning,High
Rain,3.124,Intersection,Daylight,High,50,Afternoon,High
Clear,5.391,Intersection,Night-lit,High,50,Morning,Medium
Drizzle,4.498,Intersection,Dawn/Dusk,High,50,Morning,Medium
Drizzle,5.798,Urban,Daylight,Very High,40,Morning,Medium
Clear,4.916,Rural,Daylight,Medium,40,Afternoon,Low
Clear,7.378,Rural,Daylight,Medium,40,Afternoon,Low
Clear,4.389,Highway,Night-lit,Medium,80,Morning,Medium
Fog,7.73,Urban,Daylight,Medium,40,Morning,Medium
Fog,5.68,Urban,Night-unlit,High,100,Evening,High
Clear,3.995,Urban,Daylight,High,30,Morning,Low
Rain,6.141,Intersection,Dawn/Dusk,Medium,30,Morning,Medium
Clear,7.988,Highway,Night-lit,Medium,50,Morning,Medium
Clear,8.363,Highway,Daylight,Low,30,Afternoon,Low
Clear,8.664,Urban,Night-unlit,High,60,Morning,Medium
Clear,3.595,Urban,Night-lit,Very High,50,Evening,High
Clear,5.779,Highway,Daylight,High,30,Morning,Medium
Clear,3.98,Urban,Night-unlit,High,100,Morning,High
Rain,5.69,Urban,Night-lit,High,40,Morning,High
Clear,6.836,Highway,Daylight,High,60,Afternoon,Medium
Storm,4.234,Rural,Daylight,High,40,Night,High
Fog,5.493,Urban,Dawn/Dusk,Very High,60,Morning,High
Clear,7.218,Intersection,Daylight,Low,60,Morning,Medium
Clear,5.487,Rural,Daylight,Very High,80,Morning,Medium
Fog,0.687,Urban,Dawn/Dusk,High,50,Evening,High
Rain,5.88,Urban,Night-lit,Medium,30,Night,Medium
Drizzle,3.304,Rural,Dawn/Dusk,Very High,50,Evening,Medium
Rain,1.764,Rural,Dawn/Dusk,Very High,40,Night,High
Storm,2.522,Highway,Daylight,High,30,Evening,High
Drizzle,6.407,Rural,Daylight,Medium,80,Morning,Medium
Clear,6.071,Urban,Daylight,Medium,30,Evening,Low
Drizzle,4.724,Intersection,Daylight,High,30,Afternoon,Medium
Rain,7.838,Intersection,Night-unlit,Very High,60,Morning,High
Fog,8.295,Intersection,Night-unlit,Medium,30,Afternoon,Medium
Rain,5.198,Rural,Night-lit,Very High,50,Evening,High
Rain,5.056,Intersection,Night-unlit,Low,40,Morning,Medium
Drizzle,7.307,Highway,Night-unlit,Very High,40,Morning,High
Fog,3.463,Urban,Night-lit,Medium,50,Night,High
Clear,6.952,Intersection,Night-unlit,Low,80,Evening,High
Fog,8.085,Intersection,Night-lit,Medium,40,Afternoon,High
Rain,7.02,Highway,Night-lit,Very High,80,Afternoon,High
Clear,8.283,Rural,Night-lit,Very High,50,Evening,Medium
Clear,2.416,Urban,Daylight,Medium,50,Night,Medium
Fog,4.791,Urban,Night-lit,Low,60,Night,High
Rain,4.056,Rural,Night-lit,Low,50,Morning,High
Rain,5.095,Urban,Daylight,High,100,Afternoon,High
Drizzle,7.704,Highway,Night-lit,Very High,40,Evening,High
Clear,4.409,Highway,Night-unlit,Very High,100,Afternoon,High
Rain,2.914,Highway,Night-lit,Medium,50,Afternoon,High
Clear,8.149,Intersection,Dawn/Dusk,High,80,Afternoon,High
Rain,5.697,Urban,Night-lit,High,80,Night,High
Drizzle,4.146,Rural,Night-lit,Medium,40,Morning,Medium
Drizzle,8.376,Urban,Dawn/Dusk,Low,60,Afternoon,Medium
Clear,5.053,Rural,Dawn/Dusk,Low,50,Morning,Low
Clear,7.482,Intersection,Dawn/Dusk,High,40,Night,Medium
Clear,4.88,Highway,Dawn/Dusk,Very High,40,Morning,Medium
Clear,7.448,Highway,Night-lit,Medium,50,Night,Medium
Clear,5.107,Urban,Daylight,Low,100,Morning,Medium
Rain,9.893,Urban,Daylight,Very High,80,Evening,High
Drizzle,6.602,Highway,Night-lit,Medium,60,Afternoon,Medium
Clear,3.467,Intersection,Daylight,Medium,60,Night,High
Rain,5.301,Intersection,Night-unlit,Medium,40,Morning,Medium
Clear,6.426,Urban,Night-lit,High,40,Afternoon,Medium
Fog,3.374,Urban,Dawn/Dusk,Low,50,Morning,Medium
Clear,6.339,Urban,Night-lit,Very High,40,Afternoon,Medium
Clear,6.708,Rural,Daylight,High,100,Night,High
Clear,2.212,Highway,Night-unlit,High,40,Night,High
Drizzle,4.215,Intersection,Night-unlit,Very High,60,Morning,High
Rain,10.0,Highway,Daylight,Medium,40,Morning,Medium
Fog,1.62,Intersection,Night-unlit,Medium,30,Afternoon,High
Clear,5.22,Urban,Night-lit,Medium,80,Night,High
Clear,6.981,Intersection,Night-unlit,Medium,50,Night,Medium
Fog,6.736,Intersection,Night-unlit,Very High,40,Afternoon,High
Rain,6.999,Rural,Night-lit,Medium,40,Night,Medium
Drizzle,6.189,Highway,Daylight,High,30,Afternoon,Medium
Clear,7.125,Urban,Night-unlit,Medium,50,Afternoon,Medium
Drizzle,5.434,Highway,Dawn/Dusk,Low,30,Evening,Medium
Rain,5.751,Rural,Daylight,High,50,Afternoon,Low
Rain,6.913,Highway,Dawn/Dusk,High,50,Afternoon,Medium
Clear,3.826,Urban,Night-lit,Medium,60,Afternoon,Medium
Clear,6.669,Urban,Night-unlit,High,60,Morning,Medium
Drizzle,7.284,Intersection,Daylight,High,60,Night,High
Rain,6.779,Rural,Daylight,Medium,40,Night,Medium
Rain,5.773,Urban,Daylight,High,50,Afternoon,Medium
Clear,1.286,Urban,Night-unlit,Very High,60,Night,High
Rain,4.663,Highway,Daylight,Low,30,Morning,Low
Clear,6.366,Highway,Daylight,Medium,80,Afternoon,Medium
Storm,3.91,Highway,Daylight,Low,30,Night,Medium
Drizzle,10.0,Highway,Night-lit,Medium,80,Morning,Medium
Drizzle,5.012,Rural,Dawn/Dusk,High,50,Afternoon,Medium
Fog,6.556,Highway,Daylight,Medium,100,Morning,High
Drizzle,3.574,Intersection,Daylight,Medium,40,Afternoon,Medium
Clear,9.521,Intersection,Dawn/Dusk,Low,60,Morning,Medium
Drizzle,6.116,Rural,Dawn/Dusk,High,40,Morning,Medium
Clear,4.059,Highway,Night-lit,High,40,Morning,Medium
Fog,5.177,Rural,Daylight,High,40,Night,High
Fog,4.644,Rural,Night-lit,Medium,80,Evening,High
Drizzle,3.23,Urban,Night-unlit,High,80,Morning,High
Clear,9.115,Rural,Night-lit,High,80,Morning,Medium
Rain,3.74,Urban,Dawn/Dusk,Medium,60,Evening,High
Clear,5.861,Urban,Daylight,Very High,50,Morning,Medium
Drizzle,5.438,Rural,Daylight,Very High,60,Morning,Medium
Fog,4.994,Rural,Night-lit,Low,40,Afternoon,Medium
Clear,8.474,Urban,Night-lit,High,40,Evening,Medium
Rain,6.983,Rural,Night-lit,Medium,100,Afternoon,High
Rain,5.086,Urban,Daylight,Medium,60,Morning,Medium
Clear,0.937,Urban,Night-lit,Medium,50,Evening,High
Clear,2.744,Rural,Daylight,Low,30,Morning,Low
Rain,4.281,Urban,Daylight,High,60,Night,High
Rain,6.941,Highway,Dawn/Dusk,Medium,60,Evening,High
Clear,7.017,Intersection,Night-lit,Low,40,Evening,Medium
Fog,2.708,Urban,Night-lit,Medium,60,Afternoon,High
Clear,5.807,Intersection,Night-lit,Medium,100,Evening,High
Rain,4.095,Highway,Night-lit,Medium,50,Morning,Medium
Drizzle,7.009,Intersection,Daylight,Medium,100,Morning,Medium
Fog,2.479,Rural,Daylight,Low,30,Night,Medium
Clear,6.347,Urban,Night-lit,Medium,80,Evening,Medium
Rain,3.448,Urban,Night-unlit,Very High,60,Afternoon,High
Storm,6.014,Intersection,Night-lit,High,30,Night,High
Clear,3.898,Urban,Night-lit,High,50,Night,High
Clear,3.19,Highway,Daylight,Medium,60,Afternoon,Medium
Rain,5.522,Intersection,Dawn/Dusk,High,50,Afternoon,Medium
Storm,9.036,Urban,Daylight,High,50,Morning,Medium
Rain,6.611,Rural,Daylight,High,40,Night,Medium
Drizzle,4.407,Intersection,Daylight,High,100,Evening,High
Drizzle,4.1,Rural,Daylight,Medium,40,Night,Medium
Rain,6.52,Highway,Daylight,Medium,40,Night,High
Rain,4.682,Rural,Night-lit,Very High,80,Evening,High
Drizzle,7.231,Urban,Night-lit,Low,80,Morning,Medium
Drizzle,5.42,Urban,Night-lit,Medium,50,Afternoon,Medium
Drizzle,3.722,Urban,Night-lit,Medium,60,Morning,Medium
Drizzle,4.111,Intersection,Daylight,High,100,Morning,High
Drizzle,3.113,Urban,Night-lit,Medium,30,Morning,Medium
Drizzle,5.741,Highway,Daylight,Medium,30,Night,Low
Fog,7.189,Rural,Dawn/Dusk,Low,40,Evening,Medium
Clear,6.542,Rural,Daylight,Medium,40,Evening,Low
Drizzle,3.416,Urban,Dawn/Dusk,High,60,Night,High
Fog,10.0,Rural,Night-unlit,High,30,Night,High
Clear,4.091,Rural,Daylight,Medium,80,Morning,Medium
Storm,3.92,Urban,Daylight,Very High,40,Morning,High
Storm,4.154,Urban,Dawn/Dusk,High,50,Afternoon,High
Rain,8.204,Urban,Night-unlit,High,30,Evening,High
Rain,4.547,Intersection,Daylight,Low,30,Morning,Low
Drizzle,4.855,Rural,Dawn/Dusk,Medium,80,Night,Medium
Drizzle,2.355,Urban,Dawn/Dusk,High,50,Afternoon,High
Fog,2.049,Urban,Night-lit,Medium,40,Evening,High
Drizzle,4.663,Intersection,Night-lit,High,50,Evening,High
Clear,6.326,Rural,Daylight,Medium,100,Afternoon,Medium
Rain,3.523,Highway,Night-lit,Medium,40,Night,High
Drizzle,3.62,Urban,Night-lit,Low,50,Afternoon,Medium
Rain,4.871,Urban,Daylight,Medium,50,Evening,Medium
Clear,5.039,Intersection,Daylight,High,100,Evening,Medium
Rain,6.586,Urban,Night-lit,High,80,Evening,High
Drizzle,2.075,Urban,Night-lit,Medium,80,Morning,High
Drizzle,2.739,Intersection,Night-unlit,Low,50,Night,High
Clear,7.19,Rural,Night-lit,Medium,60,Morning,Medium
Clear,4.308,Highway,Daylight,High,60,Evening,Medium
Rain,4.428,Urban,Night-lit,Very High,50,Morning,High
Drizzle,8.688,Urban,Dawn/Dusk,High,50,Morning,Medium
Storm,6.132,Rural,Daylight,High,60,Morning,Medium
Clear,4.932,Highway,Daylight,Medium,60,Evening,Medium
Drizzle,4.186,Urban,Night-lit,Low,50,Evening,Medium
Storm,7.358,Rural,Dawn/Dusk,Medium,40,Morning,Medium
Clear,5.816,Intersection,Dawn/Dusk,Medium,30,Morning,Medium
Fog,3.381,Highway,Daylight,Low,40,Evening,Low
Fog,4.888,Intersection,Night-unlit,High,50,Morning,High
Rain,5.566,Urban,Daylight,Medium,30,Evening,Medium
Clear,5.374,Rural,Daylight,Medium,60,Morning,Low
Storm,5.038,Intersection,Night-unlit,High,30,Morning,High
Clear,5.433,Urban,Night-lit,Medium,80,Afternoon,Medium
Clear,3.728,Rural,Dawn/Dusk,High,40,Morning,Medium
Rain,7.403,Urban,Daylight,Medium,60,Afternoon,High
Clear,7.434,Intersection,Night-lit,High,80,Afternoon,Medium
Rain,5.728,Urban,Daylight,Low,80,Afternoon,Medium
Clear,5.204,Urban,Daylight,High,100,Night,High
Rain,5.376,Rural,Night-unlit,Medium,60,Evening,High
Storm,7.163,Urban,Daylight,Very High,80,Evening,High
Fog,6.602,Urban,Dawn/Dusk,Very High,60,Morning,High
Clear,9.543,Urban,Night-unlit,Very High,30,Evening,Medium
Clear,0.4,Urban,Daylight,Medium,100,Morning,High
Storm,0.4,Urban,Night-unlit,High,30,Evening,High
Drizzle,7.826,Urban,Night-unlit,Medium,80,Morning,Medium
Rain,4.351,Rural,Daylight,Medium,50,Afternoon,Medium
Drizzle,0.613,Highway,Daylight,High,30,Morning,Medium
Rain,1.058,Intersection,Daylight,Medium,30,Evening,High
Drizzle,6.44,Rural,Daylight,High,40,Morning,Low
Drizzle,2.142,Urban,Daylight,Medium,50,Evening,High
Fog,7.992,Urban,Night-unlit,Low,40,Morning,High
Fog,5.278,Highway,Daylight,Low,30,Night,Medium
Clear,6.904,Urban,Daylight,Medium,30,Afternoon,Low
Rain,10.0,Highway,Night-lit,Low,40,Afternoon,Medium
Fog,8.169,Highway,Dawn/Dusk,Medium,60,Afternoon,High
Rain,6.725,Urban,Daylight,Medium,80,Evening,Medium
Clear,4.063,Intersection,Daylight,High,40,Afternoon,Medium
Clear,8.457,Intersection,Dawn/Dusk,Medium,50,Night,Medium
Storm,9.646,Urban,Daylight,Medium,60,Morning,Medium
Clear,2.656,Urban,Night-lit,Very High,40,Morning,High
Drizzle,8.39,Highway,Dawn/Dusk,Low,60,Evening,Medium
Drizzle,7.524,Rural,Night-lit,Low,60,Morning,Low
Rain,0.587,Rural,Dawn/Dusk,Very High,30,Morning,High
Rain,3.82,Urban,Daylight,Medium,50,Morning,Medium
Drizzle,3.111,Highway,Dawn/Dusk,Medium,60,Morning,High
Clear,5.403,Urban,Night-unlit,Medium,40,Night,Medium
Clear,7.771,Highway,Night-lit,High,50,Evening,Medium
Rain,10.0,Rural,Night-lit,High,50,Night,High
Drizzle,5.092,Highway,Daylight,Low,50,Evening,Low
Fog,3.045,Urban,Daylight,High,80,Afternoon,High
Fog,7.059,Intersection,Daylight,Low,80,Evening,High
Clear,1.472,Highway,Night-lit,Medium,60,Night,High
Clear,4.824,Urban,Dawn/Dusk,High,60,Night,Medium
Rain,6.507,Highway,Night-lit,Medium,40,Evening,High
Clear,6.821,Urban,Night-lit,High,40,Evening,Medium
Drizzle,6.293,Rural,Daylight,Low,80,Evening,Medium
Drizzle,2.675,Highway,Night-lit,Medium,80,Morning,High
Drizzle,6.455,Urban,Daylight,Medium,60,Morning,Medium
Clear,5.2,Intersection,Daylight,Very High,30,Evening,Medium
Drizzle,3.909,Highway,Night-lit,Medium,60,Evening,High
Clear,7.33,Intersection,Night-unlit,Low,80,Morning,Medium
Rain,5.926,Urban,Daylight,Low,30,Morning,Low
Rain,6.888,Intersection,Dawn/Dusk,High,100,Afternoon,High
Storm,8.738,Urban,Daylight,Medium,40,Afternoon,Medium
Rain,6.536,Intersection,Daylight,Low,50,Afternoon,Medium
Drizzle,6.745,Urban,Night-lit,Low,60,Afternoon,Medium
Drizzle,6.201,Rural,Dawn/Dusk,High,80,Morning,Medium
Clear,9.283,Intersection,Daylight,Medium,60,Night,Medium
Rain,5.096,Rural,Daylight,High,60,Night,High
Clear,3.057,Intersection,Night-unlit,High,80,Night,High
Rain,5.346,Urban,Night-unlit,Very High,50,Afternoon,High
Drizzle,3.778,Rural,Night-lit,Medium,40,Evening,Medium
Clear,1.156,Intersection,Dawn/Dusk,Medium,100,Morning,High
Rain,8.138,Intersection,Night-lit,Medium,40,Evening,High
Rain,5.135,Rural,Dawn/Dusk,Very High,60,Night,High
Rain,6.001,Intersection,Night-lit,Medium,40,Night,High
Fog,1.665,Highway,Daylight,Low,100,Evening,High
Clear,5.623,Highway,Night-lit,Medium,40,Night,Medium
Drizzle,5.806,Highway,Night-lit,Low,60,Afternoon,Medium
Drizzle,2.479,Urban,Night-lit,Very High,50,Night,High
Fog,2.167,Urban,Dawn/Dusk,Medium,50,Night,High
Fog,3.557,Urban,Night-lit,Medium,80,Night,High
Rain,5.576,Urban,Night-lit,Medium,50,Night,Medium
Clear,5.584,Highway,Night-unlit,Very High,60,Afternoon,High
Fog,1.86,Highway,Dawn/Dusk,High,100,Morning,High
Rain,4.573,Highway,Night-lit,Medium,40,Morning,Medium
Clear,1.923,Urban,Daylight,High,30,Night,Medium
Clear,3.946,Intersection,Night-lit,High,100,Evening,High
Rain,8.325,Urban,Dawn/Dusk,Low,60,Night,High
Fog,4.019,Urban,Dawn/Dusk,Very High,50,Evening,High
Rain,4.399,Intersection,Daylight,Low,50,Afternoon,Medium
Clear,5.06,Highway,Dawn/Dusk,Very High,50,Night,Medium
Clear,6.08,Urban,Night-lit,Medium,40,Evening,Medium
Rain,3.212,Rural,Night-lit,Very High,80,Night,High
Rain,6.273,Urban,Dawn/Dusk,Very High,50,Morning,High
Drizzle,7.179,Urban,Night-lit,High,80,Morning,Medium
Clear,5.316,Intersection,Dawn/Dusk,Very High,80,Morning,High
Clear,10.0,Highway,Night-unlit,Low,80,Afternoon,Medium
Clear,2.185,Urban,Daylight,Low,80,Morning,Medium
Clear,2.711,Rural,Night-unlit,Medium,50,Morning,Medium
Rain,3.205,Urban,Daylight,Low,40,Evening,Medium
Fog,9.583,Intersection,Night-lit,Very High,40,Morning,High
Rain,3.856,Urban,Night-lit,Very High,50,Night,High
Drizzle,5.318,Highway,Daylight,High,40,Evening,Medium
Drizzle,5.078,Urban,Night-lit,High,80,Evening,High
Clear,2.666,Intersection,Night-lit,Low,50,Morning,Medium
Clear,7.777,Urban,Dawn/Dusk,Low,100,Evening,Medium
Rain,4.893,Highway,Dawn/Dusk,Very High,50,Afternoon,High
Clear,7.173,Urban,Daylight,Low,100,Evening,Medium
Drizzle,3.243,Urban,Daylight,Medium,50,Morning,Medium
Drizzle,4.957,Urban,Daylight,High,50,Night,Medium
Fog,7.458,Intersection,Dawn/Dusk,Medium,60,Night,High
Rain,5.353,Intersection,Daylight,Low,30,Afternoon,Low
Rain,2.226,Intersection,Night-lit,Very High,50,Evening,High
Clear,3.419,Intersection,Night-unlit,Very High,50,Morning,High
Clear,7.509,Urban,Daylight,Very High,80,Night,Medium
Rain,7.307,Intersection,Daylight,Low,80,Night,High
Drizzle,2.061,Urban,Night-lit,Medium,40,Morning,Medium
Drizzle,3.485,Rural,Dawn/Dusk,Low,80,Night,Medium
Rain,6.36,Intersection,Daylight,Medium,50,Evening,Medium
Drizzle,5.096,Urban,Dawn/Dusk,Medium,40,Morning,Medium
Clear,2.033,Intersection,Daylight,Very High,30,Morning,High
Clear,5.974,Urban,Night-unlit,Low,40,Night,Medium
Clear,8.116,Intersection,Daylight,High,30,Afternoon,Medium
Drizzle,5.179,Intersection,Daylight,Medium,40,Afternoon,Medium
Rain,3.754,Urban,Daylight,Medium,100,Afternoon,High
Fog,4.258,Intersection,Daylight,High,30,Afternoon,Medium
Clear,6.837,Urban,Night-lit,Very High,50,Afternoon,Medium
Clear,3.984,Rural,Dawn/Dusk,Very High,60,Night,Medium
Clear,3.867,Highway,Dawn/Dusk,Very High,50,Night,High
Clear,5.841,Urban,Night-unlit,High,80,Evening,High
Rain,6.389,Urban,Dawn/Dusk,High,60,Night,High
Rain,6.674,Intersection,Dawn/Dusk,Medium,100,Night,High
Clear,6.335,Intersection,Dawn/Dusk,High,60,Afternoon,Medium
Drizzle,7.263,Rural,Daylight,Medium,80,Morning,Medium
Clear,5.167,Highway,Daylight,Low,100,Afternoon,Medium
Storm,3.13,Urban,Night-lit,Medium,50,Evening,High
Clear,2.569,Highway,Night-lit,Low,30,Night,Medium
Drizzle,10.0,Urban,Dawn/Dusk,High,40,Evening,Medium
Clear,4.524,Highway,Night-lit,High,60,Evening,High
Clear,4.367,Rural,Daylight,Medium,80,Afternoon,Medium
Clear,7.096,Highway,Daylight,Medium,60,Evening,Medium
Clear,0.992,Rural,Daylight,Medium,80,Afternoon,Medium
Rain,2.75,Urban,Night-unlit,Medium,100,Night,High
Drizzle,6.653,Urban,Night-lit,High,40,Evening,Medium
Clear,7.092,Highway,Night-lit,Medium,30,Morning,Medium
Clear,5.505,Highway,Night-unlit,Medium,100,Evening,High
Clear,4.335,Urban,Night-unlit,High,60,Afternoon,Medium
Fog,0.911,Urban,Daylight,Very High,80,Evening,High
Clear,3.627,Intersection,Daylight,Low,50,Afternoon,Low
Clear,3.572,Urban,Night-lit,Low,80,Afternoon,Medium
Fog,4.642,Highway,Night-unlit,High,80,Evening,High
Rain,5.312,Intersection,Night-lit,Very High,100,Morning,High
Clear,4.698,Highway,Night-unlit,Medium,60,Afternoon,Medium
Fog,5.705,Urban,Daylight,Low,40,Evening,Medium
Rain,6.133,Rural,Night-lit,Very High,50,Afternoon,Medium
Drizzle,10.0,Urban,Night-unlit,High,100,Morning,High
Fog,2.224,Highway,Daylight,Very High,80,Morning,High
Clear,7.083,Urban,Daylight,Medium,30,Night,Medium
Clear,4.821,Urban,Night-lit,Low,60,Night,Medium
Clear,6.302,Highway,Dawn/Dusk,Medium,100,Afternoon,High
Rain,4.6,Urban,Daylight,Medium,40,Evening,Medium
Clear,3.705,Rural,Daylight,Low,50,Night,Medium
Drizzle,3.813,Urban,Daylight,Medium,50,Morning,Medium
Fog,9.457,Highway,Dawn/Dusk,Medium,100,Night,High
Rain,2.378,Highway,Daylight,Very High,30,Morning,High
Rain,7.206,Urban,Daylight,High,40,Afternoon,Medium
Rain,6.465,Highway,Night-unlit,High,80,Evening,Medium
Fog,5.43,Urban,Dawn/Dusk,High,50,Evening,High
Rain,6.064,Urban,Night-lit,Low,50,Afternoon,Medium
Storm,4.121,Urban,Dawn/Dusk,Medium,40,Afternoon,Medium
Drizzle,5.348,Urban,Night-lit,Very High,60,Morning,High
Rain,4.93,Highway,Dawn/Dusk,Low,30,Morning,High
Drizzle,2.341,Urban,Night-lit,Low,60,Evening,Medium
Clear,3.497,Highway,Night-unlit,Medium,30,Afternoon,Medium
Storm,5.31,Urban,Night-unlit,High,50,Afternoon,High
Clear,3.805,Highway,Night-lit,Very High,100,Afternoon,High
Rain,5.397,Highway,Night-lit,High,80,Afternoon,High
Clear,3.934,Highway,Night-unlit,Medium,60,Morning,Medium
Clear,3.465,Rural,Night-unlit,Medium,60,Night,High
Clear,5.063,Intersection,Night-lit,High,60,Night,Medium
Rain,4.835,Urban,Night-lit,Very High,80,Morning,High
Rain,5.947,Rural,Daylight,Low,60,Evening,Medium
Clear,4.483,Highway,Dawn/Dusk,Low,80,Night,Medium
Drizzle,9.064,Urban,Daylight,Low,30,Morning,Low
Clear,3.664,Intersection,Daylight,Very High,50,Afternoon,Medium
Drizzle,5.461,Rural,Daylight,Very High,60,Night,High
Storm,7.667,Intersection,Dawn/Dusk,Medium,50,Evening,High
Drizzle,3.906,Rural,Daylight,High,40,Night,Medium
Storm,9.062,Highway,Night-lit,Medium,50,Afternoon,Medium
Clear,2.75,Intersection,Daylight,Low,40,Night,Medium
Clear,7.883,Urban,Night-unlit,Low,50,Night,Medium
Clear,7.694,Intersection,Daylight,Medium,60,Night,Low
Clear,3.092,Highway,Night-lit,Low,60,Afternoon,Medium
Fog,6.756,Highway,Night-unlit,Medium,40,Night,High
Storm,5.579,Urban,Night-lit,Medium,40,Night,High
Rain,2.292,Intersection,Dawn/Dusk,Medium,50,Afternoon,High
Rain,6.748,Rural,Daylight,Medium,60,Morning,Low
Rain,7.162,Intersection,Daylight,Medium,80,Afternoon,High
Clear,3.192,Urban,Daylight,Medium,80,Afternoon,Medium
Storm,6.306,Urban,Daylight,Medium,50,Evening,High
Rain,5.582,Urban,Night-unlit,Very High,40,Night,High
Drizzle,6.241,Urban,Daylight,Medium,100,Evening,Medium
Rain,5.298,Highway,Daylight,High,60,Night,High
Rain,7.194,Highway,Night-unlit,Medium,30,Morning,Medium
Clear,6.234,Rural,Daylight,Very High,50,Evening,Medium
Rain,8.821,Rural,Night-lit,Medium,30,Afternoon,Medium
Clear,7.636,Urban,Daylight,Low,100,Morning,Medium
Clear,8.626,Highway,Dawn/Dusk,Medium,40,Night,Medium
Drizzle,4.953,Intersection,Daylight,Very High,60,Afternoon,Medium
Drizzle,3.45,Urban,Night-lit,Medium,80,Morning,High
Rain,6.989,Rural,Night-unlit,Very High,80,Afternoon,High
Clear,1.675,Urban,Night-lit,Low,100,Afternoon,Medium
Drizzle,3.472,Highway,Night-unlit,High,40,Evening,High
Fog,7.55,Highway,Daylight,Low,60,Night,Medium
Rain,4.621,Urban,Daylight,Medium,40,Morning,Medium
Clear,7.665,Intersection,Night-lit,High,40,Night,High
Storm,7.779,Urban,Daylight,Medium,50,Evening,High
Rain,6.634,Rural,Daylight,Medium,50,Morning,Medium
Drizzle,6.203,Highway,Daylight,High,100,Afternoon,Medium
Drizzle,4.384,Rural,Daylight,Low,50,Night,Medium
Fog,4.94,Highway,Daylight,Low,50,Afternoon,Low
Clear,3.746,Intersection,Night-unlit,Low,80,Evening,High
Rain,10.0,Intersection,Dawn/Dusk,Low,100,Night,High
Fog,5.019,Highway,Daylight,Low,60,Night,Medium
Rain,2.321,Urban,Daylight,Medium,80,Night,High
Rain,3.888,Highway,Night-unlit,High,60,Afternoon,High
Drizzle,1.798,Urban,Night-lit,High,60,Evening,High
Storm,3.881,Rural,Daylight,Medium,50,Afternoon,Medium
Clear,3.807,Urban,Night-lit,High,50,Afternoon,Medium
Clear,7.162,Urban,Night-lit,Medium,100,Afternoon,Medium
Clear,7.82,Urban,Night-lit,Very High,60,Evening,Medium
Clear,4.882,Highway,Night-lit,High,60,Morning,Medium
Fog,2.65,Urban,Daylight,Very High,40,Afternoon,High
Rain,8.193,Rural,Daylight,Medium,50,Evening,Medium
Clear,6.45,Highway,Night-unlit,Low,30,Afternoon,Medium
Drizzle,3.876,Urban,Daylight,Low,50,Morning,Medium
Clear,5.894,Intersection,Daylight,Medium,50,Evening,Medium
Rain,2.709,Intersection,Night-lit,Very High,40,Evening,High
Rain,6.543,Urban,Daylight,Medium,60,Afternoon,Medium
Clear,4.372,Highway,Night-unlit,Medium,30,Evening,Medium
Fog,6.253,Highway,Night-lit,High,80,Morning,High
Storm,6.281,Urban,Night-unlit,Medium,80,Morning,High
Storm,7.966,Urban,Daylight,Medium,50,Evening,High
Rain,6.112,Urban,Night-lit,Very High,30,Night,High
Storm,3.14,Urban,Night-unlit,Very High,50,Evening,High
Fog,1.454,Urban,Night-unlit,Low,80,Morning,High
Rain,2.955,Rural,Night-unlit,Medium,50,Evening,High
Clear,7.821,Highway,Night-lit,Very High,40,Afternoon,Medium
Clear,9.26,Urban,Night-unlit,High,60,Afternoon,Medium
Rain,6.149,Highway,Dawn/Dusk,Low,60,Evening,High
Clear,5.569,Urban,Night-lit,Low,50,Afternoon,Low
Rain,4.855,Highway,Dawn/Dusk,High,80,Morning,High
Rain,3.18,Intersection,Dawn/Dusk,High,80,Afternoon,High
Clear,2.982,Urban,Night-lit,High,60,Afternoon,Medium
Drizzle,2.764,Highway,Night-unlit,Medium,100,Morning,High
Clear,5.575,Urban,Daylight,Very High,50,Night,Medium
Rain,6.385,Highway,Dawn/Dusk,High,40,Afternoon,Medium
Fog,1.332,Urban,Night-lit,Medium,30,Afternoon,High
Clear,7.632,Urban,Night-unlit,Medium,60,Night,High
Drizzle,5.321,Urban,Night-lit,Medium,30,Afternoon,Medium
Drizzle,5.032,Urban,Daylight,Low,50,Morning,Low
Rain,6.2,Urban,Night-unlit,Very High,40,Night,High
Drizzle,5.34,Rural,Daylight,High,60,Night,Medium
Storm,4.375,Urban,Night-lit,Low,40,Afternoon,Medium
Drizzle,6.309,Intersection,Night-lit,High,50,Morning,Medium
Clear,5.278,Urban,Daylight,Medium,30,Morning,Low
Drizzle,4.496,Highway,Daylight,Medium,40,Morning,Medium
Rain,4.315,Rural,Daylight,Medium,60,Morning,Medium
Drizzle,3.849,Highway,Daylight,Very High,80,Afternoon,High
Rain,7.144,Highway,Dawn/Dusk,Low,30,Morning,Medium
Rain,4.959,Rural,Daylight,Low,80,Afternoon,Medium
Drizzle,8.366,Urban,Daylight,Low,60,Morning,Medium
Clear,6.48,Intersection,Night-unlit,Medium,80,Morning,High
Rain,4.749,Urban,Night-lit,Very High,100,Evening,Medium
Fog,6.175,Rural,Dawn/Dusk,Very High,50,Night,High
Drizzle,5.09,Urban,Dawn/Dusk,Very High,40,Morning,Medium
Drizzle,0.743,Intersection,Night-lit,Medium,60,Afternoon,High
Drizzle,3.416,Urban,Dawn/Dusk,Medium,40,Night,High
Storm,5.295,Urban,Dawn/Dusk,Low,60,Evening,High
Drizzle,0.478,Urban,Dawn/Dusk,Very High,50,Morning,High
Drizzle,4.902,Urban,Night-lit,High,40,Night,Medium
Drizzle,8.265,Intersection,Night-lit,Very High,100,Morning,High
Clear,8.134,Highway,Night-unlit,Medium,60,Night,High
Drizzle,4.751,Rural,Daylight,High,80,Afternoon,Medium
Clear,4.457,Highway,Daylight,Very High,50,Night,Medium
Clear,6.185,Rural,Night-lit,Medium,40,Evening,Medium
Clear,3.419,Urban,Daylight,Very High,50,Evening,Medium
Clear,7.376,Rural,Daylight,Low,50,Evening,Low
Rain,8.89,Urban,Dawn/Dusk,Medium,80,Afternoon,Medium
Clear,5.107,Urban,Daylight,High,60,Morning,Medium
Drizzle,3.066,Rural,Night-lit,Very High,50,Evening,High
Clear,4.365,Urban,Night-unlit,High,30,Night,Medium
Drizzle,3.674,Highway,Night-lit,Medium,50,Afternoon,Medium
Storm,5.999,Urban,Daylight,Medium,60,Afternoon,Medium
Rain,7.385,Urban,Night-unlit,Very High,50,Afternoon,High
Drizzle,9.563,Intersection,Night-lit,Medium,50,Evening,Medium
Clear,9.815,Urban,Night-unlit,Very High,50,Evening,High
Fog,3.762,Urban,Night-unlit,Medium,50,Evening,High
Drizzle,4.624,Intersection,Night-unlit,Very High,60,Morning,High
Clear,3.579,Intersection,Night-lit,Low,40,Evening,Medium
Storm,6.7,Rural,Daylight,High,50,Afternoon,Medium
Clear,5.177,Intersection,Daylight,High,60,Afternoon,Medium
Drizzle,4.352,Urban,Night-unlit,High,40,Evening,High
Drizzle,3.083,Urban,Daylight,Very High,60,Night,High
Clear,4.051,Highway,Dawn/Dusk,High,80,Afternoon,Medium
Drizzle,8.655,Intersection,Night-lit,Medium,100,Morning,High
Drizzle,10.0,Urban,Night-unlit,High,50,Morning,Medium
Drizzle,6.713,Urban,Night-lit,High,80,Afternoon,High
Fog,7.56,Highway,Daylight,Medium,80,Evening,High
Clear,6.855,Urban,Night-lit,Medium,50,Evening,Medium
Rain,3.031,Intersection,Dawn/Dusk,Low,80,Morning,High
Rain,4.577,Rural,Daylight,Medium,50,Morning,Medium
Clear,3.843,Intersection,Night-lit,High,60,Night,High
Clear,6.839,Highway,Daylight,High,40,Afternoon,Medium
Rain,5.112,Highway,Daylight,Low,40,Morning,Medium
Clear,6.859,Urban,Dawn/Dusk,Medium,40,Afternoon,Low
Clear,0.809,Urban,Daylight,Medium,40,Night,High
Clear,5.85,Highway,Night-lit,High,60,Afternoon,Medium
Fog,5.357,Rural,Night-unlit,Medium,50,Night,High
Rain,7.002,Rural,Dawn/Dusk,Very High,100,Evening,High
Drizzle,7.334,Highway,Daylight,Medium,80,Evening,Medium
Clear,2.38,Intersection,Daylight,Medium,40,Afternoon,Medium
Clear,8.52,Highway,Daylight,High,100,Afternoon,Medium
Clear,3.205,Urban,Night-lit,Medium,60,Morning,Medium
Drizzle,4.806,Urban,Daylight,High,60,Evening,Medium
Rain,5.607,Highway,Daylight,Medium,60,Evening,Medium
Clear,6.117,Intersection,Night-unlit,High,50,Night,High
Clear,4.862,Rural,Night-lit,Low,80,Afternoon,Medium
Drizzle,4.899,Intersection,Daylight,High,60,Afternoon,Medium
Rain,2.036,Highway,Daylight,Medium,100,Evening,High
Rain,3.216,Urban,Night-unlit,Low,60,Night,High
Drizzle,5.541,Urban,Daylight,Medium,50,Afternoon,Low
Fog,1.297,Highway,Night-lit,High,50,Night,High
Storm,1.995,Rural,Daylight,High,80,Night,High
Rain,8.328,Rural,Daylight,Medium,40,Night,Medium
Rain,5.169,Highway,Daylight,Medium,30,Evening,Medium
Clear,2.553,Urban,Night-unlit,Very High,40,Morning,Medium
Drizzle,8.271,Urban,Daylight,Medium,50,Afternoon,Medium
Clear,5.19,Highway,Night-lit,High,40,Evening,Medium
Clear,5.623,Intersection,Night-lit,Very High,50,Night,High
Storm,5.131,Intersection,Night-unlit,Medium,100,Morning,High
Rain,8.983,Intersection,Daylight,High,100,Morning,High
Rain,4.086,Rural,Daylight,Very High,80,Afternoon,High
Rain,4.66,Intersection,Daylight,Medium,80,Afternoon,High
Clear,0.458,Intersection,Night-unlit,High,100,Afternoon,High
Clear,4.7,Highway,Night-unlit,Medium,30,Afternoon,Medium
Drizzle,8.265,Intersection,Night-lit,High,40,Night,Medium
Clear,3.352,Highway,Dawn/Dusk,Medium,100,Evening,High
Rain,4.773,Highway,Night-lit,High,30,Evening,Medium
Drizzle,2.13,Urban,Night-lit,Medium,60,Evening,High
Clear,6.676,Urban,Night-lit,Very High,100,Afternoon,High
Drizzle,3.144,Urban,Night-unlit,Medium,30,Evening,Medium
Clear,3.216,Intersection,Night-lit,Medium,80,Night,High
Fog,5.512,Intersection,Night-lit,Medium,60,Morning,High
Fog,7.311,Intersection,Dawn/Dusk,Medium,80,Morning,High
Storm,2.741,Urban,Night-lit,Medium,40,Afternoon,High
Rain,6.646,Rural,Dawn/Dusk,High,60,Evening,Medium
Rain,8.898,Rural,Night-lit,Medium,60,Evening,Medium
Fog,6.593,Highway,Night-lit,Very High,60,Evening,High
Drizzle,9.342,Urban,Daylight,Low,50,Night,Medium
Clear,5.017,Highway,Night-lit,High,80,Morning,Medium
Drizzle,7.328,Highway,Dawn/Dusk,Very High,80,Evening,High
Clear,7.228,Rural,Night-lit,High,30,Night,Medium
Rain,3.939,Intersection,Night-unlit,Low,40,Afternoon,Medium
Drizzle,4.42,Highway,Night-lit,Medium,100,Night,High
Rain,0.4,Urban,Night-unlit,Medium,100,Evening,High
Clear,8.566,Urban,Night-unlit,Very High,60,Morning,High
Storm,5.195,Rural,Night-unlit,Medium,30,Night,High
Clear,3.434,Rural,Daylight,Very High,80,Afternoon,Medium
Rain,5.891,Intersection,Night-unlit,High,50,Afternoon,High
Rain,8.12,Urban,Night-unlit,Medium,80,Morning,High
Drizzle,7.84,Urban,Daylight,Medium,40,Evening,Medium
Rain,7.904,Urban,Daylight,High,80,Night,High
Fog,5.445,Rural,Daylight,Medium,60,Morning,Medium
Drizzle,7.812,Intersection,Night-unlit,Medium,30,Afternoon,Medium
Fog,2.725,Urban,Dawn/Dusk,Low,60,Afternoon,Medium
Drizzle,5.779,Intersection,Daylight,Low,60,Night,Medium
Drizzle,7.669,Highway,Night-unlit,Medium,60,Evening,High
Clear,1.318,Rural,Dawn/Dusk,Medium,80,Evening,High
Rain,8.609,Urban,Daylight,Very High,50,Evening,High
Drizzle,4.456,Intersection,Daylight,Medium,50,Afternoon,Medium
Drizzle,6.287,Rural,Daylight,High,60,Morning,Medium
Rain,6.81,Highway,Dawn/Dusk,High,100,Afternoon,High
Clear,4.326,Urban,Night-lit,Medium,50,Evening,Medium
Clear,8.31,Highway,Dawn/Dusk,Very High,30,Morning,Medium
Drizzle,4.328,Urban,Daylight,Very High,40,Night,Medium
Fog,5.967,Intersection,Dawn/Dusk,High,80,Afternoon,High
Drizzle,7.41,Intersection,Night-unlit,High,50,Night,High
Clear,3.72,Urban,Daylight,High,50,Morning,Medium
Drizzle,8.855,Intersection,Dawn/Dusk,Medium,50,Night,Medium
Drizzle,4.742,Intersection,Night-lit,Very High,30,Evening,Medium
Drizzle,7.607,Urban,Night-lit,Low,40,Night,Low
Rain,7.769,Intersection,Night-unlit,Very High,50,Night,High
Rain,5.583,Highway,Daylight,Medium,40,Morning,Medium
Clear,0.4,Urban,Daylight,Low,40,Evening,Medium
Clear,7.241,Rural,Night-lit,Low,40,Afternoon,Low
Rain,3.321,Urban,Night-unlit,High,80,Evening,High
Drizzle,8.92,Highway,Daylight,Very High,60,Evening,Medium
Drizzle,7.574,Urban,Dawn/Dusk,Low,60,Evening,Medium
Storm,4.911,Intersection,Night-lit,Very High,50,Afternoon,High
Clear,4.669,Urban,Daylight,Low,30,Morning,Low
Fog,3.644,Intersection,Night-unlit,Medium,80,Afternoon,High
Clear,4.516,Highway,Daylight,Medium,80,Morning,Medium
Clear,4.494,Rural,Daylight,Very High,60,Evening,Medium
Rain,4.809,Intersection,Daylight,Very High,60,Morning,High
Rain,5.402,Urban,Daylight,Low,100,Night,High
Drizzle,2.368,Urban,Daylight,Low,80,Afternoon,High
Clear,2.688,Highway,Night-unlit,Medium,80,Afternoon,High
Rain,5.372,Highway,Night-lit,Low,80,Evening,High
Rain,6.096,Intersection,Night-unlit,Very High,100,Afternoon,High
Rain,4.613,Highway,Night-unlit,High,50,Evening,High
Clear,7.583,Urban,Night-lit,Low,80,Evening,Medium
Storm,4.799,Intersection,Daylight,Medium,60,Evening,High
Clear,6.42,Urban,Daylight,High,60,Morning,Medium
Storm,4.422,Urban,Daylight,High,80,Evening,High
Clear,10.0,Urban,Night-unlit,High,50,Morning,Medium
Clear,5.935,Rural,Daylight,Medium,30,Night,Medium
Drizzle,5.14,Urban,Night-unlit,Medium,50,Morning,Medium
Rain,4.66,Highway,Daylight,Very High,60,Morning,High
Clear,6.545,Highway,Daylight,Medium,40,Night,Medium
Rain,3.15,Rural,Night-unlit,Low,80,Morning,High
Fog,5.189,Intersection,Daylight,Medium,30,Night,Medium
Fog,6.205,Rural,Night-unlit,Medium,80,Afternoon,High
Storm,6.325,Urban,Dawn/Dusk,Very High,100,Evening,High
Drizzle,5.929,Rural,Night-lit,High,60,Night,Medium
Clear,4.943,Rural,Night-lit,High,60,Night,High
Rain,1.498,Intersection,Night-lit,Very High,50,Night,High
Rain,1.472,Highway,Daylight,Low,40,Afternoon,Medium
Clear,5.77,Highway,Night-unlit,Very High,80,Evening,High
Drizzle,7.021,Highway,Night-lit,High,50,Night,High
Drizzle,6.775,Urban,Daylight,Very High,30,Evening,Medium
Clear,5.246,Highway,Dawn/Dusk,High,30,Evening,Medium
Rain,5.527,Urban,Daylight,Medium,100,Night,High
Fog,5.03,Rural,Night-lit,Low,60,Afternoon,Medium
Clear,5.251,Urban,Daylight,Medium,30,Morning,Low
Storm,3.983,Highway,Daylight,Medium,50,Morning,High
Clear,5.183,Highway,Daylight,High,50,Afternoon,Medium
Rain,8.129,Intersection,Daylight,High,40,Morning,Medium
Clear,5.025,Urban,Daylight,Medium,40,Morning,Low
Clear,6.658,Urban,Night-lit,Medium,80,Evening,Low
Clear,4.726,Urban,Night-lit,Medium,50,Morning,Medium
Storm,3.304,Urban,Night-lit,Low,40,Night,High
Rain,0.661,Urban,Daylight,Medium,60,Morning,High
Rain,3.937,Rural,Night-lit,Low,80,Night,High
Fog,8.978,Urban,Night-lit,High,40,Afternoon,High
Clear,5.503,Urban,Daylight,High,60,Morning,Medium
Storm,9.127,Urban,Night-lit,Medium,60,Evening,High
Clear,6.287,Intersection,Night-lit,High,30,Morning,Medium
Fog,5.763,Intersection,Daylight,Medium,30,Evening,Medium
Clear,6.834,Intersection,Night-unlit,High,50,Morning,Medium
Rain,5.479,Urban,Night-lit,Medium,40,Evening,Medium
Fog,3.419,Rural,Night-lit,Medium,60,Night,High
Rain,7.544,Urban,Night-lit,Medium,50,Afternoon,Medium
Clear,6.316,Urban,Dawn/Dusk,Medium,30,Morning,Low
Rain,3.176,Intersection,Daylight,High,40,Evening,High
Rain,6.332,Intersection,Dawn/Dusk,High,80,Morning,High
Rain,4.426,Urban,Night-lit,Medium,50,Night,Medium
Rain,4.525,Urban,Night-unlit,High,100,Evening,High
Rain,5.607,Urban,Dawn/Dusk,Medium,40,Afternoon,Medium
Clear,2.671,Urban,Night-lit,Very High,50,Afternoon,High
Clear,4.288,Highway,Night-lit,Medium,50,Morning,Medium
Clear,6.128,Highway,Dawn/Dusk,Low,80,Night,Medium
Drizzle,6.818,Urban,Daylight,Medium,30,Morning,Medium
Rain,4.919,Highway,Night-unlit,High,60,Evening,High
Clear,6.707,Rural,Daylight,Medium,50,Afternoon,Low
Clear,6.402,Urban,Night-lit,Medium,50,Night,Medium
Drizzle,3.955,Highway,Dawn/Dusk,High,50,Morning,Medium
Drizzle,5.404,Highway,Night-unlit,Low,100,Night,High
Rain,8.016,Highway,Night-lit,Medium,40,Night,Medium
Rain,5.593,Urban,Daylight,Medium,100,Morning,High
Rain,7.609,Highway,Dawn/Dusk,Low,80,Morning,High
Clear,4.902,Highway,Night-unlit,Low,40,Afternoon,Medium
Clear,2.964,Highway,Night-lit,Medium,60,Evening,High
Drizzle,5.175,Highway,Daylight,High,60,Night,Medium
Clear,3.417,Intersection,Daylight,Very High,100,Evening,High
Clear,2.278,Rural,Night-lit,Low,50,Morning,Medium
Rain,6.729,Rural,Night-unlit,Low,40,Afternoon,Medium
Clear,8.353,Intersection,Night-lit,High,50,Afternoon,Medium
Fog,10.0,Intersection,Dawn/Dusk,Medium,50,Night,High
Clear,7.158,Highway,Night-lit,Very High,40,Afternoon,Low
Drizzle,7.468,Urban,Daylight,Low,60,Evening,Medium
Clear,7.465,Highway,Night-lit,Medium,40,Morning,Medium
Rain,5.154,Urban,Daylight,Low,50,Night,Medium
Rain,3.41,Urban,Night-unlit,High,80,Evening,High
Clear,10.0,Intersection,Daylight,Medium,100,Afternoon,Medium
Drizzle,3.515,Urban,Daylight,Low,60,Morning,Medium
Rain,4.555,Urban,Night-unlit,Very High,50,Morning,High
Clear,3.308,Urban,Night-unlit,High,60,Night,High
Clear,8.914,Urban,Daylight,Medium,60,Night,Medium
Rain,4.603,Highway,Night-unlit,Low,60,Evening,Medium
Drizzle,8.311,Urban,Dawn/Dusk,Low,40,Afternoon,Low
Clear,5.147,Urban,Daylight,High,100,Evening,High
Clear,5.276,Intersection,Night-unlit,High,80,Morning,High
Drizzle,2.753,Urban,Daylight,Medium,40,Night,Medium
Clear,0.584,Urban,Night-lit,Very High,40,Night,High
Clear,6.096,Intersection,Night-lit,Low,100,Night,Medium
Clear,2.062,Urban,Daylight,Very High,80,Evening,High
Rain,5.632,Highway,Daylight,Medium,40,Afternoon,Medium
Rain,4.385,Highway,Daylight,Medium,60,Night,High
Clear,6.237,Urban,Night-unlit,High,40,Morning,Medium
Clear,9.537,Urban,Daylight,Very High,50,Evening,Medium
Rain,7.728,Highway,Dawn/Dusk,Medium,80,Evening,High
Rain,6.695,Urban,Dawn/Dusk,Medium,100,Evening,High
Fog,4.989,Intersection,Daylight,Very High,50,Evening,High
Rain,4.67,Intersection,Daylight,Very High,100,Afternoon,High
Drizzle,5.468,Highway,Daylight,Medium,40,Night,Medium
Rain,7.886,Urban,Dawn/Dusk,Low,50,Evening,Medium
Drizzle,5.93,Rural,Dawn/Dusk,Medium,50,Night,Medium
Rain,6.406,Highway,Night-lit,High,80,Evening,High
Clear,4.079,Rural,Daylight,High,40,Evening,Medium
Clear,6.177,Urban,Daylight,Medium,50,Morning,Low
Rain,5.603,Urban,Daylight,Medium,60,Morning,Medium
Drizzle,2.266,Urban,Night-lit,High,50,Afternoon,High
Drizzle,1.883,Urban,Night-unlit,Medium,80,Morning,High
Rain,5.646,Highway,Night-unlit,Medium,100,Afternoon,High
Rain,6.223,Urban,Daylight,High,50,Evening,Low
Storm,6.057,Rural,Night-lit,High,100,Afternoon,High
Clear,2.381,Urban,Night-unlit,Very High,40,Night,High
Rain,9.036,Highway,Dawn/Dusk,Low,30,Night,Medium
Clear,2.588,Urban,Daylight,Medium,40,Night,Medium
Drizzle,10.0,Urban,Night-lit,High,50,Afternoon,High
Clear,5.659,Highway,Daylight,High,100,Evening,High
Storm,8.753,Intersection,Night-lit,Very High,40,Night,High
Rain,3.667,Urban,Daylight,High,100,Night,High
Clear,5.839,Urban,Dawn/Dusk,Low,80,Evening,Medium
Storm,4.331,Intersection,Dawn/Dusk,Medium,40,Afternoon,High
Clear,6.511,Rural,Night-lit,Low,100,Evening,Medium
Drizzle,0.4,Rural,Dawn/Dusk,Low,50,Morning,High
Rain,6.795,Urban,Dawn/Dusk,Medium,60,Evening,Low
Clear,7.005,Urban,Daylight,Very High,100,Evening,High
Clear,4.934,Highway,Night-unlit,Very High,50,Afternoon,High
Fog,2.043,Rural,Night-lit,Medium,50,Night,High
Drizzle,6.128,Urban,Daylight,Low,40,Night,Medium
Fog,3.221,Intersection,Night-lit,Very High,30,Evening,High
Storm,4.393,Urban,Daylight,High,60,Evening,High
Clear,8.163,Intersection,Night-lit,High,80,Afternoon,Medium
Rain,6.39,Intersection,Daylight,Medium,100,Afternoon,High
Clear,6.97,Urban,Daylight,High,50,Morning,Medium
Clear,4.717,Urban,Dawn/Dusk,Low,80,Night,Medium
Clear,5.049,Highway,Daylight,Medium,80,Afternoon,Medium
Rain,4.601,Intersection,Night-unlit,Medium,50,Afternoon,High
Fog,3.901,Urban,Night-lit,High,50,Afternoon,High
Rain,7.182,Intersection,Daylight,Medium,50,Evening,Medium
Storm,3.501,Urban,Daylight,High,60,Afternoon,High
Fog,5.053,Urban,Night-lit,Very High,80,Morning,Medium
Drizzle,6.489,Rural,Dawn/Dusk,High,80,Morning,High
Clear,6.097,Urban,Night-unlit,Low,30,Night,Medium
Clear,2.725,Rural,Dawn/Dusk,Medium,80,Evening,High
Rain,6.643,Urban,Daylight,Very High,60,Morning,Medium
Fog,3.053,Intersection,Dawn/Dusk,Very High,100,Night,High
Rain,7.844,Intersection,Night-lit,Medium,40,Morning,Medium
Clear,3.543,Urban,Night-unlit,Medium,60,Night,High
Clear,8.148,Intersection,Night-lit,Medium,80,Afternoon,Medium
Rain,5.753,Urban,Dawn/Dusk,Medium,40,Evening,Medium
Drizzle,5.377,Rural,Dawn/Dusk,Very High,80,Afternoon,Medium
Drizzle,8.698,Rural,Daylight,Medium,30,Morning,Low
Clear,7.055,Highway,Night-lit,Medium,60,Morning,Medium
Clear,5.303,Urban,Daylight,High,40,Afternoon,Medium
Rain,5.52,Rural,Night-lit,Medium,40,Night,Medium
Clear,8.293,Urban,Daylight,Medium,80,Night,Medium
Storm,8.013,Rural,Daylight,Low,30,Morning,Medium
Clear,6.917,Rural,Night-unlit,Very High,60,Morning,Medium
Rain,7.87,Urban,Night-unlit,High,50,Evening,High
Rain,7.77,Urban,Daylight,Low,80,Night,Medium
Drizzle,6.061,Highway,Night-unlit,Low,30,Night,Medium
Clear,2.181,Highway,Night-lit,High,50,Afternoon,Medium
Rain,3.983,Highway,Dawn/Dusk,Low,80,Evening,High
Clear,4.154,Highway,Dawn/Dusk,Medium,30,Night,Medium
Clear,4.535,Urban,Daylight,Low,80,Morning,Medium
Drizzle,0.427,Rural,Night-lit,High,80,Night,High
Drizzle,5.414,Rural,Daylight,Medium,100,Morning,Medium
Rain,6.266,Rural,Daylight,High,60,Evening,High
Clear,3.581,Rural,Night-lit,High,80,Afternoon,Medium
Clear,8.193,Intersection,Night-unlit,Medium,40,Night,High
Clear,6.268,Urban,Night-unlit,High,100,Evening,High
Drizzle,3.276,Highway,Daylight,Medium,80,Night,High
Rain,4.745,Intersection,Daylight,Medium,50,Night,Medium
Clear,2.246,Highway,Dawn/Dusk,Medium,60,Afternoon,Medium
Fog,4.119,Highway,Night-unlit,Low,100,Evening,High
Drizzle,5.919,Intersection,Daylight,Medium,60,Afternoon,Medium
Storm,3.713,Intersection,Night-lit,Medium,80,Night,High
Rain,5.352,Urban,Night-lit,Medium,80,Night,High
Drizzle,7.196,Highway,Daylight,Medium,40,Afternoon,Medium
Rain,2.736,Urban,Night-unlit,Medium,100,Morning,High
Clear,1.678,Rural,Daylight,Medium,30,Afternoon,Medium
Fog,4.199,Urban,Dawn/Dusk,High,80,Afternoon,High
Drizzle,7.622,Rural,Daylight,Low,60,Evening,Medium
Fog,7.367,Highway,Dawn/Dusk,High,100,Afternoon,High
Clear,10.0,Highway,Dawn/Dusk,Low,60,Evening,Medium
Storm,7.088,Rural,Night-unlit,High,60,Morning,High
Storm,5.484,Urban,Night-lit,Very High,50,Afternoon,High
Rain,7.687,Urban,Dawn/Dusk,High,80,Afternoon,High
Rain,6.761,Rural,Daylight,High,50,Night,Medium
Rain,5.089,Urban,Daylight,Medium,100,Morning,High
Clear,9.895,Rural,Night-lit,Low,80,Evening,Medium
Rain,3.578,Highway,Daylight,High,80,Night,High
Drizzle,2.516,Urban,Daylight,High,40,Evening,Medium
Clear,8.758,Urban,Daylight,High,30,Evening,Low
Clear,4.927,Urban,Night-unlit,High,60,Night,High
Clear,4.16,Intersection,Daylight,Medium,100,Night,High
Rain,2.912,Intersection,Night-lit,Very High,40,Morning,High
Storm,9.882,Highway,Daylight,High,60,Afternoon,High
Storm,3.729,Urban,Night-lit,High,50,Afternoon,High
Clear,2.874,Rural,Night-unlit,High,30,Morning,Medium
Rain,7.04,Intersection,Daylight,Medium,60,Afternoon,Medium
Fog,4.688,Intersection,Night-lit,Medium,100,Evening,High
Rain,2.111,Intersection,Night-lit,Medium,40,Evening,High
Clear,3.92,Urban,Daylight,Very High,60,Evening,Medium
Rain,4.389,Urban,Daylight,Low,60,Morning,Medium
Fog,6.949,Highway,Night-unlit,Medium,40,Afternoon,High
Storm,8.832,Highway,Daylight,Medium,100,Afternoon,High
Fog,10.0,Rural,Daylight,Medium,50,Morning,Medium
Drizzle,0.4,Rural,Dawn/Dusk,Medium,60,Afternoon,High
Drizzle,7.1,Highway,Night-lit,Medium,40,Morning,Medium
Fog,2.814,Intersection,Night-unlit,Medium,60,Night,High
Drizzle,4.642,Urban,Dawn/Dusk,Very High,80,Morning,High
Fog,7.123,Intersection,Daylight,High,50,Night,High
Drizzle,2.972,Rural,Night-lit,High,50,Morning,Medium
Clear,6.321,Rural,Daylight,Very High,60,Afternoon,Medium
Rain,6.878,Highway,Night-unlit,High,80,Afternoon,High
Drizzle,3.191,Highway,Daylight,High,60,Afternoon,Medium
Clear,7.809,Urban,Daylight,Medium,60,Afternoon,Medium
Clear,1.975,Intersection,Night-lit,Medium,100,Morning,High
Fog,3.655,Rural,Dawn/Dusk,Medium,60,Night,High
Clear,6.201,Rural,Night-unlit,Very High,60,Afternoon,Medium
Drizzle,4.169,Urban,Night-lit,Very High,80,Night,High
Fog,5.948,Urban,Daylight,High,80,Night,High
Clear,6.426,Intersection,Night-lit,Medium,30,Afternoon,Low
Fog,2.427,Urban,Night-unlit,Low,30,Evening,High
Fog,6.278,Intersection,Night-unlit,Very High,60,Morning,High
Drizzle,6.736,Urban,Night-lit,Medium,100,Night,High
Fog,7.923,Rural,Dawn/Dusk,High,60,Evening,High
Drizzle,7.051,Intersection,Night-lit,Medium,30,Afternoon,Medium
Clear,4.715,Intersection,Dawn/Dusk,Medium,80,Night,High
Drizzle,4.428,Highway,Dawn/Dusk,Medium,60,Night,High
Drizzle,5.123,Highway,Daylight,High,50,Evening,Medium
Drizzle,2.876,Intersection,Dawn/Dusk,Very High,80,Night,High
Rain,9.586,Urban,Daylight,High,40,Afternoon,Medium
Clear,3.803,Urban,Night-unlit,High,60,Morning,Medium
Clear,6.643,Urban,Daylight,Medium,50,Night,Medium
Drizzle,7.215,Intersection,Night-lit,Low,60,Afternoon,Medium
Rain,3.37,Rural,Night-lit,Medium,40,Morning,Medium
Drizzle,8.777,Urban,Night-lit,Medium,30,Night,Medium
Clear,6.0,Highway,Night-lit,Low,60,Morning,Low
Clear,7.766,Urban,Night-lit,Low,60,Evening,Medium
Clear,6.035,Intersection,Night-unlit,Medium,40,Morning,Medium
Rain,4.674,Intersection,Night-unlit,Medium,80,Evening,High
Fog,3.973,Intersection,Dawn/Dusk,Very High,80,Morning,High
Clear,7.09,Intersection,Night-unlit,Low,50,Night,Medium
Rain,4.716,Urban,Night-unlit,Medium,100,Morning,High
Rain,5.475,Intersection,Daylight,Low,40,Evening,Medium
Rain,5.926,Urban,Dawn/Dusk,High,100,Night,High
Clear,6.267,Urban,Dawn/Dusk,High,60,Afternoon,Medium
Rain,9.48,Urban,Dawn/Dusk,High,50,Evening,Medium
Clear,8.328,Intersection,Daylight,Low,30,Night,Low
Fog,0.435,Intersection,Daylight,Low,60,Evening,High
Drizzle,5.227,Urban,Night-unlit,High,60,Night,High
Rain,7.521,Urban,Daylight,High,40,Night,High
Rain,6.757,Rural,Daylight,Medium,40,Night,Medium
Rain,4.897,Rural,Daylight,High,30,Morning,Medium
Drizzle,10.0,Highway,Daylight,Very High,30,Evening,Medium
Clear,4.405,Urban,Daylight,Medium,50,Morning,Low
Drizzle,0.922,Urban,Daylight,Very High,40,Morning,High
Storm,2.346,Rural,Dawn/Dusk,Low,60,Evening,High
Rain,3.856,Highway,Daylight,Very High,50,Afternoon,High
Clear,4.735,Highway,Night-lit,Low,50,Morning,Low
Clear,4.269,Urban,Night-lit,Medium,40,Evening,Medium
Clear,4.806,Rural,Daylight,Medium,50,Evening,Medium
Rain,6.694,Urban,Night-unlit,Low,60,Evening,Medium
Drizzle,7.404,Urban,Night-lit,High,40,Morning,Medium
Drizzle,5.682,Highway,Night-lit,Medium,60,Morning,Medium
Rain,3.17,Urban,Night-lit,High,50,Evening,High
Rain,5.367,Rural,Night-lit,High,80,Afternoon,High
Drizzle,1.172,Rural,Daylight,Low,40,Night,Medium
Clear,4.946,Highway,Daylight,Very High,100,Afternoon,Medium
Clear,5.86,Urban,Daylight,Low,80,Evening,Low
Fog,1.44,Urban,Daylight,Medium,80,Morning,High
Clear,5.083,Urban,Night-unlit,Medium,60,Evening,Medium
Drizzle,5.757,Urban,Night-lit,Low,60,Night,Medium
Clear,4.912,Rural,Night-lit,High,40,Morning,Medium
Clear,6.661,Urban,Daylight,High,30,Morning,Low
Clear,5.943,Intersection,Night-unlit,Medium,30,Afternoon,Medium
Clear,4.426,Urban,Night-unlit,High,60,Evening,High
Rain,7.261,Intersection,Night-lit,Medium,50,Afternoon,Medium
Clear,5.296,Intersection,Night-lit,Medium,50,Morning,Medium
Rain,3.781,Urban,Night-unlit,Low,40,Night,Medium
Clear,5.958,Intersection,Night-lit,Low,100,Night,Medium
Rain,2.721,Highway,Daylight,Medium,60,Night,High
Clear,5.575,Intersection,Daylight,High,50,Night,Medium
Drizzle,6.833,Urban,Night-lit,Low,100,Morning,Medium
Rain,5.263,Intersection,Dawn/Dusk,High,100,Morning,High
Fog,5.315,Rural,Dawn/Dusk,Medium,80,Morning,High
Drizzle,3.687,Intersection,Night-unlit,Medium,30,Morning,Medium
Clear,3.408,Intersection,Night-unlit,Medium,40,Night,High
Clear,2.941,Intersection,Night-unlit,Low,80,Night,High
Clear,5.859,Urban,Daylight,High,40,Morning,Medium
Clear,6.097,Intersection,Daylight,Low,60,Evening,Low
Rain,5.716,Urban,Daylight,High,60,Morning,Medium
Clear,5.214,Urban,Night-lit,High,40,Night,Medium
Drizzle,5.351,Urban,Night-lit,High,80,Morning,High
Clear,4.835,Intersection,Daylight,Low,40,Night,Medium
Fog,3.245,Highway,Daylight,Medium,40,Afternoon,Medium
Clear,7.305,Highway,Daylight,Low,60,Evening,Medium
Rain,4.028,Urban,Dawn/Dusk,Medium,40,Evening,Medium
Fog,6.949,Urban,Daylight,High,60,Morning,Medium
Rain,7.596,Intersection,Daylight,Low,40,Evening,Medium
Fog,2.703,Intersection,Daylight,High,80,Afternoon,High
Clear,3.791,Urban,Night-lit,Medium,100,Afternoon,High
Clear,3.096,Intersection,Daylight,High,60,Morning,Medium
Rain,6.728,Intersection,Dawn/Dusk,Low,60,Night,Medium
Drizzle,3.579,Urban,Night-lit,Medium,50,Afternoon,Medium
Clear,8.266,Intersection,Night-lit,Low,80,Morning,Medium
Rain,4.597,Urban,Dawn/Dusk,Low,80,Afternoon,Medium
Clear,4.579,Urban,Daylight,High,50,Afternoon,Low
Drizzle,5.213,Rural,Daylight,Medium,60,Night,Medium
Rain,7.429,Urban,Night-lit,Very High,50,Evening,High
Clear,2.673,Rural,Daylight,Medium,50,Night,Medium
Rain,4.224,Rural,Daylight,Medium,80,Night,High
Fog,6.19,Highway,Night-lit,Medium,40,Night,High
Clear,8.324,Urban,Dawn/Dusk,Medium,80,Morning,Medium
Clear,6.571,Intersection,Night-lit,Low,100,Morning,Medium
Clear,9.668,Highway,Dawn/Dusk,Very High,50,Afternoon,High
Clear,2.271,Rural,Daylight,Medium,30,Evening,Medium
Clear,4.264,Highway,Daylight,Medium,50,Night,Medium
Rain,4.459,Highway,Dawn/Dusk,Medium,50,Afternoon,Medium
Clear,5.785,Highway,Night-lit,High,40,Evening,Medium
Clear,7.022,Urban,Daylight,Low,50,Evening,Low
Rain,9.034,Rural,Night-unlit,Low,40,Evening,Medium
Clear,5.188,Highway,Dawn/Dusk,High,30,Evening,Medium
Clear,3.462,Rural,Daylight,Medium,80,Afternoon,Medium
Rain,4.836,Highway,Dawn/Dusk,Medium,30,Night,Medium
Clear,8.207,Urban,Night-lit,Medium,50,Afternoon,Low
Clear,6.356,Highway,Night-lit,Low,50,Afternoon,Medium
Rain,3.576,Urban,Night-unlit,Low,60,Night,High
Rain,6.312,Urban,Daylight,High,60,Night,High
Rain,4.564,Highway,Night-unlit,High,40,Morning,High
Storm,2.49,Highway,Daylight,Medium,40,Night,High
Rain,3.25,Intersection,Night-lit,Very High,60,Afternoon,High
Rain,2.712,Urban,Daylight,Low,40,Morning,Medium
Rain,4.237,Rural,Night-lit,High,60,Afternoon,Medium
Drizzle,2.926,Urban,Night-unlit,Medium,80,Night,High
Clear,3.907,Rural,Dawn/Dusk,High,50,Morning,Medium
Clear,0.4,Rural,Dawn/Dusk,High,40,Evening,High
Rain,4.158,Rural,Dawn/Dusk,Medium,40,Night,High
Drizzle,6.198,Intersection,Night-lit,Medium,100,Morning,High
Clear,3.986,Highway,Daylight,Low,100,Afternoon,Medium
Clear,2.987,Urban,Night-lit,Medium,80,Morning,Medium
Clear,2.039,Highway,Daylight,Medium,80,Night,High
Rain,2.42,Urban,Night-lit,Low,50,Morning,Medium
Rain,3.525,Rural,Dawn/Dusk,Medium,80,Night,High
Storm,6.047,Urban,Night-unlit,Low,60,Morning,High
Clear,4.864,Intersection,Daylight,High,40,Morning,Medium
Rain,9.333,Highway,Daylight,Medium,50,Morning,Medium
Clear,3.532,Highway,Night-lit,High,60,Afternoon,Medium
Drizzle,5.265,Rural,Daylight,Low,80,Afternoon,Low
Rain,5.225,Rural,Daylight,Medium,40,Night,Medium
Clear,9.854,Rural,Daylight,High,30,Afternoon,Low
Clear,6.689,Highway,Night-lit,Very High,80,Morning,High
Clear,3.917,Rural,Dawn/Dusk,Medium,50,Morning,Low
Rain,5.091,Highway,Night-lit,Medium,60,Afternoon,Medium
Rain,4.281,Highway,Night-lit,Very High,80,Evening,High
Drizzle,3.64,Rural,Daylight,Medium,40,Morning,Medium
Rain,8.686,Urban,Night-unlit,High,30,Afternoon,Medium
Clear,8.39,Urban,Night-unlit,Low,100,Afternoon,Medium
Clear,3.59,Urban,Daylight,Medium,50,Evening,High
Rain,5.363,Rural,Daylight,High,40,Night,Medium
Drizzle,3.42,Intersection,Daylight,High,50,Afternoon,Medium
Drizzle,4.854,Intersection,Night-lit,Medium,80,Night,High
Clear,5.335,Rural,Daylight,Medium,60,Morning,Low
Drizzle,3.256,Intersection,Night-unlit,High,40,Morning,High
Drizzle,4.058,Urban,Night-unlit,Low,40,Evening,Medium
Rain,3.142,Rural,Daylight,Very High,50,Afternoon,High
Drizzle,4.05,Urban,Night-unlit,Low,40,Morning,Medium
Rain,6.809,Highway,Dawn/Dusk,Very High,40,Afternoon,High
Drizzle,3.366,Urban,Daylight,Very High,30,Evening,Medium
Rain,3.799,Urban,Daylight,Medium,50,Night,High
Clear,8.314,Highway,Daylight,High,80,Night,High
Drizzle,6.191,Rural,Daylight,Medium,80,Afternoon,Medium
Fog,3.243,Urban,Daylight,High,50,Evening,High
Clear,7.717,Rural,Dawn/Dusk,Low,30,Night,Low
Drizzle,4.353,Rural,Daylight,Medium,50,Night,Medium
Clear,7.449,Rural,Night-lit,Low,40,Night,Medium
Rain,7.583,Rural,Daylight,High,50,Evening,Medium
Fog,6.327,Urban,Dawn/Dusk,Very High,40,Evening,High
Clear,3.439,Intersection,Night-lit,Low,30,Morning,Medium
Rain,3.336,Urban,Night-unlit,Medium,60,Night,High
Rain,3.98,Urban,Daylight,Very High,80,Night,High
Clear,7.481,Urban,Dawn/Dusk,Low,80,Night,Low
Rain,6.353,Intersection,Daylight,Low,40,Evening,Medium
Clear,4.924,Urban,Night-lit,Medium,60,Afternoon,Medium
Drizzle,3.191,Urban,Daylight,Medium,50,Afternoon,Medium
Rain,3.08,Urban,Daylight,Low,100,Evening,High
Clear,3.783,Rural,Daylight,High,60,Morning,Medium
Clear,5.981,Urban,Night-lit,Medium,80,Morning,Medium
Clear,0.979,Urban,Daylight,High,80,Morning,High
Clear,3.688,Urban,Night-lit,Medium,60,Evening,Medium
Rain,3.956,Urban,Night-lit,Low,80,Morning,High
Fog,3.381,Urban,Dawn/Dusk,Very High,100,Afternoon,High
Drizzle,4.569,Rural,Night-unlit,Medium,60,Night,Medium
Rain,3.919,Highway,Daylight,Medium,60,Night,High
Storm,5.454,Intersection,Night-lit,Medium,50,Morning,High
Rain,5.372,Urban,Dawn/Dusk,Medium,50,Morning,Medium
Rain,5.299,Highway,Dawn/Dusk,High,60,Evening,High
Clear,4.692,Urban,Night-lit,Medium,80,Night,Medium
Fog,8.387,Highway,Daylight,Very High,60,Evening,High
Drizzle,4.825,Urban,Daylight,Medium,40,Evening,Medium
Drizzle,2.986,Rural,Daylight,Medium,50,Morning,Medium
Rain,3.846,Rural,Daylight,Medium,100,Night,High
Rain,3.265,Intersection,Daylight,Medium,60,Afternoon,Medium
Clear,3.676,Urban,Daylight,High,30,Afternoon,Low
Clear,7.217,Highway,Night-unlit,High,30,Night,High
Drizzle,2.895,Rural,Night-lit,High,40,Afternoon,Medium
Rain,7.307,Urban,Dawn/Dusk,High,80,Night,High
Clear,9.315,Intersection,Daylight,Medium,30,Morning,Low
Fog,5.666,Intersection,Dawn/Dusk,High,40,Night,High
Clear,7.375,Urban,Daylight,Low,100,Evening,Medium
Clear,2.86,Urban,Daylight,Very High,40,Morning,Medium
Fog,6.058,Rural,Daylight,Low,40,Afternoon,Low
Clear,6.442,Rural,Night-unlit,Low,50,Morning,Low
Fog,7.548,Highway,Night-unlit,Medium,40,Evening,Medium
Drizzle,6.521,Urban,Night-unlit,Very High,50,Night,High
Storm,9.125,Urban,Dawn/Dusk,Medium,60,Night,High
Rain,2.563,Urban,Daylight,Medium,40,Afternoon,Medium
Rain,2.07,Rural,Night-lit,Low,60,Night,High
Drizzle,7.943,Intersection,Daylight,Medium,50,Evening,Medium
Clear,4.94,Intersection,Night-lit,High,40,Night,Medium
Clear,6.276,Rural,Daylight,High,30,Morning,Low
Drizzle,6.081,Highway,Daylight,High,100,Morning,High
Clear,3.692,Intersection,Night-lit,High,50,Evening,Medium
Drizzle,10.0,Urban,Night-unlit,High,100,Evening,High
Rain,6.313,Urban,Night-unlit,High,40,Evening,High
Drizzle,2.886,Urban,Night-lit,Medium,80,Morning,High
Clear,2.393,Urban,Daylight,Medium,100,Evening,High
Storm,9.972,Urban,Daylight,Very High,60,Evening,High
Drizzle,6.603,Urban,Daylight,High,80,Morning,Medium
Rain,4.972,Rural,Daylight,Very High,60,Afternoon,Medium
Rain,7.175,Urban,Daylight,Medium,30,Night,Medium
Drizzle,6.499,Urban,Daylight,Medium,40,Morning,Low
Clear,7.869,Intersection,Dawn/Dusk,Low,30,Evening,Medium
Clear,4.142,Urban,Daylight,Medium,60,Afternoon,Low
Fog,2.498,Urban,Night-unlit,Medium,100,Evening,High
Storm,5.132,Urban,Night-unlit,High,40,Morning,High
Drizzle,4.267,Intersection,Night-lit,Low,60,Morning,Medium
Rain,6.315,Highway,Night-lit,Medium,50,Morning,Medium
Rain,5.026,Urban,Daylight,Medium,40,Morning,Medium
Clear,1.936,Urban,Night-lit,Medium,50,Afternoon,Medium
Rain,1.499,Rural,Daylight,Medium,50,Morning,High
Drizzle,0.4,Highway,Daylight,High,50,Night,High
Clear,5.454,Intersection,Night-lit,High,50,Evening,High
Clear,6.045,Urban,Night-lit,High,60,Afternoon,Medium
Drizzle,4.939,Urban,Daylight,Medium,50,Morning,Low
Drizzle,4.456,Highway,Daylight,Very High,100,Afternoon,Medium
Clear,6.689,Intersection,Daylight,High,50,Evening,Medium
Clear,6.231,Intersection,Night-unlit,Very High,40,Morning,Medium
Drizzle,4.592,Intersection,Daylight,Medium,30,Afternoon,Low
Drizzle,7.617,Rural,Daylight,Medium,100,Evening,Medium
Drizzle,6.615,Urban,Night-lit,Very High,60,Night,High
Rain,5.645,Highway,Night-unlit,Medium,60,Morning,High
Rain,5.648,Rural,Dawn/Dusk,Medium,40,Evening,Medium
Drizzle,6.207,Highway,Night-lit,Medium,40,Night,Medium
Drizzle,4.504,Rural,Night-lit,High,80,Afternoon,Medium
Rain,9.775,Urban,Dawn/Dusk,Medium,80,Night,High
Clear,1.667,Urban,Dawn/Dusk,Medium,60,Night,High
Clear,6.226,Intersection,Dawn/Dusk,High,100,Evening,High
Storm,4.383,Urban,Daylight,Medium,80,Night,High
Rain,2.068,Urban,Daylight,Very High,60,Morning,High
Rain,6.852,Rural,Night-unlit,Low,30,Afternoon,Medium
Clear,5.031,Rural,Daylight,Medium,60,Afternoon,Medium
Fog,4.443,Urban,Night-lit,Very High,50,Evening,High
Fog,5.758,Urban,Dawn/Dusk,Medium,40,Evening,High
Drizzle,9.134,Rural,Night-lit,High,50,Afternoon,High
Clear,6.498,Highway,Night-lit,Medium,30,Afternoon,Low
Clear,5.825,Urban,Daylight,Medium,60,Morning,Low
Clear,0.4,Highway,Dawn/Dusk,Very High,100,Night,High
Clear,7.104,Rural,Daylight,High,80,Afternoon,Medium
Fog,4.087,Rural,Daylight,Medium,50,Night,High
Fog,4.146,Urban,Night-unlit,High,40,Afternoon,High
Rain,7.507,Highway,Daylight,Medium,50,Afternoon,Medium
Clear,4.074,Rural,Daylight,High,100,Morning,Medium
Rain,2.318,Urban,Daylight,Medium,100,Morning,High
Clear,3.013,Urban,Dawn/Dusk,Medium,80,Evening,High
Rain,3.943,Urban,Daylight,Low,80,Morning,Medium
Clear,8.406,Rural,Daylight,Medium,40,Morning,Low
Rain,0.4,Rural,Night-unlit,High,60,Afternoon,High
Rain,6.849,Urban,Night-unlit,Medium,80,Afternoon,High
Clear,7.448,Intersection,Daylight,Very High,100,Morning,High
Drizzle,5.416,Intersection,Daylight,Very High,60,Morning,High
Rain,4.056,Urban,Night-unlit,Low,100,Morning,High
Fog,5.57,Highway,Daylight,Low,60,Morning,Medium
Clear,5.665,Urban,Daylight,Very High,40,Night,Medium
Fog,6.865,Urban,Daylight,Very High,50,Night,High
Rain,3.38,Urban,Daylight,Very High,60,Night,High
Fog,5.265,Urban,Daylight,Medium,100,Evening,High
Drizzle,6.808,Intersection,Daylight,High,60,Morning,Medium
Clear,5.187,Intersection,Night-lit,Low,80,Afternoon,Medium
Rain,5.712,Highway,Daylight,High,60,Morning,Medium
Rain,4.295,Urban,Dawn/Dusk,High,50,Afternoon,Medium
Drizzle,6.331,Highway,Night-lit,Medium,60,Morning,Medium
Clear,5.61,Urban,Daylight,High,80,Morning,Low
Clear,2.319,Highway,Dawn/Dusk,High,50,Evening,High
Clear,6.106,Intersection,Night-unlit,High,100,Night,High
Rain,4.454,Urban,Daylight,Medium,30,Afternoon,Low
Fog,4.659,Urban,Dawn/Dusk,High,80,Morning,High
Clear,4.845,Rural,Daylight,Low,80,Evening,Low
Drizzle,3.083,Intersection,Night-lit,High,80,Night,High
Clear,3.857,Urban,Night-lit,Medium,50,Afternoon,Medium
Clear,3.904,Rural,Night-unlit,High,40,Afternoon,Medium
Clear,5.433,Highway,Daylight,High,80,Morning,Medium
Clear,6.341,Intersection,Daylight,Medium,50,Evening,Medium
Fog,3.602,Urban,Daylight,Medium,80,Morning,High
Drizzle,6.13,Rural,Night-unlit,Very High,30,Afternoon,Medium
Clear,7.56,Rural,Dawn/Dusk,High,50,Morning,Medium
Drizzle,6.924,Highway,Dawn/Dusk,High,100,Evening,High
Drizzle,5.703,Urban,Night-lit,High,30,Morning,Medium
Storm,6.395,Intersection,Dawn/Dusk,High,50,Night,High
Storm,8.701,Urban,Night-lit,Very High,40,Morning,High
Drizzle,5.513,Highway,Night-lit,Medium,40,Afternoon,Medium
Fog,5.396,Rural,Dawn/Dusk,High,50,Morning,Medium
Clear,3.622,Urban,Night-lit,Low,40,Afternoon,Low
Fog,5.054,Highway,Night-lit,Medium,80,Evening,High
Storm,1.836,Rural,Night-unlit,Low,50,Night,High
Drizzle,2.624,Intersection,Night-lit,High,50,Evening,High
Rain,5.089,Highway,Daylight,High,40,Afternoon,Medium
Fog,3.644,Intersection,Daylight,Low,40,Afternoon,Medium
Drizzle,7.176,Urban,Daylight,High,100,Night,Medium
Rain,6.286,Urban,Dawn/Dusk,Medium,80,Afternoon,High
Clear,1.813,Rural,Daylight,High,40,Afternoon,Medium
Clear,4.671,Highway,Night-unlit,Low,50,Evening,Medium
Drizzle,4.79,Highway,Night-unlit,High,100,Evening,High
Rain,4.435,Urban,Dawn/Dusk,High,100,Afternoon,High
Rain,3.723,Rural,Night-lit,Low,80,Morning,High
Drizzle,3.636,Highway,Daylight,Low,30,Evening,Medium
Drizzle,6.718,Highway,Daylight,Very High,60,Morning,Medium
Rain,6.259,Urban,Night-lit,Medium,50,Afternoon,Low
Fog,4.213,Urban,Night-lit,High,80,Morning,High
Clear,5.345,Intersection,Night-lit,Medium,40,Morning,Medium
Rain,8.257,Urban,Daylight,Medium,60,Evening,Medium
Rain,4.546,Rural,Dawn/Dusk,Very High,50,Morning,Medium
Clear,7.184,Rural,Dawn/Dusk,Medium,50,Afternoon,Medium
Drizzle,0.4,Highway,Daylight,High,60,Afternoon,High
Rain,6.027,Urban,Dawn/Dusk,High,100,Evening,High
Drizzle,6.639,Highway,Night-unlit,Very High,50,Evening,Medium
Clear,9.626,Urban,Daylight,High,40,Night,Medium
Drizzle,5.655,Highway,Daylight,High,50,Evening,Medium
Clear,6.003,Rural,Daylight,High,40,Afternoon,Low
Clear,4.449,Urban,Daylight,Very High,50,Afternoon,Medium
Fog,5.468,Rural,Night-lit,Low,30,Morning,Medium
Rain,3.468,Urban,Dawn/Dusk,High,100,Afternoon,High
Clear,6.0,Urban,Night-unlit,High,40,Afternoon,Medium
Clear,2.911,Rural,Daylight,Low,40,Morning,Low
Drizzle,4.0,Rural,Night-lit,Low,80,Evening,Medium
Fog,7.942,Intersection,Night-lit,Low,100,Evening,High
Drizzle,6.736,Highway,Daylight,Medium,50,Evening,Medium
Drizzle,4.573,Urban,Daylight,Low,40,Morning,Low
Drizzle,6.768,Urban,Night-lit,High,100,Morning,High
Drizzle,8.415,Urban,Night-unlit,High,60,Morning,High
Drizzle,6.776,Urban,Daylight,Medium,80,Afternoon,Medium
Storm,10.0,Intersection,Daylight,Very High,40,Afternoon,High
Clear,5.102,Urban,Night-unlit,High,50,Evening,High
Fog,9.258,Intersection,Night-lit,Medium,30,Night,High
Clear,1.329,Rural,Night-lit,Medium,30,Evening,Medium
Drizzle,2.088,Intersection,Daylight,Medium,30,Morning,Medium
Clear,5.759,Intersection,Daylight,Medium,40,Night,Medium
Clear,3.594,Urban,Night-unlit,Medium,80,Evening,High
Drizzle,6.837,Rural,Night-lit,Low,50,Night,Medium
Drizzle,4.278,Urban,Dawn/Dusk,High,50,Morning,Medium
Clear,6.709,Highway,Night-lit,Very High,60,Morning,Medium
Fog,3.83,Rural,Night-unlit,High,40,Night,High
Fog,7.107,Urban,Night-lit,High,60,Night,High
Drizzle,3.932,Urban,Night-lit,Low,60,Morning,Medium
Clear,3.295,Intersection,Night-lit,Very High,60,Morning,High
Rain,3.874,Urban,Night-lit,Medium,50,Evening,High
Drizzle,1.592,Urban,Dawn/Dusk,Medium,40,Afternoon,Medium
Clear,6.263,Intersection,Night-unlit,Low,30,Morning,Low
Clear,6.238,Rural,Night-lit,Medium,40,Night,Medium
Clear,5.183,Highway,Daylight,Medium,100,Morning,Medium
Rain,6.982,Intersection,Night-lit,Medium,60,Evening,High
Drizzle,4.581,Urban,Night-lit,Very High,100,Afternoon,High
Rain,5.649,Highway,Night-lit,Low,40,Evening,Medium
Storm,3.88,Urban,Night-unlit,Low,80,Morning,High
Fog,5.791,Rural,Night-lit,High,80,Evening,High
Rain,5.979,Urban,Dawn/Dusk,Medium,80,Night,High
Fog,3.479,Highway,Night-lit,Low,40,Evening,Medium
Fog,7.224,Intersection,Daylight,Low,60,Evening,High
Fog,3.94,Rural,Night-unlit,Very High,60,Evening,High
Clear,3.957,Urban,Night-lit,Medium,50,Morning,Medium
Drizzle,5.084,Urban,Night-lit,High,100,Afternoon,High
Clear,2.782,Urban,Night-unlit,Medium,60,Morning,Medium
Rain,4.833,Urban,Daylight,Medium,40,Morning,Medium
Rain,8.689,Highway,Dawn/Dusk,Low,100,Evening,High
Fog,4.279,Urban,Daylight,High,50,Evening,High
Clear,6.225,Rural,Night-unlit,Very High,100,Night,High
Rain,4.666,Urban,Dawn/Dusk,Very High,50,Evening,High
Rain,6.41,Urban,Daylight,Medium,50,Evening,Medium
Fog,3.645,Highway,Daylight,High,100,Night,High
Rain,4.825,Intersection,Night-unlit,Low,60,Evening,High
Drizzle,5.358,Urban,Daylight,Low,60,Evening,High
Drizzle,4.933,Rural,Night-lit,High,50,Morning,Medium
Fog,7.675,Highway,Daylight,Very High,50,Evening,High
Rain,6.714,Intersection,Night-unlit,Medium,30,Night,Medium
Rain,4.945,Urban,Daylight,Medium,80,Afternoon,Medium
Fog,3.187,Rural,Daylight,Medium,30,Afternoon,Medium
Fog,7.186,Intersection,Daylight,Very High,100,Morning,High
Clear,10.0,Urban,Night-lit,Very High,80,Evening,High
Clear,4.356,Highway,Daylight,High,50,Morning,Medium
Clear,5.337,Urban,Daylight,Very High,60,Evening,Medium
Rain,4.497,Highway,Night-unlit,Medium,30,Morning,High
Fog,5.29,Highway,Night-lit,Medium,60,Morning,High
Rain,8.528,Highway,Dawn/Dusk,Medium,60,Afternoon,Medium
Drizzle,4.64,Urban,Daylight,High,100,Evening,High
Clear,9.043,Urban,Dawn/Dusk,High,40,Evening,Medium
Drizzle,6.525,Highway,Daylight,Low,60,Evening,High
Clear,2.873,Intersection,Daylight,High,40,Morning,Medium
Drizzle,6.752,Urban,Daylight,High,60,Morning,Medium
Drizzle,4.888,Highway,Daylight,Low,30,Evening,Low
Rain,6.634,Rural,Night-unlit,Medium,40,Night,High
Storm,5.44,Rural,Night-lit,Medium,80,Evening,High
Drizzle,6.356,Intersection,Night-lit,High,60,Evening,High
Clear,3.224,Intersection,Daylight,High,60,Afternoon,Medium
Clear,4.855,Urban,Daylight,Medium,100,Afternoon,Medium
Drizzle,3.918,Urban,Daylight,Low,40,Night,Medium
Storm,2.997,Highway,Daylight,Medium,30,Morning,Medium
Clear,5.607,Highway,Night-lit,Low,100,Afternoon,Medium
Storm,0.941,Rural,Night-unlit,Medium,60,Night,High
Clear,2.041,Highway,Daylight,Medium,80,Afternoon,Medium
Clear,7.183,Urban,Night-lit,Very High,100,Night,High
Clear,2.513,Urban,Night-unlit,Low,100,Morning,High
Fog,5.827,Urban,Daylight,Medium,60,Evening,Medium
Clear,6.427,Highway,Dawn/Dusk,High,30,Night,Medium
Rain,6.281,Urban,Dawn/Dusk,Medium,50,Afternoon,Medium
Clear,4.977,Intersection,Daylight,Very High,60,Night,Medium
Rain,6.624,Urban,Daylight,Very High,80,Evening,High
Rain,3.889,Highway,Dawn/Dusk,Medium,30,Morning,High
Rain,4.374,Highway,Night-unlit,Medium,30,Night,High
Clear,4.822,Highway,Daylight,Medium,50,Morning,Medium
Rain,7.774,Intersection,Night-unlit,Low,30,Afternoon,Medium
Drizzle,5.381,Urban,Dawn/Dusk,High,60,Morning,Medium
Drizzle,6.774,Intersection,Daylight,Medium,30,Evening,Medium
Clear,6.285,Highway,Daylight,Low,40,Night,Low
Clear,5.679,Urban,Dawn/Dusk,High,50,Afternoon,Medium
Rain,8.203,Highway,Dawn/Dusk,Very High,80,Afternoon,High
Rain,4.2,Highway,Daylight,Medium,80,Afternoon,Medium
Clear,3.081,Intersection,Dawn/Dusk,Medium,60,Night,High
Fog,4.016,Urban,Daylight,High,50,Night,High
Clear,6.85,Intersection,Night-unlit,Medium,100,Night,High
Rain,3.673,Urban,Night-unlit,Medium,60,Night,High
Drizzle,7.978,Intersection,Daylight,High,50,Morning,Medium
Clear,4.921,Rural,Daylight,High,80,Morning,Medium
Clear,4.793,Urban,Dawn/Dusk,Medium,50,Afternoon,Medium
Drizzle,5.399,Highway,Night-unlit,Very High,60,Morning,High
Clear,2.856,Rural,Night-lit,Medium,30,Morning,Medium
Clear,2.861,Urban,Daylight,Low,50,Morning,Medium
Drizzle,5.95,Highway,Daylight,Low,30,Night,Medium
Rain,0.506,Urban,Daylight,Medium,80,Evening,High
Drizzle,0.4,Rural,Dawn/Dusk,Medium,50,Afternoon,High
Clear,4.855,Intersection,Night-lit,High,80,Afternoon,High
Drizzle,6.415,Intersection,Night-lit,Medium,40,Morning,Medium
Fog,0.971,Intersection,Night-unlit,Medium,30,Afternoon,High
Rain,4.204,Highway,Dawn/Dusk,High,60,Evening,High
Fog,4.961,Intersection,Night-lit,Medium,40,Evening,High
Rain,4.538,Urban,Daylight,Medium,30,Morning,Medium
Rain,6.279,Urban,Daylight,Medium,80,Night,High
Fog,4.393,Rural,Night-unlit,Medium,40,Night,High
Fog,3.698,Intersection,Night-unlit,Very High,80,Afternoon,High
Drizzle,6.357,Rural,Night-unlit,Medium,30,Evening,Medium
Drizzle,4.925,Urban,Dawn/Dusk,Low,50,Afternoon,Medium
Clear,6.666,Intersection,Night-lit,Low,30,Afternoon,Low
Rain,2.285,Highway,Daylight,High,50,Morning,High
Clear,7.39,Rural,Dawn/Dusk,High,80,Evening,Medium
Drizzle,6.541,Urban,Dawn/Dusk,Medium,40,Evening,Medium
Fog,3.373,Urban,Daylight,Medium,40,Afternoon,Medium
Clear,3.836,Urban,Daylight,Medium,60,Morning,Medium
Drizzle,5.643,Rural,Night-lit,Very High,30,Night,High
Clear,6.197,Urban,Daylight,Very High,50,Morning,Medium
Clear,6.379,Urban,Night-unlit,Medium,60,Night,High
Clear,6.656,Rural,Night-unlit,High,80,Afternoon,High
Clear,7.461,Rural,Night-lit,Medium,60,Afternoon,Medium
Clear,6.27,Rural,Night-unlit,Very High,40,Morning,Medium
Rain,3.513,Urban,Dawn/Dusk,Low,50,Morning,Medium
Clear,4.599,Highway,Daylight,Very High,60,Evening,Medium
Drizzle,4.872,Rural,Daylight,Medium,60,Night,Medium
Drizzle,9.345,Intersection,Night-unlit,Medium,80,Evening,High
Storm,2.585,Urban,Daylight,Medium,50,Evening,High
Rain,7.193,Highway,Daylight,High,30,Afternoon,Medium
Rain,6.489,Highway,Dawn/Dusk,Very High,50,Evening,High
Rain,3.337,Urban,Daylight,High,40,Evening,Medium
Clear,10.0,Highway,Night-lit,High,40,Afternoon,Medium
Clear,7.104,Urban,Daylight,Medium,50,Night,Medium
Rain,2.412,Highway,Daylight,Medium,40,Morning,Medium
Drizzle,5.181,Highway,Dawn/Dusk,Medium,50,Night,High
Rain,10.0,Intersection,Dawn/Dusk,Medium,50,Night,High
Rain,6.568,Urban,Night-unlit,Low,60,Afternoon,Medium
Rain,6.099,Intersection,Daylight,High,50,Morning,Medium
Drizzle,5.212,Urban,Night-unlit,Medium,60,Morning,Medium
Drizzle,4.959,Urban,Daylight,Medium,50,Afternoon,Medium
Drizzle,6.216,Urban,Daylight,High,80,Night,Medium
Rain,4.66,Urban,Daylight,High,100,Morning,High
Drizzle,7.31,Urban,Daylight,High,40,Night,Medium
Rain,7.154,Urban,Daylight,Very High,80,Afternoon,High
Rain,5.839,Rural,Daylight,Medium,50,Night,Medium
Clear,4.328,Urban,Daylight,Low,60,Morning,Low
Rain,4.593,Rural,Daylight,Very High,100,Morning,High
Rain,6.667,Urban,Daylight,Very High,60,Night,High
Clear,7.234,Urban,Daylight,High,50,Night,Medium
Clear,9.11,Highway,Dawn/Dusk,Medium,50,Morning,Medium
Drizzle,4.154,Rural,Dawn/Dusk,Very High,40,Night,High
Clear,6.226,Rural,Daylight,Low,80,Evening,Medium
Fog,5.358,Intersection,Daylight,Medium,80,Afternoon,High
Clear,5.317,Intersection,Night-unlit,Very High,50,Evening,High
Clear,5.849,Urban,Daylight,Medium,60,Morning,Low
Rain,3.194,Urban,Night-lit,Medium,50,Evening,High
Rain,4.192,Rural,Daylight,Low,40,Evening,Medium
Fog,5.597,Intersection,Night-lit,Medium,80,Afternoon,High
Rain,4.451,Intersection,Daylight,High,100,Night,High
Fog,6.293,Rural,Night-lit,Low,60,Night,Medium
Clear,4.968,Urban,Daylight,Medium,50,Morning,Low
Rain,3.887,Rural,Night-unlit,High,50,Evening,High
Drizzle,5.062,Urban,Daylight,High,50,Night,Medium
Rain,7.873,Urban,Daylight,Very High,80,Afternoon,High
Rain,6.74,Urban,Dawn/Dusk,Medium,60,Afternoon,Medium
Clear,4.812,Intersection,Dawn/Dusk,Low,50,Night,Medium
Clear,2.721,Highway,Night-lit,High,50,Night,High
Rain,4.256,Urban,Daylight,Medium,30,Evening,Medium
Drizzle,6.943,Intersection,Night-lit,Low,80,Evening,Medium
Clear,7.918,Urban,Night-lit,Medium,30,Morning,Medium
Rain,3.898,Urban,Night-lit,Medium,50,Night,High
Fog,3.569,Urban,Night-unlit,Medium,40,Afternoon,High
Rain,6.007,Urban,Daylight,High,80,Morning,High
Fog,5.032,Highway,Night-unlit,Very High,60,Morning,High
Clear,8.567,Highway,Daylight,Low,50,Night,Medium
Clear,6.618,Urban,Night-lit,Very High,40,Evening,High
Clear,3.459,Intersection,Night-unlit,Medium,40,Evening,High
Clear,4.173,Highway,Dawn/Dusk,Medium,100,Evening,High
Clear,7.148,Urban,Dawn/Dusk,Low,40,Evening,Medium
Clear,4.705,Urban,Night-lit,High,30,Morning,Medium
Drizzle,5.617,Intersection,Night-lit,Medium,50,Night,Medium
Rain,2.654,Rural,Night-unlit,Medium,100,Night,High
Drizzle,4.219,Urban,Daylight,Low,30,Evening,Medium
Clear,3.336,Urban,Daylight,Very High,60,Morning,Medium
Clear,1.151,Highway,Night-lit,Very High,60,Night,High
Rain,8.339,Urban,Night-unlit,High,60,Afternoon,High
Fog,4.921,Rural,Night-lit,High,60,Evening,Medium
Rain,8.947,Urban,Daylight,High,30,Evening,Low
Drizzle,4.434,Urban,Daylight,High,100,Morning,High
Drizzle,9.875,Rural,Night-lit,Medium,40,Afternoon,Medium
Drizzle,2.004,Urban,Night-lit,High,100,Evening,High
Clear,10.0,Rural,Night-unlit,Medium,100,Morning,Medium
Rain,6.16,Urban,Daylight,Very High,100,Night,High
Clear,5.542,Urban,Daylight,Low,60,Evening,Medium
Drizzle,4.668,Urban,Night-unlit,High,100,Evening,High
Drizzle,8.299,Rural,Dawn/Dusk,Medium,40,Night,Medium
Fog,5.544,Rural,Night-unlit,High,40,Morning,High
Clear,3.642,Urban,Night-lit,Medium,60,Morning,Medium
Clear,7.172,Rural,Night-lit,Medium,60,Night,Medium
Rain,5.903,Rural,Night-lit,High,80,Night,High
Clear,7.577,Urban,Night-lit,High,30,Morning,Low
Drizzle,5.391,Rural,Night-lit,Medium,50,Evening,Medium
Clear,6.371,Rural,Dawn/Dusk,Medium,40,Night,Medium
Drizzle,6.967,Urban,Daylight,Medium,100,Afternoon,Medium
Clear,5.299,Highway,Night-lit,High,50,Afternoon,Medium
Rain,4.945,Highway,Dawn/Dusk,High,80,Morning,High
Clear,10.0,Highway,Daylight,Low,60,Morning,Low
Clear,9.632,Urban,Night-unlit,Low,50,Afternoon,Medium
Drizzle,3.604,Highway,Daylight,Medium,80,Morning,Medium
Clear,4.295,Highway,Night-lit,Medium,30,Morning,Medium
Drizzle,3.635,Intersection,Daylight,Low,100,Night,High
Drizzle,3.896,Urban,Daylight,Medium,60,Afternoon,Medium
Rain,3.264,Rural,Night-unlit,Medium,100,Night,High
Drizzle,8.371,Highway,Night-lit,Medium,30,Afternoon,Medium
Rain,8.113,Urban,Daylight,Low,80,Morning,Medium
Clear,6.926,Highway,Dawn/Dusk,High,40,Night,Medium
Clear,6.486,Rural,Daylight,Very High,60,Afternoon,Medium
Fog,3.026,Highway,Night-lit,Very High,50,Evening,High
Rain,6.888,Urban,Night-lit,High,50,Night,High
Clear,7.401,Urban,Night-lit,Very High,30,Evening,High
Clear,3.476,Urban,Night-lit,High,80,Evening,High
Clear,7.543,Urban,Night-lit,High,60,Afternoon,Medium
Clear,7.243,Highway,Daylight,Very High,80,Night,Medium
Clear,3.053,Urban,Daylight,High,50,Evening,Medium
Clear,2.926,Urban,Night-lit,High,100,Evening,High
Clear,4.246,Rural,Dawn/Dusk,Very High,50,Morning,Medium
Fog,7.195,Urban,Night-lit,Low,60,Night,High
Rain,4.497,Highway,Night-lit,High,60,Afternoon,Low
Rain,4.573,Urban,Daylight,Medium,50,Evening,Medium
Drizzle,6.041,Intersection,Night-lit,Low,50,Night,Medium
Rain,0.435,Intersection,Dawn/Dusk,Medium,100,Night,High
Drizzle,4.42,Intersection,Daylight,Medium,80,Night,Medium
Fog,7.123,Rural,Daylight,High,60,Evening,Medium
Clear,1.981,Urban,Dawn/Dusk,High,80,Evening,High
Drizzle,4.316,Rural,Night-lit,High,50,Evening,Medium
Clear,2.908,Urban,Daylight,Medium,80,Morning,Medium
Clear,2.226,Urban,Night-unlit,High,60,Afternoon,High
Fog,1.813,Highway,Daylight,High,50,Afternoon,High
Clear,6.264,Highway,Night-lit,Medium,100,Morning,Medium
Rain,5.67,Rural,Dawn/Dusk,Very High,30,Morning,Medium
Storm,5.261,Rural,Night-lit,Very High,80,Morning,High
Rain,4.877,Rural,Daylight,Low,40,Morning,Low
Storm,5.849,Highway,Night-unlit,Medium,40,Morning,High
Storm,7.091,Urban,Daylight,Medium,30,Night,Medium
Drizzle,7.303,Urban,Night-lit,Very High,80,Morning,High
Rain,5.953,Urban,Daylight,High,80,Morning,High
Fog,7.836,Highway,Night-lit,Medium,50,Afternoon,Medium
Clear,2.912,Urban,Dawn/Dusk,Medium,60,Morning,Medium
Clear,7.704,Rural,Daylight,Medium,40,Afternoon,Low
Clear,6.332,Rural,Night-lit,Medium,50,Night,Medium
Clear,4.855,Urban,Night-lit,High,50,Night,Medium
Clear,3.917,Urban,Daylight,High,50,Evening,Medium
Clear,4.609,Urban,Daylight,Medium,80,Evening,Medium
Rain,1.766,Highway,Night-lit,Very High,80,Evening,High
Clear,3.987,Urban,Night-lit,Very High,50,Evening,Medium
Drizzle,4.592,Intersection,Night-lit,High,40,Afternoon,Medium
Rain,1.495,Highway,Night-unlit,High,60,Night,High
Fog,2.951,Highway,Night-lit,High,60,Evening,High
Rain,4.658,Highway,Daylight,Medium,50,Night,Medium
Fog,5.643,Intersection,Daylight,Very High,80,Afternoon,High
Fog,5.184,Urban,Night-unlit,Medium,60,Evening,High
Clear,5.489,Rural,Night-unlit,Medium,60,Morning,Medium
Clear,6.001,Highway,Night-lit,Very High,40,Night,High
Clear,3.493,Intersection,Night-lit,Medium,30,Morning,Medium
Rain,5.128,Rural,Daylight,High,60,Afternoon,Medium
Clear,4.354,Intersection,Dawn/Dusk,Low,40,Afternoon,Low
Drizzle,5.642,Urban,Daylight,Medium,80,Evening,Medium
Rain,7.178,Rural,Daylight,High,60,Evening,Medium
Rain,8.125,Highway,Daylight,Very High,50,Afternoon,Medium
Clear,8.499,Highway,Daylight,Very High,80,Evening,High
Rain,3.495,Urban,Night-lit,Very High,60,Evening,High
Drizzle,1.985,Urban,Dawn/Dusk,Medium,80,Night,High
Drizzle,2.247,Intersection,Daylight,High,40,Morning,Medium
Clear,2.935,Intersection,Night-lit,Very High,40,Morning,High
Storm,3.65,Urban,Night-unlit,High,50,Morning,High
Clear,3.724,Highway,Dawn/Dusk,Low,60,Morning,Medium
Clear,4.325,Intersection,Dawn/Dusk,High,40,Evening,High
Drizzle,7.739,Intersection,Dawn/Dusk,Very High,80,Night,High
Fog,0.4,Urban,Daylight,Low,30,Evening,Medium
Clear,6.421,Urban,Night-lit,High,50,Afternoon,Medium
Rain,2.9,Intersection,Daylight,Very High,40,Night,High
Clear,3.773,Rural,Dawn/Dusk,Medium,80,Night,Medium
Storm,6.686,Urban,Daylight,Very High,60,Morning,High
Clear,5.523,Urban,Night-unlit,High,60,Afternoon,High
Rain,7.233,Highway,Night-unlit,High,50,Morning,High
Drizzle,4.248,Highway,Night-lit,Medium,80,Morning,Medium
Clear,5.351,Rural,Daylight,High,50,Night,Medium
Rain,9.166,Rural,Daylight,Very High,60,Afternoon,Medium
Clear,6.736,Highway,Night-lit,Medium,60,Evening,Medium
Rain,5.478,Urban,Night-unlit,Very High,50,Evening,High
Clear,7.191,Rural,Night-lit,Medium,80,Evening,Medium
Clear,2.771,Urban,Dawn/Dusk,High,100,Afternoon,High
Clear,6.598,Urban,Night-lit,Low,40,Night,Medium
Clear,3.542,Rural,Night-unlit,Low,60,Afternoon,Medium
Rain,4.92,Urban,Daylight,High,100,Morning,High
Clear,4.127,Rural,Night-lit,High,60,Afternoon,Medium
Rain,8.059,Rural,Daylight,Very High,40,Evening,Medium
Drizzle,8.156,Intersection,Night-unlit,Low,60,Afternoon,Medium
Drizzle,7.806,Urban,Daylight,High,80,Afternoon,Medium
Drizzle,6.603,Urban,Night-lit,Medium,80,Afternoon,High
Rain,6.07,Urban,Night-lit,Medium,40,Night,Medium
Drizzle,6.912,Urban,Night-lit,Low,80,Night,Medium
Drizzle,5.666,Rural,Daylight,Medium,50,Evening,High
Drizzle,7.432,Rural,Daylight,Medium,80,Evening,Medium
Rain,7.49,Urban,Night-unlit,Medium,40,Afternoon,Medium
Clear,5.13,Urban,Dawn/Dusk,Very High,30,Evening,Medium
Clear,5.612,Rural,Dawn/Dusk,High,40,Morning,Medium
Drizzle,5.441,Urban,Night-unlit,Medium,100,Afternoon,High
Drizzle,2.774,Rural,Night-unlit,Very High,60,Night,High
Clear,7.928,Rural,Night-lit,Low,60,Afternoon,Low
Drizzle,7.116,Highway,Night-lit,High,40,Evening,High
Rain,3.81,Urban,Daylight,High,60,Evening,High
Drizzle,10.0,Urban,Night-lit,High,40,Night,Medium
Drizzle,6.652,Rural,Daylight,Very High,40,Night,Low
Rain,6.23,Urban,Night-unlit,Very High,60,Afternoon,High
Drizzle,2.317,Urban,Dawn/Dusk,High,60,Morning,High
Clear,6.198,Highway,Night-unlit,Medium,60,Night,High
Clear,3.589,Intersection,Dawn/Dusk,High,60,Afternoon,Medium
Drizzle,5.902,Highway,Daylight,Low,30,Afternoon,Low
Clear,7.385,Urban,Dawn/Dusk,Medium,80,Evening,Medium
Drizzle,2.819,Urban,Daylight,Low,30,Afternoon,Low
Rain,9.292,Highway,Dawn/Dusk,Low,30,Night,Medium
Drizzle,7.545,Intersection,Dawn/Dusk,Medium,60,Afternoon,Medium
Drizzle,5.019,Urban,Night-lit,Low,40,Evening,Medium
Clear,1.394,Urban,Night-lit,Medium,100,Evening,High
Fog,4.156,Urban,Night-lit,Low,100,Evening,High
Rain,5.903,Urban,Night-lit,High,60,Night,High
Clear,6.79,Urban,Daylight,High,50,Afternoon,Medium
Clear,8.825,Intersection,Night-lit,High,100,Night,High
Drizzle,7.714,Urban,Dawn/Dusk,High,60,Afternoon,Medium
Drizzle,6.868,Rural,Night-lit,High,40,Evening,Medium
Drizzle,6.721,Rural,Dawn/Dusk,Low,80,Evening,Medium
Clear,4.56,Rural,Night-lit,Very High,80,Night,High
Clear,8.211,Urban,Dawn/Dusk,Medium,80,Afternoon,Medium
Rain,4.909,Rural,Night-unlit,High,50,Afternoon,High
Storm,3.849,Urban,Dawn/Dusk,High,50,Night,High
Clear,5.194,Urban,Night-unlit,Very High,50,Morning,Medium
Clear,8.008,Highway,Daylight,Low,60,Morning,Low
Rain,7.967,Highway,Daylight,High,50,Night,Medium
Fog,8.04,Intersection,Daylight,Medium,60,Afternoon,Medium
Clear,6.079,Intersection,Night-lit,High,30,Morning,Medium
Rain,6.924,Intersection,Dawn/Dusk,Low,100,Morning,High
Clear,6.795,Urban,Night-unlit,Low,60,Morning,Medium
Clear,7.682,Intersection,Daylight,High,60,Night,Medium
Rain,8.139,Urban,Daylight,Very High,80,Afternoon,High
Rain,1.677,Urban,Daylight,High,60,Morning,High
Fog,4.141,Rural,Dawn/Dusk,Low,50,Evening,Medium
Rain,5.628,Urban,Dawn/Dusk,Very High,80,Afternoon,High
Rain,6.527,Highway,Dawn/Dusk,Low,80,Evening,High
Clear,4.943,Urban,Daylight,Very High,100,Morning,Medium
Clear,4.623,Rural,Daylight,High,40,Morning,Low
Clear,2.203,Highway,Night-lit,High,40,Morning,High
Storm,2.781,Rural,Daylight,Medium,40,Afternoon,Medium
Rain,4.857,Rural,Daylight,Low,50,Evening,Medium
Drizzle,6.463,Intersection,Dawn/Dusk,Medium,40,Afternoon,Medium
Drizzle,4.952,Urban,Night-lit,Low,40,Night,Medium
Clear,6.907,Urban,Night-lit,Very High,50,Morning,Medium
Rain,7.169,Urban,Dawn/Dusk,Low,80,Afternoon,Medium
Clear,5.704,Highway,Dawn/Dusk,Medium,40,Morning,Medium
Clear,6.076,Urban,Night-lit,Very High,50,Afternoon,Medium
Clear,2.568,Rural,Daylight,Medium,40,Night,Medium
Clear,2.717,Highway,Daylight,High,100,Night,High
Clear,1.735,Urban,Night-lit,Medium,80,Afternoon,High
Clear,6.976,Urban,Daylight,Very High,50,Night,Medium
Drizzle,5.688,Urban,Daylight,Medium,80,Evening,Medium
Clear,4.454,Urban,Night-lit,Medium,80,Morning,Medium
Clear,7.263,Rural,Night-lit,Very High,60,Afternoon,Medium
Clear,0.825,Urban,Daylight,Medium,80,Evening,High
Clear,7.432,Intersection,Daylight,Very High,30,Morning,Medium
Drizzle,4.507,Urban,Night-lit,High,60,Night,High
Clear,2.2,Urban,Daylight,High,60,Morning,Medium
Drizzle,7.568,Urban,Night-lit,Low,50,Afternoon,Medium
Clear,6.606,Intersection,Daylight,High,100,Morning,High
Clear,3.672,Urban,Dawn/Dusk,High,60,Night,High
Drizzle,4.776,Urban,Night-unlit,Medium,50,Afternoon,Medium
Drizzle,4.576,Urban,Daylight,Low,30,Afternoon,Low
Clear,9.378,Urban,Dawn/Dusk,Very High,80,Afternoon,Medium
Clear,4.014,Urban,Dawn/Dusk,Medium,60,Morning,Medium
Clear,7.009,Intersection,Daylight,High,30,Evening,Medium
Clear,4.919,Urban,Daylight,Medium,50,Morning,Medium
Rain,3.217,Urban,Night-unlit,High,60,Afternoon,High
Rain,2.439,Urban,Daylight,Very High,100,Morning,High
Rain,4.616,Intersection,Night-lit,High,60,Afternoon,High
Clear,6.265,Urban,Dawn/Dusk,Low,80,Evening,Medium
Rain,4.443,Rural,Daylight,Low,40,Night,Medium
Clear,5.873,Urban,Daylight,Medium,80,Night,Medium
Drizzle,3.753,Urban,Daylight,Low,60,Afternoon,Low
Rain,8.964,Urban,Night-lit,Medium,30,Night,Medium
Drizzle,6.09,Intersection,Night-lit,Medium,50,Morning,Medium
Fog,5.017,Rural,Daylight,Medium,40,Night,Medium
Clear,6.604,Highway,Night-unlit,Low,30,Morning,Medium
Clear,5.353,Urban,Daylight,Medium,100,Morning,Medium
Clear,5.732,Highway,Night-unlit,Medium,60,Evening,High
Clear,6.711,Urban,Daylight,Very High,60,Morning,Medium
Clear,5.974,Rural,Night-lit,Low,80,Morning,Medium
Rain,7.756,Highway,Night-lit,Very High,50,Evening,High
Rain,6.477,Rural,Dawn/Dusk,Low,100,Night,High
Drizzle,5.005,Urban,Night-unlit,High,40,Evening,High
Drizzle,3.233,Urban,Dawn/Dusk,Low,60,Night,Medium
Storm,5.969,Urban,Night-lit,Medium,50,Evening,Medium
Drizzle,4.066,Urban,Dawn/Dusk,High,60,Afternoon,Medium
Storm,6.276,Urban,Daylight,High,40,Evening,Medium
Fog,8.371,Rural,Dawn/Dusk,Medium,40,Afternoon,Medium
Drizzle,1.28,Urban,Daylight,High,60,Morning,High
Clear,8.247,Urban,Daylight,Medium,100,Night,Medium
Rain,2.041,Urban,Night-unlit,Medium,50,Afternoon,Medium
Clear,7.099,Urban,Daylight,High,80,Night,Medium
Clear,6.245,Urban,Night-lit,Very High,50,Morning,High
Clear,2.901,Highway,Daylight,High,80,Night,High
Drizzle,4.215,Urban,Daylight,Very High,50,Night,Medium
Clear,6.448,Rural,Daylight,High,60,Morning,Medium
Clear,4.796,Rural,Daylight,High,40,Evening,Medium
Rain,7.891,Urban,Daylight,High,50,Night,Medium
Drizzle,5.112,Urban,Daylight,Medium,80,Afternoon,Medium
Rain,6.32,Highway,Daylight,High,50,Evening,High
Rain,2.127,Highway,Daylight,High,80,Night,High
Fog,5.382,Intersection,Dawn/Dusk,Medium,60,Afternoon,High
Fog,0.713,Rural,Daylight,High,100,Afternoon,High
Clear,3.046,Intersection,Daylight,High,30,Afternoon,Medium
Clear,6.647,Rural,Daylight,Medium,40,Afternoon,Low
Drizzle,5.102,Intersection,Night-unlit,Medium,50,Evening,High
Clear,8.341,Urban,Night-lit,Medium,50,Afternoon,Medium
Storm,8.652,Rural,Daylight,Medium,60,Afternoon,Medium
Rain,3.013,Urban,Night-lit,High,30,Evening,High
Drizzle,2.873,Intersection,Night-lit,Medium,50,Morning,High
Rain,8.53,Rural,Dawn/Dusk,Medium,60,Afternoon,Medium
Drizzle,3.943,Highway,Dawn/Dusk,Medium,40,Night,Medium
Rain,6.433,Urban,Night-lit,High,50,Afternoon,Medium
Rain,2.715,Urban,Night-unlit,Low,100,Morning,High
Rain,8.34,Urban,Night-lit,Medium,30,Morning,Medium
Clear,8.069,Urban,Dawn/Dusk,Low,50,Morning,Medium
Clear,5.462,Urban,Daylight,Medium,60,Night,Medium
Fog,3.871,Urban,Daylight,Medium,60,Night,High
Drizzle,4.086,Rural,Night-unlit,Medium,80,Evening,High
Drizzle,3.747,Intersection,Night-lit,High,80,Evening,High
Clear,4.964,Intersection,Daylight,High,40,Morning,Medium
Rain,6.192,Highway,Night-lit,Very High,40,Morning,High
Clear,8.6,Rural,Daylight,Low,50,Afternoon,Low
Drizzle,6.883,Highway,Dawn/Dusk,Medium,40,Evening,Medium
Rain,3.066,Highway,Night-unlit,High,50,Evening,High
Drizzle,7.428,Urban,Night-lit,High,50,Evening,Medium
Drizzle,10.0,Urban,Night-unlit,Medium,50,Evening,Medium
Clear,4.102,Urban,Dawn/Dusk,Very High,100,Night,High
Rain,0.633,Urban,Dawn/Dusk,Medium,100,Afternoon,High
Clear,7.063,Intersection,Night-lit,Medium,40,Afternoon,Medium
Fog,2.596,Rural,Night-lit,High,60,Evening,High
Drizzle,7.995,Rural,Night-unlit,Very High,30,Night,High
Drizzle,6.192,Rural,Daylight,High,50,Morning,Medium
Rain,4.857,Rural,Night-lit,Medium,60,Night,Medium
Clear,5.307,Intersection,Daylight,Medium,50,Afternoon,Medium
Clear,3.126,Urban,Night-lit,Very High,40,Evening,High
Drizzle,5.483,Rural,Night-lit,Medium,80,Morning,Medium
Drizzle,6.23,Urban,Dawn/Dusk,Low,60,Evening,Medium
Rain,4.525,Urban,Dawn/Dusk,Very High,50,Morning,High
Drizzle,3.337,Highway,Night-lit,Low,60,Evening,Low
Rain,10.0,Rural,Night-lit,Medium,80,Night,High
Clear,7.484,Rural,Night-lit,Low,50,Afternoon,Medium
Clear,6.532,Rural,Daylight,High,40,Afternoon,Low
Clear,6.846,Urban,Night-lit,Very High,100,Evening,High
Rain,2.94,Urban,Night-lit,High,80,Morning,High
Clear,2.23,Highway,Daylight,Medium,60,Evening,Medium
Fog,5.945,Highway,Daylight,Very High,80,Evening,High
Storm,6.238,Urban,Night-lit,High,50,Night,High
Rain,5.767,Highway,Daylight,Medium,40,Evening,Medium
Clear,5.789,Rural,Dawn/Dusk,Very High,40,Evening,Low
Fog,5.941,Highway,Night-unlit,Low,50,Night,High
Clear,0.898,Urban,Night-lit,Medium,40,Night,High
Rain,4.897,Highway,Night-lit,Low,60,Night,Medium
Clear,4.631,Rural,Night-unlit,Medium,30,Evening,Medium
Rain,5.878,Highway,Daylight,Medium,100,Evening,High
Drizzle,5.131,Highway,Night-unlit,High,80,Morning,High
Clear,6.083,Highway,Dawn/Dusk,High,60,Morning,Medium
Rain,5.994,Highway,Daylight,High,30,Afternoon,Medium
Fog,3.336,Intersection,Daylight,High,40,Morning,High
Clear,4.643,Highway,Dawn/Dusk,Low,60,Evening,Medium
Drizzle,6.924,Intersection,Daylight,Medium,100,Morning,Medium
Drizzle,0.4,Urban,Daylight,Very High,40,Evening,High
Fog,4.656,Rural,Daylight,Medium,80,Night,High
Drizzle,8.407,Urban,Dawn/Dusk,High,50,Evening,Medium
Rain,7.037,Highway,Daylight,Very High,40,Evening,High
Clear,5.7,Intersection,Daylight,Low,50,Night,Medium
Drizzle,7.502,Intersection,Night-lit,Low,80,Afternoon,Medium
Drizzle,7.275,Urban,Daylight,Medium,60,Afternoon,Medium
Clear,7.395,Urban,Dawn/Dusk,Medium,80,Afternoon,Medium
Clear,3.771,Urban,Night-lit,High,100,Afternoon,High
Rain,3.9,Urban,Night-unlit,High,80,Afternoon,High
Clear,3.632,Rural,Dawn/Dusk,Medium,50,Night,Medium
Drizzle,4.595,Intersection,Daylight,Medium,40,Afternoon,Medium
Drizzle,1.107,Rural,Daylight,Medium,30,Morning,Medium
Rain,6.881,Highway,Night-unlit,Low,100,Afternoon,High
Drizzle,3.174,Rural,Night-lit,High,50,Afternoon,Medium
Drizzle,4.78,Rural,Night-lit,Medium,80,Afternoon,Low
Fog,5.632,Highway,Night-lit,Medium,100,Morning,High
Rain,4.101,Highway,Night-unlit,Medium,50,Night,High
Rain,2.748,Urban,Night-unlit,High,30,Evening,High
Clear,2.452,Urban,Night-lit,Medium,60,Night,High
Clear,8.368,Urban,Dawn/Dusk,Low,100,Morning,Medium
Clear,6.36,Urban,Night-lit,Very High,80,Evening,High
Clear,2.007,Highway,Night-unlit,Medium,50,Morning,High
Clear,8.571,Highway,Daylight,Medium,30,Afternoon,Low
Clear,6.523,Intersection,Daylight,Medium,60,Night,Medium
Rain,3.264,Urban,Daylight,High,60,Night,High
Drizzle,8.399,Urban,Night-lit,High,50,Afternoon,Medium
Drizzle,2.5,Highway,Daylight,Low,60,Evening,Medium
Drizzle,4.988,Highway,Daylight,Medium,60,Morning,Medium
Rain,6.05,Urban,Dawn/Dusk,Medium,50,Morning,Medium
Rain,4.664,Urban,Daylight,High,30,Night,Medium
Drizzle,6.721,Rural,Daylight,Low,100,Evening,Medium
Drizzle,4.552,Urban,Dawn/Dusk,Very High,100,Morning,High
Rain,9.36,Intersection,Night-unlit,High,60,Afternoon,High
Rain,7.349,Highway,Daylight,High,30,Evening,Medium
Drizzle,5.569,Intersection,Daylight,Low,100,Morning,Medium
Clear,5.927,Highway,Dawn/Dusk,Very High,50,Morning,Medium
Clear,5.388,Urban,Night-lit,Very High,60,Evening,High
Drizzle,6.622,Rural,Dawn/Dusk,Medium,80,Night,Medium
Rain,7.382,Urban,Dawn/Dusk,Low,80,Evening,High
Clear,4.155,Rural,Dawn/Dusk,High,80,Morning,Medium
Clear,4.196,Rural,Daylight,High,30,Night,Medium
Clear,6.574,Highway,Daylight,Low,60,Afternoon,Low
Clear,3.38,Highway,Daylight,High,100,Evening,High
Rain,6.086,Urban,Dawn/Dusk,High,40,Afternoon,Medium
Fog,2.625,Urban,Daylight,Medium,50,Night,High
Clear,3.615,Highway,Night-unlit,High,80,Evening,High
Rain,6.854,Urban,Daylight,Medium,60,Morning,Medium
Drizzle,6.475,Urban,Night-lit,Very High,40,Afternoon,Medium
Drizzle,4.922,Highway,Dawn/Dusk,Medium,50,Evening,Medium
Clear,5.969,Urban,Night-lit,High,50,Morning,Medium
Fog,4.876,Highway,Night-lit,Medium,40,Night,High
Drizzle,7.924,Rural,Dawn/Dusk,Very High,30,Morning,Medium
Clear,4.817,Urban,Daylight,Medium,30,Morning,Low
Storm,5.273,Highway,Night-unlit,Very High,80,Evening,High
Clear,7.238,Urban,Daylight,Very High,30,Night,Medium
Drizzle,4.23,Urban,Night-unlit,Low,100,Evening,High
Clear,3.375,Urban,Night-lit,Very High,50,Night,High
Storm,7.264,Intersection,Daylight,Medium,80,Night,High
Drizzle,4.001,Rural,Dawn/Dusk,High,40,Morning,Medium
Fog,7.225,Highway,Daylight,Medium,30,Afternoon,Medium
Clear,3.06,Urban,Night-lit,Medium,80,Night,High
Rain,6.144,Rural,Night-unlit,Very High,60,Afternoon,Medium
Clear,5.416,Intersection,Night-lit,Very High,100,Evening,High
Rain,7.01,Intersection,Dawn/Dusk,Medium,50,Morning,Medium
Rain,9.347,Highway,Daylight,Medium,100,Evening,High
Rain,5.126,Urban,Night-unlit,Medium,60,Morning,High
Clear,8.046,Rural,Night-unlit,Medium,80,Afternoon,Medium
Drizzle,4.703,Rural,Daylight,Very High,80,Afternoon,Medium
Clear,7.924,Highway,Night-lit,Medium,50,Afternoon,Medium
Drizzle,6.25,Highway,Night-lit,High,60,Night,High
Rain,5.981,Highway,Night-unlit,Medium,80,Afternoon,High
Drizzle,7.726,Urban,Daylight,High,60,Evening,Medium
Drizzle,4.53,Rural,Night-lit,Low,50,Night,Medium
Storm,6.737,Urban,Night-lit,Medium,60,Evening,High
Clear,7.843,Urban,Daylight,Low,80,Afternoon,Medium
Drizzle,3.926,Intersection,Daylight,Medium,60,Evening,Medium
Drizzle,7.977,Urban,Night-unlit,Medium,50,Night,High
Clear,4.416,Intersection,Night-unlit,Low,40,Afternoon,Medium
Rain,2.264,Urban,Daylight,High,50,Evening,High
Clear,5.876,Rural,Daylight,Medium,60,Morning,Low
Storm,7.746,Intersection,Daylight,High,60,Night,High
Rain,3.246,Urban,Night-lit,High,30,Afternoon,Medium
Clear,4.459,Highway,Daylight,Very High,40,Evening,Medium
Clear,7.755,Urban,Night-lit,High,60,Evening,Medium
Clear,6.606,Highway,Dawn/Dusk,Low,60,Morning,Medium
Storm,2.608,Urban,Daylight,High,50,Morning,High
Clear,3.472,Urban,Daylight,High,30,Morning,Medium
Drizzle,1.07,Highway,Night-lit,Medium,30,Evening,High
Rain,4.678,Intersection,Dawn/Dusk,Low,60,Morning,Medium
Rain,4.912,Urban,Daylight,High,50,Morning,Medium
Clear,3.88,Urban,Night-unlit,Low,40,Afternoon,Low
Drizzle,3.997,Rural,Daylight,Very High,50,Afternoon,Medium
Clear,6.495,Urban,Daylight,High,60,Night,Medium
Drizzle,4.239,Urban,Daylight,Low,100,Morning,Medium
Drizzle,4.537,Rural,Dawn/Dusk,Medium,100,Afternoon,Medium
Drizzle,3.801,Intersection,Dawn/Dusk,Medium,50,Evening,Medium
Clear,3.655,Intersection,Daylight,Medium,50,Evening,Medium
Clear,8.453,Urban,Dawn/Dusk,High,40,Night,Medium
Clear,7.742,Intersection,Night-unlit,Low,60,Evening,Medium
Storm,4.295,Rural,Daylight,High,30,Evening,Medium
Drizzle,6.047,Highway,Daylight,Medium,50,Morning,Low
Storm,3.263,Highway,Daylight,Very High,100,Evening,High
Clear,3.246,Urban,Night-lit,Medium,80,Morning,Medium
Drizzle,7.545,Urban,Night-lit,High,60,Afternoon,Medium
Clear,4.665,Rural,Daylight,High,60,Night,Medium
Clear,3.883,Rural,Daylight,Medium,60,Evening,Medium
Rain,4.858,Urban,Dawn/Dusk,Low,100,Afternoon,Medium
Rain,6.204,Urban,Daylight,High,60,Night,High
Rain,2.922,Rural,Night-lit,Medium,40,Morning,Medium
Clear,7.898,Rural,Daylight,Medium,60,Night,Medium
Drizzle,5.376,Urban,Daylight,High,100,Evening,High
Clear,2.184,Intersection,Daylight,Very High,50,Afternoon,Medium
Clear,6.865,Rural,Daylight,Low,40,Morning,Low
Rain,0.4,Intersection,Night-unlit,High,40,Afternoon,High
Clear,6.409,Rural,Night-unlit,High,60,Night,Medium
Clear,0.487,Urban,Night-lit,High,80,Afternoon,High
Clear,5.763,Urban,Daylight,High,30,Evening,Medium
Drizzle,6.999,Rural,Night-unlit,Low,40,Afternoon,Medium
Drizzle,2.947,Highway,Night-unlit,Medium,50,Morning,High
Drizzle,1.431,Intersection,Night-lit,High,60,Morning,High
Drizzle,7.883,Intersection,Night-lit,High,60,Night,High
Clear,5.293,Urban,Night-unlit,High,50,Evening,Medium
Clear,1.66,Urban,Daylight,Low,60,Afternoon,Medium
Clear,3.029,Highway,Daylight,Very High,100,Evening,High
Clear,8.842,Rural,Night-unlit,High,30,Morning,Medium
Rain,4.649,Rural,Night-lit,Medium,60,Evening,Medium
Fog,3.38,Rural,Night-unlit,High,50,Evening,High
Clear,7.607,Rural,Night-lit,High,60,Afternoon,Medium
Clear,5.429,Highway,Daylight,High,60,Night,Medium
Clear,2.52,Urban,Dawn/Dusk,Very High,80,Night,High
Clear,4.683,Urban,Night-lit,Medium,50,Evening,Medium
Drizzle,6.591,Highway,Dawn/Dusk,Low,80,Morning,Medium
Drizzle,7.239,Intersection,Daylight,Medium,80,Morning,Medium
Rain,2.304,Urban,Night-lit,High,60,Morning,High
Fog,6.566,Highway,Night-unlit,Medium,50,Morning,High
Fog,3.846,Rural,Daylight,High,60,Night,High
Clear,5.423,Intersection,Daylight,Medium,50,Night,Medium
Clear,6.457,Urban,Night-lit,Very High,50,Night,High
Storm,8.25,Intersection,Daylight,High,30,Morning,Medium
Storm,8.417,Intersection,Night-lit,High,50,Afternoon,High
Drizzle,4.241,Highway,Daylight,High,80,Afternoon,Medium
Drizzle,3.969,Rural,Night-lit,Medium,50,Evening,Medium
Clear,7.15,Intersection,Night-lit,Very High,30,Morning,Medium
Clear,4.947,Rural,Daylight,High,40,Night,Medium
Clear,4.314,Highway,Dawn/Dusk,High,50,Morning,Medium
Rain,5.701,Highway,Daylight,Medium,100,Afternoon,High
Drizzle,8.353,Urban,Night-lit,Medium,60,Evening,Medium
Storm,4.959,Highway,Night-lit,Medium,60,Morning,High
Storm,5.622,Urban,Daylight,Very High,60,Evening,High
Rain,5.745,Highway,Night-unlit,Very High,50,Morning,High
Rain,4.689,Urban,Dawn/Dusk,Low,50,Night,Medium
Clear,5.837,Highway,Dawn/Dusk,High,80,Morning,High
Drizzle,4.853,Urban,Night-lit,Very High,40,Afternoon,Medium
Drizzle,5.744,Rural,Dawn/Dusk,Very High,30,Night,Medium
Drizzle,4.254,Urban,Night-unlit,Medium,60,Evening,High
Clear,5.598,Highway,Dawn/Dusk,Medium,50,Evening,Medium
Drizzle,7.574,Urban,Night-unlit,Very High,80,Morning,High
Drizzle,5.745,Highway,Night-lit,Very High,40,Evening,Medium
Storm,7.068,Urban,Daylight,High,100,Morning,High
Clear,6.526,Highway,Daylight,Very High,50,Afternoon,Medium
Clear,7.287,Rural,Daylight,High,40,Morning,Low
Storm,0.4,Rural,Night-unlit,Low,60,Morning,High
Clear,6.197,Rural,Night-unlit,Low,60,Morning,Medium
Fog,4.731,Highway,Daylight,Medium,80,Evening,High
Clear,8.369,Urban,Night-lit,High,50,Evening,Medium
Clear,3.972,Highway,Daylight,Medium,30,Night,Medium
Clear,6.245,Urban,Daylight,High,40,Night,Medium
Drizzle,5.268,Urban,Daylight,Medium,30,Afternoon,Low
Drizzle,3.551,Rural,Night-lit,Medium,40,Morning,Medium
Fog,7.132,Rural,Night-lit,Medium,30,Morning,Medium
Drizzle,8.456,Rural,Night-unlit,Medium,80,Night,High
Clear,3.804,Rural,Daylight,High,50,Evening,Medium
Drizzle,7.266,Urban,Daylight,Very High,100,Night,High
Clear,1.946,Rural,Dawn/Dusk,Low,50,Evening,Medium
Rain,4.756,Highway,Dawn/Dusk,Very High,80,Evening,High
Drizzle,4.94,Rural,Daylight,High,50,Morning,Medium
Rain,3.61,Rural,Night-unlit,Low,50,Afternoon,Medium
Fog,7.748,Highway,Night-lit,Medium,50,Morning,Medium
Storm,5.598,Rural,Dawn/Dusk,High,50,Morning,Medium
Drizzle,4.567,Rural,Night-lit,Very High,50,Afternoon,Medium
Clear,7.746,Rural,Daylight,Low,80,Evening,Medium
Clear,7.678,Urban,Night-lit,Medium,60,Morning,Medium
Clear,7.662,Intersection,Daylight,High,40,Morning,Medium
Rain,4.405,Rural,Night-unlit,Low,60,Morning,Medium
Drizzle,6.244,Rural,Night-unlit,Low,40,Night,Medium
Clear,5.28,Intersection,Night-lit,Very High,50,Evening,High
Clear,6.279,Urban,Night-unlit,Medium,60,Morning,Medium
Clear,5.195,Intersection,Night-lit,High,100,Afternoon,High
Clear,5.967,Urban,Night-unlit,Medium,50,Morning,Medium
Drizzle,7.653,Urban,Night-lit,Medium,80,Evening,Medium
Drizzle,3.075,Rural,Daylight,Medium,40,Morning,Medium
Drizzle,4.266,Rural,Night-lit,Low,40,Morning,Medium
Fog,5.391,Rural,Dawn/Dusk,Very High,60,Night,High
Clear,4.336,Highway,Night-lit,Very High,60,Afternoon,High
Drizzle,4.226,Highway,Night-lit,Medium,60,Night,Medium
Rain,5.291,Rural,Night-unlit,High,80,Evening,High
Clear,3.329,Urban,Daylight,High,50,Evening,Medium
Rain,7.802,Urban,Daylight,Low,60,Afternoon,Medium
Clear,4.715,Urban,Daylight,Medium,30,Night,Medium
Clear,2.037,Urban,Daylight,High,60,Night,High
Clear,3.64,Urban,Daylight,Low,50,Evening,Low
Rain,6.274,Urban,Daylight,Low,30,Night,Medium
Clear,4.931,Intersection,Daylight,Very High,30,Afternoon,Medium
Rain,5.87,Rural,Night-lit,Very High,100,Night,High
Rain,6.916,Highway,Night-lit,High,80,Afternoon,High
Drizzle,5.608,Urban,Night-unlit,High,60,Morning,High
Clear,3.765,Rural,Night-lit,Very High,40,Night,High
Fog,2.628,Urban,Night-lit,Medium,80,Afternoon,High
Rain,8.515,Intersection,Daylight,Medium,40,Evening,Medium
Drizzle,3.817,Highway,Daylight,Low,100,Evening,Medium
Rain,7.616,Urban,Daylight,Medium,50,Afternoon,Medium
Drizzle,7.611,Highway,Daylight,High,40,Morning,Medium
Drizzle,4.757,Intersection,Daylight,High,30,Evening,Low
Drizzle,4.887,Intersection,Night-unlit,Low,100,Afternoon,High
Clear,4.212,Intersection,Daylight,Low,60,Evening,Medium
Clear,9.637,Urban,Night-unlit,Very High,80,Evening,High
Rain,6.218,Urban,Night-lit,High,100,Night,High
Rain,6.472,Urban,Night-lit,High,40,Morning,Medium
Rain,6.748,Intersection,Night-unlit,Low,100,Evening,High
Rain,6.716,Rural,Daylight,Medium,60,Night,Medium
Fog,6.202,Intersection,Night-lit,Medium,50,Evening,High
Fog,4.114,Urban,Night-lit,Medium,60,Evening,High
Rain,4.028,Highway,Daylight,Low,60,Evening,Medium
Drizzle,2.219,Urban,Night-unlit,High,40,Morning,High
Clear,3.962,Rural,Daylight,Very High,50,Afternoon,Medium
Clear,8.989,Urban,Daylight,Low,80,Evening,Medium
Clear,0.997,Highway,Night-unlit,High,60,Morning,High
Drizzle,5.758,Urban,Dawn/Dusk,Low,50,Afternoon,Medium
Drizzle,8.779,Highway,Daylight,Medium,60,Morning,Medium
Rain,3.408,Urban,Night-unlit,Low,30,Night,Medium
Drizzle,3.853,Urban,Night-lit,Medium,60,Morning,High
Drizzle,1.765,Urban,Daylight,Very High,100,Morning,High
Storm,5.563,Rural,Daylight,Low,40,Evening,Medium
Drizzle,3.965,Highway,Night-lit,High,60,Afternoon,Medium
Clear,3.648,Highway,Daylight,Medium,30,Afternoon,Medium
Rain,5.292,Urban,Daylight,Low,30,Morning,Low
Clear,8.035,Highway,Dawn/Dusk,Medium,50,Morning,Medium
Storm,6.448,Rural,Night-unlit,Medium,40,Evening,High
Clear,4.278,Highway,Dawn/Dusk,Medium,40,Afternoon,Medium
Drizzle,3.484,Urban,Daylight,Medium,30,Night,Medium
Drizzle,5.568,Intersection,Daylight,Very High,60,Afternoon,Medium
Clear,4.706,Intersection,Daylight,Very High,80,Morning,High
Storm,0.953,Highway,Dawn/Dusk,Low,40,Night,High
Clear,7.663,Urban,Night-lit,High,60,Morning,Medium
Rain,3.603,Urban,Dawn/Dusk,Very High,80,Afternoon,High
Clear,1.807,Urban,Daylight,Very High,60,Evening,High
Rain,4.476,Rural,Night-lit,Very High,100,Morning,High
Drizzle,4.947,Urban,Night-unlit,Low,60,Evening,Medium
Fog,5.737,Highway,Daylight,Medium,50,Morning,Medium
Fog,7.499,Urban,Night-lit,High,50,Morning,High
Fog,5.375,Urban,Daylight,Medium,60,Afternoon,Medium
Rain,2.183,Intersection,Night-unlit,High,80,Morning,High
Drizzle,3.54,Rural,Dawn/Dusk,High,100,Morning,High
Rain,4.315,Highway,Daylight,Low,100,Afternoon,Medium
Fog,4.241,Intersection,Daylight,Very High,30,Afternoon,High
Clear,5.084,Intersection,Dawn/Dusk,High,60,Night,High
Clear,6.05,Urban,Night-unlit,Medium,40,Night,Medium
Drizzle,9.843,Intersection,Daylight,Low,80,Night,Medium
Drizzle,5.72,Urban,Night-unlit,High,40,Night,High
Clear,10.0,Highway,Dawn/Dusk,Very High,100,Night,High
Clear,5.973,Intersection,Night-lit,High,60,Morning,Medium
Clear,4.343,Intersection,Night-unlit,High,80,Afternoon,Medium
Drizzle,5.475,Intersection,Daylight,Very High,60,Afternoon,Medium
Drizzle,3.274,Rural,Night-unlit,Medium,60,Morning,Medium
Drizzle,4.349,Urban,Night-lit,Medium,100,Night,High
Fog,7.487,Urban,Dawn/Dusk,High,60,Evening,High
Rain,4.823,Urban,Daylight,High,40,Evening,Medium
Rain,3.948,Intersection,Night-lit,Low,80,Evening,High
Clear,7.913,Rural,Night-unlit,Low,100,Night,Medium
Rain,5.867,Highway,Daylight,Medium,50,Evening,Medium
Clear,6.321,Highway,Night-unlit,Low,40,Afternoon,Medium
Clear,1.136,Urban,Dawn/Dusk,Very High,60,Afternoon,High
Storm,7.719,Rural,Dawn/Dusk,High,60,Evening,High
Drizzle,5.101,Highway,Dawn/Dusk,Medium,50,Night,High
Clear,5.879,Urban,Dawn/Dusk,Low,50,Morning,Medium
Rain,7.161,Rural,Daylight,Medium,40,Afternoon,Low
Drizzle,2.114,Intersection,Daylight,High,60,Morning,High
Clear,6.55,Urban,Night-unlit,Low,40,Night,Medium
Storm,4.708,Urban,Night-lit,Low,40,Night,High
Rain,7.218,Highway,Night-lit,Low,50,Evening,Medium
Clear,9.519,Urban,Daylight,High,80,Morning,Medium
Storm,8.94,Intersection,Night-unlit,Very High,40,Afternoon,Medium
Clear,3.091,Rural,Night-lit,Medium,30,Morning,Medium
Drizzle,9.807,Rural,Dawn/Dusk,High,100,Afternoon,High
Clear,8.544,Urban,Night-unlit,High,40,Night,Medium
Drizzle,3.301,Intersection,Dawn/Dusk,High,50,Afternoon,Medium
Drizzle,3.985,Rural,Daylight,Low,50,Morning,Low
Drizzle,4.276,Urban,Night-unlit,Medium,40,Morning,High
Drizzle,5.322,Highway,Night-lit,High,60,Afternoon,Medium
Fog,4.559,Urban,Dawn/Dusk,Medium,30,Night,Medium
Rain,6.565,Urban,Night-unlit,Medium,80,Evening,High
Clear,6.201,Highway,Dawn/Dusk,Very High,30,Night,Medium
Drizzle,4.197,Urban,Daylight,Medium,60,Afternoon,Low
Clear,7.208,Rural,Dawn/Dusk,High,80,Morning,Medium
Storm,3.169,Rural,Daylight,High,60,Night,High
Rain,4.892,Rural,Daylight,High,30,Morning,Medium
Drizzle,0.4,Urban,Daylight,Medium,80,Afternoon,High
Drizzle,3.812,Highway,Night-lit,High,50,Afternoon,High
Drizzle,7.824,Urban,Dawn/Dusk,Medium,80,Night,High
Clear,5.001,Rural,Night-unlit,Very High,60,Evening,High
Clear,3.665,Highway,Daylight,Medium,60,Evening,Medium
Rain,6.208,Urban,Daylight,Low,50,Morning,Medium
Fog,2.469,Urban,Night-unlit,Very High,40,Afternoon,High
Clear,3.66,Rural,Night-unlit,Medium,50,Afternoon,Medium
Clear,6.754,Intersection,Daylight,Low,80,Afternoon,Low
Fog,7.843,Urban,Dawn/Dusk,Low,80,Morning,High
Fog,5.208,Urban,Dawn/Dusk,High,80,Night,High
Clear,5.335,Urban,Dawn/Dusk,High,30,Morning,Medium
Clear,3.128,Urban,Daylight,Very High,50,Evening,Medium
Fog,8.763,Highway,Daylight,High,80,Morning,High
Storm,2.838,Urban,Night-unlit,High,60,Night,High
Fog,3.886,Rural,Daylight,Low,50,Morning,Medium
Drizzle,4.477,Urban,Dawn/Dusk,Medium,60,Evening,Medium
Drizzle,3.225,Urban,Night-lit,Medium,50,Afternoon,Medium
Rain,3.53,Urban,Daylight,Medium,80,Evening,Medium
Clear,7.272,Urban,Night-unlit,High,30,Night,Medium
Clear,9.344,Highway,Daylight,High,60,Night,Medium
Drizzle,5.55,Intersection,Dawn/Dusk,High,60,Night,High
Clear,6.81,Urban,Night-unlit,Low,40,Evening,Medium
Clear,2.561,Rural,Daylight,Medium,60,Evening,Medium
Clear,3.375,Highway,Daylight,Medium,50,Afternoon,Low
Drizzle,6.387,Urban,Night-lit,High,60,Afternoon,Medium
Clear,3.309,Highway,Night-unlit,Medium,60,Evening,High
Clear,2.864,Urban,Daylight,Medium,60,Night,Medium
Rain,5.787,Rural,Night-unlit,Low,30,Night,Medium
Rain,5.812,Urban,Night-lit,Low,80,Evening,High
Clear,3.992,Urban,Daylight,Low,50,Afternoon,Low
Clear,5.741,Highway,Night-lit,Low,40,Evening,Medium
Rain,5.788,Urban,Night-lit,Very High,60,Night,High
Storm,6.646,Urban,Night-lit,Medium,50,Morning,High
Rain,5.744,Urban,Night-unlit,Medium,50,Night,High
Clear,4.651,Urban,Daylight,High,40,Night,Medium
Clear,8.746,Rural,Daylight,High,40,Morning,Low
Clear,3.75,Highway,Night-unlit,Low,80,Morning,High
Clear,6.371,Highway,Daylight,Medium,40,Afternoon,Low
Drizzle,7.611,Highway,Night-lit,Low,100,Morning,Medium
Drizzle,7.427,Urban,Dawn/Dusk,Medium,40,Night,Medium
Rain,4.313,Urban,Night-unlit,Low,50,Afternoon,Low
Rain,3.304,Highway,Night-unlit,Low,100,Morning,High
Clear,4.622,Urban,Night-lit,High,80,Evening,High
Clear,7.18,Urban,Night-lit,Medium,50,Morning,Medium
Drizzle,6.782,Urban,Daylight,Medium,60,Morning,Medium
Drizzle,4.698,Rural,Night-lit,Medium,60,Morning,Medium
Rain,2.325,Intersection,Night-unlit,Low,50,Morning,High
Drizzle,3.925,Highway,Daylight,Very High,30,Morning,Medium
Rain,8.99,Rural,Dawn/Dusk,High,60,Evening,High
Clear,7.354,Urban,Night-unlit,Very High,100,Morning,High
Fog,4.7,Urban,Daylight,Medium,100,Evening,High
Clear,4.514,Urban,Dawn/Dusk,Very High,40,Morning,Medium
Clear,3.523,Intersection,Night-unlit,Medium,50,Night,Medium
Drizzle,5.267,Intersection,Daylight,High,60,Morning,Medium
Clear,7.682,Rural,Daylight,Very High,50,Evening,Medium
Fog,5.713,Urban,Night-lit,Medium,60,Evening,Medium
Clear,3.605,Intersection,Night-unlit,High,40,Morning,High
Rain,4.129,Intersection,Night-lit,Medium,30,Afternoon,Medium
Rain,6.3,Highway,Night-unlit,Very High,40,Morning,High
Drizzle,3.001,Intersection,Daylight,Very High,50,Evening,High
Rain,4.459,Intersection,Dawn/Dusk,Low,40,Afternoon,Medium
Rain,5.231,Rural,Daylight,Low,50,Morning,Medium
Drizzle,3.974,Highway,Night-lit,Very High,50,Night,High
Clear,5.815,Rural,Daylight,Low,80,Evening,Medium
Drizzle,2.555,Intersection,Night-lit,High,60,Evening,High
Rain,5.353,Urban,Night-unlit,Very High,40,Evening,High
Drizzle,7.601,Urban,Daylight,High,80,Morning,Medium
Clear,6.526,Urban,Dawn/Dusk,Medium,80,Night,Medium
Rain,7.862,Highway,Dawn/Dusk,Very High,30,Morning,High
Clear,4.52,Highway,Night-unlit,Low,60,Evening,Medium
Clear,7.286,Intersection,Dawn/Dusk,High,60,Afternoon,Medium
Drizzle,5.734,Rural,Night-unlit,High,50,Night,High
Clear,3.84,Urban,Night-lit,High,50,Morning,Medium
Clear,2.749,Highway,Night-unlit,Very High,40,Afternoon,High
Drizzle,7.993,Highway,Night-lit,Very High,50,Afternoon,Medium
Drizzle,6.657,Rural,Night-lit,Medium,40,Afternoon,Medium
Drizzle,5.326,Highway,Daylight,High,80,Morning,Medium
Rain,0.4,Urban,Dawn/Dusk,Very High,60,Afternoon,High
Clear,6.902,Highway,Night-unlit,Medium,60,Night,High
Clear,4.074,Rural,Dawn/Dusk,Medium,40,Morning,Medium
Fog,2.56,Urban,Daylight,Medium,50,Morning,Medium
Clear,8.098,Rural,Night-lit,Medium,60,Night,Medium
Clear,5.605,Highway,Night-lit,High,60,Afternoon,Medium
Drizzle,5.711,Intersection,Night-unlit,High,40,Night,High
Drizzle,9.386,Highway,Night-lit,Very High,100,Morning,High
Clear,1.795,Urban,Daylight,High,40,Evening,Medium
Drizzle,4.455,Urban,Night-lit,Very High,100,Morning,High
Fog,4.984,Intersection,Night-lit,Low,30,Evening,Medium
Fog,3.762,Urban,Night-unlit,Medium,50,Evening,High
Clear,5.688,Highway,Daylight,Medium,60,Afternoon,Medium
Rain,5.023,Rural,Dawn/Dusk,Medium,50,Morning,Medium
Clear,4.582,Highway,Daylight,Low,80,Night,Medium
Clear,2.786,Highway,Night-lit,Very High,40,Morning,High
Fog,3.733,Highway,Night-lit,High,40,Morning,High
Clear,6.215,Urban,Night-lit,Medium,60,Evening,Medium
Drizzle,6.838,Rural,Daylight,Low,40,Morning,Low
Clear,5.884,Rural,Dawn/Dusk,Medium,60,Morning,Medium
Rain,6.646,Urban,Daylight,Very High,40,Morning,Medium
Fog,6.485,Urban,Night-lit,High,80,Evening,High
Drizzle,4.375,Highway,Night-lit,High,40,Night,High
Drizzle,5.693,Rural,Night-unlit,High,60,Morning,Medium
Clear,6.179,Highway,Daylight,High,80,Morning,Medium
Clear,4.425,Urban,Daylight,Medium,60,Night,Medium
Drizzle,3.425,Highway,Night-lit,Medium,100,Night,High
Clear,8.355,Highway,Daylight,Medium,40,Night,Medium
Clear,6.7,Urban,Daylight,Very High,30,Afternoon,Low
Fog,6.335,Urban,Daylight,Low,80,Morning,Medium
Rain,7.619,Urban,Daylight,High,60,Morning,Medium
Clear,4.388,Rural,Night-unlit,Medium,40,Night,Medium
Clear,3.094,Urban,Daylight,Very High,40,Night,Medium
Clear,4.794,Urban,Night-lit,Medium,100,Evening,Medium
Clear,7.487,Urban,Daylight,Medium,60,Afternoon,Low
Rain,6.351,Urban,Daylight,High,100,Night,High
Clear,5.194,Highway,Daylight,Medium,30,Night,Medium
Rain,5.363,Intersection,Dawn/Dusk,High,100,Night,High
Clear,6.034,Highway,Night-unlit,Very High,40,Morning,High
Drizzle,8.62,Rural,Daylight,High,30,Morning,Low
Clear,4.774,Urban,Daylight,High,50,Morning,Medium
Rain,3.788,Urban,Daylight,Medium,30,Afternoon,Medium
Rain,2.919,Intersection,Night-unlit,High,80,Night,High
Rain,4.972,Urban,Daylight,Low,40,Afternoon,Low
Drizzle,5.794,Urban,Night-unlit,Medium,50,Night,Medium
Rain,3.959,Rural,Night-lit,Very High,60,Morning,High
Rain,6.451,Urban,Dawn/Dusk,Medium,30,Night,Medium
Drizzle,4.839,Rural,Night-lit,Medium,30,Afternoon,Medium
Drizzle,7.312,Rural,Dawn/Dusk,Medium,60,Evening,Medium
Clear,6.391,Urban,Night-unlit,High,40,Evening,Medium
Fog,7.768,Urban,Daylight,High,60,Afternoon,Medium
Clear,9.575,Rural,Daylight,Medium,100,Morning,Medium
Clear,6.981,Rural,Dawn/Dusk,Medium,60,Afternoon,Medium
Clear,6.459,Highway,Night-lit,High,80,Morning,High
Rain,7.947,Urban,Daylight,Medium,80,Morning,High
Clear,4.487,Urban,Dawn/Dusk,Medium,50,Night,Medium
Rain,8.399,Highway,Daylight,High,100,Morning,High
Clear,5.789,Highway,Night-lit,High,80,Evening,High
Rain,5.198,Intersection,Dawn/Dusk,Very High,50,Night,High
Clear,3.786,Urban,Night-unlit,High,30,Night,High
Fog,5.31,Urban,Daylight,Low,60,Night,Medium
Rain,8.607,Urban,Daylight,Medium,80,Evening,High
Clear,5.06,Intersection,Night-lit,Medium,40,Afternoon,Medium
Clear,4.405,Urban,Dawn/Dusk,Low,40,Night,Medium
Drizzle,5.535,Intersection,Daylight,High,40,Night,Medium
Clear,5.316,Intersection,Night-lit,High,40,Evening,Low
Rain,6.37,Rural,Daylight,High,60,Afternoon,Medium
Rain,7.846,Rural,Night-unlit,Medium,60,Morning,Medium
Clear,6.785,Urban,Night-lit,Medium,60,Morning,Medium
Fog,3.912,Rural,Daylight,Medium,60,Night,Medium
Clear,0.424,Highway,Dawn/Dusk,Low,60,Night,High
Clear,4.954,Intersection,Daylight,Low,30,Night,Low
Clear,5.792,Urban,Daylight,Medium,30,Evening,Low
Rain,9.476,Urban,Night-lit,Medium,50,Morning,Medium
Clear,4.789,Rural,Daylight,High,50,Morning,Medium
Drizzle,7.946,Intersection,Night-unlit,Medium,40,Night,High
Fog,2.73,Intersection,Daylight,Low,80,Afternoon,High
Clear,9.176,Highway,Night-unlit,Medium,60,Afternoon,Medium
Clear,5.733,Urban,Daylight,High,50,Night,Medium
Fog,4.777,Highway,Night-lit,Medium,80,Night,High
Clear,5.706,Rural,Dawn/Dusk,Medium,40,Morning,Low
Clear,5.437,Urban,Dawn/Dusk,Low,60,Morning,Medium
Clear,6.054,Urban,Dawn/Dusk,Medium,60,Evening,Medium
Drizzle,1.271,Urban,Night-lit,High,40,Morning,High
Rain,3.136,Rural,Night-unlit,Very High,40,Morning,High
Fog,4.985,Rural,Daylight,Medium,60,Evening,Medium
Drizzle,0.4,Rural,Daylight,Low,40,Night,Medium
Fog,4.64,Rural,Daylight,Very High,80,Afternoon,High
Drizzle,8.761,Highway,Daylight,Low,50,Evening,Medium
Drizzle,4.637,Highway,Night-lit,Medium,30,Evening,Medium
Clear,3.675,Intersection,Night-lit,Medium,30,Morning,Medium
Clear,6.676,Urban,Night-lit,High,50,Afternoon,Medium
Clear,1.812,Intersection,Night-lit,Medium,30,Evening,Medium
Rain,5.356,Rural,Daylight,Low,80,Morning,Medium
Fog,4.354,Rural,Night-lit,High,50,Afternoon,High
Fog,5.79,Highway,Daylight,Medium,40,Afternoon,Medium
Clear,8.369,Intersection,Night-unlit,High,40,Evening,Medium
Rain,5.902,Intersection,Daylight,Medium,80,Night,High
Clear,8.53,Urban,Daylight,Medium,40,Morning,Low
Rain,5.174,Intersection,Night-unlit,Very High,30,Morning,High
Rain,6.058,Urban,Night-lit,Low,60,Night,High
Clear,6.296,Urban,Night-unlit,Very High,50,Night,High
Fog,5.359,Urban,Dawn/Dusk,Medium,40,Morning,Medium
Rain,5.307,Urban,Daylight,Medium,50,Evening,Medium
Clear,6.051,Urban,Night-unlit,Medium,60,Morning,Medium
Clear,5.531,Intersection,Night-unlit,Medium,80,Evening,High
Rain,1.554,Highway,Night-lit,Medium,50,Morning,High
Drizzle,5.033,Rural,Daylight,High,30,Night,Medium
Rain,8.078,Highway,Night-lit,Medium,50,Evening,High
Rain,1.225,Urban,Night-lit,High,80,Morning,High
Rain,3.165,Highway,Night-lit,Low,60,Evening,High
Rain,2.352,Highway,Night-unlit,High,60,Night,High
Rain,6.831,Highway,Night-lit,High,80,Night,High
Rain,7.0,Urban,Dawn/Dusk,Low,50,Night,Low
Clear,7.223,Rural,Night-lit,Medium,80,Evening,Medium
Drizzle,3.028,Urban,Dawn/Dusk,Low,40,Morning,Medium
Drizzle,5.656,Urban,Daylight,Low,50,Evening,Medium
Drizzle,0.4,Urban,Night-unlit,Very High,60,Evening,High
Drizzle,7.498,Highway,Night-unlit,Very High,100,Morning,High
Drizzle,5.777,Urban,Night-lit,Very High,80,Afternoon,High
Fog,4.429,Urban,Dawn/Dusk,High,40,Afternoon,Medium
Clear,10.0,Highway,Night-lit,Low,100,Afternoon,Medium
Clear,6.635,Urban,Night-unlit,High,80,Evening,High
Clear,1.653,Highway,Night-lit,High,60,Evening,High
Rain,6.38,Urban,Daylight,Very High,80,Afternoon,High
Drizzle,9.421,Urban,Daylight,Medium,60,Evening,Medium
Rain,8.578,Urban,Night-unlit,High,60,Morning,High
Clear,2.766,Rural,Night-lit,Medium,40,Evening,Medium
Clear,3.035,Urban,Dawn/Dusk,Low,50,Night,Medium
Drizzle,4.647,Highway,Dawn/Dusk,Very High,50,Evening,High
Rain,4.441,Rural,Daylight,Very High,100,Morning,High
Fog,4.34,Rural,Daylight,High,100,Night,High
Rain,5.421,Intersection,Night-lit,Low,80,Afternoon,Medium
Clear,4.657,Urban,Daylight,Medium,40,Morning,Low
Clear,1.116,Highway,Night-lit,High,60,Night,High
Clear,8.206,Rural,Night-unlit,Medium,50,Morning,Low
Rain,4.15,Rural,Night-unlit,Medium,100,Night,High
Drizzle,4.94,Urban,Night-unlit,Low,60,Morning,Medium
Clear,6.502,Highway,Daylight,Low,80,Night,Medium
Rain,2.565,Intersection,Night-lit,High,50,Morning,High
Fog,3.187,Highway,Dawn/Dusk,Low,100,Afternoon,High
Rain,2.15,Urban,Night-lit,Medium,80,Afternoon,High
Drizzle,8.039,Intersection,Daylight,Low,80,Evening,Medium
Drizzle,8.558,Urban,Night-lit,High,40,Morning,Medium
Rain,7.525,Rural,Night-lit,Very High,100,Morning,High
Clear,8.259,Intersection,Night-unlit,High,50,Evening,High
Drizzle,1.772,Urban,Night-lit,Low,100,Evening,High
Rain,6.039,Intersection,Night-lit,High,100,Morning,High
Drizzle,2.609,Urban,Night-lit,High,100,Evening,High
Rain,2.497,Urban,Dawn/Dusk,Medium,50,Afternoon,Medium
Clear,8.259,Urban,Night-unlit,Medium,100,Evening,High
Drizzle,4.434,Rural,Night-unlit,High,40,Morning,Medium
Rain,5.169,Rural,Night-lit,Low,40,Afternoon,Medium
Rain,2.988,Urban,Dawn/Dusk,High,60,Afternoon,High
Clear,4.52,Urban,Night-lit,Medium,100,Evening,High
Rain,4.97,Intersection,Night-lit,High,50,Afternoon,High
Clear,6.696,Urban,Night-lit,Low,60,Afternoon,Low
Clear,6.301,Urban,Night-unlit,Medium,80,Morning,Medium
Drizzle,4.124,Highway,Night-lit,Low,60,Night,High
Clear,8.007,Intersection,Night-unlit,Medium,60,Morning,Medium
Rain,6.624,Urban,Daylight,High,40,Night,Medium
Storm,5.158,Urban,Daylight,High,80,Evening,High
Rain,8.492,Urban,Daylight,Medium,40,Morning,Medium
Storm,7.616,Urban,Dawn/Dusk,Very High,40,Evening,High
Drizzle,5.194,Intersection,Daylight,Low,30,Morning,Low
Fog,7.709,Highway,Daylight,Low,50,Night,Medium
Drizzle,5.947,Urban,Daylight,Low,60,Morning,Medium
Clear,3.976,Highway,Daylight,Low,80,Evening,Medium
Rain,3.122,Urban,Daylight,Very High,40,Morning,Medium
Clear,5.041,Urban,Daylight,Very High,50,Morning,Medium
Rain,3.74,Intersection,Dawn/Dusk,High,60,Evening,High
Rain,6.218,Highway,Daylight,Medium,30,Morning,Medium
Rain,5.082,Urban,Dawn/Dusk,Very High,50,Afternoon,Medium
Clear,2.736,Urban,Night-lit,Medium,30,Morning,Medium
Clear,4.209,Urban,Daylight,High,60,Evening,Medium
Drizzle,3.921,Rural,Night-lit,Low,40,Morning,Medium
Storm,9.537,Intersection,Daylight,High,30,Afternoon,Medium
Drizzle,5.922,Rural,Daylight,Medium,60,Afternoon,Medium
Clear,4.119,Highway,Daylight,High,30,Afternoon,Low
Rain,7.852,Urban,Night-unlit,High,60,Night,High
Rain,6.132,Highway,Night-lit,Medium,60,Afternoon,Medium
Rain,4.976,Intersection,Daylight,Very High,40,Night,High
Clear,4.893,Urban,Night-unlit,High,80,Night,High
Rain,8.692,Urban,Night-unlit,High,40,Afternoon,Medium
Rain,6.272,Rural,Daylight,Low,60,Afternoon,Medium
Storm,1.716,Urban,Night-lit,High,80,Night,High
Drizzle,4.344,Urban,Daylight,Medium,60,Night,Medium
Storm,2.158,Highway,Night-lit,Very High,80,Afternoon,High
Clear,5.108,Highway,Night-unlit,Medium,50,Night,High
Clear,10.0,Intersection,Night-lit,Medium,80,Night,High
Clear,7.35,Rural,Night-lit,Medium,60,Evening,Medium
Drizzle,6.769,Highway,Night-lit,Medium,60,Night,High
Clear,5.411,Highway,Daylight,Low,60,Night,Low
Clear,3.658,Urban,Daylight,High,80,Afternoon,Medium
Fog,6.759,Urban,Daylight,Very High,40,Night,High
Clear,6.84,Highway,Night-lit,High,80,Evening,High
Rain,2.713,Rural,Daylight,Low,50,Morning,Medium
Drizzle,8.687,Urban,Night-unlit,High,60,Morning,High
Rain,7.241,Urban,Daylight,Medium,100,Evening,High
Clear,2.571,Rural,Daylight,High,60,Afternoon,Medium
Rain,5.818,Highway,Night-lit,Very High,50,Morning,High
Rain,4.022,Highway,Night-lit,High,80,Night,High
Fog,2.963,Highway,Daylight,High,60,Morning,High
Storm,6.528,Highway,Daylight,High,30,Morning,Medium
Rain,6.362,Urban,Night-unlit,Low,80,Night,High
Rain,3.089,Intersection,Daylight,Very High,60,Night,High
Fog,1.016,Rural,Night-unlit,Low,40,Evening,High
Drizzle,5.597,Urban,Daylight,High,80,Night,High
Rain,5.86,Rural,Night-lit,Medium,60,Evening,Medium
Clear,6.739,Urban,Daylight,High,50,Morning,Medium
Clear,6.372,Rural,Dawn/Dusk,Low,50,Morning,Low
Rain,2.836,Intersection,Daylight,Very High,50,Morning,High
Clear,6.904,Highway,Night-unlit,Medium,50,Evening,Medium
Rain,0.75,Rural,Night-lit,High,40,Night,High
Rain,4.798,Rural,Daylight,High,40,Night,Medium
Drizzle,3.36,Highway,Daylight,Medium,50,Evening,Medium
Rain,7.572,Rural,Dawn/Dusk,Medium,60,Evening,High
Drizzle,4.499,Rural,Daylight,Very High,50,Afternoon,Medium
Storm,6.81,Intersection,Daylight,Medium,40,Night,High
Drizzle,5.979,Rural,Night-lit,Medium,60,Night,Medium
Drizzle,2.39,Urban,Daylight,Very High,60,Afternoon,High
Drizzle,7.16,Rural,Dawn/Dusk,Medium,60,Afternoon,Medium
Fog,6.787,Rural,Night-unlit,Medium,60,Afternoon,Medium
Fog,5.001,Highway,Daylight,High,60,Afternoon,Medium
Rain,4.907,Intersection,Night-lit,Medium,80,Night,Medium
Clear,8.076,Urban,Daylight,High,40,Afternoon,Low
Clear,9.211,Highway,Night-unlit,High,40,Afternoon,Medium
Rain,1.518,Rural,Dawn/Dusk,Very High,60,Afternoon,High
Rain,5.074,Highway,Dawn/Dusk,Very High,30,Evening,High
Rain,7.26,Urban,Night-lit,Very High,50,Evening,High
Clear,6.564,Highway,Daylight,High,50,Afternoon,Medium
Clear,2.993,Highway,Dawn/Dusk,Low,50,Morning,Medium
Fog,3.708,Urban,Night-lit,Very High,60,Afternoon,High
Clear,4.678,Urban,Night-lit,Medium,60,Evening,Medium
Clear,6.133,Highway,Daylight,Medium,40,Morning,Medium
Clear,4.765,Highway,Daylight,High,40,Night,Medium
Drizzle,5.9,Intersection,Night-unlit,High,80,Morning,High
Storm,5.026,Rural,Dawn/Dusk,Medium,60,Morning,Medium
Drizzle,5.679,Rural,Daylight,High,40,Morning,Medium
Clear,5.736,Rural,Daylight,Low,50,Afternoon,Low
Drizzle,6.077,Highway,Daylight,Medium,30,Evening,Medium
Rain,4.05,Urban,Night-lit,Low,50,Evening,Medium
Clear,8.455,Urban,Night-lit,Low,60,Evening,Low
Clear,2.539,Urban,Dawn/Dusk,High,50,Evening,Medium
Drizzle,5.637,Intersection,Daylight,Medium,80,Evening,Medium
Drizzle,5.186,Intersection,Daylight,Very High,80,Morning,Medium
Rain,6.056,Urban,Night-unlit,Medium,80,Night,High
Storm,3.692,Urban,Daylight,Very High,50,Evening,High
Rain,8.183,Intersection,Night-unlit,Medium,40,Evening,High
Storm,10.0,Urban,Dawn/Dusk,Low,100,Night,High
Drizzle,3.605,Urban,Daylight,High,40,Night,Medium
Drizzle,6.562,Highway,Night-lit,Low,60,Night,Medium
Rain,5.414,Urban,Daylight,Low,80,Morning,Medium
Clear,3.581,Urban,Daylight,High,100,Afternoon,Medium
Rain,2.085,Highway,Dawn/Dusk,Medium,40,Morning,High
Rain,6.895,Rural,Night-unlit,Medium,100,Morning,High
Drizzle,2.778,Urban,Night-unlit,Medium,40,Evening,High
Drizzle,3.777,Urban,Daylight,Medium,50,Afternoon,Medium
Drizzle,4.709,Urban,Night-unlit,High,100,Afternoon,High
Clear,7.251,Highway,Night-unlit,Low,100,Evening,High
Storm,2.516,Highway,Dawn/Dusk,Very High,100,Evening,High
Rain,3.449,Urban,Daylight,High,100,Morning,High
Clear,4.727,Highway,Dawn/Dusk,Very High,50,Morning,Medium
Clear,5.826,Urban,Night-lit,High,80,Afternoon,Medium
Storm,3.209,Urban,Daylight,High,60,Evening,High
Clear,5.92,Urban,Night-unlit,Medium,40,Afternoon,Medium
Clear,10.0,Urban,Night-lit,Low,60,Morning,Medium
Clear,3.949,Rural,Daylight,Low,100,Morning,Medium
Fog,5.708,Rural,Night-lit,High,50,Evening,High
Rain,6.856,Intersection,Daylight,High,60,Afternoon,High
Storm,4.234,Rural,Dawn/Dusk,Very High,40,Afternoon,High
Drizzle,7.168,Intersection,Daylight,Medium,60,Afternoon,Medium
Drizzle,7.782,Rural,Night-unlit,Low,60,Afternoon,Medium
Clear,2.647,Rural,Night-lit,Medium,80,Afternoon,High
Clear,6.284,Urban,Night-lit,High,40,Morning,Medium
Drizzle,2.534,Highway,Night-lit,Medium,40,Night,High
Rain,0.4,Highway,Night-unlit,Medium,100,Morning,High
Clear,4.099,Urban,Daylight,High,60,Afternoon,Medium
Fog,10.0,Rural,Dawn/Dusk,Low,50,Morning,Medium
Clear,7.127,Highway,Night-unlit,High,100,Night,High
Drizzle,4.98,Intersection,Daylight,Medium,80,Night,High
Rain,7.57,Highway,Night-lit,High,40,Evening,Medium
Clear,4.95,Urban,Dawn/Dusk,Medium,50,Afternoon,Medium
Clear,5.323,Urban,Night-lit,Medium,60,Evening,Medium
Fog,7.296,Rural,Dawn/Dusk,High,60,Evening,High
Clear,2.01,Urban,Night-unlit,Low,30,Afternoon,Medium
Drizzle,4.393,Urban,Night-unlit,Low,60,Evening,Medium
Clear,4.013,Highway,Dawn/Dusk,Low,50,Morning,Low
Clear,5.38,Urban,Night-unlit,Medium,40,Afternoon,Medium
Fog,5.475,Rural,Daylight,Medium,100,Afternoon,High
Drizzle,5.7,Urban,Night-unlit,Very High,30,Night,High
Rain,6.991,Urban,Night-unlit,High,50,Night,High
Drizzle,6.897,Intersection,Dawn/Dusk,Medium,40,Evening,Medium
Clear,5.205,Rural,Night-lit,Low,50,Evening,Medium
Clear,4.903,Urban,Daylight,Low,100,Evening,Medium
Clear,5.441,Intersection,Dawn/Dusk,Medium,50,Night,Medium
Clear,6.265,Urban,Night-lit,High,50,Afternoon,Medium
Drizzle,6.792,Intersection,Daylight,Low,50,Afternoon,Medium
Clear,6.658,Urban,Night-lit,High,30,Night,Medium
Clear,9.154,Urban,Night-lit,High,60,Evening,Medium
Drizzle,4.764,Urban,Daylight,Medium,60,Night,Medium
Storm,4.491,Highway,Daylight,Medium,30,Evening,Medium
Clear,5.645,Highway,Daylight,High,60,Night,Medium
Clear,8.346,Highway,Daylight,Medium,50,Afternoon,Low
Clear,3.749,Urban,Night-unlit,Medium,30,Afternoon,Medium
Clear,3.707,Rural,Daylight,Medium,50,Afternoon,Low
Drizzle,7.814,Rural,Dawn/Dusk,High,40,Night,Medium
Drizzle,5.393,Highway,Night-lit,High,50,Afternoon,Medium
Drizzle,2.639,Urban,Daylight,Medium,50,Morning,Medium
Rain,6.519,Intersection,Daylight,Very High,50,Afternoon,High
Drizzle,1.843,Urban,Daylight,High,40,Night,High
Fog,7.465,Highway,Dawn/Dusk,Very High,50,Morning,High
Drizzle,5.11,Rural,Dawn/Dusk,Medium,30,Morning,Medium
Rain,7.797,Urban,Night-lit,High,80,Afternoon,High
Rain,4.663,Highway,Daylight,Medium,60,Morning,Medium
Drizzle,7.658,Urban,Night-lit,High,40,Afternoon,Medium
Clear,7.316,Rural,Daylight,High,40,Morning,Low
Storm,4.357,Highway,Daylight,Medium,50,Night,High
Clear,4.853,Urban,Night-unlit,Medium,30,Night,Medium
Storm,1.248,Intersection,Night-unlit,Very High,100,Evening,High
Fog,4.91,Rural,Night-lit,Low,50,Morning,Medium
Drizzle,7.67,Urban,Daylight,High,40,Night,Medium
Clear,3.231,Urban,Daylight,Very High,50,Afternoon,Medium
Rain,8.111,Intersection,Night-lit,High,50,Evening,High
Rain,5.556,Urban,Daylight,Medium,80,Evening,Medium
Rain,6.306,Urban,Daylight,Medium,30,Morning,Low
Rain,6.743,Rural,Daylight,Medium,60,Afternoon,Medium
Rain,5.457,Urban,Night-lit,High,40,Morning,High
Clear,6.31,Intersection,Night-lit,Medium,80,Afternoon,Medium
Rain,5.565,Urban,Daylight,Medium,40,Evening,Medium
Clear,5.008,Urban,Dawn/Dusk,High,50,Night,Medium
Clear,5.705,Rural,Night-unlit,High,50,Night,Medium
Clear,3.199,Urban,Night-lit,Medium,60,Morning,Medium
Drizzle,9.273,Highway,Daylight,Medium,60,Night,Medium
Clear,2.117,Urban,Night-unlit,Very High,30,Night,High
Storm,4.304,Intersection,Night-lit,Very High,30,Evening,High
Storm,5.786,Intersection,Daylight,Medium,80,Evening,High
Clear,6.743,Rural,Daylight,Medium,60,Afternoon,Low
Drizzle,4.456,Intersection,Night-lit,Very High,40,Afternoon,High
Rain,7.306,Highway,Daylight,Medium,30,Night,Medium
Drizzle,5.718,Rural,Daylight,Medium,60,Morning,Medium
Rain,3.222,Urban,Daylight,High,50,Afternoon,High
Clear,6.301,Highway,Daylight,Very High,60,Afternoon,Medium
Clear,8.877,Intersection,Daylight,Very High,40,Morning,Medium
Fog,5.368,Highway,Night-unlit,Medium,60,Morning,High
Rain,6.066,Highway,Night-lit,Medium,100,Morning,High
Clear,5.619,Urban,Daylight,Low,100,Night,Medium
Fog,5.541,Rural,Dawn/Dusk,Medium,40,Night,Medium
Drizzle,4.893,Urban,Daylight,Medium,40,Evening,Medium
Fog,2.748,Highway,Daylight,Medium,100,Afternoon,High
Clear,6.339,Urban,Dawn/Dusk,Medium,60,Evening,Medium
Clear,10.0,Rural,Night-unlit,Low,80,Night,Medium
Fog,4.038,Highway,Dawn/Dusk,Very High,80,Night,High
Drizzle,4.683,Urban,Daylight,High,30,Night,Medium
Clear,8.925,Intersection,Daylight,High,30,Afternoon,Medium
Clear,3.722,Highway,Daylight,High,100,Evening,High
Drizzle,8.801,Highway,Night-unlit,High,40,Evening,High
Drizzle,6.64,Rural,Night-lit,High,60,Afternoon,Medium
Clear,8.819,Intersection,Daylight,High,40,Morning,Low
Clear,6.397,Rural,Night-unlit,Medium,30,Morning,Low
Clear,4.457,Rural,Dawn/Dusk,Very High,60,Evening,Medium
Clear,7.52,Rural,Daylight,Medium,30,Afternoon,Low
Drizzle,2.334,Highway,Daylight,Medium,30,Evening,Medium
Rain,3.64,Urban,Dawn/Dusk,Medium,40,Morning,Medium
Clear,6.456,Urban,Dawn/Dusk,High,50,Evening,Medium
Clear,9.114,Urban,Daylight,Low,60,Afternoon,Low
Rain,10.0,Highway,Night-lit,Medium,50,Evening,Medium
Storm,2.17,Intersection,Night-lit,High,60,Morning,High
Fog,6.18,Highway,Night-unlit,Medium,60,Evening,High
Clear,3.374,Rural,Night-lit,Medium,80,Afternoon,Medium
Drizzle,4.679,Highway,Dawn/Dusk,Very High,50,Afternoon,Medium
Clear,5.408,Urban,Night-unlit,Very High,80,Evening,High
Rain,0.852,Urban,Night-unlit,High,50,Afternoon,High
Storm,5.358,Rural,Daylight,Very High,100,Afternoon,High
Drizzle,6.004,Urban,Daylight,Very High,80,Evening,High
Clear,5.911,Intersection,Night-lit,Medium,40,Evening,Medium
Clear,4.458,Rural,Night-lit,Very High,60,Morning,High
Clear,5.662,Urban,Night-lit,High,30,Morning,Medium
Clear,2.943,Rural,Daylight,Very High,80,Morning,Medium
Drizzle,6.211,Urban,Night-unlit,Low,100,Night,High
Drizzle,3.484,Urban,Daylight,High,30,Night,Medium
Clear,5.2,Intersection,Daylight,High,60,Night,Medium
Drizzle,5.128,Highway,Daylight,High,80,Night,High
Drizzle,2.26,Rural,Daylight,Medium,40,Afternoon,Medium
Storm,5.619,Intersection,Night-lit,Medium,80,Afternoon,High
Rain,0.625,Intersection,Daylight,Medium,60,Afternoon,High
Rain,3.596,Highway,Daylight,Medium,30,Morning,Medium
Clear,6.723,Urban,Night-unlit,Medium,40,Night,Medium
Clear,1.417,Rural,Daylight,High,80,Afternoon,Medium
Clear,4.326,Urban,Dawn/Dusk,High,40,Morning,Medium
Fog,4.371,Intersection,Night-unlit,Very High,30,Afternoon,High
Clear,7.416,Urban,Daylight,Very High,100,Evening,High
Rain,6.467,Urban,Night-lit,Medium,50,Afternoon,Medium
Rain,5.9,Rural,Daylight,Very High,100,Night,High
Clear,5.173,Urban,Daylight,Medium,30,Morning,Low
Rain,9.11,Intersection,Night-lit,Medium,100,Night,High
Rain,5.103,Highway,Night-unlit,Medium,100,Evening,High
Clear,4.223,Urban,Night-lit,Medium,60,Morning,Medium
Drizzle,0.4,Urban,Daylight,High,40,Night,High
Storm,2.873,Urban,Daylight,Very High,80,Morning,High
Clear,5.271,Rural,Daylight,High,100,Afternoon,Medium
Drizzle,8.458,Highway,Dawn/Dusk,High,80,Morning,High
Storm,5.377,Rural,Night-lit,High,80,Afternoon,High
Clear,0.4,Highway,Daylight,High,50,Night,High
Drizzle,5.996,Intersection,Daylight,High,80,Morning,Medium
Drizzle,4.236,Rural,Dawn/Dusk,Low,40,Afternoon,Low
Clear,2.365,Urban,Daylight,High,100,Morning,High
Drizzle,8.889,Urban,Daylight,Medium,30,Morning,Medium
Clear,4.325,Urban,Night-unlit,Low,50,Night,Low
Drizzle,2.21,Urban,Night-lit,High,80,Evening,High
Rain,7.288,Urban,Night-lit,Low,50,Afternoon,Medium
Drizzle,7.318,Highway,Night-lit,High,60,Night,High
Drizzle,4.831,Intersection,Daylight,Low,40,Evening,Medium
Drizzle,4.767,Rural,Dawn/Dusk,High,40,Afternoon,Medium
Clear,7.151,Highway,Dawn/Dusk,Medium,80,Afternoon,Medium
Clear,6.134,Urban,Dawn/Dusk,Medium,30,Night,Medium
Storm,6.998,Rural,Night-lit,Medium,50,Afternoon,Medium
Rain,8.948,Intersection,Daylight,Medium,80,Afternoon,Medium
Clear,5.921,Highway,Daylight,Medium,80,Evening,Medium
Rain,1.772,Urban,Dawn/Dusk,High,30,Evening,High
Clear,6.386,Intersection,Night-unlit,Medium,60,Afternoon,Medium
Clear,6.381,Highway,Dawn/Dusk,High,40,Evening,Medium
Clear,6.873,Highway,Night-lit,Medium,50,Afternoon,Medium
Drizzle,4.868,Urban,Daylight,Medium,40,Evening,Medium
Rain,5.617,Rural,Daylight,High,80,Night,High
Clear,2.308,Urban,Daylight,Medium,100,Evening,High
Drizzle,10.0,Rural,Night-unlit,Very High,50,Morning,Medium
Storm,1.64,Rural,Night-unlit,Medium,40,Morning,High
Clear,1.623,Urban,Daylight,Very High,60,Night,High
Clear,7.275,Intersection,Dawn/Dusk,High,100,Evening,High
Clear,4.147,Urban,Night-lit,Low,30,Night,Medium
Clear,6.646,Intersection,Night-lit,Low,40,Afternoon,Medium
Clear,7.281,Highway,Night-unlit,High,40,Evening,Medium
Fog,7.634,Urban,Night-unlit,Medium,60,Evening,High
Clear,5.789,Urban,Night-lit,Very High,60,Evening,Medium
Clear,5.673,Rural,Night-unlit,High,60,Night,High
Clear,5.315,Highway,Night-unlit,Medium,60,Morning,Medium
Rain,3.291,Urban,Dawn/Dusk,Low,40,Afternoon,Medium
Drizzle,2.063,Highway,Daylight,High,50,Morning,High
Rain,10.0,Highway,Dawn/Dusk,Medium,60,Morning,High
Clear,8.565,Urban,Daylight,Medium,60,Evening,Medium
Clear,1.938,Rural,Night-unlit,Low,50,Evening,Medium
Clear,9.227,Highway,Dawn/Dusk,Low,80,Afternoon,Medium
Rain,8.582,Intersection,Dawn/Dusk,High,60,Evening,High
Drizzle,6.029,Rural,Night-unlit,Low,50,Morning,Medium
Clear,8.45,Urban,Daylight,Medium,50,Evening,Medium
Rain,5.006,Intersection,Daylight,Medium,40,Evening,Medium
Clear,1.313,Highway,Night-lit,Medium,80,Evening,High
Storm,4.328,Intersection,Daylight,Medium,80,Evening,High
Clear,5.148,Rural,Night-lit,Low,60,Morning,Low
Drizzle,7.228,Urban,Daylight,Low,80,Night,Low
Drizzle,4.958,Rural,Night-lit,High,30,Afternoon,Medium
Clear,7.456,Urban,Night-lit,High,80,Evening,High
Clear,7.741,Intersection,Daylight,Medium,30,Evening,Medium
Drizzle,2.233,Urban,Night-unlit,Medium,30,Morning,High
Drizzle,5.408,Intersection,Dawn/Dusk,Low,60,Night,Medium
Clear,5.679,Highway,Daylight,Medium,50,Morning,Medium
Drizzle,4.185,Urban,Night-lit,High,40,Afternoon,Medium
Rain,4.669,Urban,Night-unlit,Low,80,Night,High
Clear,9.62,Highway,Night-lit,Medium,30,Afternoon,Medium
Drizzle,3.426,Urban,Daylight,Very High,60,Evening,High
Clear,4.968,Highway,Daylight,Medium,80,Night,Medium
Clear,8.96,Rural,Night-unlit,Medium,50,Afternoon,Low
Clear,4.941,Urban,Daylight,High,30,Morning,Medium
Clear,7.148,Highway,Night-unlit,Low,60,Evening,Medium
Rain,3.426,Urban,Night-unlit,Low,80,Night,High
Clear,2.793,Highway,Daylight,Medium,80,Afternoon,Medium
Drizzle,6.295,Highway,Night-unlit,High,60,Night,High
Rain,1.671,Urban,Daylight,High,40,Afternoon,High
Drizzle,0.4,Rural,Daylight,Very High,60,Evening,High
Drizzle,8.233,Urban,Night-lit,Low,60,Night,Medium
Drizzle,0.926,Highway,Night-unlit,Low,80,Evening,High
Clear,2.468,Urban,Daylight,High,80,Evening,High
Drizzle,6.356,Urban,Night-lit,Low,80,Afternoon,Medium
Clear,2.656,Urban,Daylight,Medium,100,Night,Medium
Clear,9.284,Highway,Night-lit,Medium,100,Afternoon,Medium
Clear,3.966,Urban,Daylight,High,80,Afternoon,Medium
Fog,5.624,Urban,Daylight,Very High,50,Night,High
Rain,5.769,Urban,Night-lit,Medium,30,Morning,Medium
Clear,6.753,Urban,Daylight,Low,40,Night,Low
Rain,1.345,Intersection,Daylight,Medium,50,Night,High
Clear,8.088,Intersection,Daylight,High,40,Morning,Medium
Clear,2.66,Urban,Daylight,High,100,Night,High
Clear,3.019,Highway,Dawn/Dusk,Medium,40,Afternoon,Medium
Fog,1.864,Highway,Dawn/Dusk,Low,100,Morning,High
Clear,5.298,Urban,Daylight,High,100,Afternoon,Medium
Clear,4.876,Urban,Daylight,Medium,100,Afternoon,Medium
Clear,7.812,Urban,Daylight,Medium,40,Morning,Medium
Drizzle,5.658,Highway,Night-lit,High,40,Morning,Medium
Drizzle,3.852,Urban,Daylight,Very High,50,Afternoon,Medium
Clear,6.855,Intersection,Night-lit,Very High,80,Morning,High
Drizzle,6.591,Urban,Daylight,Very High,30,Night,Medium
Drizzle,7.607,Intersection,Daylight,High,60,Afternoon,Medium
Rain,9.014,Rural,Night-lit,High,40,Evening,Medium
Rain,2.643,Highway,Night-lit,Low,100,Night,High
Clear,10.0,Rural,Daylight,High,100,Evening,High
Clear,6.376,Urban,Night-lit,High,60,Evening,High
Clear,5.896,Urban,Night-unlit,High,50,Night,High
Clear,4.16,Highway,Night-lit,Low,40,Afternoon,Low
Fog,8.603,Highway,Night-lit,Medium,80,Evening,High
Drizzle,6.357,Rural,Daylight,Very High,100,Morning,Medium
Rain,4.353,Urban,Night-unlit,Very High,50,Night,Medium
Clear,2.543,Urban,Dawn/Dusk,Medium,50,Evening,Medium
Rain,8.115,Urban,Night-unlit,Medium,80,Evening,High
Fog,3.643,Intersection,Daylight,Medium,100,Afternoon,High
Drizzle,5.232,Urban,Daylight,Medium,60,Morning,Medium
Clear,4.01,Rural,Dawn/Dusk,High,60,Morning,Medium
Clear,4.157,Highway,Dawn/Dusk,Low,30,Morning,Low
Rain,2.833,Highway,Dawn/Dusk,Medium,100,Night,High
Rain,4.44,Urban,Night-lit,Medium,60,Evening,High
Rain,6.979,Urban,Night-unlit,Medium,40,Night,High
Clear,3.85,Highway,Night-unlit,Low,50,Afternoon,Medium
Clear,6.056,Intersection,Daylight,Very High,80,Afternoon,Medium
Rain,8.22,Rural,Daylight,Medium,50,Morning,Low
Drizzle,3.642,Rural,Daylight,Medium,50,Evening,Medium
Fog,2.847,Urban,Night-lit,Very High,100,Evening,High
Clear,6.044,Highway,Daylight,Medium,100,Night,Medium
Clear,5.369,Urban,Dawn/Dusk,Medium,30,Morning,Low
Clear,7.72,Urban,Night-lit,High,50,Evening,Medium
Clear,5.985,Intersection,Night-unlit,Medium,50,Night,High
Clear,5.108,Intersection,Night-lit,Low,60,Evening,Medium
Drizzle,7.701,Urban,Dawn/Dusk,Medium,60,Morning,Medium
Drizzle,3.667,Highway,Daylight,High,50,Evening,Medium
Clear,5.672,Highway,Night-lit,Low,50,Evening,Medium
Rain,3.551,Urban,Daylight,Very High,60,Afternoon,High
Clear,5.744,Highway,Night-lit,Medium,80,Evening,Medium
Drizzle,1.213,Rural,Night-lit,High,50,Morning,High
Rain,0.49,Highway,Dawn/Dusk,High,40,Night,High
Clear,0.4,Urban,Night-lit,Medium,50,Evening,High
Storm,7.631,Highway,Night-lit,High,30,Night,High
Storm,6.783,Rural,Night-lit,Low,100,Night,High
Clear,5.526,Intersection,Night-unlit,Low,50,Night,High
Storm,6.311,Urban,Daylight,Very High,100,Night,High
Rain,4.618,Urban,Night-lit,Very High,50,Morning,High
Rain,8.293,Urban,Daylight,Medium,40,Afternoon,Medium
Clear,5.536,Urban,Daylight,Low,60,Afternoon,Low
Fog,2.773,Rural,Daylight,Medium,50,Afternoon,Medium
Rain,8.466,Rural,Daylight,Medium,80,Night,High
Clear,4.28,Intersection,Dawn/Dusk,Very High,100,Evening,High
Drizzle,4.281,Highway,Night-unlit,Very High,100,Evening,High
Fog,3.892,Rural,Daylight,Very High,80,Afternoon,High
Clear,8.102,Rural,Daylight,Medium,40,Morning,Low
Fog,3.766,Rural,Daylight,High,80,Night,High
Clear,6.127,Rural,Night-lit,Medium,80,Morning,Low
Clear,7.635,Rural,Night-unlit,Low,100,Morning,Medium
Clear,2.586,Urban,Dawn/Dusk,Low,50,Evening,Medium
Rain,3.622,Intersection,Daylight,Medium,100,Evening,High
Storm,4.049,Urban,Daylight,High,50,Night,High
Clear,4.058,Highway,Daylight,Medium,30,Morning,Medium
Rain,9.801,Urban,Night-lit,Very High,50,Morning,High
Storm,4.91,Highway,Daylight,High,100,Evening,High
Clear,3.982,Rural,Dawn/Dusk,Medium,50,Morning,Medium
Rain,6.578,Intersection,Night-unlit,Low,50,Afternoon,Medium
Fog,6.258,Rural,Daylight,High,40,Afternoon,Medium
Drizzle,7.057,Rural,Dawn/Dusk,High,30,Night,Medium
Drizzle,9.752,Highway,Night-lit,High,60,Evening,Medium
Drizzle,7.819,Highway,Night-unlit,Very High,40,Afternoon,High
Rain,2.087,Urban,Night-lit,High,80,Afternoon,High
Clear,3.798,Urban,Night-lit,Very High,80,Afternoon,High
Fog,3.628,Urban,Night-lit,Low,60,Morning,High
Drizzle,2.222,Rural,Night-unlit,Medium,60,Morning,High
Rain,3.032,Urban,Night-unlit,High,60,Night,High
Clear,7.347,Highway,Daylight,Medium,40,Afternoon,Low
Clear,4.606,Highway,Daylight,Low,40,Afternoon,Low
Clear,7.488,Highway,Night-unlit,Medium,60,Morning,Medium
Rain,0.629,Rural,Dawn/Dusk,Medium,80,Afternoon,High
Clear,4.414,Rural,Daylight,Very High,80,Night,Medium
Drizzle,3.686,Highway,Daylight,High,60,Morning,Medium
Clear,7.873,Highway,Night-lit,High,60,Afternoon,Medium
Fog,3.149,Rural,Night-unlit,Medium,100,Morning,High
Clear,5.931,Intersection,Daylight,Medium,50,Morning,Medium
Clear,2.041,Intersection,Night-unlit,Medium,40,Evening,High
Drizzle,6.062,Urban,Daylight,Medium,40,Morning,Medium
Rain,5.226,Urban,Daylight,Low,80,Afternoon,Medium
Clear,3.15,Urban,Night-lit,Low,60,Evening,Medium
Fog,3.497,Highway,Daylight,Very High,80,Morning,High
Fog,4.559,Rural,Night-lit,Low,60,Night,High
Clear,5.571,Rural,Night-lit,Medium,60,Morning,Medium
Drizzle,6.272,Urban,Night-lit,Medium,80,Afternoon,Medium
Clear,5.945,Highway,Daylight,Low,40,Night,Medium
Drizzle,5.32,Rural,Daylight,Low,60,Morning,Low
Drizzle,6.684,Rural,Night-lit,High,60,Evening,Medium
Storm,5.263,Highway,Daylight,Medium,40,Morning,Medium
Fog,3.936,Highway,Night-unlit,Very High,50,Morning,High
Clear,3.133,Rural,Night-lit,Medium,50,Afternoon,Medium
Fog,4.076,Rural,Daylight,Low,60,Morning,Medium
Rain,4.827,Intersection,Night-lit,Medium,40,Night,High
Clear,0.528,Highway,Daylight,High,40,Morning,High
Clear,3.457,Rural,Night-unlit,Medium,40,Afternoon,Medium
Drizzle,5.456,Urban,Night-lit,Medium,60,Morning,Medium
Clear,6.219,Highway,Night-lit,Medium,80,Afternoon,Medium
Rain,7.238,Urban,Daylight,Medium,30,Night,Medium
Rain,4.624,Highway,Dawn/Dusk,Low,50,Night,Medium
Rain,5.106,Urban,Dawn/Dusk,Low,40,Morning,Medium
Fog,2.585,Urban,Daylight,Low,80,Night,High
Clear,3.071,Intersection,Night-lit,Very High,60,Evening,High
Fog,5.874,Highway,Night-lit,Medium,40,Night,High
Drizzle,4.829,Rural,Night-lit,Medium,50,Night,Medium
Clear,6.003,Highway,Daylight,Medium,40,Night,Medium
Clear,6.977,Highway,Daylight,Medium,50,Morning,Medium
Drizzle,9.559,Highway,Daylight,Medium,80,Afternoon,Medium
Clear,4.816,Highway,Daylight,High,60,Night,Medium
Rain,5.172,Rural,Daylight,Low,80,Night,Medium
Storm,5.868,Intersection,Daylight,Low,40,Afternoon,Medium
Rain,5.39,Urban,Daylight,High,40,Night,High
Fog,2.939,Intersection,Dawn/Dusk,Medium,50,Afternoon,High
Clear,9.8,Urban,Night-lit,Very High,30,Morning,Medium
Fog,10.0,Highway,Daylight,Low,60,Evening,Medium
Drizzle,7.12,Urban,Daylight,High,80,Afternoon,Medium
Rain,4.605,Rural,Night-lit,High,40,Afternoon,Low
Clear,8.639,Urban,Dawn/Dusk,Very High,50,Morning,Medium
Drizzle,2.079,Highway,Night-lit,Very High,30,Morning,High
Drizzle,5.097,Intersection,Daylight,High,60,Afternoon,Medium
Storm,5.552,Urban,Night-lit,High,60,Evening,High
Fog,5.107,Rural,Daylight,High,60,Night,High
Drizzle,3.75,Urban,Night-lit,Very High,100,Afternoon,High
Drizzle,5.574,Rural,Dawn/Dusk,Medium,60,Evening,High
Clear,6.229,Highway,Daylight,Very High,40,Afternoon,Medium
Clear,2.229,Intersection,Daylight,Medium,100,Morning,High
Drizzle,4.61,Highway,Night-lit,Very High,40,Evening,High
Rain,5.285,Highway,Night-lit,High,100,Night,High
Clear,4.406,Urban,Night-lit,Very High,30,Evening,Medium
Clear,6.155,Rural,Daylight,High,40,Afternoon,Low
Rain,9.397,Urban,Daylight,Medium,60,Evening,Medium
Clear,4.36,Intersection,Dawn/Dusk,Very High,40,Evening,High
Storm,3.814,Urban,Night-unlit,Low,50,Morning,High
Drizzle,7.424,Intersection,Daylight,Medium,30,Afternoon,Low
Clear,8.065,Highway,Night-lit,Medium,50,Morning,Medium
Clear,6.922,Urban,Daylight,High,50,Evening,Medium
Clear,7.598,Intersection,Night-lit,High,100,Afternoon,Medium
Drizzle,5.959,Urban,Night-lit,Very High,80,Night,High
Fog,5.453,Highway,Daylight,Medium,40,Afternoon,Medium
Rain,5.47,Highway,Night-lit,High,100,Night,High
Clear,7.463,Urban,Daylight,High,30,Afternoon,Low
Clear,4.201,Intersection,Daylight,Medium,50,Evening,Medium
Clear,7.146,Rural,Daylight,Medium,60,Morning,Low
Drizzle,5.37,Urban,Night-lit,Medium,50,Morning,Medium
Clear,3.977,Urban,Daylight,Medium,60,Morning,Low
Clear,4.281,Urban,Daylight,Low,30,Afternoon,Low
Rain,2.711,Urban,Dawn/Dusk,High,60,Night,High
Clear,5.234,Rural,Daylight,Low,100,Evening,Medium
Fog,8.475,Urban,Daylight,Medium,100,Night,High
Rain,7.852,Urban,Night-lit,High,60,Afternoon,Medium
Drizzle,7.281,Urban,Night-lit,High,60,Afternoon,Medium
Drizzle,5.123,Highway,Dawn/Dusk,High,100,Night,High
Clear,8.837,Rural,Night-lit,High,50,Afternoon,Medium
Clear,7.187,Urban,Dawn/Dusk,High,60,Morning,Medium
Rain,5.293,Rural,Dawn/Dusk,Medium,80,Afternoon,High
Rain,2.648,Highway,Daylight,Low,40,Afternoon,Medium
Drizzle,5.418,Highway,Night-lit,Medium,60,Morning,Medium
Fog,4.08,Urban,Night-lit,Medium,60,Evening,High
Rain,6.722,Urban,Daylight,High,50,Night,Medium
Clear,6.762,Highway,Night-lit,Medium,50,Night,Medium
Clear,5.275,Urban,Night-unlit,Very High,50,Night,High
Clear,5.274,Rural,Night-lit,High,60,Morning,Medium
Clear,9.421,Rural,Night-unlit,Low,100,Morning,Medium
Rain,3.594,Urban,Daylight,Medium,100,Afternoon,High
Clear,4.614,Intersection,Dawn/Dusk,Very High,40,Night,High
Rain,6.876,Rural,Night-lit,Low,40,Afternoon,Low
Clear,6.254,Highway,Night-unlit,High,80,Morning,High
Drizzle,5.71,Intersection,Night-lit,Low,50,Evening,Medium
Drizzle,4.391,Urban,Dawn/Dusk,Very High,50,Night,High
Clear,6.129,Urban,Daylight,Low,50,Morning,Low
Clear,4.669,Highway,Night-lit,Medium,60,Night,Medium
Storm,3.098,Intersection,Daylight,Low,50,Afternoon,Medium
Rain,3.308,Urban,Daylight,Medium,40,Afternoon,Medium
Rain,7.312,Highway,Daylight,High,50,Evening,High
Clear,5.367,Urban,Daylight,Low,40,Morning,Low
Drizzle,1.853,Urban,Night-lit,Medium,50,Night,Medium
Clear,5.195,Urban,Night-unlit,Medium,60,Night,High
Clear,5.139,Urban,Night-unlit,Low,60,Morning,Medium
Fog,5.078,Urban,Night-lit,Low,80,Evening,High
Clear,6.578,Urban,Night-lit,Medium,60,Evening,Medium
Clear,6.159,Urban,Night-unlit,High,80,Evening,Medium
Drizzle,4.75,Urban,Daylight,Very High,100,Evening,High
Drizzle,5.471,Highway,Daylight,Medium,50,Morning,Medium
Fog,2.294,Urban,Daylight,High,60,Morning,High
Drizzle,4.299,Rural,Daylight,High,40,Afternoon,Medium
Drizzle,8.018,Urban,Night-lit,High,60,Afternoon,Medium
Clear,6.056,Highway,Night-lit,Low,30,Evening,Medium
Clear,3.961,Urban,Night-unlit,Medium,30,Evening,Medium
Clear,1.533,Intersection,Daylight,Very High,50,Morning,High
Drizzle,7.091,Urban,Daylight,Medium,60,Afternoon,Medium
Rain,6.069,Urban,Night-unlit,High,50,Night,High
Rain,6.049,Rural,Night-lit,Medium,60,Morning,Medium
Storm,5.9,Urban,Night-lit,High,50,Morning,High
Rain,5.13,Urban,Night-lit,High,100,Night,High
Clear,0.445,Urban,Dawn/Dusk,Very High,50,Morning,High
Clear,5.916,Highway,Daylight,Low,60,Afternoon,Low
Clear,4.971,Urban,Daylight,Very High,60,Evening,Medium
Clear,6.379,Highway,Daylight,Medium,60,Evening,Medium
Clear,5.717,Urban,Dawn/Dusk,High,50,Evening,Medium
Clear,3.052,Rural,Dawn/Dusk,Medium,60,Evening,Medium
Clear,3.807,Urban,Night-lit,Medium,100,Evening,High
Storm,2.007,Rural,Daylight,High,50,Morning,High
Clear,7.054,Urban,Daylight,High,50,Evening,Medium
Fog,5.892,Urban,Night-lit,Low,80,Night,High
Fog,8.197,Urban,Daylight,Medium,60,Evening,Medium
Storm,5.111,Urban,Daylight,Low,50,Afternoon,Medium
Rain,8.326,Highway,Daylight,Very High,30,Morning,Medium
Clear,3.552,Urban,Daylight,Medium,80,Afternoon,Medium
Clear,3.842,Intersection,Dawn/Dusk,Medium,40,Evening,Medium
Clear,3.988,Urban,Night-unlit,Medium,50,Night,Medium
Rain,1.536,Urban,Night-lit,Medium,80,Night,High
Clear,1.977,Rural,Daylight,Very High,50,Morning,Medium
Rain,8.598,Urban,Daylight,High,60,Morning,High
Clear,1.356,Urban,Dawn/Dusk,Very High,50,Evening,High
Drizzle,9.192,Urban,Daylight,High,40,Evening,Medium
Clear,6.506,Intersection,Night-unlit,Medium,50,Morning,High
Clear,6.037,Intersection,Daylight,Medium,60,Evening,Medium
Rain,6.701,Rural,Dawn/Dusk,Very High,60,Evening,High
Rain,5.33,Urban,Night-unlit,High,50,Evening,High
Rain,4.805,Intersection,Dawn/Dusk,Medium,60,Morning,Medium
Clear,3.727,Rural,Dawn/Dusk,High,50,Evening,Medium
Rain,5.474,Urban,Daylight,High,30,Night,Medium
Clear,4.247,Highway,Night-unlit,Low,60,Evening,Medium
Rain,8.496,Urban,Night-lit,Very High,100,Morning,High
Clear,5.516,Urban,Night-unlit,Very High,30,Evening,High
Rain,4.713,Highway,Night-lit,Very High,50,Night,High
Clear,2.497,Rural,Dawn/Dusk,High,40,Night,High
Drizzle,7.282,Highway,Night-unlit,Medium,60,Night,High
Rain,3.193,Urban,Night-unlit,Medium,60,Evening,High
Clear,4.11,Urban,Dawn/Dusk,Very High,40,Evening,Medium
Clear,1.342,Highway,Daylight,Very High,30,Night,High
Clear,4.853,Highway,Daylight,Medium,40,Afternoon,Low
Drizzle,7.747,Rural,Night-lit,High,30,Evening,Medium
Drizzle,1.704,Urban,Dawn/Dusk,High,80,Afternoon,High
Fog,8.817,Highway,Night-unlit,High,50,Afternoon,High
Clear,3.045,Rural,Daylight,High,50,Evening,Medium
Rain,3.617,Intersection,Night-lit,Medium,60,Afternoon,High
Rain,5.709,Rural,Night-unlit,High,80,Afternoon,High
Fog,9.049,Highway,Night-lit,High,60,Evening,High
Clear,4.338,Rural,Daylight,Medium,50,Night,Medium
Clear,4.402,Urban,Night-lit,High,80,Morning,Medium
Clear,9.263,Highway,Night-unlit,Medium,30,Evening,Medium
Clear,2.848,Intersection,Night-lit,High,60,Afternoon,High
Clear,3.7,Highway,Night-lit,Medium,80,Night,High
Drizzle,5.81,Rural,Daylight,High,30,Afternoon,Low
Fog,5.546,Urban,Daylight,Low,100,Afternoon,High
Rain,4.401,Intersection,Night-lit,High,40,Afternoon,Medium
Rain,3.796,Intersection,Night-unlit,Medium,60,Night,High
Rain,7.073,Highway,Night-unlit,Medium,30,Evening,Medium
Drizzle,2.041,Urban,Night-lit,High,60,Night,High
Rain,10.0,Intersection,Daylight,Low,50,Evening,Medium
Drizzle,4.698,Highway,Night-unlit,Medium,80,Afternoon,High
Rain,2.557,Rural,Night-unlit,Medium,40,Evening,High
Drizzle,10.0,Rural,Daylight,Low,40,Afternoon,Low
Clear,5.792,Urban,Dawn/Dusk,Very High,80,Afternoon,Medium
Drizzle,4.789,Highway,Dawn/Dusk,Medium,80,Night,High
Drizzle,6.832,Urban,Night-lit,Medium,30,Afternoon,Medium
Clear,7.987,Rural,Night-unlit,Medium,40,Evening,Medium
Fog,6.096,Urban,Night-unlit,Very High,30,Afternoon,High
Fog,5.838,Intersection,Dawn/Dusk,Low,50,Morning,Medium
Storm,3.748,Highway,Daylight,Medium,30,Afternoon,Medium
Drizzle,5.431,Highway,Night-unlit,Medium,80,Morning,High
Clear,7.045,Highway,Dawn/Dusk,High,40,Morning,Medium
Fog,8.015,Highway,Night-lit,Very High,50,Morning,High
Clear,4.179,Rural,Night-lit,High,50,Evening,Medium
Clear,6.44,Urban,Daylight,Very High,80,Morning,Medium
Drizzle,4.957,Urban,Daylight,Medium,80,Morning,Medium
Clear,1.319,Urban,Dawn/Dusk,Very High,80,Morning,High
Clear,5.391,Rural,Dawn/Dusk,Low,60,Morning,Low
Drizzle,2.692,Highway,Night-lit,Very High,80,Evening,High
Clear,7.331,Urban,Daylight,High,80,Morning,Medium
Drizzle,3.354,Urban,Night-unlit,Medium,80,Night,High
Drizzle,5.635,Highway,Night-lit,High,50,Morning,Medium
Fog,4.949,Highway,Daylight,Medium,60,Morning,Medium
Fog,2.002,Highway,Dawn/Dusk,Low,100,Afternoon,High
Fog,3.611,Urban,Daylight,High,80,Morning,High
Drizzle,6.33,Rural,Daylight,Very High,50,Afternoon,Medium
Storm,7.114,Urban,Daylight,Low,50,Afternoon,Medium
Drizzle,7.459,Intersection,Night-unlit,Medium,80,Night,High
Clear,2.098,Rural,Daylight,Low,30,Afternoon,Low
Drizzle,0.837,Rural,Daylight,Medium,80,Morning,High
Clear,3.975,Urban,Night-lit,High,30,Night,Medium
Clear,9.139,Intersection,Dawn/Dusk,Medium,80,Evening,Low
Rain,6.894,Intersection,Night-lit,Medium,30,Evening,Medium
Clear,5.21,Urban,Night-lit,Low,40,Night,Medium
Drizzle,3.895,Urban,Night-unlit,Low,80,Afternoon,Medium
Clear,3.349,Highway,Daylight,Very High,40,Morning,Medium
Drizzle,9.028,Highway,Dawn/Dusk,High,60,Evening,High
Clear,0.68,Highway,Night-lit,High,30,Evening,High
Rain,1.513,Highway,Daylight,Medium,60,Morning,High
Clear,6.686,Urban,Daylight,High,60,Night,Medium
Clear,6.309,Urban,Daylight,High,80,Morning,Medium
Rain,4.285,Rural,Daylight,Medium,40,Morning,Medium
Rain,4.986,Highway,Daylight,High,50,Morning,Medium
Clear,4.417,Urban,Night-lit,Medium,40,Afternoon,Medium
Clear,4.224,Intersection,Daylight,High,50,Morning,Medium
Rain,4.585,Highway,Night-unlit,Medium,50,Afternoon,Medium
Clear,5.41,Urban,Night-unlit,Medium,60,Morning,Medium
Drizzle,6.253,Rural,Dawn/Dusk,Medium,80,Morning,Medium
Rain,7.737,Highway,Night-unlit,High,40,Afternoon,High
Fog,7.085,Urban,Daylight,Very High,50,Evening,High
Clear,7.365,Urban,Dawn/Dusk,Low,50,Morning,Low
Drizzle,6.669,Highway,Dawn/Dusk,High,30,Night,Medium
Fog,6.89,Urban,Daylight,Medium,80,Evening,High
Drizzle,5.985,Intersection,Daylight,High,40,Morning,Medium
Storm,9.927,Urban,Daylight,Medium,50,Night,Medium
Clear,2.84,Urban,Night-unlit,Very High,30,Afternoon,High
Fog,1.865,Urban,Daylight,High,40,Afternoon,High
Drizzle,6.552,Rural,Daylight,High,80,Night,Medium
Clear,4.652,Rural,Night-unlit,High,60,Morning,Low
Clear,2.977,Urban,Dawn/Dusk,High,40,Morning,Medium
Clear,7.591,Urban,Night-unlit,Medium,80,Morning,High
Drizzle,8.064,Urban,Daylight,High,50,Night,Medium
Clear,3.136,Highway,Daylight,High,60,Evening,High
Drizzle,4.933,Rural,Night-lit,Medium,40,Morning,Medium
Clear,4.461,Highway,Daylight,High,40,Night,Medium
Clear,1.518,Urban,Daylight,Medium,30,Morning,Medium
Clear,3.638,Rural,Daylight,High,40,Night,Medium
Clear,3.709,Urban,Night-lit,Low,80,Evening,Medium
Drizzle,4.254,Highway,Night-unlit,Medium,30,Evening,Medium
Fog,2.007,Urban,Night-unlit,High,100,Evening,High
Rain,10.0,Urban,Daylight,Medium,50,Afternoon,Medium
Drizzle,4.469,Intersection,Night-lit,Low,100,Afternoon,Medium
Clear,4.528,Rural,Night-unlit,High,50,Afternoon,Medium
Drizzle,1.962,Rural,Dawn/Dusk,Medium,30,Afternoon,Medium
Clear,7.247,Urban,Daylight,High,60,Night,Medium
Clear,7.389,Highway,Daylight,High,80,Night,Medium
Clear,3.544,Highway,Daylight,High,50,Night,Medium
Clear,5.805,Urban,Dawn/Dusk,Medium,50,Morning,Medium
Drizzle,6.433,Urban,Daylight,High,40,Afternoon,Medium
Drizzle,5.995,Urban,Night-lit,Medium,80,Evening,Medium
Fog,10.0,Urban,Dawn/Dusk,High,40,Evening,High
Clear,5.132,Intersection,Dawn/Dusk,Low,100,Night,Medium
Drizzle,4.522,Highway,Night-lit,High,30,Afternoon,Medium
Clear,5.525,Intersection,Night-lit,High,60,Afternoon,Medium
Clear,6.081,Urban,Night-lit,Medium,60,Morning,Medium
Rain,4.969,Rural,Night-lit,Medium,30,Evening,Medium
Clear,7.124,Highway,Dawn/Dusk,High,50,Afternoon,Medium
Rain,6.98,Urban,Night-lit,Medium,80,Night,High
Rain,5.64,Highway,Night-unlit,Very High,60,Afternoon,High
Clear,3.241,Highway,Daylight,Low,50,Afternoon,Low
Clear,2.842,Intersection,Dawn/Dusk,Very High,40,Night,High
Drizzle,4.078,Urban,Night-lit,Low,60,Night,Medium
Clear,5.175,Rural,Dawn/Dusk,Low,80,Afternoon,Low
Clear,6.223,Urban,Dawn/Dusk,Low,60,Afternoon,Low
Clear,7.069,Urban,Night-lit,Very High,80,Afternoon,High
Rain,5.789,Rural,Daylight,High,60,Morning,Low
Rain,9.123,Urban,Night-lit,High,60,Night,Medium
Rain,5.396,Highway,Daylight,Low,50,Evening,Medium
Storm,4.953,Highway,Daylight,High,40,Evening,High
Clear,3.205,Rural,Night-lit,High,50,Afternoon,Medium
Rain,7.787,Urban,Daylight,Medium,60,Afternoon,Medium
Drizzle,8.243,Rural,Night-lit,Very High,40,Morning,Medium
Drizzle,4.838,Rural,Daylight,Very High,30,Evening,Medium
Fog,3.211,Rural,Night-unlit,High,50,Night,High
Rain,3.114,Highway,Dawn/Dusk,Very High,80,Morning,High
Fog,4.908,Intersection,Daylight,Medium,80,Night,High
Clear,3.765,Urban,Night-unlit,Medium,60,Morning,High
Clear,3.745,Intersection,Dawn/Dusk,Medium,60,Afternoon,Medium
Rain,3.132,Intersection,Daylight,High,40,Afternoon,Medium
Drizzle,5.145,Urban,Daylight,High,80,Morning,Medium
Rain,4.527,Highway,Night-unlit,High,100,Evening,High
Clear,2.193,Highway,Night-lit,Medium,30,Night,High
Rain,2.088,Intersection,Daylight,Very High,80,Afternoon,High
Clear,3.428,Intersection,Daylight,Low,60,Evening,Medium
Clear,4.841,Urban,Daylight,High,80,Evening,Medium
Drizzle,6.923,Rural,Dawn/Dusk,Medium,60,Evening,Medium
Fog,6.705,Rural,Daylight,High,80,Afternoon,High
Fog,9.768,Urban,Night-lit,Medium,100,Evening,High
Drizzle,1.745,Urban,Night-lit,Low,100,Night,High
Clear,4.259,Intersection,Daylight,High,30,Night,Medium
Clear,5.678,Highway,Daylight,Medium,40,Afternoon,Medium
Drizzle,5.694,Intersection,Daylight,Low,100,Night,Medium
Clear,4.465,Urban,Night-lit,Low,60,Afternoon,Medium
Drizzle,4.222,Intersection,Night-lit,Medium,40,Afternoon,Medium
Rain,5.967,Highway,Night-unlit,High,100,Evening,High
Drizzle,3.13,Highway,Dawn/Dusk,Medium,80,Night,High
Fog,4.538,Rural,Dawn/Dusk,Medium,50,Morning,Medium
Rain,7.614,Highway,Daylight,High,100,Afternoon,High
Clear,5.962,Intersection,Night-unlit,Medium,60,Night,High
Clear,3.798,Intersection,Night-lit,High,80,Afternoon,High
Drizzle,6.359,Urban,Dawn/Dusk,Low,40,Morning,Low
Clear,7.54,Urban,Night-lit,High,40,Evening,Medium
Clear,6.129,Rural,Night-lit,High,100,Morning,High
Drizzle,8.892,Rural,Night-lit,Medium,50,Afternoon,Medium
Drizzle,3.237,Urban,Night-lit,Medium,50,Night,High
Drizzle,2.888,Intersection,Night-lit,High,50,Evening,High
Clear,7.48,Urban,Night-lit,High,50,Morning,Medium
Rain,6.051,Urban,Night-lit,High,30,Evening,High
Clear,4.376,Intersection,Daylight,Very High,50,Morning,Medium
Storm,6.951,Intersection,Night-unlit,High,40,Night,High
Fog,4.771,Rural,Night-lit,Low,30,Night,Medium
Rain,7.461,Rural,Dawn/Dusk,High,80,Evening,High
Clear,5.105,Intersection,Daylight,Low,40,Evening,Low
Fog,5.557,Rural,Dawn/Dusk,Low,60,Morning,Medium
Rain,4.571,Urban,Night-lit,High,30,Evening,Medium
Clear,4.775,Urban,Daylight,High,80,Morning,Medium
Drizzle,2.414,Urban,Night-unlit,Very High,80,Afternoon,High
Drizzle,8.482,Rural,Dawn/Dusk,Low,50,Night,Medium
Clear,7.517,Intersection,Daylight,Low,100,Evening,Medium
Rain,1.368,Urban,Daylight,Very High,50,Afternoon,High
Clear,3.471,Highway,Daylight,High,100,Night,High
Clear,2.945,Urban,Daylight,Very High,60,Afternoon,Medium
Rain,2.74,Highway,Daylight,High,60,Afternoon,High
Clear,5.613,Urban,Daylight,Very High,50,Morning,Medium
Clear,5.078,Highway,Dawn/Dusk,Medium,30,Morning,Medium
Rain,5.147,Urban,Night-lit,Medium,50,Afternoon,Medium
Rain,3.745,Intersection,Dawn/Dusk,High,30,Evening,High
Clear,4.773,Rural,Dawn/Dusk,High,80,Morning,Medium
Drizzle,4.242,Highway,Night-lit,Medium,40,Morning,Low
Drizzle,6.965,Highway,Night-lit,High,60,Evening,High
Fog,7.217,Highway,Night-lit,Medium,100,Evening,High
Storm,5.807,Urban,Daylight,Medium,100,Morning,High
Rain,8.618,Intersection,Night-unlit,Medium,40,Evening,High
Clear,7.15,Urban,Night-lit,Medium,40,Morning,Medium
Storm,0.669,Urban,Night-lit,High,30,Afternoon,High
Drizzle,4.272,Urban,Night-unlit,Medium,60,Morning,Medium
Rain,6.468,Highway,Dawn/Dusk,Low,80,Evening,High
Drizzle,2.379,Highway,Daylight,Low,100,Evening,High
Fog,10.0,Highway,Night-lit,High,40,Evening,High
Rain,5.593,Urban,Night-lit,Very High,60,Evening,High
Drizzle,2.734,Urban,Night-lit,Very High,50,Afternoon,High
Rain,8.98,Urban,Night-lit,High,50,Morning,Medium
Clear,4.389,Rural,Night-lit,Medium,80,Night,Medium
Drizzle,5.493,Intersection,Dawn/Dusk,Medium,50,Night,High
Drizzle,5.485,Urban,Night-lit,High,60,Night,High
Rain,2.552,Urban,Daylight,High,30,Night,Medium
Drizzle,8.957,Urban,Daylight,Medium,50,Afternoon,Medium
Rain,5.709,Highway,Dawn/Dusk,Low,40,Afternoon,Medium
Clear,2.921,Urban,Daylight,Medium,50,Morning,Medium
Clear,2.07,Rural,Dawn/Dusk,Very High,60,Evening,High
Clear,7.755,Urban,Daylight,High,80,Afternoon,Medium
Drizzle,5.786,Urban,Daylight,High,50,Afternoon,Medium
Rain,4.076,Rural,Daylight,Low,40,Afternoon,Low
Fog,7.355,Rural,Night-lit,Very High,60,Morning,High
Rain,3.399,Highway,Dawn/Dusk,Very High,60,Night,High
Rain,8.487,Intersection,Night-unlit,Medium,80,Morning,High
Storm,4.565,Highway,Night-lit,Medium,50,Night,High
Clear,3.635,Urban,Daylight,High,40,Evening,Medium
Drizzle,5.925,Urban,Night-unlit,High,60,Morning,Medium
Rain,7.675,Urban,Night-lit,Medium,60,Morning,Medium
Storm,4.293,Urban,Night-unlit,Medium,100,Morning,High
Clear,5.566,Urban,Dawn/Dusk,Medium,80,Evening,Medium
Drizzle,4.367,Intersection,Night-lit,Medium,30,Morning,Medium
Clear,3.785,Urban,Daylight,Medium,50,Night,Medium
Drizzle,6.602,Urban,Night-lit,High,30,Morning,Medium
Drizzle,4.211,Highway,Daylight,Medium,60,Afternoon,Medium
Clear,4.752,Urban,Dawn/Dusk,Medium,50,Morning,Medium
Drizzle,7.662,Highway,Dawn/Dusk,Very High,30,Night,High
Clear,7.217,Urban,Night-unlit,Medium,60,Evening,High
Drizzle,5.836,Urban,Daylight,Medium,60,Night,Medium
Clear,2.848,Urban,Night-unlit,High,40,Afternoon,Medium
Rain,4.58,Urban,Night-unlit,Medium,40,Evening,Medium
Drizzle,5.007,Highway,Daylight,High,60,Afternoon,Medium
Clear,3.627,Urban,Dawn/Dusk,Very High,60,Morning,Medium
Fog,7.818,Rural,Night-unlit,High,80,Morning,High
Clear,7.622,Urban,Daylight,Very High,100,Morning,High
Rain,5.29,Highway,Dawn/Dusk,Very High,60,Afternoon,High
Rain,5.3,Rural,Night-lit,Medium,50,Evening,Medium
Drizzle,2.173,Intersection,Night-lit,High,50,Evening,High
Clear,9.339,Rural,Night-lit,Medium,80,Night,Medium
Storm,4.847,Rural,Night-unlit,Low,60,Morning,Medium
Storm,6.668,Rural,Daylight,Low,40,Morning,Medium
Clear,8.965,Intersection,Daylight,High,60,Night,Medium
Fog,6.979,Highway,Night-lit,Very High,30,Evening,High
Clear,2.874,Rural,Night-lit,Medium,40,Evening,Medium
Clear,5.589,Urban,Night-lit,Low,60,Morning,Medium
Drizzle,4.547,Urban,Dawn/Dusk,High,30,Morning,Medium
Rain,6.183,Rural,Dawn/Dusk,High,50,Night,High
Rain,6.214,Highway,Daylight,High,50,Morning,Medium
Rain,5.421,Rural,Daylight,Medium,40,Afternoon,Medium
Clear,6.808,Intersection,Daylight,Medium,40,Morning,Medium
Fog,6.238,Rural,Dawn/Dusk,High,50,Evening,High
Drizzle,3.824,Urban,Dawn/Dusk,Low,100,Night,High
Drizzle,0.4,Urban,Night-lit,High,40,Evening,High
Clear,9.175,Intersection,Dawn/Dusk,Medium,60,Afternoon,Medium
Drizzle,7.216,Urban,Night-lit,Medium,80,Night,High
Clear,3.588,Urban,Night-unlit,High,50,Morning,Medium
Clear,6.109,Rural,Night-lit,High,80,Night,High
Rain,6.436,Rural,Daylight,Medium,50,Night,High
Clear,5.045,Highway,Night-lit,Medium,60,Morning,Medium
Storm,4.379,Intersection,Night-unlit,High,40,Night,High
Clear,2.285,Urban,Night-lit,Very High,80,Morning,High
Rain,4.312,Urban,Night-unlit,Very High,40,Morning,High
Clear,5.917,Highway,Night-lit,Medium,80,Afternoon,Medium
Drizzle,8.094,Highway,Dawn/Dusk,High,100,Evening,High
Drizzle,5.026,Highway,Night-lit,Very High,80,Night,High
Clear,6.028,Urban,Night-unlit,High,50,Evening,Medium
Storm,6.901,Highway,Dawn/Dusk,Low,60,Afternoon,Medium
Drizzle,7.412,Rural,Dawn/Dusk,Medium,60,Morning,Medium
Drizzle,3.72,Rural,Night-unlit,Very High,100,Afternoon,High
Storm,6.573,Urban,Dawn/Dusk,High,80,Evening,High
Clear,3.813,Urban,Daylight,High,30,Morning,Medium
Rain,4.2,Urban,Night-unlit,High,40,Night,High
Drizzle,3.051,Highway,Night-unlit,Medium,30,Night,High
Storm,8.105,Urban,Night-unlit,Medium,50,Morning,High
Clear,3.848,Highway,Daylight,Medium,50,Morning,Medium
Clear,6.296,Urban,Daylight,High,40,Night,Medium
Clear,3.716,Urban,Daylight,Medium,60,Night,Medium
Rain,6.4,Rural,Night-lit,High,50,Afternoon,Medium
Clear,6.125,Highway,Night-unlit,High,60,Morning,High
Drizzle,6.078,Rural,Daylight,Medium,100,Evening,Medium
Drizzle,5.497,Intersection,Night-lit,Medium,40,Morning,Medium
Clear,6.888,Highway,Dawn/Dusk,High,50,Morning,Medium
Clear,4.365,Highway,Daylight,Medium,40,Morning,Low
Clear,8.465,Urban,Night-lit,High,40,Afternoon,Medium
Fog,4.201,Highway,Dawn/Dusk,High,60,Night,High
Clear,4.456,Urban,Night-lit,Medium,60,Night,Medium
Drizzle,6.001,Rural,Night-unlit,High,40,Night,Medium
Clear,7.024,Highway,Daylight,Very High,60,Night,High
Clear,7.216,Highway,Night-lit,Medium,40,Morning,Medium
Clear,9.351,Rural,Daylight,High,50,Afternoon,Low
Rain,1.305,Urban,Dawn/Dusk,Medium,100,Night,High
Rain,0.647,Urban,Daylight,Low,60,Night,High
Rain,6.936,Urban,Daylight,Low,50,Morning,Low
Drizzle,5.325,Highway,Dawn/Dusk,High,40,Morning,Medium
Rain,3.551,Rural,Daylight,Low,30,Afternoon,Low
Fog,7.941,Highway,Daylight,High,50,Afternoon,High
Rain,3.211,Rural,Night-lit,Low,80,Evening,High
Rain,2.521,Highway,Daylight,Medium,100,Afternoon,High
Clear,3.338,Urban,Night-lit,Very High,60,Afternoon,High
Fog,3.534,Intersection,Daylight,Medium,50,Afternoon,Medium
Rain,6.876,Highway,Dawn/Dusk,High,30,Night,High
Clear,4.247,Urban,Night-lit,High,60,Afternoon,Medium
Fog,5.832,Urban,Night-lit,Medium,60,Evening,High
Rain,5.846,Highway,Daylight,Medium,80,Night,High
Clear,4.306,Urban,Daylight,Low,40,Morning,Low
Rain,6.293,Rural,Daylight,Very High,50,Morning,Medium
Rain,8.143,Rural,Daylight,High,50,Morning,Medium
Clear,4.185,Rural,Night-unlit,Low,60,Morning,Medium
Clear,6.843,Urban,Daylight,Medium,50,Morning,Low
Storm,6.836,Intersection,Daylight,Low,40,Afternoon,Medium
Rain,4.182,Highway,Dawn/Dusk,High,40,Morning,High
Clear,5.622,Rural,Night-unlit,Low,50,Morning,Low
Drizzle,3.752,Rural,Night-lit,High,50,Evening,Medium
Drizzle,1.566,Highway,Daylight,High,80,Afternoon,High
Rain,6.225,Intersection,Dawn/Dusk,Medium,50,Evening,Medium
Rain,4.813,Urban,Daylight,Medium,50,Evening,Medium
Storm,6.337,Highway,Daylight,High,60,Afternoon,Medium
Drizzle,5.914,Rural,Night-lit,Very High,80,Night,High
Fog,6.514,Highway,Daylight,Medium,80,Night,High
Rain,4.619,Highway,Daylight,High,60,Afternoon,Medium
Fog,2.977,Intersection,Night-unlit,High,40,Evening,High
Drizzle,4.63,Rural,Dawn/Dusk,Medium,80,Evening,Medium
Fog,4.0,Intersection,Night-unlit,Low,50,Morning,High
Drizzle,6.926,Highway,Dawn/Dusk,Medium,30,Morning,Medium
Clear,5.074,Rural,Daylight,Medium,40,Evening,Low
Clear,6.535,Rural,Daylight,Low,100,Night,Medium
Rain,3.306,Rural,Daylight,Medium,60,Night,Medium
Clear,6.574,Urban,Night-unlit,Medium,80,Night,High
Rain,10.0,Urban,Daylight,Very High,30,Evening,Medium
Drizzle,5.497,Rural,Night-lit,High,80,Morning,Low
Clear,3.701,Urban,Night-lit,High,80,Morning,High
Drizzle,7.317,Highway,Night-lit,High,80,Night,High
Clear,6.134,Intersection,Night-unlit,Very High,50,Afternoon,High
Drizzle,2.96,Highway,Night-lit,High,40,Morning,Medium
Drizzle,5.949,Highway,Night-unlit,High,100,Afternoon,High
Drizzle,4.133,Intersection,Night-lit,Very High,60,Afternoon,Medium
Clear,5.93,Highway,Daylight,Medium,60,Morning,Medium
Rain,8.157,Urban,Dawn/Dusk,Low,60,Night,Medium
Clear,7.973,Intersection,Night-lit,High,80,Evening,High
Rain,4.384,Urban,Dawn/Dusk,High,30,Night,High
Clear,7.13,Urban,Daylight,Low,60,Afternoon,Low
Clear,4.285,Urban,Daylight,Low,50,Evening,Low
Rain,6.707,Rural,Dawn/Dusk,Low,80,Evening,High
Fog,6.46,Intersection,Night-unlit,Medium,40,Night,High
Clear,2.786,Highway,Daylight,Low,60,Night,Medium
Rain,6.74,Highway,Night-unlit,High,50,Night,High
Fog,2.98,Highway,Night-lit,High,60,Evening,High
Drizzle,7.224,Highway,Night-unlit,Medium,30,Night,High
Rain,6.595,Highway,Night-unlit,Low,50,Night,High
Clear,4.912,Urban,Daylight,High,30,Morning,Medium
Rain,4.588,Highway,Daylight,Low,50,Afternoon,Medium
Clear,7.466,Intersection,Daylight,High,60,Night,Medium
Rain,7.821,Urban,Night-lit,Medium,60,Morning,Medium
Drizzle,8.463,Highway,Night-lit,High,80,Night,High
Clear,3.277,Rural,Dawn/Dusk,Low,50,Morning,Medium
Clear,6.228,Rural,Daylight,Low,80,Night,Low
Rain,5.736,Highway,Daylight,High,100,Afternoon,High
Drizzle,8.368,Urban,Night-unlit,Very High,60,Night,High
Fog,5.583,Urban,Night-lit,Very High,60,Afternoon,High
Rain,2.022,Urban,Night-lit,Very High,100,Night,High
Rain,1.31,Highway,Dawn/Dusk,High,80,Morning,High
Drizzle,3.945,Highway,Daylight,Low,100,Morning,Medium
Clear,7.587,Rural,Night-lit,High,40,Afternoon,Medium
Fog,5.135,Rural,Night-unlit,High,50,Morning,High
Fog,4.727,Highway,Dawn/Dusk,Medium,80,Afternoon,High
Rain,5.63,Intersection,Daylight,Low,30,Morning,Low
Rain,3.241,Urban,Night-lit,Medium,50,Afternoon,Medium
Drizzle,4.359,Rural,Night-lit,Medium,40,Night,High
Drizzle,6.633,Rural,Night-lit,High,60,Night,High
Storm,7.022,Intersection,Daylight,Medium,80,Afternoon,High
Storm,5.888,Highway,Night-lit,Medium,30,Morning,Medium
Clear,6.161,Urban,Night-unlit,High,60,Afternoon,Medium
Clear,3.803,Rural,Daylight,Medium,50,Afternoon,Low
Rain,1.618,Urban,Night-unlit,Low,40,Afternoon,High
Clear,4.894,Rural,Night-lit,Medium,40,Evening,Medium
Rain,3.58,Urban,Night-lit,Medium,40,Afternoon,Medium
Clear,6.278,Rural,Night-lit,Very High,50,Night,Medium
Clear,7.071,Intersection,Daylight,Medium,40,Morning,Low
Rain,3.423,Intersection,Daylight,High,40,Morning,Medium
Storm,4.346,Highway,Daylight,Very High,30,Morning,High
Clear,7.806,Intersection,Daylight,Medium,80,Evening,Medium
Drizzle,3.316,Highway,Night-lit,Medium,60,Morning,High
Fog,2.853,Highway,Night-unlit,High,80,Afternoon,High
Drizzle,4.018,Urban,Daylight,High,30,Morning,Medium
Clear,2.95,Rural,Daylight,Low,60,Night,Medium
Fog,5.395,Highway,Dawn/Dusk,Medium,50,Night,High
Rain,7.518,Urban,Daylight,Medium,50,Morning,Medium
Storm,5.016,Rural,Night-unlit,Low,40,Night,Medium
Clear,4.066,Urban,Night-lit,High,100,Evening,High
Drizzle,6.18,Rural,Night-lit,Medium,50,Night,Medium
Drizzle,6.53,Highway,Night-lit,Very High,40,Evening,High
Drizzle,5.511,Highway,Night-lit,Low,40,Night,Medium
Drizzle,2.659,Rural,Daylight,Very High,60,Afternoon,High
Rain,5.397,Highway,Night-lit,Low,100,Afternoon,High
Fog,7.104,Urban,Dawn/Dusk,High,50,Morning,High
Rain,7.441,Urban,Night-lit,Low,80,Evening,High
Drizzle,7.028,Urban,Night-unlit,Very High,60,Morning,High
Fog,5.703,Urban,Daylight,Very High,80,Afternoon,High
Rain,3.183,Intersection,Night-lit,Low,60,Evening,High
Rain,3.66,Intersection,Dawn/Dusk,High,60,Morning,High
Rain,4.499,Highway,Daylight,Very High,40,Afternoon,Medium
Clear,1.367,Rural,Dawn/Dusk,Medium,50,Night,High
Clear,7.25,Intersection,Daylight,Medium,50,Afternoon,Medium
Clear,3.926,Urban,Daylight,High,80,Morning,Medium
Clear,8.143,Urban,Night-unlit,Medium,30,Afternoon,Medium
Drizzle,5.039,Highway,Night-lit,High,100,Afternoon,High
Storm,4.843,Urban,Daylight,Medium,100,Morning,High
Drizzle,4.849,Urban,Night-lit,Medium,80,Evening,Medium
Storm,0.966,Urban,Night-lit,High,50,Night,High
Clear,2.607,Highway,Daylight,High,100,Afternoon,High
Drizzle,4.439,Urban,Daylight,High,60,Night,High
Clear,8.942,Urban,Night-unlit,Medium,60,Afternoon,Medium
Clear,5.835,Urban,Night-unlit,Medium,80,Evening,High
Clear,5.216,Highway,Daylight,Very High,30,Morning,Medium
Clear,1.937,Urban,Night-lit,Very High,80,Morning,High
Clear,3.511,Highway,Dawn/Dusk,High,40,Evening,Medium
Rain,4.986,Urban,Daylight,High,100,Afternoon,Medium
Drizzle,2.229,Urban,Daylight,Medium,50,Evening,High
Clear,6.581,Intersection,Daylight,Medium,40,Morning,Medium
Rain,5.799,Intersection,Dawn/Dusk,Very High,40,Afternoon,High
Clear,7.009,Highway,Night-unlit,High,50,Night,High
Drizzle,4.286,Urban,Daylight,Medium,30,Evening,Medium
Clear,10.0,Highway,Night-unlit,Very High,50,Night,High
Clear,9.313,Urban,Night-lit,Medium,60,Afternoon,Medium
Clear,3.688,Urban,Night-unlit,Low,40,Night,Medium
Clear,6.783,Urban,Dawn/Dusk,Medium,50,Evening,Medium
Drizzle,4.089,Rural,Night-lit,High,50,Morning,Medium
Clear,2.981,Urban,Night-lit,High,40,Morning,Medium
Clear,4.283,Rural,Night-lit,High,100,Night,High
Rain,3.866,Highway,Night-unlit,Low,40,Evening,High
Clear,5.571,Rural,Night-unlit,Very High,60,Afternoon,Medium
Fog,6.113,Urban,Dawn/Dusk,High,50,Night,Medium
Clear,3.58,Urban,Dawn/Dusk,Medium,80,Evening,Medium
Drizzle,3.401,Urban,Dawn/Dusk,Low,50,Evening,Medium
Clear,6.875,Intersection,Night-unlit,High,40,Morning,Medium
Clear,5.565,Urban,Daylight,Very High,80,Morning,High
Clear,9.114,Rural,Daylight,High,40,Night,Medium
Drizzle,6.327,Highway,Daylight,Medium,60,Night,Medium
Drizzle,0.693,Highway,Dawn/Dusk,Medium,60,Afternoon,High
Rain,9.385,Highway,Night-lit,High,80,Morning,High
Drizzle,5.442,Urban,Night-lit,High,30,Evening,Medium
Clear,5.07,Highway,Daylight,Low,50,Afternoon,Low
Drizzle,6.109,Highway,Daylight,High,80,Morning,Medium
Clear,2.268,Highway,Dawn/Dusk,Medium,80,Night,High
Rain,4.253,Highway,Daylight,High,100,Morning,High
Clear,2.081,Highway,Dawn/Dusk,Medium,50,Night,High
Storm,2.637,Highway,Night-lit,Medium,50,Night,High
Rain,8.011,Highway,Daylight,Very High,60,Night,High
Rain,4.328,Highway,Daylight,Very High,60,Afternoon,Medium
Rain,7.676,Urban,Daylight,Very High,60,Evening,High
Clear,3.642,Intersection,Dawn/Dusk,Medium,80,Morning,Medium
Storm,8.804,Highway,Daylight,Medium,100,Afternoon,High
Clear,6.123,Intersection,Night-unlit,Very High,30,Morning,High
Clear,2.803,Highway,Daylight,Very High,50,Afternoon,Medium
Rain,1.9,Urban,Dawn/Dusk,Medium,60,Evening,High
Fog,6.831,Intersection,Dawn/Dusk,Low,40,Afternoon,Medium
Rain,4.955,Rural,Daylight,Medium,40,Night,Medium
Drizzle,5.254,Intersection,Night-lit,Very High,60,Morning,High
Clear,6.818,Urban,Night-lit,Medium,80,Morning,Medium
Drizzle,6.143,Intersection,Dawn/Dusk,Low,50,Night,Medium
Drizzle,6.085,Highway,Dawn/Dusk,High,30,Morning,Medium
Clear,3.853,Urban,Night-lit,High,60,Evening,High
Fog,6.195,Highway,Daylight,Very High,60,Morning,High
Rain,6.019,Rural,Daylight,Very High,50,Afternoon,Medium
Clear,6.569,Rural,Daylight,Low,80,Morning,Low
Rain,5.421,Rural,Dawn/Dusk,Medium,60,Afternoon,Medium
Fog,3.832,Intersection,Daylight,Medium,100,Morning,High
Clear,7.322,Urban,Dawn/Dusk,Medium,40,Night,Medium
Clear,7.048,Rural,Night-lit,High,50,Morning,Medium
Storm,6.339,Urban,Night-lit,Medium,80,Morning,High
Rain,7.95,Urban,Night-unlit,Very High,40,Morning,High
Drizzle,6.427,Highway,Night-unlit,Medium,40,Morning,Medium
Clear,5.377,Rural,Night-lit,High,30,Afternoon,Medium
Clear,3.879,Intersection,Dawn/Dusk,Medium,60,Evening,Medium
Drizzle,5.29,Intersection,Night-lit,Very High,40,Night,High
Rain,6.324,Rural,Daylight,Low,100,Morning,Medium
Fog,3.028,Urban,Dawn/Dusk,Very High,80,Night,High
Clear,3.738,Intersection,Daylight,Low,100,Night,Medium
Rain,4.484,Urban,Night-unlit,Very High,100,Evening,High
Clear,8.568,Urban,Night-lit,High,50,Night,Medium
Rain,5.643,Highway,Night-unlit,Medium,50,Morning,Medium
Drizzle,5.921,Rural,Daylight,High,50,Morning,Medium
Fog,7.471,Urban,Daylight,Very High,60,Morning,Medium
Rain,6.436,Urban,Night-lit,Medium,30,Night,Medium
Clear,4.418,Highway,Daylight,Medium,60,Afternoon,Low
Storm,6.178,Highway,Dawn/Dusk,High,50,Morning,High
Rain,6.143,Urban,Dawn/Dusk,Medium,50,Night,Medium
Clear,6.628,Urban,Night-unlit,Low,30,Morning,Medium
Drizzle,6.244,Rural,Daylight,Medium,50,Evening,Medium
Fog,8.741,Highway,Daylight,Low,80,Morning,Medium
Clear,4.725,Urban,Night-lit,Low,80,Evening,Medium
Clear,6.521,Highway,Daylight,Low,60,Night,Medium
Clear,4.828,Highway,Night-unlit,Medium,80,Morning,Medium
Drizzle,5.133,Urban,Daylight,High,60,Afternoon,Medium
Clear,5.957,Highway,Daylight,Low,60,Morning,Medium
Drizzle,8.334,Highway,Daylight,High,60,Evening,Medium
Clear,6.058,Highway,Night-lit,Low,30,Night,Medium
Fog,3.363,Intersection,Daylight,Low,80,Morning,High
Drizzle,8.283,Highway,Daylight,High,40,Morning,Medium
Rain,4.005,Urban,Night-unlit,Medium,40,Evening,High
Clear,6.001,Urban,Night-unlit,Low,30,Afternoon,Low
Drizzle,3.476,Highway,Daylight,High,60,Morning,High
Clear,3.434,Rural,Daylight,High,100,Morning,Medium
Clear,2.516,Highway,Night-unlit,High,40,Afternoon,High
Clear,3.403,Rural,Dawn/Dusk,Very High,30,Afternoon,Medium
Rain,2.835,Intersection,Night-lit,Low,40,Morning,Medium
Drizzle,3.895,Intersection,Dawn/Dusk,Very High,80,Afternoon,High
Drizzle,3.649,Urban,Night-lit,Very High,60,Morning,High
Clear,7.255,Urban,Night-lit,Very High,40,Night,Medium
Clear,3.875,Intersection,Night-lit,Medium,50,Morning,Medium
Clear,4.943,Urban,Daylight,Medium,40,Morning,Low
Clear,9.029,Highway,Night-lit,Low,40,Evening,Medium
Storm,7.908,Intersection,Night-unlit,Very High,30,Night,High
Rain,9.802,Intersection,Dawn/Dusk,Medium,60,Night,High
Drizzle,6.563,Highway,Dawn/Dusk,High,80,Morning,High
Rain,1.228,Rural,Night-unlit,High,80,Morning,High
Fog,2.55,Highway,Night-unlit,Very High,100,Evening,High
Rain,8.194,Rural,Night-lit,Medium,40,Evening,Medium
Clear,4.255,Rural,Daylight,Medium,60,Evening,Medium
Storm,7.469,Highway,Daylight,High,80,Morning,High
Clear,8.373,Urban,Dawn/Dusk,Very High,40,Morning,Medium
Clear,6.407,Intersection,Dawn/Dusk,Medium,100,Morning,High
Fog,5.978,Intersection,Night-lit,Medium,60,Morning,High
Storm,5.055,Urban,Daylight,High,80,Morning,High
Storm,4.73,Highway,Night-lit,Medium,80,Morning,High
Clear,6.074,Highway,Daylight,Low,40,Evening,Low
Drizzle,6.665,Rural,Daylight,Medium,100,Night,Medium
Clear,3.052,Urban,Daylight,Medium,40,Evening,Medium
Fog,4.229,Highway,Night-unlit,Low,50,Night,High
Rain,8.261,Urban,Daylight,High,60,Evening,High
Clear,3.333,Urban,Night-unlit,Low,80,Afternoon,Medium
Clear,8.93,Highway,Daylight,High,40,Night,Medium
Clear,5.098,Highway,Night-lit,Medium,40,Night,Medium
Fog,4.96,Urban,Night-unlit,Medium,40,Afternoon,High
Drizzle,1.875,Highway,Dawn/Dusk,Very High,50,Night,High
Clear,10.0,Intersection,Daylight,Medium,50,Morning,Low
Fog,3.206,Intersection,Dawn/Dusk,High,40,Afternoon,High
Rain,3.246,Rural,Dawn/Dusk,High,60,Night,High
Fog,4.603,Highway,Daylight,High,30,Evening,Medium
Drizzle,5.918,Intersection,Daylight,Medium,40,Night,Medium
Rain,5.947,Rural,Daylight,Very High,40,Evening,Medium
Drizzle,7.05,Highway,Dawn/Dusk,Low,60,Morning,Medium
Fog,3.288,Intersection,Daylight,Low,40,Night,Medium
Rain,4.597,Highway,Daylight,Medium,80,Night,High
Rain,7.724,Highway,Night-lit,High,40,Morning,Medium
Clear,7.1,Urban,Daylight,Medium,60,Afternoon,Medium
Clear,9.79,Rural,Daylight,Medium,40,Night,Low
Clear,3.535,Urban,Daylight,High,40,Afternoon,Medium
Fog,7.44,Highway,Daylight,Very High,40,Afternoon,High
Rain,5.832,Urban,Daylight,High,60,Morning,High
Rain,9.343,Highway,Dawn/Dusk,Medium,80,Afternoon,High
Clear,2.527,Urban,Night-unlit,Medium,60,Afternoon,Medium
Clear,6.527,Rural,Daylight,Low,80,Morning,Low
Drizzle,4.854,Urban,Daylight,High,40,Evening,Medium
Fog,6.956,Rural,Daylight,Medium,50,Morning,Medium
Clear,7.051,Urban,Dawn/Dusk,High,50,Evening,Medium
Storm,5.083,Intersection,Daylight,Low,50,Evening,Medium
Clear,4.21,Highway,Dawn/Dusk,Low,50,Evening,Medium
Storm,4.394,Highway,Dawn/Dusk,Low,50,Morning,Medium
Fog,4.34,Rural,Daylight,High,30,Afternoon,Medium
Clear,5.755,Intersection,Daylight,Low,100,Afternoon,Medium
Clear,2.011,Intersection,Dawn/Dusk,Medium,80,Morning,High
Clear,5.817,Intersection,Daylight,Medium,80,Evening,Medium
Clear,7.404,Urban,Night-unlit,Very High,40,Night,High
Rain,5.785,Highway,Daylight,Very High,30,Evening,Medium
Storm,5.491,Highway,Dawn/Dusk,High,40,Afternoon,High
Drizzle,5.236,Rural,Daylight,Medium,60,Afternoon,Medium
Rain,5.018,Highway,Daylight,Very High,60,Evening,High
Clear,4.528,Urban,Night-lit,High,80,Evening,High
Clear,5.93,Rural,Daylight,Very High,50,Night,Medium
Drizzle,7.666,Highway,Daylight,High,50,Night,Medium
Drizzle,5.756,Rural,Daylight,Medium,40,Night,Medium
Rain,4.858,Rural,Daylight,Medium,50,Morning,Medium
Drizzle,6.751,Urban,Daylight,High,40,Afternoon,Medium
Clear,4.987,Urban,Night-unlit,Very High,80,Afternoon,High
Rain,5.058,Highway,Dawn/Dusk,Medium,40,Afternoon,Medium
Rain,5.607,Intersection,Night-unlit,Medium,80,Evening,High
Drizzle,7.161,Rural,Dawn/Dusk,Very High,60,Morning,Medium
Fog,6.949,Highway,Night-lit,Medium,30,Evening,Medium
Rain,10.0,Rural,Dawn/Dusk,Very High,80,Morning,High
Rain,5.705,Intersection,Night-unlit,Low,50,Night,High
Storm,3.954,Rural,Night-lit,Medium,80,Evening,High
Drizzle,8.608,Urban,Daylight,Low,30,Evening,Low
Drizzle,6.72,Rural,Dawn/Dusk,Medium,60,Evening,Medium
Clear,6.123,Urban,Night-unlit,High,40,Morning,Medium
Clear,10.0,Highway,Night-unlit,Medium,40,Morning,Medium
Rain,5.44,Urban,Night-lit,Medium,40,Morning,Medium
Drizzle,5.796,Highway,Daylight,High,50,Night,Medium
Drizzle,5.475,Urban,Night-lit,Medium,30,Evening,Medium
Drizzle,6.367,Highway,Dawn/Dusk,Low,60,Morning,Medium
Fog,6.495,Highway,Dawn/Dusk,Medium,60,Afternoon,High
Clear,3.36,Urban,Night-lit,Medium,30,Evening,Medium
Drizzle,5.966,Urban,Night-unlit,Very High,30,Afternoon,Medium
Clear,6.004,Rural,Dawn/Dusk,High,50,Morning,Medium
Fog,5.268,Highway,Night-lit,High,30,Afternoon,High
Drizzle,6.745,Intersection,Night-lit,Low,80,Afternoon,Medium
Rain,5.292,Intersection,Night-unlit,Medium,50,Night,High
Storm,5.096,Rural,Daylight,Medium,60,Morning,Medium
Drizzle,3.132,Urban,Daylight,Medium,40,Afternoon,Medium
Clear,5.936,Urban,Daylight,Low,80,Evening,Medium
Clear,5.606,Intersection,Night-unlit,Low,50,Afternoon,Medium
Clear,4.642,Urban,Night-lit,Medium,100,Morning,Medium
Rain,0.4,Urban,Night-unlit,High,60,Afternoon,High
Clear,2.749,Highway,Daylight,Medium,80,Evening,Medium
Rain,5.382,Highway,Night-lit,Very High,50,Afternoon,High
Clear,8.051,Rural,Dawn/Dusk,Low,50,Evening,Medium
Clear,7.582,Highway,Night-lit,Low,40,Afternoon,Medium
Clear,5.676,Urban,Night-lit,High,60,Night,High
Clear,0.742,Urban,Dawn/Dusk,High,80,Afternoon,High
Drizzle,8.019,Intersection,Daylight,Medium,60,Night,Medium
Drizzle,10.0,Highway,Night-unlit,Low,50,Morning,Medium
Clear,7.541,Intersection,Daylight,High,40,Night,Medium
Clear,7.576,Highway,Night-lit,High,60,Evening,Medium
Fog,4.883,Intersection,Daylight,Medium,60,Morning,High
Clear,4.363,Urban,Daylight,Very High,60,Morning,Medium
Clear,6.703,Rural,Night-lit,Medium,50,Morning,Medium
Rain,5.586,Rural,Dawn/Dusk,Low,30,Evening,Medium
Rain,8.285,Rural,Daylight,Medium,80,Morning,High
Storm,4.164,Urban,Daylight,High,80,Morning,High
Fog,4.471,Highway,Night-lit,Medium,80,Morning,High
Clear,5.251,Highway,Night-lit,Low,30,Afternoon,Low
Rain,5.86,Intersection,Daylight,High,60,Morning,Medium
Clear,6.758,Highway,Dawn/Dusk,Very High,40,Night,Medium
Storm,4.424,Urban,Daylight,Medium,100,Afternoon,High
Storm,3.401,Highway,Night-lit,Medium,60,Morning,High
Clear,3.396,Urban,Night-unlit,High,100,Night,High
Rain,3.119,Intersection,Night-lit,Very High,50,Evening,High
Drizzle,4.715,Urban,Night-lit,Medium,50,Night,Medium
Drizzle,4.206,Highway,Daylight,High,80,Morning,High
Clear,5.115,Intersection,Daylight,Medium,80,Afternoon,Medium
Clear,4.01,Rural,Night-unlit,Medium,50,Evening,Medium
Rain,6.911,Highway,Daylight,Medium,80,Afternoon,High
Rain,2.494,Urban,Night-lit,Very High,40,Morning,High
Clear,6.146,Urban,Daylight,Medium,50,Afternoon,Low
Clear,2.351,Intersection,Night-lit,High,30,Afternoon,Medium
Clear,6.959,Intersection,Night-lit,Very High,80,Evening,High
Drizzle,6.133,Highway,Night-lit,High,40,Afternoon,Medium
Fog,4.423,Urban,Night-unlit,Medium,40,Morning,High
Drizzle,4.907,Urban,Night-lit,Medium,50,Morning,Medium
Rain,7.327,Highway,Night-unlit,Low,80,Evening,High
Storm,6.381,Rural,Night-unlit,Low,80,Morning,High
Fog,1.969,Urban,Dawn/Dusk,Low,50,Evening,High
Storm,0.4,Intersection,Night-lit,Medium,50,Morning,High
Rain,3.958,Urban,Daylight,Medium,100,Night,High
Drizzle,5.165,Urban,Night-lit,Low,60,Night,Medium
Drizzle,7.408,Highway,Daylight,High,50,Evening,Medium
Clear,0.4,Urban,Dawn/Dusk,Medium,40,Morning,Medium
Clear,4.461,Highway,Night-unlit,Very High,60,Afternoon,High
Rain,9.679,Urban,Daylight,High,30,Night,Medium
Fog,5.544,Highway,Night-lit,Medium,80,Night,High
Clear,8.202,Intersection,Night-lit,High,40,Morning,Medium
Rain,9.625,Urban,Dawn/Dusk,Very High,40,Afternoon,Medium
Clear,4.144,Urban,Dawn/Dusk,High,30,Afternoon,Medium
Clear,6.896,Urban,Daylight,Very High,80,Morning,Medium
Clear,7.911,Intersection,Night-unlit,High,30,Afternoon,Medium
Fog,5.879,Urban,Daylight,Very High,50,Morning,High
Rain,2.016,Rural,Night-unlit,High,80,Evening,High
Fog,7.261,Intersection,Night-lit,Very High,80,Night,High
Drizzle,2.096,Rural,Daylight,High,100,Afternoon,High
Rain,4.373,Urban,Dawn/Dusk,Low,40,Morning,Medium
Clear,8.226,Urban,Night-lit,High,80,Morning,Medium
Clear,5.004,Rural,Night-lit,Medium,100,Evening,Medium
Clear,6.793,Intersection,Dawn/Dusk,High,60,Night,High
Clear,3.973,Urban,Night-unlit,Medium,40,Evening,Medium
Drizzle,6.306,Urban,Daylight,Very High,40,Night,Medium
Rain,6.486,Highway,Daylight,Low,30,Afternoon,Low
Clear,5.966,Intersection,Daylight,Very High,80,Night,High
Rain,5.958,Intersection,Night-lit,Medium,50,Night,Medium
Clear,3.215,Highway,Night-lit,High,40,Night,High
Clear,7.788,Highway,Dawn/Dusk,High,40,Evening,Medium
Clear,6.591,Highway,Dawn/Dusk,Low,30,Afternoon,Low
Clear,5.453,Highway,Daylight,Medium,60,Night,Medium
Drizzle,4.736,Urban,Dawn/Dusk,Very High,40,Evening,High
Rain,4.296,Urban,Night-lit,Low,80,Night,High
Fog,7.011,Urban,Daylight,High,80,Afternoon,High
Fog,4.56,Highway,Night-unlit,Very High,50,Evening,High
Clear,6.612,Highway,Night-lit,High,100,Morning,High
Rain,5.994,Rural,Dawn/Dusk,Very High,80,Night,High
Rain,5.959,Rural,Night-lit,Very High,60,Evening,High
Clear,5.461,Highway,Dawn/Dusk,Low,50,Night,Medium
Drizzle,6.026,Rural,Night-lit,Very High,100,Afternoon,High
Clear,5.242,Rural,Dawn/Dusk,Medium,100,Morning,Medium
Clear,7.296,Intersection,Daylight,High,50,Night,Medium
Fog,5.93,Intersection,Night-lit,Medium,60,Morning,High
Clear,3.555,Urban,Daylight,Medium,50,Evening,Medium
Fog,4.231,Urban,Dawn/Dusk,Very High,60,Evening,High
Drizzle,2.765,Highway,Night-lit,Medium,50,Night,High
Rain,6.094,Intersection,Daylight,Low,60,Afternoon,Low
Clear,5.249,Rural,Night-lit,High,50,Afternoon,Medium
Clear,2.974,Intersection,Dawn/Dusk,Medium,50,Morning,Medium
Drizzle,3.257,Urban,Daylight,Low,40,Afternoon,Low
Rain,6.308,Urban,Daylight,High,100,Morning,High
Rain,6.019,Intersection,Night-lit,Low,80,Morning,High
Rain,6.88,Highway,Night-lit,High,80,Evening,High
Drizzle,4.694,Urban,Night-lit,High,40,Afternoon,Medium
Rain,4.309,Rural,Night-unlit,Medium,60,Evening,High
Clear,6.888,Urban,Daylight,Low,80,Evening,Medium
Drizzle,7.313,Urban,Daylight,Low,100,Afternoon,Medium
Clear,6.165,Rural,Night-lit,Very High,50,Night,Medium
Storm,6.938,Urban,Daylight,Medium,40,Evening,Medium
Clear,3.465,Highway,Night-unlit,Medium,40,Morning,Medium
Drizzle,7.655,Urban,Night-lit,Medium,50,Morning,Medium
Clear,2.858,Urban,Night-unlit,Medium,50,Evening,High
Clear,1.746,Urban,Dawn/Dusk,High,60,Morning,High
Clear,6.656,Urban,Daylight,Very High,50,Night,Medium
Clear,7.526,Rural,Night-lit,Very High,30,Night,Medium
Rain,3.456,Urban,Daylight,High,60,Afternoon,High
Drizzle,7.205,Highway,Dawn/Dusk,Very High,80,Evening,High
Rain,6.987,Highway,Night-lit,Very High,60,Afternoon,High
Rain,4.212,Highway,Night-lit,High,60,Afternoon,High
Drizzle,4.183,Urban,Night-lit,High,30,Night,Medium
Drizzle,4.934,Highway,Night-lit,Low,50,Night,Medium
Rain,4.75,Urban,Daylight,Medium,50,Evening,Medium
Rain,4.588,Highway,Daylight,Low,80,Afternoon,Medium
Fog,8.276,Rural,Night-lit,Medium,30,Morning,Medium
Rain,6.626,Urban,Dawn/Dusk,Medium,50,Evening,High
Drizzle,1.31,Highway,Daylight,Medium,80,Morning,High
Drizzle,5.585,Intersection,Dawn/Dusk,Medium,80,Evening,High
Rain,3.802,Urban,Night-lit,Medium,40,Evening,Medium
Clear,5.239,Rural,Night-lit,High,100,Morning,Medium
Drizzle,8.651,Urban,Night-lit,Low,40,Night,Medium
Drizzle,2.877,Urban,Daylight,Very High,60,Night,High
Clear,5.032,Urban,Night-unlit,Medium,40,Night,High
Drizzle,8.248,Urban,Daylight,Low,30,Evening,Low
Clear,4.948,Rural,Daylight,Medium,50,Morning,Low
Rain,1.956,Rural,Night-lit,Very High,50,Evening,High
Clear,5.815,Highway,Night-unlit,Medium,100,Evening,High
Clear,3.928,Highway,Night-unlit,High,40,Morning,High
Rain,5.402,Urban,Daylight,Very High,40,Afternoon,Medium
Drizzle,9.93,Highway,Night-lit,Low,80,Afternoon,Medium
Clear,6.764,Urban,Daylight,Low,50,Afternoon,Low
Clear,2.533,Urban,Daylight,Low,80,Evening,Medium
Rain,6.98,Rural,Night-unlit,Very High,80,Afternoon,High
Clear,4.553,Rural,Dawn/Dusk,High,50,Evening,Medium
Drizzle,7.609,Highway,Night-lit,Low,60,Morning,Medium
Drizzle,4.7,Highway,Daylight,High,60,Afternoon,Medium
Rain,3.262,Urban,Night-unlit,High,80,Afternoon,High
Clear,5.802,Urban,Daylight,Low,50,Night,Low
Fog,3.993,Intersection,Night-lit,Medium,40,Morning,High
Drizzle,4.524,Urban,Dawn/Dusk,Medium,50,Morning,Medium
Drizzle,6.291,Urban,Daylight,High,60,Afternoon,Medium
Clear,5.414,Intersection,Daylight,Medium,30,Morning,Low
Drizzle,2.777,Highway,Daylight,Medium,100,Morning,High
Drizzle,5.117,Intersection,Daylight,Medium,40,Morning,Medium
Clear,5.078,Rural,Night-unlit,High,60,Night,High
Clear,7.071,Rural,Night-lit,Medium,60,Afternoon,Medium
Rain,1.4,Rural,Daylight,Medium,50,Afternoon,Medium
Drizzle,3.458,Urban,Daylight,High,60,Night,High
Clear,4.417,Intersection,Night-lit,High,50,Evening,High
Drizzle,2.76,Urban,Night-unlit,Medium,50,Night,High
Storm,4.434,Highway,Night-lit,Medium,80,Afternoon,High
Drizzle,6.507,Urban,Daylight,Medium,50,Night,Medium
Drizzle,5.826,Rural,Daylight,High,60,Afternoon,High
Rain,4.8,Intersection,Night-lit,Medium,50,Evening,High
Rain,5.006,Intersection,Night-unlit,Medium,40,Afternoon,High
Clear,6.264,Urban,Daylight,Very High,50,Morning,Medium
Rain,4.454,Urban,Night-lit,Medium,30,Morning,Medium
Drizzle,6.403,Rural,Daylight,Low,40,Morning,Low
Drizzle,10.0,Urban,Dawn/Dusk,Very High,40,Night,High
Clear,4.573,Rural,Night-unlit,High,80,Morning,Medium
Fog,5.453,Urban,Night-lit,High,80,Morning,High
Clear,5.129,Highway,Daylight,High,30,Afternoon,Medium
Clear,4.327,Urban,Daylight,Low,50,Evening,Low
Clear,6.675,Urban,Daylight,Medium,50,Evening,Medium
Clear,10.0,Rural,Night-lit,Very High,60,Night,Medium
Clear,3.763,Urban,Daylight,Low,100,Evening,Medium
Fog,8.739,Rural,Dawn/Dusk,Very High,30,Morning,Medium
Clear,8.536,Urban,Night-lit,Very High,40,Evening,Medium
Clear,5.34,Urban,Night-unlit,Very High,60,Night,High
Rain,4.719,Highway,Daylight,Medium,30,Morning,Medium
Clear,1.483,Urban,Night-unlit,Medium,30,Afternoon,Medium
Drizzle,3.055,Intersection,Daylight,Low,80,Evening,High
Fog,0.4,Highway,Night-lit,Low,60,Evening,High
Clear,7.256,Rural,Daylight,High,30,Night,Medium
Rain,4.025,Urban,Night-unlit,Very High,80,Afternoon,High
Clear,4.656,Urban,Daylight,Low,60,Evening,Medium
Rain,5.148,Intersection,Night-unlit,High,100,Evening,High
Rain,6.897,Urban,Night-lit,Medium,100,Night,High
Storm,5.552,Rural,Daylight,Medium,50,Evening,Medium
Clear,3.966,Highway,Night-unlit,Very High,80,Morning,High
Rain,3.48,Highway,Night-unlit,Very High,60,Night,High
Fog,4.369,Highway,Night-lit,Low,80,Morning,High
Clear,4.814,Highway,Daylight,Very High,80,Night,High
Drizzle,1.624,Rural,Night-unlit,Low,30,Night,Medium
Clear,7.069,Highway,Daylight,Very High,50,Night,Medium
Rain,5.729,Urban,Night-lit,Medium,80,Morning,High
Rain,4.978,Highway,Daylight,Low,50,Evening,Medium
Storm,5.211,Highway,Night-lit,Low,100,Afternoon,High
Storm,5.779,Rural,Daylight,Low,80,Night,High
Clear,4.139,Urban,Daylight,Medium,50,Afternoon,Low
Rain,3.74,Intersection,Night-unlit,High,60,Night,High
Rain,4.954,Rural,Dawn/Dusk,Medium,50,Night,Medium
Drizzle,5.85,Intersection,Daylight,Very High,60,Morning,Medium
Fog,9.253,Rural,Night-lit,High,30,Morning,Medium
Rain,6.162,Urban,Night-lit,High,30,Morning,Medium
Drizzle,8.784,Intersection,Night-lit,High,50,Night,High
Drizzle,2.621,Highway,Dawn/Dusk,Low,80,Afternoon,Medium
Clear,1.478,Highway,Night-lit,Very High,100,Morning,High
Clear,5.635,Highway,Night-unlit,Medium,80,Afternoon,Medium
Rain,4.875,Rural,Night-lit,Very High,80,Afternoon,High
Rain,7.412,Intersection,Daylight,High,60,Night,High
Clear,4.464,Intersection,Daylight,Medium,40,Evening,Medium
Clear,4.694,Urban,Night-unlit,High,80,Morning,High
Rain,3.942,Intersection,Daylight,Low,30,Night,Medium
Clear,5.155,Rural,Daylight,Medium,50,Morning,Low
Rain,4.659,Intersection,Night-unlit,High,80,Evening,Medium
Rain,5.278,Urban,Daylight,High,40,Morning,Medium
Clear,3.849,Intersection,Dawn/Dusk,Low,60,Evening,Medium
Drizzle,7.632,Urban,Daylight,Very High,100,Morning,High
Drizzle,5.95,Intersection,Night-lit,Medium,40,Evening,Medium
Rain,6.183,Highway,Daylight,Very High,40,Night,High
Clear,6.436,Urban,Daylight,Medium,50,Morning,Medium
Fog,8.522,Highway,Dawn/Dusk,Medium,50,Morning,High
Clear,3.572,Highway,Night-lit,Medium,60,Morning,Medium
Rain,7.77,Urban,Night-lit,Medium,100,Afternoon,High
Clear,6.029,Highway,Night-lit,Very High,100,Morning,High
Fog,5.634,Urban,Night-lit,Very High,60,Morning,High
Rain,5.529,Rural,Night-lit,High,60,Evening,High
Rain,7.347,Highway,Daylight,Very High,80,Night,High
Clear,5.455,Highway,Daylight,Medium,50,Night,Medium
Clear,4.133,Rural,Night-lit,Medium,100,Afternoon,Medium
Clear,2.036,Intersection,Daylight,High,40,Evening,High
Clear,5.765,Rural,Daylight,Medium,30,Evening,Low
Fog,8.205,Intersection,Daylight,Medium,50,Night,Medium
Clear,6.93,Intersection,Night-unlit,High,50,Morning,Medium
Clear,1.683,Urban,Night-unlit,Low,40,Morning,Medium
Drizzle,4.091,Urban,Dawn/Dusk,Medium,60,Afternoon,Medium
Rain,7.191,Urban,Night-lit,Medium,40,Evening,Medium
Clear,6.145,Rural,Daylight,Low,80,Afternoon,Low
Storm,1.692,Urban,Dawn/Dusk,Low,40,Morning,High
Clear,10.0,Highway,Dawn/Dusk,Low,30,Night,Low
Drizzle,2.436,Rural,Daylight,Medium,50,Morning,Medium
Clear,5.44,Intersection,Daylight,Medium,60,Night,Medium
Fog,5.609,Urban,Night-unlit,Medium,80,Morning,High
Rain,3.225,Urban,Daylight,Medium,40,Night,Medium
Drizzle,5.842,Intersection,Night-unlit,High,80,Evening,High
Drizzle,4.18,Intersection,Night-lit,Medium,40,Afternoon,Medium
Rain,4.173,Urban,Dawn/Dusk,High,40,Evening,High
Clear,3.187,Urban,Daylight,Low,40,Night,Medium
Fog,6.418,Intersection,Night-lit,Medium,80,Night,High
Drizzle,0.923,Urban,Night-lit,Medium,100,Night,High
Rain,4.125,Rural,Daylight,Medium,30,Night,Medium
Rain,7.204,Urban,Daylight,Medium,80,Evening,Medium
Clear,7.155,Urban,Dawn/Dusk,Medium,60,Night,Medium
Fog,2.476,Highway,Night-lit,Low,40,Afternoon,High
Rain,7.117,Highway,Daylight,High,60,Morning,High
Rain,7.762,Highway,Daylight,Low,60,Evening,Medium
Drizzle,9.19,Highway,Night-lit,Very High,50,Night,High
Clear,8.478,Urban,Night-unlit,Low,60,Afternoon,Medium
Rain,6.193,Highway,Night-lit,Medium,80,Afternoon,Medium
Fog,4.195,Highway,Daylight,Very High,60,Evening,High
Rain,2.806,Rural,Daylight,Low,30,Morning,Medium
Rain,1.012,Highway,Daylight,Very High,100,Morning,High
Rain,2.661,Intersection,Night-lit,Medium,60,Afternoon,High
Clear,4.331,Intersection,Night-lit,Medium,60,Morning,Medium
Clear,5.367,Urban,Daylight,Medium,40,Morning,Low
Clear,8.239,Urban,Daylight,High,40,Night,Medium
Clear,5.302,Intersection,Dawn/Dusk,Very High,50,Night,High
Clear,6.736,Highway,Daylight,Low,60,Evening,Low
Rain,8.027,Rural,Night-lit,High,100,Evening,High
Clear,7.358,Urban,Daylight,Medium,40,Afternoon,Low
Drizzle,3.293,Rural,Dawn/Dusk,Low,50,Morning,Medium
Clear,3.179,Urban,Daylight,Medium,50,Afternoon,Medium
Drizzle,3.143,Highway,Daylight,Very High,30,Afternoon,Medium
Rain,6.978,Intersection,Daylight,Medium,80,Afternoon,High
Clear,6.822,Intersection,Daylight,Medium,40,Morning,Medium
Rain,5.806,Highway,Daylight,Low,60,Evening,Medium
Clear,6.935,Urban,Dawn/Dusk,High,50,Evening,Medium
Clear,5.553,Rural,Night-lit,Very High,100,Evening,High
Storm,9.374,Rural,Dawn/Dusk,High,60,Night,High
Drizzle,4.074,Highway,Night-lit,Low,30,Night,Medium
Drizzle,3.22,Urban,Daylight,High,80,Afternoon,Medium
Drizzle,5.17,Urban,Dawn/Dusk,Very High,60,Night,High
Clear,8.812,Highway,Night-lit,Low,100,Morning,Medium
Rain,4.654,Urban,Daylight,High,40,Night,High
Drizzle,4.842,Intersection,Daylight,High,80,Afternoon,Medium
Clear,5.412,Urban,Night-lit,High,50,Afternoon,Medium
Fog,4.252,Rural,Daylight,High,40,Afternoon,Medium
Drizzle,6.508,Highway,Night-lit,High,40,Night,High
Storm,5.818,Intersection,Night-lit,Very High,100,Night,High
Rain,5.153,Highway,Night-unlit,Low,100,Night,High
Clear,2.607,Rural,Night-lit,Very High,60,Afternoon,High
Drizzle,4.651,Urban,Night-lit,High,30,Afternoon,Medium
Clear,3.508,Urban,Dawn/Dusk,Very High,80,Morning,Medium
Drizzle,6.44,Urban,Daylight,Medium,40,Evening,Medium
Clear,3.696,Urban,Dawn/Dusk,Medium,60,Afternoon,Medium
Drizzle,0.506,Highway,Daylight,High,50,Afternoon,High
Drizzle,5.278,Urban,Daylight,Very High,60,Afternoon,Medium
Fog,5.592,Urban,Night-lit,Low,40,Morning,Medium
Rain,4.406,Rural,Daylight,Very High,40,Afternoon,Medium
Clear,4.242,Highway,Night-lit,Medium,60,Morning,Medium
Fog,3.747,Rural,Dawn/Dusk,Medium,80,Afternoon,High
Drizzle,5.238,Highway,Night-lit,Low,40,Morning,Medium
Clear,2.385,Urban,Daylight,Medium,60,Night,Medium
Clear,6.009,Urban,Daylight,Low,50,Night,Low
Drizzle,3.285,Intersection,Daylight,Medium,80,Morning,Medium
Clear,6.51,Highway,Night-lit,Very High,30,Morning,Medium
Clear,5.028,Highway,Night-unlit,Very High,60,Night,High
Drizzle,4.67,Urban,Night-lit,High,30,Afternoon,Medium
Clear,5.487,Highway,Dawn/Dusk,Medium,80,Afternoon,Medium
Rain,7.212,Urban,Night-unlit,Very High,50,Morning,High
Rain,5.483,Urban,Daylight,Low,60,Morning,Medium
Clear,4.22,Urban,Daylight,Medium,50,Morning,Medium
Rain,0.949,Rural,Dawn/Dusk,Low,80,Evening,High
Rain,8.108,Urban,Night-lit,Medium,40,Night,Medium
Fog,9.077,Urban,Night-lit,High,40,Night,High
Fog,3.923,Intersection,Night-lit,High,30,Morning,High
Rain,5.447,Highway,Dawn/Dusk,High,40,Morning,Medium
Fog,8.456,Urban,Daylight,Medium,100,Evening,High
Clear,4.958,Urban,Daylight,High,50,Morning,Medium
Rain,6.853,Intersection,Daylight,High,40,Evening,Medium
Fog,6.555,Urban,Daylight,High,60,Evening,High
Drizzle,4.691,Rural,Daylight,High,80,Night,Medium
Rain,5.504,Urban,Daylight,Low,80,Morning,Medium
Fog,4.945,Urban,Daylight,High,50,Morning,Medium
Drizzle,6.353,Highway,Night-lit,High,40,Afternoon,Medium
Drizzle,5.494,Rural,Night-lit,High,50,Evening,Medium
Drizzle,5.246,Intersection,Daylight,Medium,50,Night,Medium
Clear,8.224,Urban,Daylight,High,30,Afternoon,Low
Clear,1.798,Rural,Night-unlit,Very High,50,Afternoon,High
Rain,0.4,Urban,Daylight,High,30,Night,High
Fog,7.872,Urban,Daylight,High,60,Night,High
Rain,4.91,Rural,Daylight,Medium,40,Night,Medium
Clear,5.178,Intersection,Daylight,Medium,60,Night,Medium
Rain,4.122,Urban,Daylight,Very High,100,Afternoon,High
Rain,3.621,Highway,Night-unlit,Medium,80,Night,High
Rain,6.754,Urban,Daylight,High,40,Morning,Medium
Rain,6.055,Urban,Daylight,Medium,60,Morning,Medium
Clear,7.169,Highway,Daylight,High,60,Morning,Medium
Clear,6.167,Highway,Daylight,Medium,30,Afternoon,Low
Clear,4.797,Rural,Night-lit,High,60,Morning,Medium
Clear,5.626,Intersection,Daylight,Medium,80,Night,Medium
Drizzle,6.959,Rural,Night-lit,High,100,Afternoon,High
Fog,4.19,Rural,Night-lit,Medium,30,Night,Medium
Drizzle,4.35,Highway,Daylight,Very High,50,Morning,Medium
Drizzle,5.432,Rural,Daylight,High,100,Morning,Medium
Clear,1.44,Urban,Night-lit,Low,80,Night,High
Clear,5.239,Highway,Night-unlit,Medium,40,Morning,Medium
Rain,1.106,Rural,Daylight,Medium,30,Night,High
Clear,6.71,Highway,Daylight,Medium,50,Night,Medium
Clear,5.54,Urban,Daylight,High,80,Night,Medium
Rain,4.645,Intersection,Daylight,Medium,50,Afternoon,Medium
Rain,5.18,Urban,Dawn/Dusk,Medium,100,Morning,High
Clear,6.741,Intersection,Night-unlit,Medium,80,Morning,Medium
Storm,6.916,Urban,Daylight,Low,60,Night,Medium
Clear,7.532,Urban,Daylight,High,50,Night,Medium
Clear,8.838,Rural,Night-unlit,High,80,Morning,Medium
Clear,2.586,Urban,Night-lit,Low,60,Morning,Medium
Drizzle,5.625,Urban,Dawn/Dusk,Medium,50,Afternoon,Medium
Clear,4.365,Rural,Night-lit,Medium,100,Evening,High
Clear,6.791,Highway,Night-unlit,Low,80,Afternoon,Low
Rain,6.097,Rural,Daylight,High,50,Morning,Medium
Rain,10.0,Urban,Night-unlit,Medium,80,Afternoon,High
Clear,5.03,Rural,Dawn/Dusk,High,60,Afternoon,Medium
Drizzle,1.44,Highway,Daylight,Medium,30,Night,Medium
Fog,3.811,Rural,Night-lit,Low,100,Night,High
Drizzle,5.287,Urban,Night-unlit,High,60,Morning,High
Drizzle,7.873,Urban,Dawn/Dusk,Medium,30,Morning,Medium
Rain,6.408,Intersection,Daylight,High,30,Evening,High
Drizzle,8.081,Highway,Daylight,High,60,Night,High
Rain,2.523,Urban,Dawn/Dusk,Medium,60,Night,High
Clear,4.003,Rural,Night-lit,Very High,50,Morning,Medium
Fog,4.709,Highway,Night-lit,Low,50,Afternoon,Medium
Storm,3.493,Urban,Night-lit,Medium,50,Morning,High
Drizzle,3.969,Urban,Dawn/Dusk,High,60,Afternoon,Medium
Clear,5.753,Highway,Dawn/Dusk,Medium,50,Evening,Medium
Rain,4.258,Highway,Daylight,High,40,Night,High
Storm,7.384,Rural,Daylight,High,50,Afternoon,Medium
Clear,8.598,Rural,Daylight,Medium,50,Morning,Low
Clear,3.423,Highway,Daylight,High,30,Evening,Medium
Clear,4.752,Urban,Daylight,Medium,80,Evening,Medium
Clear,2.127,Intersection,Night-lit,High,80,Night,High
Clear,7.641,Urban,Daylight,Medium,60,Afternoon,Low
Drizzle,4.247,Urban,Night-lit,Very High,100,Evening,High
Rain,6.71,Rural,Daylight,Low,50,Afternoon,Low
Rain,5.957,Urban,Dawn/Dusk,Very High,50,Morning,Medium
Rain,3.399,Intersection,Night-lit,Low,100,Morning,High
Rain,5.281,Highway,Daylight,Very High,50,Evening,High
Clear,4.578,Rural,Daylight,Medium,50,Evening,Low
Clear,4.063,Urban,Daylight,Medium,40,Afternoon,Low
Drizzle,4.395,Rural,Night-unlit,Very High,50,Afternoon,Medium
Rain,3.73,Highway,Dawn/Dusk,High,30,Morning,High
Drizzle,6.508,Intersection,Daylight,Low,40,Night,Medium
Rain,2.91,Urban,Night-lit,Medium,40,Evening,High
Rain,3.839,Highway,Daylight,Medium,50,Evening,Medium
Rain,7.206,Intersection,Daylight,High,100,Morning,High
Rain,2.679,Urban,Night-lit,Very High,80,Morning,High
Fog,7.901,Urban,Daylight,High,60,Morning,Low
Clear,8.085,Rural,Night-unlit,Medium,40,Afternoon,Medium
Rain,5.67,Urban,Night-lit,Medium,100,Evening,High
Clear,1.011,Highway,Night-unlit,High,60,Night,High
Drizzle,9.179,Rural,Daylight,High,80,Morning,Medium
Drizzle,7.404,Highway,Night-lit,High,80,Night,High
Clear,7.19,Urban,Dawn/Dusk,High,30,Night,Medium
Clear,5.097,Highway,Daylight,Low,50,Evening,Low
Clear,4.545,Urban,Night-lit,Medium,60,Afternoon,Medium
Clear,4.492,Rural,Daylight,Medium,40,Night,Medium
Rain,4.819,Urban,Daylight,Very High,80,Morning,High
Clear,7.071,Highway,Daylight,Medium,30,Afternoon,Medium
Drizzle,2.733,Highway,Daylight,High,40,Night,Medium
Fog,2.821,Intersection,Daylight,Low,80,Evening,High
Drizzle,10.0,Intersection,Night-lit,Very High,80,Afternoon,High
Clear,4.274,Intersection,Night-lit,Very High,50,Night,High
Clear,2.692,Urban,Night-lit,Low,30,Night,Medium
Rain,5.804,Highway,Daylight,Low,50,Morning,Medium
Drizzle,6.435,Urban,Night-unlit,Very High,80,Evening,High
Storm,2.685,Highway,Night-lit,Low,60,Evening,High
Drizzle,6.889,Highway,Dawn/Dusk,High,40,Evening,High
Clear,4.379,Rural,Daylight,High,80,Night,High
Rain,1.457,Rural,Night-unlit,High,80,Evening,Medium
Drizzle,2.642,Highway,Dawn/Dusk,Medium,30,Night,Medium
Rain,5.711,Urban,Daylight,Low,50,Afternoon,Low
Rain,1.541,Urban,Dawn/Dusk,Medium,60,Morning,High
Clear,3.844,Intersection,Daylight,Medium,50,Evening,Medium
Drizzle,7.411,Rural,Night-lit,High,50,Afternoon,Medium
Clear,6.926,Intersection,Daylight,High,50,Afternoon,Medium
Drizzle,3.142,Urban,Daylight,Medium,50,Morning,Medium
Clear,4.353,Urban,Daylight,High,50,Night,Medium
Drizzle,7.422,Rural,Night-lit,Very High,100,Evening,High
Rain,3.328,Urban,Night-lit,High,50,Afternoon,High
Clear,2.427,Highway,Daylight,Very High,80,Evening,High
Storm,4.797,Urban,Daylight,Low,100,Evening,High
Rain,0.4,Rural,Daylight,Medium,50,Evening,High
Clear,3.457,Highway,Daylight,Low,50,Night,Medium
Rain,5.62,Highway,Night-unlit,Very High,30,Evening,High
Clear,3.097,Highway,Daylight,High,60,Evening,High
Clear,4.069,Urban,Dawn/Dusk,Medium,50,Afternoon,Medium
Rain,8.755,Urban,Daylight,Low,50,Afternoon,Low
Fog,3.473,Highway,Dawn/Dusk,Medium,80,Night,High
Drizzle,7.043,Intersection,Dawn/Dusk,High,60,Afternoon,Medium
Drizzle,2.915,Urban,Dawn/Dusk,High,100,Morning,High
Clear,6.047,Urban,Daylight,High,60,Night,Medium
Drizzle,2.937,Urban,Daylight,Medium,50,Morning,Medium
Drizzle,5.604,Intersection,Daylight,High,50,Morning,Medium
Rain,3.554,Intersection,Night-lit,Medium,40,Afternoon,Medium
Drizzle,6.193,Intersection,Daylight,Low,60,Evening,Medium
Clear,1.886,Urban,Night-unlit,Low,60,Afternoon,Medium
Clear,3.241,Rural,Dawn/Dusk,High,60,Morning,Medium
Fog,4.247,Highway,Night-lit,Medium,40,Morning,Medium
Rain,5.82,Urban,Night-unlit,Low,60,Evening,Medium
Rain,3.964,Urban,Night-unlit,Very High,60,Evening,High
Clear,6.091,Highway,Night-lit,Medium,80,Night,High
Clear,3.261,Highway,Daylight,Low,60,Morning,Medium
Rain,6.874,Urban,Daylight,Medium,100,Morning,Medium
Clear,4.87,Urban,Dawn/Dusk,Medium,50,Evening,Medium
Drizzle,5.294,Highway,Night-lit,Medium,40,Night,High
Clear,5.799,Rural,Daylight,Low,30,Afternoon,Low
Drizzle,5.207,Highway,Night-lit,Very High,60,Evening,High
Drizzle,7.052,Urban,Daylight,High,80,Night,Medium
Fog,3.125,Urban,Daylight,High,100,Night,High
Clear,4.987,Rural,Night-lit,High,60,Afternoon,Medium
Drizzle,5.984,Highway,Night-unlit,Medium,50,Morning,Medium
Clear,7.662,Urban,Daylight,High,100,Evening,High
Rain,2.538,Highway,Daylight,Very High,50,Afternoon,Medium
Clear,2.553,Urban,Dawn/Dusk,High,60,Afternoon,High
Rain,4.64,Urban,Daylight,Medium,60,Night,Medium
Fog,3.36,Highway,Night-unlit,Low,60,Morning,High
Clear,6.488,Intersection,Night-unlit,Medium,100,Evening,High
Rain,7.115,Urban,Dawn/Dusk,Medium,60,Night,Medium
Fog,5.592,Intersection,Daylight,High,50,Night,High
Clear,5.819,Urban,Night-unlit,High,30,Morning,Medium
Drizzle,8.058,Rural,Daylight,Medium,50,Morning,Low
Drizzle,3.535,Urban,Dawn/Dusk,Very High,40,Afternoon,Medium
Rain,0.911,Highway,Dawn/Dusk,Very High,80,Afternoon,High
Clear,7.293,Intersection,Night-unlit,High,80,Night,High
Fog,3.245,Intersection,Dawn/Dusk,Low,40,Afternoon,Medium
Rain,5.422,Highway,Night-lit,High,50,Morning,Medium
Clear,3.579,Urban,Daylight,High,60,Evening,Medium
Clear,2.671,Rural,Daylight,Medium,100,Night,High
Drizzle,5.036,Intersection,Daylight,Medium,80,Night,High
Rain,5.933,Urban,Night-lit,High,60,Night,High
Drizzle,4.988,Urban,Night-unlit,High,80,Afternoon,Medium
Clear,4.282,Urban,Dawn/Dusk,High,80,Evening,High
Fog,7.654,Urban,Night-lit,High,50,Afternoon,Medium
Clear,4.093,Urban,Night-lit,Very High,80,Night,High
Clear,5.145,Urban,Daylight,Low,40,Afternoon,Low
Rain,4.156,Urban,Night-lit,High,100,Evening,High
Clear,6.717,Urban,Daylight,Medium,40,Night,Medium
Clear,5.793,Intersection,Daylight,Low,40,Night,Medium
Drizzle,5.198,Urban,Daylight,Very High,80,Afternoon,Medium
Drizzle,4.994,Urban,Daylight,Medium,80,Morning,Medium
Drizzle,6.438,Highway,Dawn/Dusk,High,40,Afternoon,Medium
Drizzle,9.802,Rural,Night-unlit,Medium,60,Evening,Medium
Rain,0.984,Rural,Night-unlit,Medium,50,Evening,High
Rain,6.897,Urban,Daylight,Very High,80,Evening,High
Rain,6.446,Highway,Daylight,Medium,40,Morning,Medium
Rain,5.578,Intersection,Night-lit,Medium,80,Morning,High
Rain,6.508,Urban,Daylight,Medium,80,Afternoon,Medium
Clear,6.174,Urban,Daylight,Low,80,Evening,Medium
Drizzle,6.372,Urban,Daylight,Very High,40,Evening,Medium
Rain,7.066,Urban,Daylight,Very High,40,Afternoon,Medium
Clear,6.172,Highway,Dawn/Dusk,Very High,80,Night,High
Clear,5.633,Urban,Daylight,Low,50,Evening,Low
Clear,5.681,Urban,Dawn/Dusk,Low,80,Morning,Medium
Rain,6.471,Intersection,Night-lit,Medium,40,Night,High
Rain,1.624,Highway,Night-lit,Low,80,Evening,High
Rain,4.505,Highway,Daylight,High,30,Night,Medium
Rain,7.075,Urban,Daylight,Low,80,Afternoon,Medium
Rain,2.245,Rural,Dawn/Dusk,Medium,60,Morning,High
Clear,8.189,Urban,Night-unlit,High,100,Night,High
Drizzle,5.377,Urban,Daylight,High,80,Evening,High
Clear,3.155,Urban,Night-lit,Medium,50,Afternoon,Medium
Clear,4.055,Urban,Night-lit,Very High,100,Night,High
Fog,5.96,Highway,Dawn/Dusk,High,80,Afternoon,High
Clear,10.0,Urban,Daylight,High,60,Evening,Medium
Clear,4.844,Urban,Daylight,Medium,60,Afternoon,Low
Clear,9.332,Urban,Night-lit,Medium,40,Night,Medium
Drizzle,8.466,Urban,Night-unlit,High,60,Morning,High
Storm,5.045,Urban,Night-lit,High,60,Morning,High
Clear,4.097,Highway,Daylight,Medium,40,Afternoon,Low
Drizzle,6.507,Intersection,Night-lit,Low,80,Afternoon,Medium
Drizzle,3.791,Highway,Daylight,Medium,80,Afternoon,Medium
Rain,1.382,Intersection,Night-lit,High,80,Afternoon,High
Clear,4.985,Rural,Daylight,Medium,60,Morning,Medium
Drizzle,6.031,Urban,Night-unlit,High,60,Afternoon,High
Fog,3.527,Intersection,Daylight,Medium,100,Morning,High
Rain,7.97,Urban,Daylight,Medium,60,Morning,Medium
Drizzle,5.355,Urban,Dawn/Dusk,High,80,Evening,High
Storm,6.602,Intersection,Daylight,Medium,50,Afternoon,Medium
Clear,6.709,Highway,Daylight,Low,60,Morning,Low
Clear,6.038,Highway,Daylight,Low,60,Afternoon,Low
Drizzle,7.364,Urban,Night-lit,Low,50,Night,Medium
Clear,8.131,Urban,Dawn/Dusk,Very High,100,Evening,High
Clear,6.78,Rural,Daylight,Medium,60,Evening,Medium
Clear,6.953,Urban,Daylight,High,80,Morning,Medium
Storm,5.529,Highway,Dawn/Dusk,Very High,40,Morning,High
Rain,7.365,Rural,Night-lit,Very High,60,Afternoon,High
Rain,2.358,Urban,Dawn/Dusk,High,50,Evening,High
Rain,6.746,Highway,Night-unlit,Medium,50,Morning,High
Drizzle,6.439,Highway,Night-lit,High,40,Afternoon,Medium
Clear,4.813,Intersection,Night-unlit,Low,30,Evening,Medium
Fog,9.903,Urban,Daylight,High,80,Afternoon,High
Rain,5.638,Highway,Night-unlit,Medium,100,Afternoon,High
Drizzle,0.716,Urban,Night-unlit,Medium,30,Morning,High
Clear,7.284,Highway,Daylight,Medium,40,Night,Medium
Fog,2.841,Rural,Daylight,Low,60,Morning,Medium
Rain,5.059,Intersection,Night-lit,Low,50,Afternoon,Medium
Fog,3.774,Urban,Dawn/Dusk,High,60,Evening,High
Clear,5.789,Urban,Dawn/Dusk,Medium,50,Evening,Medium
Clear,7.439,Highway,Daylight,Medium,60,Afternoon,Medium
Drizzle,2.947,Urban,Night-lit,Medium,50,Afternoon,Medium
Drizzle,10.0,Rural,Dawn/Dusk,High,60,Morning,Medium
Fog,3.887,Rural,Dawn/Dusk,High,60,Evening,High
Drizzle,4.314,Intersection,Dawn/Dusk,Very High,80,Afternoon,High
Clear,5.159,Intersection,Daylight,Medium,30,Night,Low
Drizzle,7.905,Highway,Daylight,Medium,100,Morning,Medium
Drizzle,7.057,Highway,Night-lit,Very High,80,Night,High
Clear,3.147,Rural,Dawn/Dusk,Medium,60,Night,Medium
Clear,7.609,Urban,Night-unlit,Low,40,Afternoon,Low
Rain,2.931,Rural,Daylight,Very High,60,Evening,High
Drizzle,4.244,Urban,Daylight,Low,40,Evening,Medium
Rain,2.643,Urban,Dawn/Dusk,High,30,Morning,Medium
Drizzle,9.826,Rural,Night-lit,High,40,Afternoon,Medium
Drizzle,2.026,Highway,Dawn/Dusk,Low,30,Night,Medium
Clear,5.529,Highway,Daylight,Medium,40,Morning,Low
Clear,6.575,Urban,Night-unlit,Medium,80,Morning,Medium
Clear,4.957,Urban,Dawn/Dusk,Medium,40,Night,Medium
Drizzle,3.766,Urban,Night-unlit,Very High,50,Night,High
Clear,2.459,Highway,Dawn/Dusk,High,40,Morning,Medium
Storm,5.725,Urban,Night-lit,Medium,100,Afternoon,High
Drizzle,4.821,Urban,Daylight,Medium,50,Morning,Medium
Rain,5.134,Urban,Night-lit,Medium,80,Night,High
Rain,3.5,Urban,Night-unlit,Very High,50,Evening,High
Clear,4.316,Urban,Night-lit,High,60,Afternoon,Medium
Rain,7.725,Urban,Daylight,Medium,50,Evening,Medium
Rain,6.77,Rural,Daylight,Medium,60,Night,Medium
Rain,6.425,Highway,Dawn/Dusk,High,30,Morning,Medium
Rain,9.945,Intersection,Dawn/Dusk,Very High,100,Night,High
Drizzle,10.0,Rural,Night-lit,Medium,60,Morning,Medium
Fog,9.338,Urban,Night-unlit,Very High,40,Night,High
Drizzle,9.77,Highway,Dawn/Dusk,Very High,60,Afternoon,High
Storm,4.262,Rural,Daylight,Medium,80,Night,High
Rain,8.089,Urban,Dawn/Dusk,Low,50,Morning,Medium
Clear,5.36,Highway,Dawn/Dusk,Very High,50,Evening,Low
Clear,4.916,Urban,Night-lit,Medium,30,Afternoon,Low
Rain,2.944,Urban,Daylight,Medium,60,Night,High
Clear,5.522,Highway,Daylight,Medium,50,Evening,Medium
Clear,4.442,Rural,Night-lit,Low,30,Evening,Low
Clear,0.4,Urban,Night-unlit,Medium,30,Evening,High
Clear,4.254,Intersection,Night-unlit,High,40,Afternoon,High
Clear,5.163,Rural,Daylight,Medium,80,Evening,Medium
Drizzle,8.718,Rural,Night-lit,High,60,Evening,Medium
Drizzle,2.546,Rural,Daylight,High,50,Morning,Medium
Rain,1.623,Intersection,Daylight,Medium,100,Afternoon,High
Clear,1.561,Rural,Daylight,High,80,Evening,High
Clear,7.395,Urban,Night-lit,Low,50,Morning,Low
Rain,7.83,Rural,Night-lit,High,80,Night,High
Drizzle,6.001,Rural,Daylight,High,40,Night,Medium
Fog,8.946,Intersection,Night-unlit,Medium,50,Evening,High
Clear,7.931,Highway,Night-unlit,Medium,60,Night,Medium
Clear,8.146,Urban,Daylight,High,40,Night,Medium
Drizzle,2.313,Rural,Night-lit,Very High,50,Night,High
Clear,6.965,Urban,Daylight,Low,50,Evening,Medium
Clear,4.673,Urban,Dawn/Dusk,High,100,Morning,Medium
Rain,4.946,Intersection,Night-lit,Medium,50,Morning,Medium
Rain,2.863,Highway,Daylight,High,40,Evening,High
Clear,6.443,Rural,Dawn/Dusk,Low,50,Morning,Low
Drizzle,8.735,Rural,Daylight,High,40,Evening,Medium
Rain,4.415,Highway,Daylight,High,50,Afternoon,Medium
Drizzle,5.474,Urban,Night-lit,High,80,Evening,Medium
Clear,5.936,Urban,Night-lit,Low,80,Evening,Medium
Clear,4.733,Urban,Daylight,High,60,Afternoon,Medium
Clear,3.204,Rural,Night-unlit,High,60,Morning,High
Drizzle,8.048,Intersection,Daylight,High,50,Afternoon,Medium
Rain,7.946,Rural,Dawn/Dusk,High,50,Night,High
Fog,4.205,Rural,Daylight,High,40,Evening,Medium
Fog,7.556,Intersection,Night-unlit,Medium,30,Afternoon,High
Clear,3.726,Highway,Night-lit,High,60,Morning,High
Clear,4.451,Urban,Daylight,High,30,Afternoon,Medium
Storm,5.632,Urban,Night-unlit,High,60,Night,High
Rain,0.477,Rural,Daylight,Medium,30,Afternoon,Medium
Fog,2.322,Urban,Night-lit,Very High,60,Morning,High
Clear,6.651,Rural,Daylight,Medium,60,Afternoon,Low
Clear,9.137,Intersection,Night-lit,Medium,40,Afternoon,Medium
Rain,5.738,Urban,Night-unlit,Medium,80,Night,High
Drizzle,4.451,Intersection,Night-unlit,High,100,Night,High
Rain,7.497,Intersection,Daylight,Medium,100,Afternoon,High
Clear,6.217,Highway,Daylight,High,80,Evening,Medium
Clear,6.691,Urban,Night-lit,Medium,60,Afternoon,Medium
Drizzle,6.101,Intersection,Dawn/Dusk,Low,60,Evening,Medium
Storm,3.856,Highway,Daylight,Very High,60,Afternoon,High
Rain,6.967,Highway,Daylight,Medium,40,Morning,Medium
Clear,2.337,Highway,Daylight,High,50,Afternoon,Medium
Clear,4.798,Rural,Night-lit,High,50,Afternoon,Medium
Clear,4.928,Highway,Night-lit,High,50,Night,High
Clear,6.623,Urban,Daylight,Medium,50,Afternoon,Low
Clear,3.019,Highway,Night-lit,High,80,Evening,High
Rain,3.428,Urban,Night-lit,High,60,Evening,High
Drizzle,5.043,Urban,Daylight,Low,60,Afternoon,Low
Fog,7.654,Highway,Daylight,High,80,Afternoon,High
Clear,4.045,Urban,Night-unlit,Medium,60,Evening,Medium
Clear,4.831,Rural,Daylight,Medium,50,Night,Medium
Rain,5.731,Urban,Daylight,High,50,Night,High
Clear,5.195,Highway,Daylight,Medium,100,Night,Medium
Clear,5.206,Urban,Night-lit,High,60,Afternoon,Medium
Rain,3.611,Urban,Daylight,High,30,Night,Medium
Drizzle,3.862,Urban,Daylight,Medium,30,Afternoon,Low
Clear,3.979,Intersection,Night-unlit,High,40,Night,High
Drizzle,3.334,Urban,Night-unlit,Very High,80,Morning,High
Rain,6.597,Urban,Daylight,Low,50,Evening,Medium
Rain,3.598,Highway,Night-lit,High,80,Morning,High
Clear,8.041,Intersection,Daylight,High,80,Afternoon,Medium
Clear,4.472,Urban,Dawn/Dusk,Low,50,Night,Medium
Drizzle,5.779,Urban,Daylight,Medium,40,Night,Medium
Fog,4.083,Highway,Night-unlit,High,50,Night,High
Rain,4.871,Highway,Daylight,Very High,40,Morning,Medium
Storm,6.156,Urban,Night-lit,High,80,Morning,High
Drizzle,2.491,Urban,Night-lit,High,60,Night,High
Drizzle,6.387,Urban,Night-unlit,Medium,80,Night,High
Drizzle,3.744,Highway,Night-unlit,Very High,50,Morning,High
Drizzle,5.352,Urban,Night-lit,Low,80,Morning,Medium
Drizzle,6.375,Urban,Daylight,Low,40,Morning,Low
Clear,5.419,Urban,Night-unlit,Low,60,Night,Medium
Clear,5.113,Intersection,Daylight,Very High,60,Afternoon,Medium
Drizzle,3.217,Intersection,Night-lit,Medium,40,Morning,Medium
Clear,7.506,Intersection,Dawn/Dusk,Medium,30,Morning,Medium
Rain,3.17,Highway,Night-lit,Low,30,Night,Medium
Clear,3.622,Rural,Daylight,Medium,30,Afternoon,Low
Clear,10.0,Urban,Daylight,Very High,40,Afternoon,Medium
Clear,4.646,Highway,Daylight,Very High,80,Morning,Medium
Rain,5.279,Intersection,Night-lit,Very High,50,Evening,High
Clear,8.829,Urban,Night-lit,High,50,Afternoon,Medium
Clear,2.732,Rural,Night-unlit,High,30,Evening,Medium
Clear,6.797,Urban,Night-lit,Very High,40,Morning,High
Clear,4.896,Highway,Daylight,High,60,Night,Medium
Fog,3.076,Intersection,Night-unlit,Medium,80,Morning,High
Drizzle,6.494,Urban,Dawn/Dusk,Very High,60,Evening,High
Drizzle,6.074,Rural,Daylight,Medium,60,Evening,Medium
Clear,3.8,Urban,Daylight,Medium,60,Afternoon,Medium
Clear,6.453,Highway,Night-lit,Medium,40,Afternoon,Low
Clear,7.462,Highway,Dawn/Dusk,Medium,40,Morning,Medium
Storm,9.968,Rural,Night-lit,Medium,60,Morning,Low
Clear,6.282,Highway,Daylight,Low,30,Afternoon,Low
Clear,8.678,Highway,Daylight,Medium,40,Morning,Low
Drizzle,1.921,Urban,Night-lit,High,100,Afternoon,High
Clear,5.005,Intersection,Dawn/Dusk,Medium,40,Morning,Medium
Clear,7.369,Highway,Night-unlit,Medium,40,Afternoon,Medium
Drizzle,6.519,Urban,Night-unlit,Low,30,Afternoon,Medium
Rain,6.516,Highway,Daylight,Medium,30,Morning,High
Drizzle,7.318,Highway,Dawn/Dusk,High,60,Morning,Medium
Storm,5.57,Urban,Daylight,Medium,50,Evening,Medium
Rain,3.842,Urban,Daylight,High,60,Evening,Medium
Clear,6.266,Intersection,Daylight,Low,40,Evening,Low
Storm,3.781,Rural,Daylight,Medium,100,Afternoon,High
Drizzle,3.173,Highway,Night-unlit,Very High,30,Morning,High
Clear,8.043,Highway,Night-lit,Medium,40,Afternoon,Medium
Clear,6.936,Intersection,Night-lit,High,30,Night,Medium
Fog,6.187,Highway,Night-lit,High,60,Night,High
Clear,9.072,Highway,Daylight,Medium,50,Morning,Medium
Drizzle,8.482,Highway,Daylight,High,50,Afternoon,Medium
Drizzle,6.715,Rural,Daylight,High,80,Afternoon,Medium
Rain,2.824,Highway,Night-lit,Medium,100,Night,High
Clear,9.431,Intersection,Night-unlit,Medium,50,Morning,Medium
Rain,2.866,Urban,Daylight,Medium,60,Evening,High
Clear,4.646,Urban,Daylight,High,60,Morning,Medium
Drizzle,4.71,Highway,Daylight,Medium,100,Afternoon,High
Drizzle,6.962,Highway,Night-lit,Medium,100,Afternoon,High
Clear,8.465,Urban,Daylight,Very High,60,Morning,Medium
Storm,5.142,Intersection,Dawn/Dusk,Medium,40,Evening,High
Rain,5.287,Highway,Dawn/Dusk,Medium,80,Morning,High
Fog,3.571,Urban,Daylight,High,60,Evening,High
Rain,3.516,Urban,Dawn/Dusk,High,60,Evening,High
Rain,6.829,Intersection,Dawn/Dusk,High,60,Evening,High
Drizzle,5.738,Urban,Dawn/Dusk,High,80,Night,High
Rain,5.196,Urban,Night-unlit,Medium,50,Night,High
Rain,7.348,Intersection,Daylight,Medium,60,Evening,High
Clear,2.113,Intersection,Daylight,Medium,50,Night,High
Clear,6.003,Urban,Night-unlit,High,80,Morning,High
Rain,5.47,Highway,Daylight,Medium,60,Afternoon,Medium
Storm,9.204,Intersection,Night-unlit,Medium,30,Morning,High
Clear,7.575,Rural,Night-lit,Low,30,Evening,Low
Rain,3.441,Rural,Daylight,Medium,80,Afternoon,Medium
Clear,8.168,Urban,Daylight,Low,50,Evening,Low
Clear,3.152,Highway,Night-unlit,Medium,100,Night,High
Clear,5.677,Rural,Daylight,Low,60,Afternoon,Low
Drizzle,6.108,Urban,Night-lit,Medium,50,Afternoon,Medium
Fog,3.971,Urban,Daylight,High,100,Afternoon,Medium
Clear,4.674,Rural,Night-lit,High,60,Night,Low
Clear,8.334,Rural,Daylight,Very High,60,Afternoon,Medium
Clear,5.345,Urban,Dawn/Dusk,Low,50,Evening,Medium
Fog,5.085,Highway,Daylight,Very High,80,Afternoon,High
Drizzle,5.408,Urban,Daylight,High,50,Afternoon,Medium
Clear,8.069,Urban,Night-lit,Medium,60,Morning,Medium
Drizzle,4.38,Rural,Daylight,Low,50,Night,Low
Rain,4.822,Rural,Night-lit,Low,40,Evening,Medium
Clear,5.005,Intersection,Dawn/Dusk,High,50,Morning,Medium
Rain,4.821,Rural,Daylight,High,100,Morning,High
Clear,4.541,Intersection,Dawn/Dusk,Medium,60,Night,High
Clear,2.831,Urban,Daylight,Low,60,Afternoon,Low
Clear,4.064,Rural,Daylight,Medium,60,Afternoon,Low
Drizzle,7.471,Highway,Daylight,High,80,Morning,Medium
Clear,6.954,Highway,Night-unlit,Low,40,Morning,Medium
Drizzle,2.591,Highway,Daylight,Medium,60,Evening,Medium
Rain,8.698,Rural,Daylight,Medium,100,Night,High
Rain,3.381,Highway,Daylight,Low,30,Morning,Medium
Drizzle,5.425,Highway,Daylight,Medium,40,Morning,Medium
Clear,6.825,Highway,Night-unlit,Very High,60,Evening,Medium
Drizzle,4.252,Highway,Dawn/Dusk,High,60,Afternoon,High
Clear,6.816,Highway,Dawn/Dusk,Medium,30,Evening,Medium
Storm,3.88,Highway,Dawn/Dusk,Low,60,Evening,High
Clear,3.534,Intersection,Night-lit,High,80,Afternoon,High
Clear,2.005,Highway,Dawn/Dusk,Low,100,Night,High
Drizzle,7.159,Urban,Daylight,Low,50,Afternoon,Low
Clear,7.546,Rural,Dawn/Dusk,Very High,40,Evening,Medium
Rain,6.189,Urban,Dawn/Dusk,Medium,40,Afternoon,Medium
Rain,9.419,Urban,Daylight,Medium,40,Morning,Medium
Fog,5.998,Highway,Night-unlit,Medium,60,Night,High
Clear,5.118,Urban,Daylight,Medium,30,Night,Medium
Clear,5.333,Intersection,Daylight,High,80,Afternoon,Medium
Clear,8.241,Rural,Night-lit,High,80,Afternoon,Medium
Clear,4.622,Urban,Night-unlit,Low,80,Morning,Medium
Clear,7.629,Intersection,Night-unlit,High,30,Evening,High
Clear,6.433,Urban,Daylight,Medium,50,Morning,Medium
Clear,7.66,Rural,Night-lit,Medium,40,Afternoon,Low
Drizzle,5.516,Urban,Night-lit,High,40,Night,Medium
Drizzle,5.12,Urban,Daylight,Low,100,Evening,Medium
Drizzle,5.657,Intersection,Daylight,High,40,Morning,Medium
Storm,4.74,Urban,Daylight,High,40,Afternoon,Medium
Fog,4.495,Urban,Daylight,Medium,30,Night,Medium
Rain,1.323,Urban,Daylight,Medium,80,Morning,High
Rain,6.414,Rural,Night-lit,Medium,30,Morning,Medium
Clear,4.078,Highway,Dawn/Dusk,Medium,50,Evening,Medium
Rain,3.007,Urban,Night-unlit,High,60,Afternoon,High
Rain,5.655,Highway,Night-unlit,High,50,Afternoon,High
Clear,5.053,Urban,Daylight,Medium,60,Evening,Medium
Rain,4.627,Intersection,Dawn/Dusk,Medium,60,Night,High
Rain,7.778,Highway,Night-lit,Very High,30,Night,High
Rain,6.212,Rural,Dawn/Dusk,High,60,Evening,High
Rain,7.687,Rural,Daylight,Low,40,Night,Medium
Drizzle,6.309,Urban,Night-lit,Medium,30,Night,Medium
Clear,2.741,Urban,Daylight,Very High,80,Night,High
Rain,8.097,Urban,Daylight,Medium,80,Afternoon,Medium
Fog,7.72,Highway,Night-lit,Low,40,Evening,Medium
Clear,3.311,Intersection,Daylight,Medium,50,Evening,Medium
Rain,2.82,Rural,Dawn/Dusk,Medium,30,Morning,Medium
Rain,7.072,Highway,Night-lit,High,50,Morning,High
Clear,5.87,Intersection,Night-lit,Medium,60,Morning,Medium
Fog,6.972,Rural,Daylight,High,40,Morning,Medium
Rain,6.134,Highway,Night-unlit,Medium,80,Evening,High
Drizzle,3.983,Intersection,Night-lit,Medium,40,Afternoon,Medium
Drizzle,7.34,Highway,Night-lit,Low,100,Afternoon,Medium
Drizzle,4.239,Urban,Daylight,Very High,80,Night,High
Clear,0.4,Rural,Daylight,Low,100,Evening,High
Rain,4.517,Highway,Daylight,High,80,Night,High
Rain,4.585,Highway,Dawn/Dusk,Low,60,Afternoon,Medium
Storm,4.965,Urban,Dawn/Dusk,Medium,50,Morning,High
Storm,0.824,Urban,Daylight,Medium,50,Afternoon,High
Clear,3.923,Intersection,Daylight,Very High,80,Afternoon,Medium
Clear,7.81,Rural,Night-lit,Low,80,Evening,Medium
Drizzle,5.843,Highway,Night-unlit,Low,50,Evening,Medium
Drizzle,6.553,Urban,Dawn/Dusk,Medium,80,Afternoon,Medium
Clear,3.265,Urban,Daylight,Medium,80,Afternoon,Medium
Clear,0.583,Urban,Daylight,High,50,Morning,Medium
Drizzle,4.199,Highway,Night-unlit,Very High,50,Morning,High
Clear,7.201,Highway,Dawn/Dusk,Low,40,Morning,Medium
Rain,7.979,Highway,Night-lit,Medium,100,Night,High
Fog,2.672,Urban,Daylight,Medium,100,Night,High
Drizzle,6.024,Intersection,Night-lit,High,50,Morning,Medium
Rain,2.784,Intersection,Night-lit,Low,40,Night,High
Fog,7.767,Rural,Daylight,Low,100,Morning,High
Drizzle,4.437,Highway,Night-lit,Very High,50,Morning,Medium
