pm25,pm10,no2,so2,co,o3,nh3,temperature,humidity,wind_speed,aqi_category
30.299,36.986,41.514,22.912,1.51,41.493,10.927,24.842,34.866,1.547,Moderate
49.678,84.145,53.761,48.872,2.159,36.245,29.122,27.174,84.421,3.609,Moderate
62.099,73.742,38.76,33.097,1.513,32.4,17.08,44.0,96.0,6.734,Poor
57.593,73.009,40.499,24.867,1.514,55.475,42.656,25.869,96.0,4.655,Moderate
24.12,27.479,56.731,10.481,1.719,42.638,5.159,35.008,54.773,1.59,Moderate
42.302,68.951,73.807,18.279,1.745,11.648,30.099,24.676,59.488,3.17,Moderate
102.859,181.615,37.278,29.342,2.449,55.148,25.393,27.196,60.998,5.56,Very Poor
103.662,180.823,62.168,25.398,1.916,36.156,50.397,28.592,40.718,0.36,Poor
25.998,40.215,35.407,31.191,1.271,54.528,33.464,37.126,22.081,2.737,Moderate
61.266,111.537,40.833,28.954,2.034,45.682,48.671,25.908,59.052,5.057,Moderate
194.265,306.153,46.429,30.201,3.199,25.674,38.233,30.007,52.453,4.296,Severe
41.218,59.92,20.776,20.903,1.371,16.566,9.825,33.243,38.561,2.485,Moderate
37.019,81.822,32.259,25.827,1.434,35.197,55.724,26.77,82.383,2.763,Moderate
44.966,75.692,51.017,15.302,1.209,60.273,14.68,30.754,74.564,4.544,Moderate
64.519,128.891,54.434,19.477,1.908,42.851,41.547,27.226,32.829,2.965,Moderate
104.65,122.934,69.09,32.001,2.721,16.902,32.327,41.663,46.37,3.434,Poor
79.794,93.613,39.955,31.274,2.281,41.846,42.44,23.199,40.282,0.3,Poor
8.0,24.834,62.776,13.365,1.149,22.087,36.681,33.907,39.921,2.209,Moderate
63.434,62.545,45.403,25.452,1.581,46.66,31.991,34.301,26.269,2.564,Moderate
56.43,91.876,30.827,26.69,2.552,23.255,56.007,29.819,25.394,4.116,Moderate
44.741,64.334,47.332,24.615,1.685,42.262,31.235,23.412,38.699,5.547,Moderate
32.208,41.073,62.861,22.26,1.835,35.479,46.652,31.124,96.0,1.282,Moderate
51.1,86.255,81.286,38.346,2.039,33.301,38.243,23.008,81.939,2.039,Poor
152.949,261.146,84.847,31.082,2.574,25.235,34.909,29.519,43.605,2.456,Very Poor
174.079,152.417,71.618,22.647,3.399,19.504,17.22,40.813,30.535,2.751,Very Poor
52.718,50.581,41.085,19.382,2.149,5.0,28.269,34.974,87.141,5.12,Moderate
85.66,138.24,62.343,36.954,2.636,43.657,25.487,30.304,83.617,3.229,Poor
29.361,20.0,59.553,17.491,0.862,31.833,35.595,21.633,66.809,2.226,Good
44.924,58.0,75.823,20.98,0.932,14.283,37.717,35.571,83.207,0.601,Moderate
27.332,45.791,58.551,20.021,1.495,21.696,25.452,30.118,48.052,1.813,Moderate
79.193,135.287,53.764,35.108,2.186,68.342,16.471,32.686,18.0,1.581,Poor
38.367,42.723,36.076,13.605,1.169,62.857,58.153,31.321,47.211,3.371,Moderate
89.03,141.898,6.0,43.564,2.004,35.821,34.748,31.213,41.708,1.427,Moderate
89.865,120.912,63.551,29.151,1.821,49.782,39.244,28.19,56.699,0.3,Poor
82.586,120.799,42.448,31.252,2.342,40.071,39.013,26.354,56.767,0.518,Poor
37.097,60.758,49.608,3.382,0.77,19.422,42.728,31.45,70.947,3.514,Moderate
34.68,36.594,58.113,20.88,1.459,52.747,17.558,26.733,42.473,5.389,Moderate
48.396,82.792,23.497,25.288,1.16,32.639,30.396,27.603,39.349,4.547,Moderate
52.323,88.691,35.913,36.89,1.935,38.338,34.218,20.25,51.038,5.071,Moderate
70.043,129.682,38.732,42.924,1.109,23.11,29.015,17.392,51.23,0.318,Moderate
52.788,96.641,35.481,11.392,1.318,39.759,21.749,29.219,55.889,1.756,Moderate
27.095,20.0,42.197,24.039,0.487,36.014,14.222,44.0,41.736,3.759,Good
45.216,57.66,11.102,17.023,1.578,72.742,22.473,31.986,39.214,2.405,Moderate
28.203,29.84,57.795,35.214,1.425,14.41,26.535,29.311,51.744,4.295,Good
25.536,41.277,33.347,6.38,1.232,20.596,42.45,25.351,49.304,4.964,Good
40.303,81.944,45.541,19.501,0.331,19.41,33.438,41.249,78.129,1.614,Poor
133.058,164.956,71.19,25.534,2.196,32.589,9.351,35.221,96.0,2.696,Very Poor
30.578,29.649,60.782,2.0,0.954,38.346,43.475,28.295,93.364,2.746,Moderate
39.064,37.302,48.737,30.574,1.76,33.547,27.222,33.377,37.861,2.395,Moderate
42.481,81.644,25.346,17.704,1.902,63.286,10.446,38.437,45.017,3.693,Moderate
43.844,73.589,89.542,30.132,1.754,40.545,14.867,18.382,85.119,3.858,Moderate
13.516,20.0,46.409,31.718,0.769,55.447,33.755,32.619,63.094,4.766,Good
74.732,115.934,64.06,41.812,1.471,32.057,38.581,27.421,44.811,2.817,Moderate
21.271,46.77,19.137,32.935,1.155,26.597,16.442,28.738,42.037,2.134,Moderate
52.822,88.012,47.828,27.171,2.749,21.961,34.687,31.966,47.975,1.672,Poor
55.219,74.476,39.178,10.795,1.379,24.926,12.986,24.491,51.47,3.641,Moderate
49.986,50.912,76.359,15.589,1.653,44.855,34.571,22.782,57.975,3.236,Moderate
35.356,64.689,47.342,19.832,1.57,35.985,8.16,37.504,51.141,3.332,Moderate
66.545,69.746,73.979,27.669,1.687,15.008,28.475,31.45,42.026,6.096,Moderate
38.165,62.904,51.691,16.284,1.338,51.905,29.814,19.916,60.203,5.653,Moderate
61.08,126.813,49.848,27.395,1.813,24.829,17.958,28.639,74.849,3.371,Poor
102.357,153.064,47.316,20.929,2.575,66.657,37.619,19.216,96.0,1.763,Poor
104.513,133.466,36.117,25.27,2.072,18.428,23.872,30.529,61.779,2.733,Poor
59.672,100.055,62.401,14.454,1.698,52.756,42.39,38.567,67.793,2.142,Poor
13.142,35.892,59.528,28.343,1.069,20.438,28.751,25.875,96.0,2.873,Good
68.789,104.8,95.659,24.241,1.743,41.572,19.51,21.758,64.811,5.025,Poor
81.677,112.07,44.239,33.966,2.182,31.42,32.432,28.992,62.841,2.383,Poor
84.788,108.466,62.104,16.33,1.418,34.431,16.782,38.108,52.982,5.468,Moderate
87.767,102.784,46.798,24.235,1.741,31.889,42.533,28.722,26.852,4.628,Moderate
71.354,92.199,39.567,36.445,2.572,34.528,38.392,42.089,86.78,2.074,Poor
26.738,50.085,86.129,25.318,2.005,57.402,35.287,25.078,55.053,4.399,Moderate
24.287,25.013,69.923,12.846,1.225,51.198,24.597,30.518,62.231,2.333,Moderate
139.854,190.072,60.673,10.959,2.804,25.814,41.153,31.778,80.01,3.955,Very Poor
120.659,144.923,26.778,28.619,1.967,44.013,23.465,32.029,43.765,3.349,Poor
63.523,59.634,35.057,32.529,2.177,32.245,39.955,31.517,50.807,2.489,Moderate
14.759,30.133,46.252,14.189,1.404,48.084,25.917,18.907,57.651,4.518,Moderate
43.955,70.285,26.026,30.219,1.575,43.041,13.842,33.364,62.893,4.0,Moderate
9.393,20.0,24.699,27.696,1.386,16.255,27.169,15.679,38.228,3.215,Good
88.918,150.077,58.089,40.789,2.142,48.015,16.35,24.781,76.792,1.817,Poor
70.582,80.905,61.505,11.914,2.254,6.781,25.332,17.51,47.923,2.338,Poor
44.28,60.664,53.291,30.23,1.207,30.965,35.637,26.37,55.758,2.608,Moderate
81.957,86.35,68.752,37.889,1.533,17.449,22.361,32.625,52.042,2.312,Poor
73.463,92.352,47.634,38.151,1.488,35.263,21.322,28.707,45.639,3.078,Moderate
52.226,113.308,52.669,33.078,0.909,57.077,12.209,33.218,66.274,0.685,Good
36.256,47.295,50.879,21.238,2.248,42.782,47.678,32.936,53.972,1.911,Moderate
65.349,101.339,14.705,35.004,2.071,37.623,16.07,32.983,54.898,3.697,Moderate
16.17,31.527,63.91,16.634,2.322,10.803,26.889,30.8,63.129,4.402,Moderate
68.343,105.206,55.368,44.595,2.115,58.96,35.965,26.093,58.879,5.381,Moderate
33.362,42.941,51.875,30.042,1.909,40.46,31.396,35.335,39.902,1.747,Moderate
44.351,44.017,26.163,11.912,1.888,28.404,24.998,28.772,53.297,4.92,Moderate
32.588,39.058,59.829,16.998,1.031,42.535,34.644,34.551,44.372,3.632,Moderate
33.846,49.414,55.883,14.65,2.537,20.904,32.86,24.069,49.734,2.333,Moderate
68.805,118.979,32.185,13.532,1.043,31.592,54.887,33.475,53.013,5.156,Moderate
91.01,132.542,45.643,39.366,1.906,44.524,54.852,12.0,72.899,2.38,Poor
90.201,136.487,41.456,28.421,1.789,5.0,27.732,27.387,60.788,2.979,Poor
68.698,134.263,92.189,40.534,1.756,13.24,22.623,31.1,56.544,6.744,Poor
54.063,66.677,43.036,21.329,2.292,15.468,47.813,14.049,83.963,1.951,Poor
58.343,79.08,34.447,43.718,1.919,13.527,25.655,35.092,62.15,0.3,Very Poor
126.994,178.125,36.239,23.361,2.33,18.172,31.161,36.794,68.121,1.97,Very Poor
32.698,73.201,21.021,12.937,0.509,36.16,27.981,43.781,39.164,4.461,Moderate
38.303,47.609,46.4,29.916,1.405,5.0,27.234,20.447,35.811,3.76,Moderate
40.263,71.876,48.625,17.285,1.084,59.982,30.806,27.065,46.008,2.017,Moderate
63.29,99.527,15.251,18.777,1.112,31.712,25.548,33.422,34.372,4.765,Moderate
39.525,61.908,60.641,23.557,1.224,7.394,20.536,12.0,87.795,3.798,Moderate
14.066,24.835,17.685,13.767,1.419,28.331,20.387,28.685,28.232,3.669,Good
38.416,24.915,37.993,35.44,1.251,46.502,43.968,20.422,48.172,2.692,Good
86.441,146.237,35.926,16.403,1.968,55.93,32.822,25.719,40.543,3.022,Poor
72.532,113.5,58.278,23.634,1.122,37.52,18.442,28.92,64.889,4.06,Moderate
105.941,132.361,64.456,26.743,1.079,48.891,23.563,21.239,88.345,3.684,Poor
12.691,20.0,54.621,13.805,0.708,55.872,6.625,23.215,42.973,0.301,Good
21.941,29.728,40.891,35.285,2.129,55.738,20.359,31.167,41.098,4.258,Moderate
27.76,44.73,56.78,32.226,0.441,56.008,30.938,22.717,70.569,2.171,Good
93.017,122.973,58.215,49.464,2.455,25.829,23.441,32.491,74.846,0.3,Poor
63.332,100.482,66.018,27.562,1.893,26.049,19.797,27.862,51.701,1.554,Moderate
14.142,34.627,69.274,12.853,0.634,5.0,38.793,37.361,62.625,3.586,Good
46.376,70.322,36.47,22.453,1.63,34.147,27.171,32.242,96.0,6.669,Moderate
56.025,93.703,54.518,18.356,0.638,31.813,36.566,37.934,77.796,4.088,Moderate
54.076,66.84,14.844,23.704,1.174,38.212,70.79,23.987,59.74,2.628,Moderate
82.71,94.312,92.748,23.335,1.572,62.821,33.653,30.683,52.359,2.128,Poor
84.172,134.437,60.663,33.215,2.032,43.085,13.477,27.019,80.669,0.504,Poor
93.497,149.668,15.699,19.031,2.127,58.924,37.774,34.879,73.228,1.809,Poor
53.371,87.596,84.306,32.438,1.754,16.293,45.122,21.313,45.437,3.13,Moderate
51.929,75.254,40.97,28.825,2.607,18.24,12.163,18.193,81.091,4.896,Poor
73.898,95.07,68.264,24.878,1.229,51.668,32.802,38.561,60.695,2.498,Moderate
86.95,117.756,68.927,13.529,1.829,24.365,18.545,19.823,47.031,2.031,Poor
34.777,39.489,48.073,31.405,1.57,44.366,35.466,22.591,55.223,4.026,Moderate
11.67,20.0,62.665,13.161,1.058,18.884,28.938,19.931,55.479,3.91,Good
62.91,113.174,29.133,17.565,1.727,33.719,32.73,22.933,34.359,3.914,Poor
38.243,70.839,35.148,27.758,0.455,14.707,24.657,39.721,77.345,6.014,Moderate
110.436,176.511,56.704,44.079,2.759,33.075,49.906,24.059,49.321,3.478,Moderate
86.159,138.678,39.501,25.897,2.06,13.765,10.381,37.905,41.129,2.205,Poor
67.075,114.481,95.19,48.074,2.185,39.063,34.881,39.792,46.645,4.527,Poor
72.032,124.039,66.004,22.646,2.64,22.239,35.37,30.083,52.662,2.911,Moderate
73.567,120.518,58.12,30.958,1.776,15.169,28.465,21.473,72.593,1.795,Poor
44.471,56.883,19.961,21.942,2.52,24.81,42.95,28.974,55.736,1.7,Moderate
90.051,109.048,47.878,23.895,1.76,59.489,34.982,19.234,78.657,4.325,Moderate
89.584,101.886,53.332,28.91,1.92,44.916,14.503,34.231,79.303,2.388,Poor
22.945,32.831,42.017,11.989,1.511,9.342,44.657,24.433,53.042,6.3,Moderate
23.35,39.466,36.981,11.653,1.935,40.496,25.463,30.885,75.523,7.99,Moderate
49.603,45.675,49.497,19.27,1.893,18.668,16.909,19.057,53.708,4.612,Moderate
92.016,174.339,49.415,26.712,2.153,5.0,40.888,21.1,27.923,2.17,Poor
35.84,61.463,57.563,4.06,1.265,46.005,35.286,34.055,44.042,1.883,Moderate
40.866,69.753,57.19,32.833,2.204,30.79,40.467,20.607,84.165,1.381,Moderate
42.948,53.897,55.554,20.401,0.839,22.198,23.947,26.583,38.057,4.272,Moderate
45.87,73.078,62.975,29.99,1.269,13.395,41.793,23.88,49.738,3.138,Moderate
32.366,52.561,52.905,40.675,1.167,33.248,23.296,30.987,18.0,2.088,Moderate
62.089,133.51,46.307,15.198,1.953,47.933,32.073,26.136,80.969,1.099,Poor
16.68,20.0,58.641,25.76,1.615,50.474,30.754,27.742,62.801,4.353,Moderate
93.12,147.736,45.192,23.176,2.267,42.814,17.37,33.931,60.917,7.187,Poor
23.453,48.744,50.615,26.933,1.34,25.582,25.971,13.93,50.242,2.753,Moderate
58.649,63.232,50.974,27.603,2.647,26.065,33.684,35.429,69.418,3.167,Poor
73.836,106.993,36.519,17.116,2.136,41.881,17.035,33.603,82.954,1.149,Poor
8.0,20.0,9.428,15.58,2.081,57.325,3.23,23.597,29.269,0.804,Good
47.728,63.968,52.717,30.358,2.424,17.509,31.39,40.5,65.171,1.259,Poor
110.541,126.79,44.509,13.804,3.442,24.507,8.406,41.153,93.345,3.15,Very Poor
36.758,85.177,37.585,18.267,0.653,40.869,43.387,37.221,67.708,1.31,Moderate
25.351,22.377,51.427,25.762,1.59,23.477,25.957,32.577,58.335,4.399,Good
34.049,43.24,20.518,24.507,2.119,5.0,28.6,33.814,47.802,5.95,Moderate
34.304,55.06,46.122,39.071,1.668,50.291,31.577,31.57,63.122,2.404,Moderate
20.147,25.512,49.683,15.744,1.745,72.051,42.544,19.58,41.381,1.253,Moderate
61.074,93.329,54.053,5.856,1.158,27.622,22.07,28.204,39.115,3.792,Moderate
96.831,146.436,21.687,18.383,2.246,16.473,47.437,36.77,86.729,0.723,Poor
47.184,54.632,45.153,21.695,1.271,40.091,40.925,24.314,48.102,2.941,Moderate
183.871,274.478,58.666,48.591,3.67,46.909,44.636,23.163,59.792,6.566,Very Poor
37.72,57.448,63.467,40.6,1.056,35.688,18.766,31.15,93.375,0.3,Moderate
64.251,137.591,20.089,16.984,1.173,42.307,36.592,26.175,48.925,4.304,Moderate
15.573,20.0,74.419,21.116,1.534,28.064,40.536,41.53,43.926,2.965,Moderate
52.038,65.189,24.985,22.132,1.327,39.468,29.556,27.459,68.455,3.514,Moderate
134.866,171.192,59.937,17.081,2.287,20.021,37.062,24.845,58.544,1.26,Very Poor
29.476,55.176,29.177,16.024,1.381,30.521,51.803,24.033,74.986,2.474,Moderate
66.558,104.632,52.34,28.475,1.357,25.987,20.395,31.193,96.0,3.348,Moderate
65.306,84.44,59.789,30.768,2.012,45.223,30.968,26.021,63.197,2.548,Moderate
70.594,94.438,51.87,32.29,1.915,25.719,43.814,34.207,74.103,1.528,Moderate
48.358,47.623,18.635,3.723,1.357,39.19,22.203,33.313,62.615,6.438,Moderate
43.06,86.291,37.607,15.7,2.066,31.066,63.755,21.655,53.983,3.111,Moderate
78.356,144.445,33.392,2.0,2.389,51.559,52.106,29.316,18.0,2.341,Poor
14.681,42.493,65.022,8.179,1.227,37.798,29.731,29.243,52.029,1.962,Good
20.029,20.0,42.771,17.929,1.42,53.914,9.029,26.662,62.043,2.013,Good
44.426,90.054,57.207,18.26,1.645,57.492,14.058,24.483,50.942,2.453,Moderate
58.339,72.342,84.045,30.705,1.743,38.157,31.629,36.71,70.038,3.947,Moderate
37.645,82.17,38.604,28.618,1.52,24.666,18.354,25.949,31.388,3.426,Moderate
68.853,107.248,47.822,32.916,1.566,13.321,25.992,17.08,63.636,0.3,Moderate
53.363,97.208,6.0,32.586,2.346,33.935,38.654,25.847,79.38,5.137,Moderate
83.285,151.976,61.522,33.943,1.926,22.234,35.188,40.914,84.962,2.261,Poor
72.061,102.477,69.042,38.229,1.674,25.219,51.592,29.823,57.142,5.961,Poor
76.033,114.958,46.311,38.447,1.787,53.949,34.867,26.051,44.768,1.7,Poor
86.892,146.046,16.613,20.762,2.584,28.94,39.02,28.588,90.655,3.176,Poor
25.187,37.218,51.798,44.631,1.755,20.625,38.576,25.955,66.794,3.318,Moderate
33.169,59.013,47.84,30.556,1.313,5.0,39.046,36.738,32.344,5.464,Moderate
73.913,103.754,76.732,33.535,2.669,32.602,57.867,37.248,45.411,0.561,Poor
51.672,76.894,66.289,31.092,0.991,27.018,33.621,34.907,46.325,3.821,Moderate
61.999,92.254,31.582,13.491,2.159,41.363,47.579,30.905,64.606,7.37,Moderate
131.316,150.656,84.011,23.021,2.827,26.234,41.778,31.728,62.313,1.169,Very Poor
71.958,92.19,97.312,33.207,2.024,40.581,46.767,30.306,52.438,0.3,Poor
42.501,29.058,72.303,41.96,0.971,13.563,26.914,35.886,63.098,4.046,Moderate
171.276,297.236,65.024,17.975,3.158,5.0,13.392,20.041,67.459,1.736,Very Poor
84.51,117.61,37.085,30.159,1.652,45.065,49.946,33.525,37.715,0.708,Moderate
63.249,137.821,61.458,13.16,2.783,52.337,23.821,29.656,56.489,3.451,Poor
22.118,32.987,56.312,30.392,2.124,25.519,8.092,14.704,42.794,4.999,Moderate
41.108,53.505,53.129,18.927,1.117,35.403,31.313,27.429,66.713,4.832,Moderate
62.466,104.624,74.747,19.984,1.915,31.126,28.14,28.863,56.809,0.3,Poor
79.201,146.107,57.811,26.952,2.124,36.176,37.733,26.849,45.318,6.892,Poor
43.999,69.338,48.835,14.585,1.087,26.063,41.607,29.445,70.362,1.128,Moderate
25.452,37.117,21.997,23.611,0.575,32.203,42.41,17.803,77.877,0.967,Good
37.858,66.26,54.04,22.328,1.741,64.552,27.13,32.962,70.358,3.954,Moderate
46.062,69.037,56.899,13.376,1.919,39.035,22.939,29.534,45.677,5.014,Moderate
65.772,92.19,49.978,33.079,1.449,37.058,29.992,29.76,73.475,4.338,Moderate
67.757,93.349,51.971,26.82,1.263,50.272,19.256,33.014,30.987,2.318,Poor
80.857,88.97,6.0,25.929,2.004,18.782,43.479,31.322,29.348,3.394,Moderate
70.5,97.456,88.988,28.597,1.815,37.593,44.598,34.637,37.546,2.789,Poor
95.727,130.562,48.853,32.43,2.103,47.88,43.48,24.66,46.045,3.348,Poor
81.308,132.238,40.074,19.603,2.1,41.917,48.226,32.13,50.303,2.891,Poor
68.157,96.618,52.194,18.026,2.44,20.018,36.957,33.648,61.196,2.943,Poor
71.836,80.66,44.782,10.828,2.514,16.511,28.952,23.756,64.52,3.027,Poor
26.439,54.166,37.872,18.448,1.473,59.502,19.967,37.953,56.043,5.186,Moderate
96.007,158.133,35.582,19.518,1.508,48.021,41.332,29.519,64.073,1.605,Poor
106.351,98.232,76.834,34.804,2.289,15.289,25.809,29.805,65.258,4.289,Poor
30.43,32.578,35.61,14.488,1.071,38.779,50.729,21.454,54.675,3.245,Moderate
108.793,191.59,35.608,22.66,2.454,14.205,36.287,26.726,63.515,2.729,Poor
47.71,63.169,31.67,20.898,1.68,28.171,27.72,23.153,62.484,3.855,Moderate
26.114,58.683,37.404,32.495,1.754,31.69,39.336,31.64,64.203,0.883,Moderate
29.36,41.177,36.777,12.951,1.299,8.893,38.946,33.409,25.506,0.3,Moderate
99.514,132.378,49.887,25.071,1.778,18.69,50.898,28.583,65.812,4.026,Poor
34.38,55.008,32.56,19.824,0.307,42.263,31.932,31.763,87.913,0.979,Moderate
8.0,36.633,65.03,31.683,0.684,24.271,42.614,33.185,27.471,3.286,Good
18.015,24.563,40.821,17.667,1.626,40.368,24.042,31.093,44.698,3.116,Good
84.477,106.998,32.427,38.905,2.371,38.151,51.678,30.396,44.795,3.815,Poor
64.638,104.903,68.773,28.934,2.038,19.84,49.875,20.42,60.652,1.603,Poor
48.104,84.955,65.048,17.272,1.792,40.774,24.474,28.807,42.785,3.634,Moderate
47.45,63.91,28.528,12.371,0.675,5.0,37.72,17.416,37.82,3.761,Good
108.862,202.601,53.794,28.818,1.964,30.807,46.32,32.749,74.365,2.352,Very Poor
67.886,66.724,31.121,17.379,2.137,32.31,22.524,31.789,66.116,4.35,Poor
76.091,101.944,68.935,7.138,1.984,41.773,35.306,29.397,45.177,3.282,Poor
9.16,23.235,53.87,20.89,1.802,36.577,16.062,37.746,69.272,3.479,Moderate
20.933,62.109,63.549,25.522,1.985,30.812,18.623,28.931,29.458,3.203,Moderate
42.27,74.005,21.739,11.89,1.475,19.099,46.03,29.46,96.0,3.315,Moderate
64.829,104.148,57.667,22.518,2.37,5.0,9.943,35.223,61.283,3.929,Poor
65.749,63.307,45.164,21.558,1.018,29.532,38.312,32.993,49.341,1.267,Moderate
29.215,37.542,19.492,28.959,1.744,26.196,21.848,24.091,43.997,3.999,Moderate
17.014,22.312,46.73,32.596,1.542,30.983,18.016,32.1,53.539,4.559,Good
77.164,130.109,47.749,17.028,1.593,42.387,33.57,21.842,26.076,1.127,Moderate
70.716,100.605,34.521,12.408,1.963,34.408,28.624,19.778,27.397,6.371,Moderate
64.963,70.405,55.965,36.368,1.57,48.655,31.639,30.128,71.714,4.169,Moderate
70.219,139.114,63.05,22.475,1.906,42.109,52.65,36.612,45.11,2.978,Poor
28.655,49.762,56.694,17.433,1.084,24.378,30.204,16.682,56.911,0.3,Moderate
75.524,97.6,92.266,31.701,1.963,38.302,42.52,32.259,58.749,0.3,Poor
72.249,94.833,73.166,26.253,1.514,42.527,28.181,31.677,46.512,2.47,Moderate
30.467,43.01,44.156,26.488,1.522,48.761,7.048,33.616,47.19,3.118,Moderate
60.504,90.774,16.092,8.887,0.938,31.149,47.89,23.749,69.615,3.53,Moderate
113.296,179.16,54.883,28.447,2.099,35.772,51.897,28.71,26.045,7.111,Poor
35.262,77.517,52.731,23.278,1.348,35.916,33.055,35.038,59.196,0.3,Moderate
119.588,196.71,37.873,27.459,2.408,41.225,25.443,40.897,74.574,4.102,Very Poor
64.89,96.866,37.723,26.751,1.622,60.502,48.323,32.135,62.271,2.442,Moderate
53.155,70.486,76.736,6.266,0.907,64.351,38.833,21.686,65.701,3.48,Moderate
28.553,61.354,52.796,9.235,1.683,5.0,41.334,27.905,40.571,2.584,Moderate
76.551,115.844,65.538,6.334,1.608,24.224,23.515,39.577,46.313,4.338,Poor
59.948,105.65,60.091,26.445,1.868,16.017,23.405,33.135,76.62,4.09,Moderate
66.202,102.862,61.15,8.866,1.553,56.472,14.478,26.921,54.184,1.538,Poor
71.956,93.175,59.959,33.917,2.545,31.439,22.065,32.785,26.367,5.118,Poor
86.598,87.47,65.739,20.954,1.699,5.0,39.693,32.91,61.385,1.672,Poor
61.992,117.722,59.617,35.965,1.708,30.249,26.881,33.386,94.16,3.912,Poor
51.276,63.434,38.563,25.455,1.381,28.698,45.711,40.199,86.893,1.551,Moderate
65.573,137.052,69.562,15.168,2.016,44.976,38.796,31.217,29.563,4.162,Poor
120.588,232.175,20.402,35.927,2.15,11.493,37.645,28.601,49.532,4.155,Poor
153.917,151.42,47.245,16.551,3.427,39.029,50.519,26.386,41.788,2.389,Very Poor
68.384,63.309,47.654,21.814,2.415,24.729,33.119,29.799,76.46,4.245,Poor
23.784,50.645,19.798,41.925,1.769,24.292,37.837,31.165,35.924,2.058,Moderate
37.368,81.275,30.148,24.106,1.866,48.589,37.817,27.922,45.062,5.879,Moderate
47.558,79.959,19.817,33.236,1.097,31.578,34.212,34.096,55.4,2.046,Moderate
87.566,152.894,33.979,26.06,1.71,39.506,19.061,21.736,41.382,2.46,Poor
145.153,213.178,49.864,19.033,2.548,39.041,37.735,30.363,30.159,5.288,Very Poor
48.229,98.938,60.53,31.143,1.763,45.526,21.59,24.094,50.832,5.886,Moderate
32.12,46.987,17.344,13.945,1.852,25.676,25.885,26.013,73.992,4.47,Good
142.149,106.124,51.454,35.374,3.353,52.213,22.651,36.806,65.952,1.35,Very Poor
49.467,97.744,51.801,25.15,2.037,30.392,32.734,33.489,76.654,4.269,Moderate
24.998,53.105,23.499,20.219,1.199,24.293,30.903,22.408,29.531,4.595,Good
78.493,108.147,35.015,35.287,2.337,39.024,45.454,29.235,52.294,1.198,Poor
56.948,92.191,63.461,36.386,0.943,29.786,53.373,26.664,72.506,4.382,Moderate
10.756,20.0,41.365,28.803,1.558,35.84,25.923,42.566,63.17,2.858,Moderate
51.784,71.173,25.343,31.823,2.273,47.649,29.663,34.796,51.978,4.56,Poor
60.324,82.526,41.298,22.305,2.331,16.183,11.174,23.047,35.109,6.038,Moderate
74.694,108.055,26.435,46.663,2.57,36.26,11.073,20.455,30.828,2.559,Poor
54.118,101.517,37.834,38.443,2.031,34.764,41.552,23.851,49.343,5.655,Poor
63.161,105.086,61.363,26.632,1.854,34.125,23.264,31.684,64.648,2.816,Moderate
15.278,47.814,52.386,44.372,1.255,27.829,24.069,33.781,55.774,0.3,Poor
18.631,38.031,23.379,18.087,2.19,13.295,30.452,31.468,51.919,7.165,Moderate
94.172,140.404,62.901,30.345,2.438,32.711,18.94,43.215,53.313,6.01,Poor
17.194,35.401,37.75,25.026,1.67,21.763,31.35,22.547,63.515,1.459,Moderate
15.66,32.15,45.435,22.209,2.372,31.647,35.772,30.427,56.11,3.477,Moderate
36.539,61.151,43.481,19.628,1.532,50.463,26.594,26.205,31.708,0.804,Moderate
37.144,61.903,23.323,23.009,1.371,53.012,41.775,23.477,33.832,4.893,Moderate
23.977,31.685,91.736,29.372,1.245,25.926,33.921,21.154,66.828,3.152,Good
63.46,67.425,70.163,24.11,1.829,41.862,16.886,35.254,57.582,4.736,Poor
30.498,42.177,64.483,18.976,1.487,5.0,21.607,24.657,58.792,1.665,Moderate
45.262,67.93,54.115,12.832,1.675,38.834,28.587,35.254,65.383,3.688,Poor
46.414,68.8,16.097,11.145,2.126,66.29,22.9,26.698,61.602,4.05,Moderate
53.172,90.977,83.703,6.317,1.251,20.244,21.139,27.281,23.972,1.883,Moderate
64.808,85.929,20.404,25.049,1.529,51.858,30.26,24.554,68.918,0.916,Poor
66.768,129.818,60.469,16.725,1.641,37.327,49.582,28.63,42.957,3.153,Poor
155.602,248.811,50.986,20.702,2.539,40.575,42.016,23.369,81.275,3.1,Very Poor
39.876,75.859,20.619,30.836,1.781,31.835,37.965,18.565,65.224,5.922,Moderate
100.328,80.851,70.646,23.402,1.918,47.635,34.236,38.948,59.518,3.199,Poor
50.052,61.453,49.589,29.054,1.888,57.241,40.344,31.592,38.951,4.209,Moderate
61.671,61.764,64.685,20.929,1.505,37.425,22.67,26.183,46.336,4.005,Moderate
138.633,111.632,44.219,25.296,2.843,27.611,35.83,31.957,82.185,1.158,Very Poor
36.707,57.017,46.766,44.559,2.227,28.522,42.702,24.116,18.0,2.214,Moderate
79.898,122.975,33.35,40.264,1.991,30.539,51.736,29.998,71.796,0.801,Poor
60.878,108.889,24.617,16.044,2.055,34.335,48.374,32.741,83.883,1.689,Moderate
22.946,38.787,29.938,17.473,1.379,27.069,11.421,41.806,65.285,0.3,Moderate
76.245,132.074,16.746,6.674,1.718,36.89,38.957,44.0,38.22,1.875,Poor
84.721,65.755,71.345,17.46,2.51,36.961,3.876,40.686,49.48,0.3,Poor
52.186,35.214,110.836,31.317,2.322,17.481,39.247,26.764,52.584,4.091,Poor
25.759,76.828,44.063,34.506,1.623,21.844,33.329,16.915,55.226,2.252,Moderate
178.004,273.235,52.026,12.135,2.681,67.039,19.942,24.421,57.886,5.806,Very Poor
86.471,123.439,28.219,38.719,2.154,27.92,19.123,34.712,86.346,0.897,Poor
25.886,54.704,42.503,30.39,1.785,23.424,23.707,28.331,34.979,3.069,Moderate
32.217,55.68,54.371,8.749,1.452,37.106,38.023,12.46,69.258,3.478,Moderate
18.782,35.927,79.581,27.093,0.992,45.075,25.27,32.092,50.589,3.737,Moderate
97.38,140.511,26.563,23.409,2.311,14.251,37.04,39.483,69.9,3.12,Poor
20.9,27.04,53.201,18.648,1.48,41.238,38.492,31.642,18.0,3.982,Moderate
42.956,81.269,18.776,13.113,1.656,37.465,20.306,21.197,67.261,5.849,Moderate
141.086,216.818,25.686,41.598,2.836,39.464,32.425,36.933,45.313,4.015,Very Poor
54.559,92.972,57.44,18.324,3.152,29.723,42.306,20.486,73.64,1.01,Poor
41.398,59.747,21.526,25.349,1.414,9.833,32.392,19.352,74.156,4.054,Moderate
27.206,39.417,31.143,12.367,1.396,36.96,26.374,39.24,45.661,6.085,Good
31.407,61.076,42.417,13.721,1.278,23.585,40.902,39.816,51.394,4.735,Moderate
184.352,242.944,40.241,29.671,3.372,42.188,43.472,36.537,40.443,4.144,Very Poor
39.759,68.118,30.684,24.436,0.922,36.15,30.26,35.074,61.221,3.887,Moderate
35.806,51.055,36.897,37.467,1.517,44.169,46.726,31.594,61.639,3.237,Moderate
52.333,45.572,40.088,14.365,1.987,29.521,18.436,33.501,73.127,3.803,Moderate
49.316,72.156,68.716,16.312,2.194,29.434,15.135,27.116,31.998,2.543,Moderate
65.245,84.924,71.144,33.776,1.216,33.177,29.006,34.526,60.191,5.48,Moderate
159.035,200.203,85.668,19.669,2.983,43.246,25.369,34.01,78.686,2.241,Very Poor
24.087,53.311,48.525,27.518,1.524,51.679,30.205,27.501,35.787,3.378,Moderate
15.33,26.751,63.729,25.888,1.069,40.343,31.373,34.629,46.637,3.011,Good
17.661,30.358,62.385,19.355,2.009,5.275,30.605,25.675,63.489,6.374,Moderate
41.553,77.394,64.852,35.835,1.919,24.58,31.366,31.573,70.134,3.093,Moderate
39.907,55.864,12.598,19.945,1.796,52.083,25.61,18.569,88.578,1.097,Moderate
57.056,98.02,55.37,19.835,1.57,41.967,29.976,25.227,45.155,4.762,Moderate
38.517,48.062,17.719,14.532,1.132,32.373,19.626,20.635,73.582,3.95,Moderate
72.74,101.75,33.107,13.127,1.579,46.283,30.411,24.452,60.989,3.369,Moderate
15.939,20.0,62.447,31.764,1.231,24.303,23.072,35.01,60.113,3.696,Good
36.406,80.203,34.744,24.287,2.208,30.837,40.388,22.554,72.21,3.494,Moderate
55.548,78.647,50.951,16.826,1.795,40.426,28.616,29.491,47.057,2.876,Moderate
70.071,108.682,53.084,22.203,1.909,5.0,35.905,25.297,76.902,2.524,Poor
108.043,126.363,52.79,35.648,1.0,15.338,25.38,35.291,26.212,4.3,Poor
44.7,80.435,32.929,17.388,1.548,38.028,39.425,22.189,60.487,2.454,Moderate
86.965,130.51,44.886,10.58,3.002,36.195,36.931,21.678,48.158,2.217,Poor
40.58,56.747,35.237,18.327,1.689,59.739,18.714,30.377,54.841,4.355,Moderate
13.198,38.709,38.104,24.63,1.101,27.567,14.767,20.908,67.492,2.01,Good
87.343,129.579,21.496,50.28,2.634,47.706,31.592,32.633,65.95,3.73,Poor
9.472,48.426,39.871,28.875,1.768,22.965,33.544,26.266,74.551,3.724,Moderate
54.607,81.923,66.639,34.837,2.034,40.419,23.548,17.357,61.851,3.093,Poor
33.126,20.246,40.213,5.174,1.727,60.4,46.088,33.272,62.312,3.849,Moderate
64.686,113.062,61.521,37.981,2.059,30.564,25.993,25.796,47.343,1.896,Poor
105.65,125.403,47.509,35.862,2.136,25.859,34.503,35.395,48.137,3.669,Poor
121.466,166.257,65.367,36.931,2.981,24.699,42.89,38.648,75.055,0.934,Very Poor
61.897,111.077,73.282,22.382,1.433,71.465,20.386,40.329,47.955,6.965,Moderate
51.628,69.686,32.991,18.24,2.094,41.07,34.011,21.535,51.046,5.351,Moderate
27.134,64.577,50.354,23.85,0.862,43.384,35.757,17.466,65.017,3.106,Moderate
81.168,117.594,60.496,5.153,2.68,23.19,38.315,22.503,32.252,2.913,Poor
24.946,44.202,35.351,19.458,1.614,26.302,36.246,31.046,84.323,1.653,Moderate
116.577,197.542,66.061,47.458,2.581,28.355,41.022,28.579,56.568,2.77,Poor
29.854,82.223,63.386,37.269,0.888,34.688,13.232,31.953,77.412,1.549,Moderate
43.623,63.863,57.607,33.753,2.25,28.479,58.072,40.074,64.959,2.14,Poor
35.096,58.99,81.495,22.11,1.397,18.0,15.061,30.293,70.409,3.346,Moderate
38.764,63.59,67.13,9.774,2.432,42.215,26.72,32.233,36.892,2.547,Moderate
11.352,33.281,8.57,14.21,1.59,42.072,23.011,13.74,53.084,0.324,Moderate
168.961,306.392,58.927,34.893,3.341,75.87,32.727,30.578,36.352,4.434,Very Poor
61.424,76.994,44.575,28.404,1.336,35.025,29.654,22.25,41.879,2.641,Moderate
85.055,159.22,39.798,29.28,2.097,18.179,28.984,29.175,68.472,6.424,Poor
57.438,97.321,29.538,32.117,2.025,52.845,31.728,29.4,43.364,4.088,Moderate
29.365,51.396,16.335,43.741,1.312,46.049,35.216,23.306,63.253,3.381,Moderate
60.602,100.059,36.03,18.588,1.897,6.735,32.302,27.128,70.945,4.714,Moderate
52.275,68.267,44.687,36.726,1.708,32.483,46.561,26.861,31.781,3.476,Moderate
88.034,119.797,28.88,47.245,2.298,14.031,31.856,30.069,80.478,3.434,Poor
51.826,83.829,76.254,27.344,0.659,25.854,24.228,30.593,45.592,2.51,Moderate
60.902,102.534,66.823,18.103,2.974,38.674,55.658,22.313,52.149,2.689,Poor
41.773,54.465,45.987,22.429,1.326,41.939,22.075,22.17,58.833,0.708,Moderate
36.617,42.954,28.3,15.855,2.074,46.752,25.53,24.488,85.021,0.953,Moderate
47.284,81.973,32.702,24.673,2.506,19.827,37.227,23.938,51.051,4.339,Moderate
32.22,78.024,55.741,33.8,0.914,38.048,14.425,34.666,60.969,1.593,Moderate
33.856,28.067,66.087,27.232,1.165,31.375,19.39,32.789,49.763,3.607,Poor
50.583,112.032,80.894,19.301,1.284,41.522,41.395,29.173,66.606,4.143,Poor
41.357,62.361,53.165,30.419,1.204,27.016,31.473,28.837,32.553,3.586,Moderate
61.854,114.5,64.144,40.739,0.829,50.992,56.339,29.063,53.299,3.356,Poor
93.029,108.255,35.316,23.074,1.571,25.907,18.602,31.762,71.545,2.263,Moderate
51.719,90.984,30.995,19.011,2.094,25.21,34.136,28.33,44.652,6.418,Moderate
102.974,154.874,52.357,47.3,2.284,73.993,15.577,30.487,56.313,3.359,Poor
21.687,52.626,43.641,6.016,1.672,9.747,31.31,40.776,54.952,3.858,Poor
92.316,100.285,56.842,31.773,1.669,35.183,2.0,34.515,80.347,3.63,Poor
106.923,150.126,56.882,27.347,2.035,24.112,33.089,29.804,52.985,1.973,Poor
48.248,101.897,57.839,27.773,2.212,38.069,40.841,21.292,45.854,2.501,Moderate
30.119,40.669,40.651,28.383,1.572,43.222,25.072,32.18,47.723,2.14,Moderate
40.995,50.598,44.046,44.323,1.519,47.165,18.962,27.207,72.185,2.004,Moderate
34.32,75.599,42.039,14.453,1.703,36.166,28.554,36.164,33.097,4.972,Moderate
79.916,103.777,32.515,37.116,2.203,22.635,44.055,40.239,47.349,1.714,Poor
54.899,94.265,57.943,22.778,1.295,53.35,26.125,36.173,58.245,3.772,Moderate
19.93,46.806,39.611,31.474,1.792,19.715,39.748,37.192,91.858,3.063,Moderate
56.321,99.418,46.393,33.728,1.506,27.566,14.81,30.698,71.365,3.904,Moderate
32.505,66.266,31.859,12.853,1.533,25.719,60.216,23.696,71.915,3.501,Moderate
98.962,167.386,61.412,15.322,1.833,14.352,38.649,33.789,59.477,0.3,Poor
26.164,51.36,32.719,29.227,1.499,24.57,11.296,27.405,50.806,1.247,Moderate
14.872,54.503,15.173,25.915,1.224,40.929,21.6,28.478,38.912,0.3,Good
46.551,40.323,90.845,17.474,2.108,28.054,8.432,23.07,56.878,5.851,Moderate
191.206,300.99,63.894,43.46,3.874,24.847,44.289,32.479,51.488,1.273,Severe
52.511,79.25,38.287,22.817,2.032,13.687,32.771,30.662,52.339,1.127,Moderate
40.127,42.303,12.592,39.37,1.811,38.714,35.65,27.879,79.789,0.96,Moderate
52.459,78.453,20.05,16.822,1.619,47.558,43.449,29.81,48.485,3.384,Moderate
41.737,70.269,22.44,29.183,1.803,8.53,23.109,32.684,36.553,0.763,Moderate
60.505,76.812,53.7,28.075,2.67,51.673,56.207,28.726,29.276,3.975,Poor
43.556,56.695,51.951,37.794,2.152,58.879,6.871,33.318,61.432,6.638,Moderate
65.574,105.964,72.291,2.0,1.373,39.231,40.772,35.313,56.873,2.685,Good
38.222,77.196,48.857,31.243,1.049,29.178,47.699,29.255,62.188,2.16,Moderate
84.071,141.985,52.487,3.036,1.002,56.516,31.418,30.942,45.073,1.348,Poor
12.394,21.038,81.017,30.601,1.455,50.425,30.225,41.624,52.791,0.727,Good
48.665,73.645,31.498,16.131,1.413,13.03,42.917,27.587,67.517,4.37,Moderate
39.745,55.443,20.029,26.835,0.601,67.789,27.182,36.602,77.17,1.957,Moderate
11.872,22.474,48.395,36.531,1.68,59.501,34.942,43.519,62.269,1.624,Moderate
51.51,81.797,44.879,28.202,1.571,14.846,17.251,30.738,52.474,2.742,Moderate
52.281,112.309,51.862,18.587,2.26,25.14,40.545,21.631,84.851,1.599,Poor
71.42,103.876,43.725,31.813,2.27,48.583,49.037,24.821,49.263,1.767,Poor
97.534,150.539,27.495,14.88,2.169,41.825,17.391,17.14,46.966,1.463,Poor
71.028,104.549,34.254,29.1,2.164,16.378,39.763,26.656,42.211,0.3,Poor
11.015,20.0,80.014,26.55,1.901,37.978,23.681,20.27,96.0,4.375,Moderate
58.835,75.955,34.888,17.713,1.763,52.216,33.802,25.126,29.398,3.25,Moderate
52.945,82.281,58.377,31.723,2.225,17.809,29.452,31.261,20.621,3.206,Moderate
47.53,52.866,78.93,15.299,1.987,29.554,53.837,25.886,65.817,6.15,Moderate
35.754,96.183,18.036,33.733,1.607,27.67,28.874,31.302,38.397,2.413,Moderate
32.546,56.677,25.881,12.99,1.713,17.745,25.877,25.282,71.864,0.994,Moderate
49.017,83.665,10.048,18.527,2.053,50.702,23.875,35.399,64.977,3.985,Moderate
68.03,107.031,32.35,13.645,1.149,22.868,24.835,31.543,68.99,3.649,Moderate
28.411,40.075,10.377,25.478,0.937,42.563,36.565,38.468,68.984,3.286,Moderate
74.347,130.687,31.312,26.784,1.453,21.655,16.121,13.251,78.394,4.246,Poor
65.925,67.324,72.623,30.614,1.325,32.171,47.62,37.192,73.774,6.875,Moderate
34.916,66.252,32.437,46.21,1.721,9.02,21.544,20.146,57.713,5.16,Moderate
36.993,80.957,14.689,15.319,1.471,58.288,50.285,30.815,96.0,4.886,Moderate
38.253,68.634,43.24,26.385,1.734,44.177,45.677,29.889,67.384,4.849,Moderate
77.473,140.594,36.788,19.122,1.134,27.884,27.277,31.162,72.849,1.146,Poor
41.33,64.395,76.767,17.848,1.503,36.739,28.81,31.278,63.316,1.234,Moderate
48.334,51.594,50.701,5.621,1.997,44.501,24.953,30.343,52.556,3.635,Moderate
132.651,214.135,55.273,33.927,2.602,13.364,48.921,29.347,49.507,1.25,Very Poor
25.441,45.33,63.861,29.002,1.604,32.34,14.984,22.199,62.246,5.157,Moderate
93.196,135.926,52.203,26.184,1.597,16.19,21.769,25.413,21.885,1.792,Poor
37.435,70.45,49.593,22.935,0.884,43.352,13.948,30.234,54.125,1.658,Moderate
84.551,83.315,67.683,12.019,2.526,29.502,23.361,24.719,37.806,3.032,Poor
24.082,63.137,61.969,14.551,2.555,14.704,29.44,27.566,77.613,2.264,Moderate
15.124,28.725,52.385,33.022,1.261,11.744,28.113,27.506,50.422,3.607,Good
31.083,20.0,63.484,19.901,0.923,24.255,33.433,30.702,63.302,1.623,Moderate
26.491,43.79,40.598,25.343,0.982,5.0,49.932,33.327,40.46,2.37,Good
83.086,135.222,57.113,32.545,3.04,35.241,21.253,32.943,67.568,0.495,Poor
41.375,72.539,32.478,11.014,1.182,38.38,29.311,23.104,77.891,4.599,Moderate
101.779,163.214,61.891,25.581,2.186,43.858,47.765,32.494,44.213,3.707,Poor
85.158,161.964,60.545,37.87,1.499,28.581,31.284,25.985,73.323,5.16,Poor
21.022,26.29,23.563,18.262,1.564,44.513,33.727,21.779,67.255,5.028,Moderate
40.58,67.621,63.37,25.944,1.623,57.495,51.398,34.063,48.571,4.921,Moderate
45.954,42.683,46.104,21.411,1.752,35.879,28.14,27.825,45.629,2.599,Moderate
45.817,57.586,64.304,16.515,2.184,16.415,16.385,34.198,70.946,2.823,Moderate
34.081,58.809,45.591,32.431,1.986,56.248,46.677,18.65,42.95,1.744,Moderate
12.053,20.0,44.51,36.918,1.113,32.48,16.452,30.916,59.001,2.135,Moderate
54.212,71.602,49.492,13.459,1.783,58.325,28.874,24.831,45.376,2.606,Moderate
77.717,91.532,54.874,43.154,1.534,31.91,40.0,18.737,64.438,2.663,Moderate
54.967,95.436,30.544,32.42,1.288,31.079,38.631,32.995,58.726,3.279,Moderate
54.436,86.045,61.152,20.766,2.039,19.646,38.646,23.792,18.0,4.478,Moderate
23.92,29.602,17.097,21.301,1.193,52.142,36.801,16.098,76.1,3.995,Moderate
37.798,85.855,50.885,22.502,1.032,44.41,20.168,34.416,66.377,4.04,Moderate
32.101,58.012,33.323,2.0,2.109,52.801,7.736,21.115,45.17,2.259,Moderate
73.536,116.265,64.719,30.908,2.674,40.695,46.7,43.98,55.319,0.592,Very Poor
47.137,65.899,86.098,31.319,1.799,35.53,39.475,27.748,35.853,4.386,Moderate
54.8,80.146,38.939,41.3,3.005,39.719,30.048,25.541,37.08,2.668,Poor
37.115,40.905,49.515,25.161,1.916,37.11,30.58,29.625,64.989,5.171,Moderate
57.497,61.746,56.912,24.952,1.583,51.075,27.503,29.503,49.773,1.684,Moderate
17.86,20.0,45.016,25.943,0.945,18.265,15.627,36.414,53.879,0.436,Moderate
55.374,87.262,87.323,16.478,1.11,10.844,24.86,31.146,52.844,3.103,Moderate
31.683,40.598,52.182,14.053,0.488,33.033,37.199,21.12,19.718,4.18,Good
18.998,40.051,44.437,24.823,1.68,28.896,31.662,28.843,77.369,1.654,Moderate
37.751,82.577,28.416,37.161,1.879,35.325,20.86,33.07,72.085,4.675,Moderate
72.272,155.192,44.387,28.688,2.175,17.678,28.01,27.212,38.663,1.539,Poor
16.475,28.476,61.551,31.552,0.889,60.818,37.413,24.814,41.077,6.036,Good
56.676,76.128,25.954,28.442,1.219,51.355,32.367,32.604,56.877,0.409,Moderate
36.714,82.781,43.106,31.201,1.653,39.958,11.709,26.16,60.222,2.036,Moderate
101.418,137.497,72.783,25.611,2.205,24.413,49.002,18.263,46.576,4.355,Poor
108.137,167.644,67.827,13.721,3.261,31.044,47.589,30.113,48.573,1.066,Very Poor
83.429,158.931,75.726,32.882,1.977,19.37,24.691,39.631,54.376,1.769,Poor
50.619,116.538,34.617,40.35,1.496,38.323,29.963,27.605,57.56,4.317,Poor
29.882,52.654,39.276,27.389,1.995,41.074,45.911,21.724,56.483,2.99,Moderate
51.118,90.301,72.916,14.174,1.04,57.244,43.007,31.411,68.5,2.341,Moderate
80.559,108.561,23.893,8.574,2.03,26.004,5.115,17.543,44.187,0.836,Moderate
62.243,96.074,16.056,34.959,2.396,5.839,43.675,21.156,66.012,3.337,Moderate
56.11,123.398,8.709,23.478,2.705,20.052,49.398,30.884,18.0,3.716,Poor
52.612,105.433,31.183,43.989,1.873,44.157,20.187,35.831,63.569,0.792,Poor
81.549,130.954,60.121,22.243,2.186,34.928,4.348,30.579,74.378,4.581,Poor
54.155,56.567,21.206,33.072,1.756,34.368,18.269,44.0,81.057,2.441,Poor
39.935,47.03,24.026,16.651,1.694,31.44,37.423,12.0,46.826,3.169,Moderate
41.085,60.88,71.528,20.434,1.856,10.085,34.427,26.57,45.954,0.516,Moderate
31.655,69.807,79.057,10.935,1.215,40.287,22.799,15.559,59.307,3.317,Good
111.582,185.97,41.192,20.9,2.196,31.957,25.96,22.455,82.819,4.934,Poor
41.714,84.437,49.866,18.194,1.763,28.952,41.104,27.64,26.78,5.286,Moderate
51.654,67.2,64.714,17.766,1.815,66.605,30.141,16.682,88.033,4.771,Moderate
87.98,96.463,73.06,14.511,1.973,27.394,37.682,22.178,46.04,3.781,Poor
75.478,122.564,51.743,16.455,1.658,20.464,23.559,28.387,34.946,4.268,Moderate
39.733,68.259,41.297,23.117,2.32,37.026,45.929,41.267,71.498,2.938,Moderate
40.5,96.787,46.173,33.485,1.594,9.365,19.611,32.242,85.958,4.541,Moderate
105.984,200.427,42.859,35.298,2.446,31.14,24.408,33.371,41.667,5.151,Very Poor
67.507,81.944,17.838,25.958,2.325,53.297,23.811,33.996,77.502,2.491,Moderate
80.811,113.97,74.084,32.945,1.512,33.248,10.922,26.252,59.019,3.06,Poor
23.015,43.909,29.939,24.801,1.282,27.783,14.792,27.397,78.632,6.47,Good
43.262,59.623,23.503,39.117,1.487,51.714,32.552,37.24,48.963,4.591,Good
74.202,114.669,36.856,46.515,1.738,39.017,39.784,22.06,48.34,2.965,Poor
132.59,198.602,47.36,40.851,2.162,39.431,38.845,31.407,33.129,6.594,Poor
8.0,33.802,67.435,40.605,0.776,36.528,5.659,36.169,45.79,3.025,Good
26.076,37.926,38.219,23.345,2.425,33.137,51.472,30.155,63.392,1.004,Moderate
79.33,137.467,27.047,31.26,1.65,19.078,19.41,27.493,74.506,6.225,Moderate
9.651,20.0,49.129,9.011,1.275,63.639,50.043,25.798,63.341,1.59,Good
46.866,73.641,36.934,22.067,2.755,41.155,16.338,20.535,66.683,4.248,Moderate
116.536,127.215,15.659,24.905,2.246,30.141,38.751,23.023,81.566,0.3,Poor
53.461,89.417,64.242,35.176,1.257,13.458,37.981,28.567,66.466,1.202,Moderate
95.739,134.954,32.818,26.83,1.982,17.798,27.925,28.434,48.302,5.496,Poor
37.145,35.517,52.865,11.622,2.058,59.741,28.184,40.489,19.094,5.615,Moderate
22.165,27.958,42.232,21.253,0.736,42.297,11.355,23.227,51.219,3.386,Good
68.164,95.717,64.261,17.805,2.033,27.884,16.505,35.147,48.035,4.954,Moderate
35.251,64.167,74.839,33.163,1.334,41.238,33.2,28.227,68.99,1.258,Moderate
78.257,122.234,69.205,48.469,2.436,25.361,24.398,32.568,56.041,5.661,Poor
46.869,99.997,54.472,22.887,0.776,19.659,15.14,30.414,57.24,4.253,Moderate
38.519,47.524,29.121,15.666,1.538,63.1,11.108,36.748,64.338,1.491,Moderate
58.213,76.254,60.897,28.248,1.559,32.879,38.789,39.285,53.38,2.898,Moderate
69.633,124.179,65.822,19.3,1.452,34.932,22.507,33.707,26.707,5.5,Moderate
116.72,182.225,57.022,20.873,1.598,50.887,19.833,34.038,62.175,3.273,Poor
75.773,128.997,31.566,20.389,1.459,50.77,36.61,33.304,42.859,0.359,Poor
19.908,35.399,59.914,22.021,1.005,41.217,33.818,24.077,38.052,2.559,Good
36.949,30.133,61.372,29.005,1.428,9.531,11.029,44.0,35.104,2.933,Moderate
73.073,145.033,75.291,28.506,1.988,19.518,10.269,24.637,55.878,4.227,Poor
31.297,37.645,82.498,33.709,1.109,47.838,30.538,28.434,68.897,3.195,Moderate
26.492,50.853,77.744,37.362,2.039,30.182,25.128,30.562,40.952,3.897,Moderate
37.241,57.595,41.544,22.996,0.846,6.424,33.321,29.453,82.445,0.3,Good
134.895,200.722,45.255,43.237,2.003,47.523,30.414,37.833,69.408,4.056,Very Poor
84.851,139.788,62.772,17.978,2.987,42.238,40.028,18.087,60.802,2.806,Poor
42.323,51.133,23.983,3.706,1.29,45.695,16.774,30.422,52.889,1.117,Moderate
44.311,46.217,54.127,13.167,2.275,7.037,26.217,40.092,76.071,1.415,Moderate
104.344,193.708,55.691,34.775,2.303,29.256,28.912,44.0,69.991,2.434,Very Poor
64.863,56.993,24.493,10.446,2.247,54.261,23.047,17.505,67.324,1.179,Poor
58.511,61.538,6.0,27.97,2.2,36.557,22.03,18.66,48.747,4.143,Moderate
30.29,74.861,33.307,34.484,1.506,37.101,23.308,29.475,23.001,3.039,Moderate
51.809,89.73,34.777,23.821,2.317,60.028,36.455,37.434,84.925,1.829,Poor
113.168,173.318,42.119,28.883,2.353,34.215,17.962,23.046,52.84,2.852,Very Poor
53.005,87.72,82.765,23.637,1.103,29.436,24.76,35.695,23.086,3.216,Moderate
74.009,110.413,50.739,28.131,1.82,47.544,12.561,20.38,51.094,0.719,Poor
29.571,22.133,33.492,33.198,1.773,26.306,21.344,22.462,55.153,5.944,Poor
56.407,88.195,16.942,23.144,1.421,13.557,38.485,26.549,73.211,6.337,Moderate
11.492,43.333,65.819,21.544,1.648,29.347,28.299,40.008,55.938,2.512,Good
54.68,105.461,41.084,40.227,2.071,37.59,23.562,33.338,69.496,2.538,Poor
74.406,93.888,39.394,28.229,1.387,39.247,2.0,28.482,49.755,3.757,Poor
75.065,102.773,15.338,33.404,1.526,47.03,31.904,25.168,44.945,3.904,Moderate
18.935,33.815,59.362,13.14,1.039,10.767,16.049,20.212,37.105,3.078,Good
68.558,105.331,36.626,17.491,1.927,34.433,34.068,36.373,40.415,3.354,Moderate
92.603,123.823,35.367,21.179,1.682,30.362,38.397,34.548,96.0,2.9,Poor
89.903,167.021,43.452,17.248,2.383,20.902,37.459,24.462,75.775,4.136,Poor
83.237,100.406,72.839,20.678,2.668,38.589,31.56,44.0,72.187,3.509,Poor
79.399,113.073,29.917,13.079,0.946,23.302,40.777,39.319,18.0,3.331,Poor
47.125,56.495,37.212,15.043,1.221,64.057,35.34,23.784,71.765,3.753,Moderate
44.14,92.475,24.274,22.389,2.138,5.0,18.752,39.692,27.373,4.839,Moderate
10.551,30.495,50.012,28.539,2.455,5.0,15.882,27.789,73.513,0.497,Moderate
47.126,83.013,60.137,9.6,1.602,26.935,38.165,44.0,29.931,1.244,Poor
75.936,136.105,65.849,33.749,2.172,48.548,30.34,35.72,34.901,2.723,Poor
69.653,77.147,91.835,2.0,2.519,41.907,33.929,17.631,35.89,3.848,Poor
90.114,188.604,60.976,45.606,1.773,31.957,35.332,38.014,43.939,2.466,Poor
26.061,37.486,55.705,32.591,2.698,5.0,12.656,23.639,63.64,2.629,Moderate
43.952,72.399,33.623,14.868,1.317,38.651,38.444,20.7,70.24,0.3,Moderate
83.658,127.414,83.441,33.433,1.995,5.0,31.873,29.48,69.381,4.72,Poor
18.401,30.539,70.893,15.103,1.301,40.307,17.233,12.665,70.055,6.45,Good
54.273,67.066,26.293,27.759,1.621,36.543,41.106,33.982,86.422,4.169,Moderate
60.256,66.846,7.264,6.26,1.532,41.411,27.324,24.784,50.891,3.038,Poor
39.961,54.189,53.315,30.893,1.793,28.174,25.803,37.84,42.123,2.633,Moderate
58.003,48.186,36.569,20.126,1.554,32.719,32.007,38.995,91.143,5.654,Moderate
16.974,38.94,40.003,5.771,0.669,24.211,22.826,17.785,83.574,6.559,Good
97.561,85.961,47.642,2.0,2.443,49.914,41.315,31.429,63.43,5.02,Poor
115.502,165.52,23.852,26.31,2.122,30.188,43.689,28.72,66.641,3.858,Poor
76.013,105.228,25.514,43.876,2.708,44.023,17.974,32.505,59.263,4.96,Poor
156.528,241.429,42.267,41.958,2.828,42.71,19.598,31.133,53.714,3.444,Very Poor
12.11,22.276,38.339,37.674,1.763,57.178,63.881,31.821,56.36,4.189,Moderate
28.366,45.24,41.079,18.995,1.805,34.017,22.678,34.564,55.06,0.998,Moderate
42.23,74.448,58.423,23.231,1.961,12.763,28.389,34.374,66.382,3.76,Moderate
101.051,134.173,41.249,31.011,1.909,56.593,47.585,39.875,44.739,4.807,Poor
87.516,110.263,53.485,19.617,1.334,52.639,32.335,15.612,76.422,5.689,Poor
92.365,123.38,48.157,19.315,1.986,40.9,51.295,33.877,70.076,0.3,Poor
35.361,58.988,48.453,23.431,1.325,31.636,30.296,21.768,81.387,5.492,Moderate
55.892,83.234,45.654,15.806,2.365,35.88,34.596,38.577,58.287,0.972,Poor
101.941,139.798,72.872,27.04,1.887,8.717,43.548,29.415,78.826,1.243,Poor
72.454,99.994,46.15,26.487,2.227,25.669,26.124,13.508,96.0,3.331,Poor
26.176,50.359,7.856,21.051,1.505,17.731,39.263,38.693,36.217,0.627,Moderate
44.976,55.936,45.218,29.305,1.289,8.537,56.233,29.359,63.758,2.391,Moderate
41.285,73.295,39.999,26.89,1.285,29.398,34.43,21.137,61.987,1.816,Moderate
34.895,24.277,25.44,20.085,1.514,14.215,29.6,31.042,71.864,4.902,Moderate
36.48,56.765,80.072,24.646,1.585,57.358,21.267,40.192,52.521,4.516,Moderate
60.059,84.802,22.283,22.026,1.852,8.999,47.325,25.968,88.397,3.022,Poor
58.522,79.435,44.412,32.421,1.562,17.514,40.059,27.742,59.967,5.649,Moderate
23.128,31.82,60.758,12.495,1.394,44.73,33.514,33.905,75.092,3.392,Moderate
113.532,104.057,42.793,6.686,2.937,42.098,19.329,23.865,43.954,4.941,Poor
20.677,63.155,55.356,13.948,1.399,37.381,26.615,29.674,68.806,5.371,Moderate
88.346,130.978,62.095,27.994,2.16,5.0,36.649,31.367,74.784,4.009,Poor
32.212,36.277,85.319,24.257,1.827,22.318,32.755,27.546,58.359,2.145,Moderate
67.552,49.305,57.716,18.219,1.357,11.895,42.921,30.817,72.922,1.542,Moderate
30.488,52.227,40.337,20.547,0.988,52.61,36.637,23.593,29.555,1.071,Moderate
34.443,60.921,24.256,13.192,1.801,18.799,47.074,15.458,68.797,0.3,Moderate
17.37,43.413,48.746,9.702,1.409,55.818,42.873,27.143,61.635,1.771,Moderate
91.381,119.671,42.866,11.113,1.466,40.043,23.776,28.212,31.252,5.092,Poor
53.592,70.518,43.91,8.774,1.885,46.017,30.275,28.287,72.782,1.467,Moderate
40.21,69.261,54.134,19.652,0.89,51.447,48.032,32.105,60.987,1.716,Moderate
72.23,71.799,49.043,19.135,1.751,32.289,42.54,25.6,66.156,2.824,Moderate
150.381,175.849,36.708,32.916,3.326,20.45,32.633,21.014,73.778,6.214,Very Poor
15.429,31.17,22.837,19.378,1.612,34.38,34.799,23.191,62.98,2.432,Moderate
17.902,41.267,54.297,44.0,1.488,50.866,24.115,37.831,55.931,2.448,Moderate
36.55,49.976,41.175,30.465,1.948,46.835,34.514,23.837,34.828,3.763,Moderate
66.657,68.505,40.347,35.139,2.104,51.934,35.728,38.793,81.391,2.177,Poor
44.896,56.829,48.539,22.578,2.027,60.081,34.331,12.859,50.498,3.449,Moderate
51.737,80.229,35.74,47.249,1.289,27.944,44.299,38.135,58.26,4.136,Moderate
101.311,154.003,33.275,4.915,3.006,29.082,15.12,30.982,27.162,3.2,Poor
52.082,62.777,26.649,11.649,1.928,29.838,30.841,30.244,64.628,2.514,Moderate
41.325,76.638,28.108,29.009,1.686,38.962,36.425,36.682,62.386,3.645,Moderate
82.482,99.429,61.121,17.724,2.291,31.648,15.881,35.984,59.174,4.063,Poor
47.484,80.994,41.394,32.887,1.926,78.292,13.169,30.294,61.743,5.274,Moderate
93.632,136.761,53.717,30.04,2.935,14.655,46.464,27.665,90.028,2.248,Poor
46.383,60.541,27.297,39.522,0.994,37.691,39.551,31.585,25.904,0.442,Moderate
37.218,81.383,70.606,23.352,1.744,33.414,34.223,19.942,87.854,1.057,Moderate
57.179,95.281,73.418,22.117,2.221,5.137,36.675,24.126,62.77,1.942,Poor
53.668,80.044,63.436,13.453,1.364,39.405,34.179,30.511,40.409,0.3,Moderate
173.003,225.35,69.653,30.524,2.645,26.904,41.074,23.447,56.601,6.352,Very Poor
81.518,127.665,65.045,35.026,1.634,5.366,21.978,21.748,64.772,2.74,Poor
82.049,99.056,34.6,26.429,1.548,52.5,37.956,36.628,32.332,0.769,Poor
33.392,62.312,42.967,16.88,1.825,13.055,19.051,34.684,43.313,1.209,Moderate
51.53,89.309,48.498,43.618,1.994,5.0,3.581,32.606,79.491,0.795,Poor
38.117,49.359,27.043,22.055,1.555,34.145,49.869,25.534,59.958,2.389,Moderate
65.455,110.682,51.169,13.319,1.919,8.993,43.038,42.978,78.812,6.1,Poor
9.818,24.695,52.868,24.936,1.58,46.988,55.604,31.232,73.673,4.54,Moderate
27.063,58.564,60.425,17.127,1.379,25.136,23.647,27.026,37.2,1.701,Moderate
83.556,118.736,53.424,50.09,2.277,13.728,18.924,24.732,38.376,1.804,Poor
48.937,93.651,43.264,31.316,1.44,30.586,35.489,34.291,43.867,4.879,Moderate
86.181,139.156,6.0,15.954,2.007,55.184,34.606,26.262,48.405,3.152,Poor
75.408,82.593,46.213,22.409,1.093,41.172,23.484,30.048,96.0,2.31,Moderate
35.192,58.067,50.145,15.591,0.679,26.928,33.336,29.275,67.548,5.634,Good
101.912,153.038,33.364,17.835,2.153,27.55,36.692,19.278,74.72,3.284,Poor
91.827,184.312,36.063,22.29,2.343,24.724,34.648,22.406,54.689,2.89,Poor
113.464,235.13,17.486,33.229,1.9,35.32,36.473,26.083,57.01,4.819,Poor
35.811,66.181,6.0,23.003,2.228,14.492,24.984,25.554,56.031,3.231,Moderate
82.379,141.817,60.727,34.518,2.128,30.093,36.427,31.3,61.803,4.63,Poor
114.156,171.541,38.148,31.242,2.122,66.417,40.66,31.279,52.444,7.339,Poor
40.765,55.189,37.627,21.673,2.145,61.017,34.254,23.705,85.602,0.798,Moderate
113.838,181.064,65.122,6.031,2.395,16.552,37.13,36.619,45.268,3.186,Poor
43.231,73.575,47.785,26.148,1.647,42.5,49.921,24.339,39.424,6.28,Moderate
90.507,109.913,39.615,43.94,1.311,32.599,15.421,17.708,58.67,5.464,Moderate
55.962,79.142,82.958,18.324,2.414,35.683,14.836,24.069,51.937,4.591,Moderate
31.462,67.706,54.666,6.351,1.192,51.201,19.656,12.0,70.335,3.607,Moderate
38.838,63.233,19.876,24.303,2.312,48.803,7.258,29.046,38.314,0.333,Moderate
71.299,83.628,42.957,44.762,2.625,35.257,32.921,27.003,71.947,4.428,Poor
64.867,98.466,57.222,42.497,1.676,63.146,32.378,23.055,59.234,1.896,Moderate
119.945,162.935,57.644,20.439,2.027,36.098,40.167,36.964,67.741,2.988,Very Poor
48.129,73.316,21.78,17.835,2.538,31.137,25.395,30.972,29.08,2.625,Moderate
95.156,127.108,67.171,32.722,1.407,46.353,18.694,38.204,51.568,4.421,Poor
80.382,126.866,30.695,8.15,1.762,37.333,30.551,33.797,77.787,3.822,Poor
81.85,133.049,43.893,29.608,1.882,10.911,17.399,21.946,59.626,2.913,Moderate
28.258,54.098,47.692,19.272,1.131,31.672,29.911,21.377,63.434,4.282,Good
56.931,97.34,88.041,21.734,1.583,37.15,46.129,36.303,55.448,1.936,Poor
164.374,200.709,52.319,24.067,2.125,8.2,19.765,28.309,59.526,2.906,Very Poor
46.004,57.065,29.849,26.0,2.154,63.518,16.539,29.208,71.442,1.316,Good
17.588,35.673,56.882,36.904,1.4,46.26,25.931,36.881,66.704,2.45,Moderate
86.845,112.665,60.843,34.952,2.299,45.004,14.299,33.453,77.214,3.79,Poor
50.116,96.221,63.846,18.495,1.957,23.395,19.673,15.531,55.691,4.231,Moderate
46.777,72.31,50.124,29.524,1.276,11.324,40.649,22.814,72.331,3.548,Moderate
97.834,149.954,25.949,26.658,1.942,12.208,49.556,25.447,77.249,3.481,Poor
8.0,20.0,21.243,27.712,1.272,42.255,21.992,25.295,75.253,4.478,Good
25.456,51.793,24.149,28.983,1.37,25.147,26.306,29.331,62.209,5.478,Moderate
94.705,159.03,71.052,41.834,2.11,37.415,8.533,19.302,78.825,0.863,Poor
31.522,44.874,36.54,28.695,0.286,32.584,32.21,27.272,54.716,8.968,Good
8.0,20.0,45.881,34.399,1.354,29.148,8.653,36.002,54.163,2.893,Good
28.495,58.723,33.505,31.046,1.533,42.123,21.464,28.848,28.701,4.016,Moderate
59.506,97.819,27.339,12.428,1.569,27.979,41.142,36.794,55.714,5.073,Moderate
64.607,102.894,53.824,19.613,1.683,30.761,20.319,33.402,55.391,5.299,Moderate
56.421,82.133,11.544,6.819,1.673,25.105,14.042,32.34,53.13,1.76,Good
47.316,94.42,28.158,12.319,0.96,68.081,10.317,38.754,36.525,2.709,Moderate
74.657,78.912,63.517,34.424,2.522,29.222,28.487,29.661,41.95,1.55,Poor
22.926,51.707,49.408,11.272,1.315,14.03,25.021,26.616,61.103,2.145,Good
35.214,56.792,18.165,24.47,1.204,54.693,43.686,19.292,46.722,2.988,Good
48.774,44.617,69.441,22.11,1.51,20.762,47.7,25.526,61.268,2.998,Moderate
38.701,51.081,54.486,20.423,1.22,54.345,36.433,33.99,61.409,3.315,Moderate
47.56,70.585,39.233,18.75,1.574,6.556,49.492,34.651,59.697,2.134,Moderate
58.461,71.423,46.947,24.187,1.78,38.073,31.464,34.061,63.043,0.734,Poor
59.924,47.948,75.751,9.597,2.226,43.054,24.12,26.204,39.175,1.199,Moderate
45.943,47.853,21.429,9.967,1.245,31.374,35.24,22.665,37.959,0.688,Moderate
46.631,100.326,63.737,27.019,1.912,16.824,14.521,44.0,52.336,2.801,Poor
71.038,106.677,60.472,27.601,2.15,33.921,38.785,27.603,75.332,4.801,Poor
45.602,80.815,59.958,39.136,1.718,43.451,32.062,33.814,49.235,5.352,Moderate
39.953,70.606,53.563,26.827,2.891,16.75,44.763,30.861,40.021,2.736,Poor
56.968,85.84,28.24,43.058,2.169,30.619,25.178,34.061,37.73,3.609,Poor
60.908,81.327,44.839,3.757,1.777,54.057,30.681,32.032,75.281,4.534,Moderate
45.056,102.29,45.839,6.55,1.644,19.663,17.204,23.413,67.769,3.483,Moderate
113.833,175.954,50.892,32.072,1.642,35.194,36.109,25.971,69.296,3.386,Poor
46.259,69.514,54.915,27.741,1.754,51.585,17.485,34.588,84.715,4.687,Moderate
40.466,50.084,63.589,25.797,0.649,9.052,23.097,26.134,51.297,3.842,Good
121.577,162.59,88.865,47.035,2.299,20.921,53.751,31.898,56.734,5.311,Very Poor
85.236,104.616,70.445,29.142,2.55,39.293,45.647,23.899,61.993,1.377,Poor
89.491,121.633,59.591,25.866,1.949,13.441,19.061,36.192,33.719,4.365,Poor
32.067,59.291,63.52,33.086,1.236,30.184,35.668,30.951,48.349,1.205,Moderate
52.631,63.292,53.95,21.411,2.478,35.012,58.246,37.465,42.691,3.888,Moderate
61.281,76.595,38.038,30.032,2.6,57.448,31.867,22.846,73.089,2.747,Poor
8.388,20.0,11.375,15.451,0.849,50.902,31.857,29.373,59.778,1.707,Good
75.13,86.629,55.437,31.866,2.127,26.672,46.162,24.113,49.896,1.713,Poor
48.128,61.063,41.416,20.329,1.845,38.388,18.068,31.55,40.932,5.363,Moderate
28.583,33.591,23.848,31.0,1.84,23.794,27.302,24.6,42.59,5.269,Good
153.965,278.566,59.495,34.604,3.356,37.19,39.861,28.504,34.294,2.99,Very Poor
13.841,20.0,37.596,12.052,0.354,36.344,19.784,34.257,59.768,2.516,Good
55.055,53.457,25.982,12.476,2.156,14.856,42.258,19.929,92.835,1.857,Moderate
73.472,141.456,47.389,18.976,2.047,20.427,22.926,41.59,40.115,3.274,Poor
32.034,75.426,43.597,41.338,0.77,10.6,21.544,28.244,46.643,2.852,Good
43.413,91.986,53.858,20.279,2.306,40.778,54.183,22.142,60.263,4.002,Moderate
27.947,25.928,30.259,12.408,1.375,31.433,25.361,40.85,49.346,4.563,Good
107.809,191.927,76.617,31.889,2.875,39.808,55.399,29.482,40.884,3.835,Very Poor
18.364,29.45,65.788,36.527,2.191,11.157,8.932,34.09,43.414,3.572,Moderate
26.384,45.639,55.11,23.182,1.255,49.928,37.927,30.383,26.893,6.129,Good
187.773,267.112,53.17,39.244,2.237,46.773,41.112,21.758,48.421,0.885,Very Poor
51.214,91.02,57.018,19.494,1.676,45.24,24.553,26.135,51.046,0.881,Moderate
41.457,45.883,26.202,25.088,2.086,42.614,66.899,32.044,26.86,2.975,Poor
45.379,86.945,29.968,22.432,1.941,22.219,15.593,30.437,60.092,4.588,Moderate
27.512,67.545,71.657,36.964,1.289,31.724,41.576,28.203,59.745,3.413,Moderate
70.367,94.17,50.914,23.275,1.636,43.986,13.365,28.006,75.294,4.911,Moderate
57.361,81.514,42.612,23.173,1.876,20.015,36.998,20.016,54.847,2.35,Moderate
22.136,54.275,69.176,40.764,1.079,60.952,33.231,25.621,68.414,1.641,Moderate
57.883,114.804,77.365,31.385,1.989,62.745,18.902,33.257,48.704,4.37,Moderate
43.128,63.401,31.448,12.411,2.038,50.026,34.178,16.859,49.906,5.216,Moderate
71.01,100.312,56.987,27.257,2.119,11.865,34.564,33.792,69.953,5.89,Poor
48.175,87.408,39.324,20.137,1.837,50.888,29.932,31.301,41.317,3.289,Moderate
34.065,64.594,52.615,10.121,1.77,27.92,51.886,23.912,41.998,4.788,Moderate
83.916,92.401,39.995,30.207,2.835,36.329,21.304,44.0,75.424,2.226,Very Poor
62.618,67.455,55.918,23.326,1.785,41.324,32.146,24.758,83.709,4.58,Moderate
51.003,72.502,16.663,28.306,1.249,29.449,28.199,28.497,46.653,3.391,Poor
15.986,22.116,53.506,28.532,1.546,28.662,42.203,18.71,75.515,3.211,Moderate
54.12,61.995,50.653,19.414,1.325,37.878,33.763,17.182,51.27,0.385,Moderate
56.312,69.277,56.182,5.812,1.125,70.26,25.399,34.008,95.536,7.953,Moderate
49.637,46.024,6.0,14.282,1.631,53.202,17.801,24.104,47.249,0.3,Moderate
37.118,50.811,40.346,24.455,0.809,10.571,31.835,28.465,80.452,2.804,Good
40.83,30.425,66.279,27.319,1.626,39.483,41.991,28.566,43.263,3.159,Moderate
28.565,49.319,59.269,23.187,1.727,60.961,50.723,29.925,48.138,2.487,Moderate
36.3,91.797,45.695,20.041,1.281,45.935,16.93,33.213,54.62,2.055,Moderate
89.444,152.783,57.42,41.71,2.289,29.18,30.878,20.211,43.505,0.576,Poor
30.458,41.788,65.214,12.001,1.506,24.671,33.128,35.428,57.64,2.913,Moderate
96.293,210.287,43.116,28.232,2.399,19.459,29.603,36.522,64.871,4.371,Very Poor
115.157,136.086,57.995,29.918,2.083,48.953,52.897,26.207,69.633,4.794,Poor
89.185,121.838,76.987,28.994,2.22,27.617,36.1,23.345,52.516,5.402,Poor
71.948,120.618,54.563,23.244,2.112,14.885,12.165,29.633,64.88,2.484,Poor
49.86,89.523,62.941,14.78,1.371,15.602,29.34,34.82,49.292,0.377,Moderate
31.854,48.688,55.69,16.097,1.067,78.004,24.71,33.385,50.034,3.58,Moderate
49.117,68.626,35.33,24.867,1.027,43.286,13.656,30.088,83.682,3.104,Moderate
63.305,71.982,63.501,19.947,2.518,25.601,14.415,26.736,34.616,6.293,Poor
56.842,63.837,36.557,33.623,1.461,7.054,24.748,25.636,22.689,3.753,Moderate
59.453,71.644,50.312,21.521,1.039,48.464,36.459,13.999,56.406,1.827,Moderate
36.871,58.28,17.701,6.505,2.339,34.528,40.288,30.321,78.053,4.006,Moderate
68.923,127.187,77.027,21.826,1.691,32.53,47.807,44.0,44.653,3.794,Poor
40.138,50.38,62.494,20.293,1.797,21.523,9.602,30.533,53.936,5.505,Moderate
49.434,59.324,49.173,17.936,2.226,65.35,13.575,37.971,58.433,5.415,Moderate
13.553,34.522,31.512,17.191,1.572,48.063,24.058,38.974,53.993,3.335,Moderate
48.086,52.42,42.357,2.817,1.053,48.481,27.758,17.148,57.375,4.289,Moderate
116.314,154.255,47.446,49.25,1.663,51.878,59.643,29.183,33.835,5.196,Poor
29.625,53.468,54.455,22.72,1.279,31.905,10.898,39.677,23.119,4.801,Moderate
92.626,110.708,47.165,38.42,2.367,31.484,10.203,27.928,78.472,3.087,Poor
87.156,131.708,85.8,23.856,1.74,43.929,31.752,24.322,37.562,3.837,Moderate
38.065,60.897,9.302,34.184,1.93,53.061,39.114,40.887,50.445,0.818,Moderate
111.332,164.784,69.281,29.879,1.639,16.992,41.849,20.977,52.699,4.203,Poor
34.467,54.168,60.623,11.642,1.593,34.904,39.862,13.934,41.35,5.394,Moderate
45.926,73.671,59.028,2.352,1.906,11.88,19.158,29.048,18.0,3.779,Moderate
51.23,114.848,68.058,18.124,1.28,38.45,44.11,23.869,69.758,5.039,Good
69.672,73.027,31.964,21.624,2.035,18.49,45.085,20.655,38.669,4.818,Moderate
94.066,121.733,46.079,20.974,2.634,5.0,27.464,37.157,47.421,0.3,Poor
29.825,38.246,88.294,21.379,2.182,5.0,18.921,20.803,74.982,2.569,Moderate
71.939,107.545,45.935,32.615,1.684,41.563,53.703,26.798,68.222,2.593,Poor
44.243,76.167,12.038,21.031,1.886,54.684,2.717,28.24,60.559,1.637,Moderate
115.779,128.191,37.443,31.76,1.956,18.508,37.656,32.962,20.445,6.549,Poor
18.492,35.381,25.9,19.136,1.536,28.158,37.963,29.053,69.916,4.131,Moderate
34.815,51.345,53.733,29.152,1.47,26.877,23.93,40.125,25.518,2.26,Moderate
83.071,108.027,39.307,7.551,2.25,18.237,24.507,20.261,56.01,5.251,Poor
61.857,111.95,45.852,27.883,1.194,48.176,39.32,41.248,18.0,1.261,Moderate
33.601,48.363,60.606,35.116,1.904,47.239,30.304,31.295,81.072,5.211,Moderate
28.735,33.486,53.434,25.794,1.366,60.417,13.994,23.264,75.595,5.008,Moderate
45.946,70.095,40.997,8.353,1.114,24.211,30.759,26.55,86.71,4.192,Moderate
25.71,26.393,31.31,34.684,0.635,27.157,24.098,43.473,27.929,2.551,Good
86.401,143.102,43.322,28.992,1.803,31.584,42.316,44.0,73.702,3.873,Poor
66.899,114.351,25.297,25.808,1.179,34.285,36.631,33.309,75.656,1.738,Moderate
94.075,106.506,9.557,29.173,1.822,30.594,19.712,33.246,38.831,0.3,Poor
64.268,109.384,44.113,26.214,2.212,30.99,31.724,31.539,51.941,4.057,Moderate
57.777,87.388,29.308,17.611,1.207,45.041,32.752,31.767,91.836,3.369,Moderate
58.187,101.635,44.418,36.264,1.211,36.289,23.686,22.672,63.482,0.7,Moderate
49.963,72.138,42.847,38.367,1.95,13.238,48.729,36.725,51.531,2.692,Poor
61.258,106.597,46.909,3.858,1.584,37.149,41.356,19.38,57.344,1.895,Moderate
24.595,21.918,59.169,2.0,1.081,41.055,47.299,13.998,54.578,3.379,Good
69.458,101.841,10.619,41.653,2.418,41.815,29.588,35.303,49.696,4.588,Moderate
67.631,114.569,66.308,22.494,1.76,32.356,34.554,30.67,70.936,3.794,Moderate
33.588,64.888,27.881,36.954,0.978,28.223,14.668,22.079,71.961,2.112,Moderate
69.307,102.057,53.646,31.433,2.38,44.263,29.029,30.438,45.192,3.909,Poor
62.377,104.067,71.001,31.611,1.245,22.009,30.616,22.937,37.543,1.278,Moderate
218.214,310.28,57.49,18.98,3.287,57.383,28.679,28.536,62.019,2.38,Severe
97.014,166.173,30.573,27.415,1.575,26.011,42.249,36.101,76.936,1.19,Poor
31.331,31.601,55.423,34.105,1.135,45.602,35.523,23.804,68.39,3.092,Moderate
76.11,92.723,49.883,31.699,2.429,64.033,55.468,27.389,82.601,1.387,Poor
14.65,22.73,21.128,29.801,1.255,11.327,13.062,27.49,61.986,3.442,Good
56.235,97.504,77.982,11.139,2.055,55.269,37.223,25.094,41.438,1.942,Poor
70.863,104.811,38.693,20.754,2.175,26.719,27.643,18.849,69.128,4.397,Poor
11.314,20.0,45.733,20.052,2.22,53.318,15.282,44.0,43.99,1.587,Moderate
39.342,71.02,53.106,42.032,1.302,23.402,34.387,12.0,38.488,0.912,Moderate
102.081,150.66,61.854,39.69,2.604,15.863,38.158,30.394,41.877,2.83,Very Poor
30.348,71.697,37.163,28.464,1.337,32.941,41.69,30.734,43.742,2.708,Moderate
87.959,91.969,45.028,20.284,1.992,39.217,30.659,34.94,74.955,3.446,Poor
54.523,98.219,12.326,3.663,2.514,47.166,20.373,24.996,40.249,1.922,Poor
147.123,262.133,36.555,36.332,2.084,59.357,25.274,38.432,72.029,1.118,Very Poor
45.0,37.171,30.636,23.386,2.302,37.97,35.662,26.904,46.023,0.757,Moderate
27.29,42.92,34.7,20.032,1.415,33.764,15.848,23.072,50.978,2.31,Moderate
44.694,55.225,52.014,30.317,1.301,41.368,38.698,36.06,54.499,3.544,Moderate
61.898,84.908,54.202,17.154,2.013,34.568,20.447,21.175,25.493,2.055,Moderate
26.975,49.765,63.916,26.036,1.809,42.75,20.774,31.948,29.831,1.451,Moderate
27.978,69.97,56.516,24.435,1.561,41.751,19.511,23.549,51.252,1.36,Moderate
32.63,20.0,37.118,28.917,1.758,19.847,14.564,23.575,68.002,2.291,Good
44.306,70.915,42.552,26.477,1.6,22.944,37.437,31.317,60.641,4.812,Moderate
37.1,54.601,47.559,2.0,1.263,18.973,24.253,36.914,51.282,3.455,Moderate
65.981,107.286,75.326,15.032,1.982,47.242,33.311,22.956,78.463,2.365,Poor
31.183,41.943,70.76,15.404,1.493,36.38,22.052,33.389,60.81,4.217,Moderate
43.474,96.672,51.835,29.341,2.06,46.633,40.539,31.172,33.142,3.347,Moderate
51.586,62.955,51.117,20.428,2.006,26.712,44.093,30.168,59.245,1.731,Moderate
21.945,33.244,41.659,6.761,1.227,19.079,39.656,36.424,70.467,3.21,Moderate
79.005,137.898,29.989,38.252,1.929,40.243,30.721,28.658,51.581,5.603,Poor
39.243,59.442,44.316,11.127,0.84,24.859,24.246,30.265,47.046,2.322,Moderate
78.106,128.464,66.991,8.544,2.106,54.164,36.812,27.722,43.822,4.337,Poor
74.735,116.197,21.902,18.622,1.843,20.966,29.793,24.72,41.916,4.613,Moderate
74.218,114.751,40.862,32.468,2.146,36.122,51.285,31.705,72.088,5.408,Poor
36.018,71.583,54.633,19.614,1.794,37.233,41.734,32.443,58.768,1.044,Moderate
39.04,41.321,41.282,29.949,1.636,42.363,38.474,30.26,87.977,3.231,Moderate
44.377,43.546,43.138,4.79,1.946,40.179,51.218,32.215,39.094,0.879,Poor
33.691,55.427,54.085,20.381,1.613,42.785,38.422,19.5,96.0,3.694,Moderate
49.858,77.483,60.956,43.522,2.02,46.366,52.481,27.126,37.159,0.3,Moderate
19.276,55.763,49.479,20.349,2.322,6.107,41.373,34.494,51.932,6.211,Moderate
56.547,77.785,6.0,17.818,1.434,5.0,53.183,44.0,66.034,4.984,Moderate
42.497,82.477,51.613,27.551,1.587,36.453,35.331,23.67,51.488,3.243,Moderate
25.266,31.3,89.151,8.023,1.055,14.852,23.716,25.875,69.457,2.892,Moderate
53.398,84.855,53.112,42.346,2.545,45.803,31.106,35.969,31.82,1.641,Poor
88.332,112.811,44.463,32.385,2.426,30.14,36.514,30.999,42.313,1.018,Very Poor
128.979,146.099,49.64,35.497,2.979,25.778,36.426,16.973,62.059,1.332,Very Poor
31.537,71.871,53.481,23.421,1.945,53.148,27.763,26.092,43.641,0.3,Moderate
41.164,45.872,33.039,24.679,1.251,46.529,41.036,22.742,27.344,1.719,Moderate
104.709,203.725,41.43,37.626,2.088,27.414,17.796,19.174,96.0,5.2,Poor
33.614,34.935,43.756,25.598,1.951,49.39,37.776,33.985,51.468,2.746,Moderate
34.341,24.721,51.546,22.252,1.957,37.874,28.915,20.691,18.0,1.793,Moderate
66.146,120.571,40.776,34.023,2.203,41.303,18.512,37.023,80.899,3.746,Moderate
72.382,96.652,52.495,41.97,2.145,15.176,30.18,37.432,61.547,2.315,Poor
28.826,27.454,6.0,26.222,1.935,37.087,22.929,21.689,88.31,4.95,Moderate
51.463,99.374,65.965,25.68,1.606,37.78,48.467,21.634,25.715,2.872,Moderate
66.617,119.886,60.781,40.362,1.966,30.803,24.431,33.603,35.317,3.693,Poor
22.251,34.583,24.385,30.188,1.174,23.273,43.275,27.416,66.78,0.524,Good
42.333,24.548,91.442,20.342,1.309,7.931,43.362,32.991,42.586,2.856,Moderate
56.433,60.387,33.627,17.114,1.64,5.0,55.66,25.939,36.666,3.14,Moderate
42.78,36.971,35.47,12.65,2.213,18.823,31.074,30.908,53.04,4.052,Moderate
38.41,73.368,57.214,42.452,1.958,34.276,2.0,34.07,58.229,4.01,Moderate
55.197,62.295,53.503,29.692,2.01,17.701,19.326,31.146,47.772,3.216,Moderate
28.171,41.001,36.797,21.398,1.044,35.128,36.291,23.747,30.332,6.806,Moderate
88.411,136.277,58.599,24.228,2.038,36.18,24.52,34.654,45.38,1.649,Poor
8.0,37.972,71.037,39.255,1.729,54.169,5.716,30.229,69.83,2.128,Moderate
45.96,66.72,27.753,28.472,2.308,50.587,22.2,30.415,86.522,2.97,Moderate
36.436,50.352,80.92,17.19,2.134,17.603,32.08,35.7,70.956,3.156,Moderate
72.267,82.253,43.848,30.572,0.86,42.595,51.008,22.144,37.395,5.554,Moderate
158.347,206.864,46.19,8.758,3.041,32.576,29.578,28.769,74.333,2.002,Very Poor
20.385,27.188,41.814,6.046,1.486,55.477,10.932,23.803,36.166,4.465,Good
104.373,190.106,58.392,23.289,1.873,26.158,35.588,31.638,46.239,2.193,Poor
29.151,44.756,38.891,39.702,1.262,55.404,19.824,19.054,69.389,3.87,Moderate
72.366,128.352,66.695,16.704,1.86,48.518,30.758,19.882,27.452,4.322,Poor
64.904,117.141,55.924,21.083,2.108,30.047,49.947,38.417,62.32,4.897,Poor
99.656,124.427,57.137,28.819,2.107,46.359,36.004,37.428,35.636,2.336,Poor
25.938,41.709,43.304,45.664,1.615,66.145,34.243,35.211,18.0,2.918,Moderate
149.785,209.497,61.058,26.748,2.662,19.045,45.497,36.378,64.909,0.97,Very Poor
35.371,60.633,72.161,14.172,1.526,25.319,22.487,35.65,74.119,3.982,Moderate
93.9,136.001,38.519,38.365,1.898,51.954,54.631,28.023,54.93,1.537,Poor
47.681,68.049,72.366,17.306,2.21,44.967,27.175,26.098,41.635,3.387,Moderate
76.762,90.931,68.441,7.232,1.693,5.0,32.191,34.355,88.948,2.76,Moderate
46.566,90.14,53.0,15.778,1.932,38.317,46.164,21.787,18.0,1.896,Moderate
62.458,52.937,33.839,17.454,0.938,38.392,17.383,29.961,63.511,3.002,Moderate
41.261,47.46,54.068,14.504,1.742,38.43,33.925,26.769,26.289,3.417,Moderate
34.242,73.835,24.538,21.312,2.249,26.185,29.074,25.688,54.124,1.253,Moderate
46.04,69.014,42.617,28.853,0.948,29.36,25.243,21.494,50.544,4.889,Moderate
64.879,122.653,43.65,35.054,1.266,54.437,20.306,36.417,75.743,4.419,Moderate
85.586,116.618,24.03,12.926,2.009,38.411,47.881,29.831,71.509,2.014,Poor
71.209,133.786,25.83,30.34,2.497,31.373,18.954,26.503,44.452,0.874,Poor
83.757,119.539,61.296,42.649,2.049,55.01,17.695,27.779,90.047,4.037,Poor
92.234,151.404,63.959,8.096,2.346,62.927,27.357,34.421,50.469,4.123,Poor
41.766,68.214,23.231,27.917,1.335,32.064,42.23,17.603,68.936,2.922,Moderate
103.483,164.431,24.757,12.124,2.334,37.644,41.017,26.896,41.565,3.469,Poor
93.931,150.097,41.265,10.749,1.499,40.984,55.6,29.139,71.456,4.8,Poor
30.567,64.771,54.894,22.631,1.308,43.96,23.817,40.096,80.714,4.634,Moderate
77.114,122.866,59.5,20.309,2.776,35.383,45.269,33.39,47.567,4.803,Poor
148.012,260.075,71.033,27.591,2.353,26.194,5.48,27.346,82.397,1.746,Very Poor
139.955,183.27,21.751,12.202,1.857,33.179,30.827,24.591,81.292,2.981,Poor
15.826,20.0,40.187,12.616,0.963,56.483,23.594,28.692,62.362,1.808,Good
24.014,56.39,46.839,16.002,0.879,29.739,28.317,16.583,42.65,0.848,Good
69.896,70.488,32.187,19.842,2.031,18.705,31.09,13.345,59.402,5.295,Moderate
79.547,121.793,44.236,11.742,1.521,29.795,13.95,29.854,45.074,5.083,Moderate
51.441,91.676,27.907,22.491,0.942,45.299,46.747,23.09,47.295,5.373,Moderate
41.57,43.364,51.778,2.0,1.511,50.347,18.473,20.72,55.381,3.43,Moderate
25.353,37.324,60.913,25.55,2.318,43.689,38.918,32.832,36.079,4.229,Moderate
20.667,30.13,52.175,27.296,1.887,36.53,20.484,34.812,45.801,2.579,Moderate
42.101,76.306,48.122,32.058,2.081,30.181,27.018,28.438,69.646,2.002,Moderate
69.348,62.508,51.215,38.466,1.183,45.313,25.74,20.532,66.159,0.3,Moderate
66.901,71.358,40.716,28.1,1.639,17.033,11.218,32.816,54.061,1.73,Moderate
27.741,23.625,25.511,9.82,1.838,46.517,42.712,34.591,70.534,4.139,Moderate
47.047,70.335,37.517,14.246,1.356,29.048,27.759,31.789,49.867,7.27,Moderate
43.639,58.182,61.539,34.841,1.763,67.069,11.772,27.768,79.487,6.028,Moderate
104.341,120.96,32.137,12.208,1.709,5.0,42.202,31.829,40.826,4.647,Poor
45.156,72.41,47.695,23.543,1.821,32.369,26.344,29.916,80.472,2.598,Moderate
45.693,60.7,42.451,15.708,2.321,34.519,19.672,24.676,77.256,4.12,Moderate
29.915,64.057,43.17,12.134,1.287,40.952,5.474,36.124,67.952,0.587,Moderate
20.142,44.281,22.106,10.374,1.308,20.531,25.679,29.42,70.863,0.788,Good
42.005,44.696,44.436,33.292,2.246,59.358,31.934,30.926,48.47,4.253,Moderate
134.833,216.092,36.212,35.629,2.277,5.764,33.318,28.872,64.867,3.86,Very Poor
92.871,80.397,55.051,9.72,2.324,50.018,36.363,29.42,75.95,4.073,Poor
22.697,39.062,59.414,16.977,1.954,7.283,34.821,37.292,75.215,2.575,Moderate
65.491,92.144,37.607,40.249,1.618,31.952,40.37,31.411,27.078,3.216,Good
41.904,48.207,45.856,23.853,0.807,37.885,12.701,26.262,38.721,4.811,Moderate
13.945,35.466,94.086,7.336,0.709,48.648,13.911,26.496,47.034,3.592,Good
57.433,110.596,14.118,31.809,2.187,55.676,34.512,26.49,38.422,1.248,Moderate
60.278,88.704,63.492,4.665,1.274,5.529,42.753,30.36,41.441,3.43,Moderate
105.924,156.511,64.597,45.081,2.551,26.101,29.451,38.362,72.885,3.197,Very Poor
111.625,147.262,65.165,32.876,2.905,51.427,38.63,33.818,27.15,2.632,Very Poor
53.268,75.45,47.459,27.726,1.12,5.0,8.076,37.926,73.281,6.281,Moderate
55.797,115.004,42.355,27.277,1.753,28.132,52.508,39.351,42.899,1.79,Moderate
9.258,24.8,19.491,17.829,1.17,23.932,49.499,28.488,35.854,3.669,Good
63.149,48.928,74.344,28.305,1.933,28.962,55.577,26.357,37.327,4.526,Moderate
30.082,20.0,48.938,13.333,0.832,20.122,29.018,35.367,92.839,0.894,Moderate
46.588,86.928,75.268,21.56,1.242,39.287,15.363,34.053,62.835,2.39,Moderate
53.697,71.362,44.596,23.715,1.813,66.875,25.219,35.482,59.704,4.459,Poor
28.764,44.148,40.967,42.943,1.97,15.782,2.0,36.714,79.775,3.573,Moderate
103.654,170.567,57.112,18.249,1.682,26.224,38.183,32.574,64.156,4.826,Poor
41.53,42.835,46.31,10.003,2.424,45.962,19.886,29.839,77.29,4.565,Poor
75.136,152.718,51.607,27.748,2.08,33.495,49.875,34.281,52.848,2.345,Poor
58.915,114.89,90.637,27.653,1.323,27.169,31.679,26.958,96.0,1.255,Moderate
86.728,92.004,84.153,31.931,1.987,46.019,37.192,32.695,71.545,5.101,Poor
40.136,59.053,28.907,16.044,1.389,18.192,26.594,32.559,53.756,2.477,Poor
41.463,59.849,55.12,40.394,0.593,33.094,21.172,24.525,40.84,2.505,Good
56.861,39.594,42.533,26.479,2.071,23.306,34.284,22.123,63.019,0.691,Moderate
64.717,81.919,62.569,36.538,1.807,56.863,31.591,28.075,82.639,3.23,Moderate
59.847,99.238,13.613,21.56,1.251,39.725,22.753,18.776,49.366,2.677,Moderate
13.794,20.0,52.039,30.427,0.758,5.0,30.586,31.072,67.312,4.912,Good
66.87,120.937,37.08,19.931,1.76,56.395,50.438,29.378,61.52,0.665,Moderate
87.013,161.61,30.437,21.022,1.681,36.326,58.574,31.262,49.216,2.846,Poor
21.937,35.374,29.626,26.619,1.563,37.297,54.132,24.027,61.819,2.072,Moderate
21.412,43.456,65.742,31.556,1.532,33.655,28.061,36.273,53.59,2.707,Moderate
70.284,82.926,43.149,16.577,1.566,26.748,35.493,19.776,68.796,4.314,Moderate
95.063,124.36,39.301,16.219,1.383,17.14,33.154,23.351,42.905,4.532,Poor
76.909,125.671,49.486,29.025,1.93,13.217,30.821,40.095,69.217,2.166,Poor
11.344,31.637,37.935,29.316,1.472,21.475,12.123,36.322,21.098,2.889,Good
76.422,111.925,69.928,25.3,1.283,5.0,38.474,21.221,45.019,0.355,Moderate
88.36,132.602,33.674,18.674,2.833,32.558,55.04,22.29,34.786,1.991,Poor
68.564,96.115,41.504,19.414,1.224,45.833,25.086,31.178,56.099,2.868,Moderate
91.696,128.755,27.152,15.792,2.298,43.006,19.47,32.306,31.97,1.777,Poor
8.0,35.278,61.329,21.126,1.48,41.294,52.619,26.86,78.797,3.87,Moderate
51.693,84.139,44.532,25.1,1.215,52.414,36.884,28.956,50.764,1.985,Moderate
46.979,79.769,24.794,20.9,1.77,42.365,28.149,23.549,72.808,0.879,Moderate
38.635,64.219,26.405,18.592,1.113,5.0,32.395,28.496,54.518,3.541,Moderate
24.494,28.945,41.388,23.036,0.993,31.7,20.29,23.599,57.733,4.616,Good
37.74,74.943,55.481,24.706,2.326,48.911,25.957,35.928,32.694,3.848,Moderate
54.868,76.587,75.212,44.736,1.059,24.296,16.284,20.863,79.819,1.658,Moderate
31.443,55.725,18.399,35.139,2.09,20.979,47.307,34.273,66.649,4.296,Moderate
16.678,20.0,41.751,18.366,0.983,39.132,12.58,23.985,47.947,4.248,Moderate
53.509,90.368,76.499,6.732,1.544,60.209,37.199,27.71,20.231,3.85,Moderate
103.496,175.059,69.357,45.203,1.902,15.018,28.472,19.285,60.015,0.944,Poor
83.288,91.514,36.474,35.782,1.936,27.957,17.426,23.163,41.587,4.998,Poor
123.373,179.148,49.945,18.383,2.485,31.114,48.782,35.312,46.583,6.129,Poor
72.021,81.901,58.673,31.814,2.607,18.345,2.0,41.059,64.961,3.907,Poor
53.696,75.705,23.129,15.761,1.836,34.24,40.19,31.835,22.461,1.068,Moderate
19.983,20.0,46.837,29.863,2.192,27.998,15.622,30.133,42.264,0.339,Moderate
84.684,143.707,55.238,22.132,2.068,19.031,40.892,31.328,46.671,3.509,Poor
95.864,151.247,81.746,31.582,2.566,41.288,38.985,19.1,71.424,0.606,Very Poor
55.44,66.399,82.86,21.186,0.825,55.284,33.995,27.369,45.786,3.2,Moderate
24.581,41.025,16.359,6.167,2.096,22.967,32.821,26.479,42.874,1.895,Good
97.031,98.155,32.369,36.794,2.958,29.191,26.526,20.459,57.498,1.077,Poor
31.246,58.885,31.226,24.975,0.826,22.079,13.8,16.712,43.385,4.037,Good
40.666,48.664,37.268,24.64,2.191,56.086,35.953,32.736,73.728,4.232,Moderate
35.891,40.667,29.499,5.456,2.587,36.868,18.296,33.022,54.852,3.409,Moderate
52.618,84.692,75.66,12.8,1.897,42.334,34.589,36.166,60.467,3.291,Moderate
31.923,49.495,70.693,12.091,1.343,43.203,41.882,40.355,88.637,3.239,Moderate
142.34,171.245,53.763,35.849,2.554,49.422,37.97,35.353,43.96,1.835,Very Poor
21.419,26.031,45.466,18.451,1.729,41.127,34.31,26.875,53.624,2.505,Moderate
39.233,81.591,42.64,22.809,1.952,26.061,16.802,24.39,36.739,2.318,Moderate
49.155,103.613,72.209,24.933,2.853,37.55,30.089,15.118,55.694,4.398,Moderate
16.062,40.226,53.765,21.62,1.731,50.615,28.275,24.277,52.999,0.3,Moderate
79.003,110.312,43.091,30.568,1.186,60.325,16.157,28.422,81.838,2.165,Moderate
67.42,104.083,46.173,9.391,1.503,27.687,19.296,41.321,64.15,3.677,Moderate
27.32,61.448,42.793,2.0,1.619,60.181,35.546,20.133,76.617,2.403,Moderate
43.3,76.528,31.858,15.283,2.312,29.042,7.132,31.378,42.49,4.202,Moderate
69.821,64.659,60.106,14.817,1.648,45.316,34.968,20.564,40.776,1.351,Poor
114.817,163.346,62.268,27.776,1.61,35.927,26.973,31.304,57.011,4.186,Poor
37.138,73.968,46.309,15.882,1.568,5.0,37.93,34.605,44.995,4.724,Moderate
38.222,68.28,43.335,21.378,1.753,15.018,28.761,36.255,64.148,2.766,Moderate
8.0,32.19,11.484,17.948,1.188,36.632,35.476,24.559,72.866,2.91,Good
93.221,117.959,36.22,16.497,2.272,15.666,28.185,29.569,69.416,4.832,Poor
48.37,81.445,39.633,24.032,0.74,35.125,38.607,26.136,82.239,4.357,Moderate
31.805,30.972,57.281,20.472,1.54,20.532,19.154,29.202,65.68,4.894,Moderate
34.209,56.433,49.758,33.913,1.045,38.597,31.075,40.22,93.636,2.711,Moderate
78.283,116.326,35.104,51.016,2.115,37.481,24.589,31.446,49.249,4.355,Poor
25.778,26.767,37.82,31.81,1.429,23.167,26.957,33.851,57.113,3.449,Moderate
126.35,162.596,70.836,29.783,2.888,18.072,6.439,26.645,60.333,2.567,Very Poor
31.791,62.365,46.067,25.208,2.239,20.657,32.721,23.159,55.216,3.28,Moderate
44.478,41.033,40.122,8.771,1.752,51.773,38.14,27.458,70.838,3.822,Moderate
115.162,103.098,17.395,31.627,3.095,49.355,34.974,25.65,72.235,1.293,Very Poor
42.0,61.555,41.402,22.159,1.679,30.396,22.456,30.351,59.982,3.342,Moderate
31.648,47.259,63.755,25.614,0.991,54.001,29.261,39.016,64.807,1.873,Moderate
72.818,144.209,59.209,24.172,2.039,43.122,15.006,32.406,65.604,1.755,Poor
33.769,68.641,33.827,11.761,1.731,49.538,26.722,40.735,85.718,2.428,Moderate
136.696,155.504,81.655,9.827,2.539,9.308,42.669,30.851,66.35,4.37,Very Poor
74.185,136.56,31.99,27.649,1.361,46.103,18.735,29.012,59.86,4.42,Moderate
70.994,90.88,55.766,21.846,1.424,39.307,24.727,28.087,96.0,3.63,Moderate
46.072,71.021,61.668,22.885,1.768,47.856,24.899,33.672,65.607,3.143,Moderate
27.739,49.304,59.385,21.501,1.663,21.933,33.43,21.134,55.253,7.436,Moderate
50.197,88.892,57.296,32.753,1.716,36.533,38.08,25.947,71.901,0.537,Poor
143.747,182.487,28.704,27.849,1.998,46.809,19.864,18.056,59.19,4.33,Poor
26.889,37.579,6.0,36.794,1.778,6.356,36.139,28.752,90.962,5.668,Moderate
52.436,73.763,40.048,17.106,1.905,56.967,26.684,36.211,77.621,2.086,Poor
30.467,50.103,36.378,32.831,2.046,37.968,42.117,39.937,68.759,0.3,Moderate
137.938,179.72,74.934,21.485,3.343,17.367,38.603,14.99,59.406,3.354,Very Poor
61.499,80.809,41.188,26.207,1.969,19.694,26.848,31.548,75.702,4.023,Poor
35.769,61.336,59.651,23.926,1.699,69.486,12.07,33.053,64.155,0.875,Moderate
83.787,115.854,62.789,13.316,1.61,5.0,55.791,28.664,67.874,7.052,Poor
45.932,57.561,17.945,27.25,1.352,34.663,19.652,20.82,86.081,7.921,Moderate
81.32,139.822,30.838,53.397,2.013,44.803,10.796,36.55,54.998,2.299,Poor
82.506,91.093,24.823,15.334,2.343,57.385,46.176,37.249,55.068,5.115,Poor
42.733,84.014,49.437,30.242,1.35,49.45,35.873,30.821,92.023,3.129,Moderate
50.582,53.279,57.191,32.502,1.452,15.229,35.524,22.631,58.67,2.641,Moderate
55.839,65.411,40.304,20.999,2.208,45.119,21.928,27.975,35.166,4.978,Moderate
15.583,29.966,52.779,16.173,0.833,20.561,34.403,25.33,48.973,0.334,Good
43.017,60.926,26.628,18.114,1.259,38.834,49.92,30.237,45.377,2.792,Moderate
58.556,94.965,33.068,36.179,1.652,34.772,26.928,21.023,72.466,5.077,Moderate
30.715,53.825,17.013,28.96,1.501,48.762,11.107,30.924,82.637,2.718,Moderate
30.033,59.093,38.844,14.533,1.125,5.552,20.967,35.351,71.915,3.849,Moderate
64.893,106.907,55.214,21.222,1.567,67.902,15.986,33.886,57.652,2.825,Poor
39.659,60.988,38.294,16.9,2.061,15.562,22.322,15.561,69.968,4.557,Moderate
41.989,63.041,28.454,29.775,1.51,7.496,62.298,29.087,69.624,0.627,Moderate
48.016,57.729,66.919,28.495,1.361,61.061,25.15,27.453,51.208,3.182,Moderate
92.13,114.087,74.087,17.82,2.103,30.425,38.774,28.244,79.874,3.357,Poor
36.435,53.949,56.276,12.129,1.553,8.718,27.215,27.881,70.215,2.261,Moderate
13.763,22.06,46.95,16.906,0.378,31.433,45.954,36.73,56.044,0.3,Good
54.856,77.531,68.37,32.602,1.59,48.686,25.753,36.75,53.075,5.481,Moderate
13.006,31.188,63.671,30.01,1.707,10.138,24.515,32.759,95.036,3.191,Moderate
123.649,189.143,39.917,46.496,2.724,46.582,13.538,27.467,45.709,3.318,Poor
94.612,145.318,41.638,18.644,2.042,5.0,28.766,23.085,71.369,3.871,Poor
83.473,145.542,6.0,21.02,2.023,43.577,24.913,32.442,67.25,2.29,Poor
39.858,43.321,26.15,4.366,0.956,45.7,26.882,39.374,96.0,2.394,Moderate
83.804,124.124,29.437,40.012,2.086,41.813,27.257,33.631,39.963,3.98,Poor
40.078,94.398,38.7,34.2,2.043,50.698,44.473,33.966,78.482,0.3,Poor
36.176,50.98,61.732,13.757,1.527,41.622,10.693,33.48,78.915,5.901,Moderate
49.551,85.206,35.719,11.788,1.549,26.433,20.617,21.87,73.198,3.857,Moderate
31.748,47.401,75.507,16.066,1.401,37.478,41.11,34.362,51.46,1.889,Moderate
53.432,106.251,50.399,32.45,2.085,66.005,19.445,25.367,69.388,2.859,Poor
113.98,132.297,26.298,18.108,3.045,21.688,41.948,31.744,64.223,5.062,Poor
11.645,31.472,28.642,27.442,1.221,34.036,19.859,35.044,42.376,4.035,Good
40.853,53.223,65.418,12.297,2.069,33.683,30.024,34.752,39.821,0.3,Moderate
58.613,52.957,60.342,20.514,1.306,68.799,15.042,32.606,67.84,4.721,Moderate
50.265,62.255,44.656,19.11,1.791,39.822,30.748,30.018,80.936,3.57,Moderate
19.506,24.862,39.716,29.977,1.363,17.025,29.523,30.349,36.694,3.912,Moderate
130.414,146.195,40.671,37.414,2.862,67.424,38.946,25.079,47.046,5.815,Very Poor
49.877,57.285,54.675,37.61,1.606,30.758,14.873,23.01,80.268,1.614,Moderate
48.294,59.363,39.809,26.152,0.873,31.699,51.742,21.072,61.039,1.841,Moderate
106.398,131.915,63.027,38.003,2.318,42.942,22.611,27.662,69.799,2.08,Poor
71.238,98.469,27.976,15.881,2.475,69.974,2.0,27.465,55.585,0.887,Poor
50.561,78.428,32.194,28.707,1.328,37.99,55.768,38.19,36.113,3.631,Moderate
145.379,286.537,77.34,35.399,2.86,46.583,42.066,29.644,51.819,6.003,Very Poor
240.0,360.0,61.588,51.65,2.84,47.55,43.736,22.445,49.634,0.739,Severe
58.421,86.481,25.183,26.713,1.788,45.587,3.406,29.388,29.705,3.767,Moderate
25.394,38.908,29.559,29.045,1.234,31.191,46.025,17.182,58.213,2.969,Good
92.664,66.154,47.368,22.904,2.944,39.753,29.913,25.698,72.136,2.256,Poor
77.511,131.672,46.027,2.0,1.445,25.274,47.629,34.859,64.164,0.998,Poor
14.222,37.546,70.41,19.211,1.658,35.293,25.009,27.105,75.676,6.073,Good
70.829,126.822,54.217,29.816,2.07,21.417,39.445,25.221,56.579,1.501,Poor
101.95,97.544,82.672,27.515,2.121,36.162,18.622,27.641,18.0,2.964,Poor
30.244,35.998,64.348,2.0,1.357,28.81,36.801,23.229,62.904,0.3,Moderate
50.315,93.963,58.532,20.516,1.724,37.622,29.345,39.775,37.504,0.3,Poor
41.511,83.807,10.166,8.393,1.017,36.414,25.291,35.394,49.059,6.986,Good
23.464,38.096,31.599,29.281,1.883,48.796,26.395,35.98,47.871,3.416,Moderate
49.893,63.328,45.068,14.151,0.884,27.531,33.901,37.795,71.105,2.481,Moderate
108.773,148.705,50.386,19.674,2.115,10.667,20.816,39.595,76.291,1.132,Poor
90.423,112.6,45.012,20.556,1.832,33.166,33.686,20.001,36.45,1.955,Poor
135.697,183.952,38.253,29.959,2.919,34.373,21.18,24.059,59.805,3.638,Very Poor
127.581,143.986,73.975,9.92,2.107,34.844,32.679,25.605,53.148,1.374,Very Poor
44.539,58.919,49.392,16.724,1.346,16.067,25.438,27.816,72.893,4.562,Moderate
43.654,48.392,76.561,31.191,2.022,39.127,27.512,26.302,72.403,5.082,Moderate
51.653,81.407,61.995,26.549,1.535,21.169,22.549,31.85,62.365,1.792,Moderate
49.136,87.887,49.23,26.898,1.702,37.894,11.44,28.865,44.405,3.933,Moderate
37.618,56.615,27.87,29.747,0.943,12.282,53.56,31.413,39.675,0.838,Moderate
21.835,48.616,32.822,12.236,1.228,28.807,30.91,36.054,56.983,4.02,Good
67.326,85.081,41.461,9.147,1.847,21.469,18.236,41.848,40.914,2.886,Poor
43.16,55.127,23.343,22.257,2.0,25.593,50.471,43.021,38.61,4.83,Moderate
41.503,84.07,13.17,8.241,1.787,36.473,12.919,20.566,32.928,4.958,Moderate
49.706,92.596,83.533,21.634,1.485,33.911,11.992,21.829,58.573,0.3,Moderate
21.344,55.765,28.798,18.802,1.206,38.716,54.038,33.051,64.206,2.751,Moderate
66.182,87.504,69.581,32.964,2.875,32.754,34.439,12.012,70.305,2.316,Poor
46.774,80.434,54.612,24.359,1.817,42.454,55.311,23.816,61.945,6.996,Moderate
10.791,27.417,56.109,18.979,0.955,23.407,48.801,33.93,65.925,3.842,Moderate
43.325,89.593,34.644,23.595,0.975,53.235,38.988,26.65,44.797,3.559,Moderate
70.537,112.201,64.011,12.139,2.31,38.065,39.274,36.855,59.186,3.957,Poor
41.863,58.431,35.582,12.397,0.723,56.859,21.17,33.305,30.486,3.658,Moderate
26.782,32.827,84.141,2.0,1.738,12.074,29.304,19.042,47.483,7.844,Moderate
29.61,79.677,51.01,24.544,1.664,28.134,18.375,28.679,96.0,4.803,Moderate
45.354,61.159,46.626,4.798,1.92,9.094,43.338,28.785,43.55,0.306,Moderate
39.139,70.401,37.433,2.0,1.473,22.66,40.795,19.203,46.985,3.568,Moderate
70.237,113.642,6.0,26.879,2.963,43.091,9.396,39.654,58.003,4.874,Poor
51.552,61.799,36.255,29.36,2.403,15.825,16.139,25.891,47.161,2.721,Moderate
43.373,64.95,30.242,32.213,1.809,74.424,47.82,35.204,41.454,2.462,Moderate
87.891,143.904,64.758,30.678,2.373,28.421,43.163,34.951,65.777,4.036,Poor
22.899,38.689,6.0,10.976,1.171,46.616,36.402,30.098,72.981,1.996,Good
35.535,51.64,10.877,23.184,0.854,39.068,2.0,34.066,55.131,3.691,Moderate
81.41,143.918,37.683,37.771,2.468,21.355,10.436,33.301,78.225,0.618,Poor
123.649,172.744,31.565,46.163,3.293,44.482,39.692,31.829,55.403,3.805,Very Poor
77.114,104.617,35.047,48.468,1.383,5.0,9.071,25.7,42.049,1.072,Good
53.822,100.837,25.516,33.852,1.44,7.996,21.084,26.22,46.515,3.742,Moderate
162.944,204.091,70.025,16.314,2.644,8.886,27.076,38.661,89.579,4.589,Very Poor
34.587,30.624,33.441,26.402,2.048,10.284,40.801,31.018,41.873,4.003,Moderate
77.06,67.459,57.433,15.108,1.181,36.283,26.719,35.77,60.392,3.863,Moderate
43.925,47.75,49.465,16.792,1.823,5.0,23.726,33.524,44.503,2.345,Moderate
63.16,131.775,49.263,55.634,1.073,34.237,28.366,30.523,59.549,0.729,Moderate
129.116,225.491,41.475,24.007,2.53,35.449,18.392,28.094,78.773,5.487,Very Poor
87.231,105.59,37.217,18.75,2.097,38.882,20.852,37.172,53.76,2.175,Poor
39.165,55.283,32.907,29.673,0.928,28.577,40.318,31.67,56.577,3.288,Moderate
32.093,63.264,43.875,39.24,1.335,37.227,32.946,22.118,65.873,2.46,Moderate
28.03,27.217,24.439,16.268,1.314,41.221,48.777,16.92,60.918,3.672,Good
22.029,49.032,49.377,28.661,1.381,20.44,25.807,28.121,77.254,1.451,Good
51.908,81.59,64.329,35.441,2.513,50.236,28.035,24.373,39.568,3.953,Poor
75.883,133.079,52.296,2.0,1.324,60.504,47.915,30.039,49.185,3.881,Poor
68.953,118.818,62.957,17.12,0.796,62.645,37.61,25.756,55.586,2.165,Moderate
42.249,93.144,59.18,18.769,2.101,37.644,24.542,22.309,82.981,6.404,Moderate
31.44,55.637,39.145,25.764,1.608,49.193,44.152,39.051,51.693,2.259,Moderate
64.743,85.43,66.987,18.061,2.873,55.147,50.75,37.362,28.244,2.028,Poor
39.926,80.869,28.145,34.756,1.756,38.851,44.651,20.589,78.3,3.11,Moderate
27.841,73.356,56.243,47.292,1.248,43.569,9.601,31.73,90.195,2.574,Moderate
66.275,81.756,33.294,39.678,1.398,33.293,24.443,30.538,46.732,4.14,Moderate
24.45,31.46,12.416,35.333,1.486,54.144,19.317,30.081,41.29,2.358,Moderate
45.539,61.256,45.54,35.69,1.089,45.707,35.84,22.054,48.798,1.971,Moderate
61.843,70.949,75.974,28.542,1.472,29.536,2.0,33.595,77.887,4.631,Moderate
18.305,36.575,44.002,9.999,1.81,46.636,35.918,29.755,67.235,3.506,Moderate
49.641,110.484,29.521,24.399,1.589,14.269,44.57,32.622,71.132,6.893,Moderate
82.568,116.669,59.822,30.002,0.96,40.565,31.697,24.166,43.653,2.183,Moderate
88.475,100.773,28.344,25.63,1.035,76.438,29.123,33.045,44.347,2.23,Poor
51.243,56.687,13.545,24.117,2.057,39.667,39.792,39.367,69.251,2.545,Moderate
37.674,52.535,24.364,29.457,0.553,45.483,22.142,30.418,80.116,3.797,Good
40.4,78.89,50.231,15.817,1.739,39.23,30.04,27.615,61.937,3.402,Moderate
60.584,106.537,53.272,27.973,2.754,35.501,27.37,25.945,66.963,1.43,Poor
39.808,56.041,19.67,14.922,2.234,39.763,10.833,24.926,52.146,4.457,Moderate
152.74,218.323,58.655,39.59,2.523,14.521,17.239,29.019,36.507,2.306,Very Poor
64.375,78.194,37.903,13.17,1.518,49.567,24.355,23.042,36.325,1.139,Poor
29.523,34.885,33.628,17.395,1.772,5.489,17.306,35.786,29.553,1.256,Moderate
38.09,44.298,11.685,30.354,1.671,14.876,15.421,27.831,52.129,5.136,Good
42.343,58.092,53.334,21.868,1.799,39.714,51.941,26.037,49.061,6.946,Moderate
47.603,84.701,19.076,37.334,1.903,33.005,2.0,18.468,73.131,1.47,Moderate
28.453,47.197,49.819,15.843,1.403,27.236,25.63,23.693,51.328,3.295,Moderate
114.209,141.678,73.139,17.499,2.538,36.35,63.826,23.174,57.701,0.3,Very Poor
63.049,74.817,23.191,34.745,2.544,36.794,22.562,23.611,39.913,4.617,Poor
77.893,98.749,44.71,35.241,2.254,6.42,33.835,27.726,52.752,0.3,Poor
41.946,65.384,66.985,23.239,1.747,36.175,36.155,26.88,83.696,3.445,Moderate
34.753,56.071,55.666,45.539,0.984,15.943,28.305,32.67,33.428,3.106,Moderate
37.839,47.721,36.546,16.189,1.301,58.225,10.416,34.666,38.857,3.395,Moderate
34.382,40.439,68.292,26.898,1.225,19.98,25.004,20.389,84.244,3.469,Moderate
39.065,62.545,31.189,18.638,1.909,34.912,39.326,34.743,77.819,3.914,Moderate
25.463,44.828,54.49,22.106,1.618,26.848,10.72,29.66,52.257,3.624,Moderate
64.156,117.796,69.451,42.054,2.111,68.748,39.923,36.53,61.536,0.3,Poor
28.68,51.892,45.32,11.092,1.165,27.438,24.102,33.594,61.143,3.025,Poor
88.811,148.884,75.361,34.738,2.611,23.12,31.22,32.38,45.571,4.163,Poor
93.373,113.158,48.881,18.47,2.468,19.24,31.251,19.895,74.284,4.87,Poor
36.95,66.232,65.148,23.116,1.342,27.443,37.107,22.652,60.693,3.298,Moderate
22.67,58.053,38.746,17.965,2.069,57.131,35.151,41.08,72.649,4.255,Moderate
53.4,83.519,26.419,16.165,1.289,10.318,21.363,42.35,49.588,3.41,Moderate
53.34,37.754,57.965,45.747,1.831,33.379,34.706,33.206,42.964,2.822,Moderate
72.215,128.787,6.0,30.99,2.886,30.496,8.279,31.233,42.195,4.212,Poor
53.537,67.522,61.995,11.812,1.814,28.602,18.053,37.675,72.434,2.791,Moderate
65.593,100.131,34.678,27.477,2.867,22.882,37.694,21.277,64.942,1.351,Poor
45.043,59.521,46.113,15.633,1.983,75.511,40.668,22.446,66.745,3.415,Moderate
34.649,54.101,32.112,20.475,1.682,43.55,28.741,31.578,68.692,5.187,Poor
25.147,34.641,56.95,28.495,1.265,22.361,26.97,26.756,62.03,4.222,Moderate
24.815,21.936,49.774,22.74,1.614,25.406,23.468,27.877,55.2,5.368,Moderate
34.516,58.261,48.937,2.0,1.477,13.065,45.977,25.066,50.43,0.898,Moderate
72.464,143.812,62.633,27.634,1.422,12.173,24.079,30.961,60.271,3.09,Poor
29.276,54.916,47.188,20.717,1.843,33.742,43.83,35.4,48.95,6.124,Moderate
36.537,42.408,52.98,16.861,0.852,39.012,27.66,21.639,66.697,1.453,Moderate
71.909,111.301,30.637,22.956,2.364,30.811,42.446,28.299,47.729,0.3,Poor
11.032,36.946,63.698,24.395,0.877,25.38,25.69,19.968,40.599,0.586,Good
176.609,241.591,67.127,13.095,3.253,27.338,47.102,30.397,65.311,3.281,Severe
55.962,51.25,25.507,27.202,1.996,47.239,17.084,28.169,43.11,3.592,Moderate
44.364,87.617,33.419,26.632,1.658,29.491,30.724,33.155,77.876,0.48,Moderate
37.734,65.329,47.161,29.97,1.21,22.535,33.764,39.688,45.54,2.186,Moderate
48.682,90.44,70.078,15.666,1.55,45.562,36.798,28.26,56.814,2.573,Moderate
43.751,69.656,46.437,27.819,2.729,35.12,45.634,32.839,43.575,3.978,Moderate
101.281,108.586,43.961,37.0,1.858,5.0,40.395,37.583,64.748,0.3,Poor
93.236,129.581,55.865,54.178,1.967,42.147,27.045,25.534,37.032,3.308,Poor
57.938,95.2,70.636,34.236,1.641,33.284,32.284,24.238,96.0,2.924,Poor
47.792,63.139,71.121,13.585,1.38,51.852,30.612,24.068,66.652,4.55,Moderate
146.486,164.132,54.205,21.61,2.619,21.499,35.405,33.771,53.489,4.784,Very Poor
35.85,63.023,35.829,26.646,1.741,31.578,21.787,23.587,68.717,3.907,Moderate
84.619,79.371,38.335,17.928,2.288,54.233,21.604,19.669,75.451,2.367,Poor
98.605,150.846,33.599,26.841,1.454,30.315,32.613,23.009,62.846,1.029,Poor
57.932,77.223,48.267,23.356,2.538,27.596,24.012,33.971,75.579,0.3,Poor
22.269,29.407,65.062,44.759,0.888,63.58,39.324,22.561,66.647,1.627,Good
43.936,41.704,25.503,20.264,1.903,5.0,20.903,32.822,55.221,2.769,Moderate
32.634,46.579,50.264,16.202,1.348,41.479,46.556,33.042,70.517,4.09,Moderate
58.18,63.926,29.953,32.247,1.625,26.543,33.148,27.653,49.477,1.885,Moderate
57.758,56.149,52.062,26.415,1.814,47.081,23.387,30.572,38.679,2.808,Moderate
27.125,55.395,46.719,40.516,2.086,19.303,19.101,24.065,70.158,2.238,Moderate
14.856,24.877,64.75,9.007,0.857,31.777,20.071,22.398,83.526,3.267,Good
45.46,37.772,73.407,23.828,0.585,33.234,30.776,20.338,61.228,3.589,Moderate
127.517,141.418,40.192,4.609,2.205,59.845,35.219,21.275,43.729,2.682,Severe
125.64,235.82,46.772,19.306,2.227,43.479,41.385,20.274,64.008,4.123,Very Poor
66.403,81.998,31.819,30.449,1.195,31.404,27.305,16.94,80.856,2.672,Moderate
18.488,21.823,37.523,24.52,1.277,60.701,34.585,27.88,61.376,3.282,Moderate
46.599,79.992,47.535,25.796,1.74,35.717,29.838,20.493,62.317,3.358,Moderate
26.697,53.421,57.748,26.317,1.059,25.281,53.057,33.174,56.784,2.484,Moderate
70.938,83.399,34.44,13.905,2.712,58.511,23.089,28.573,51.714,1.133,Poor
106.518,147.169,51.674,31.784,2.743,33.826,14.327,34.937,53.163,2.597,Poor
28.22,77.717,50.906,25.074,1.092,64.414,47.94,33.688,45.215,3.163,Moderate
55.463,99.649,69.38,33.669,2.043,51.986,42.216,33.001,66.568,4.28,Poor
55.384,56.217,66.93,2.0,1.157,12.176,8.446,26.548,54.355,0.376,Moderate
154.852,203.75,45.211,34.518,2.259,30.992,36.824,22.333,87.175,1.719,Very Poor
56.887,57.332,14.394,32.805,1.26,43.08,57.13,24.191,77.341,4.671,Moderate
49.928,40.379,37.998,11.906,1.135,54.182,13.196,28.077,66.346,2.283,Moderate
40.587,51.437,40.77,40.463,1.266,60.266,21.491,25.982,60.115,3.2,Moderate
70.658,125.04,56.228,23.447,1.505,48.822,58.575,29.448,47.329,5.706,Poor
141.104,205.058,69.911,34.346,2.839,26.956,31.251,29.053,59.668,1.705,Very Poor
32.84,41.531,35.598,42.505,1.759,42.888,15.451,36.284,79.195,3.156,Moderate
83.977,138.499,35.758,29.962,1.733,27.313,37.757,32.641,51.83,7.932,Poor
48.0,87.435,32.149,13.987,1.533,52.055,22.956,32.465,82.621,2.862,Moderate
51.189,36.572,25.761,2.0,1.483,33.246,30.086,28.262,68.257,5.223,Moderate
22.361,45.762,40.87,17.491,1.285,6.929,30.875,28.3,57.931,4.963,Good
28.126,62.267,66.216,19.357,1.391,49.31,33.693,24.45,55.641,1.182,Moderate
79.829,91.274,47.313,17.053,1.793,19.543,18.62,20.812,70.493,5.928,Very Poor
33.15,49.103,47.608,25.097,1.01,26.647,33.031,39.932,58.475,6.009,Moderate
65.993,120.168,51.586,26.088,1.379,31.341,8.097,21.02,51.474,8.438,Moderate
33.925,61.336,30.207,11.477,1.756,54.12,16.871,21.396,77.433,0.3,Moderate
29.408,39.701,31.828,4.593,1.188,25.984,19.055,18.333,67.312,1.799,Moderate
110.904,185.745,69.197,22.195,1.949,30.58,35.302,28.141,30.31,0.3,Poor
76.376,109.784,66.876,38.319,2.138,41.236,24.455,36.54,55.339,2.159,Poor
26.689,51.315,19.576,30.946,1.63,52.846,17.44,29.996,71.774,3.733,Moderate
69.841,61.544,61.067,31.641,1.978,19.839,49.554,27.047,70.216,2.423,Poor
71.827,76.34,17.678,36.936,1.463,5.0,24.62,31.75,73.397,2.549,Moderate
47.312,69.127,46.142,30.048,1.323,12.107,36.571,33.226,76.624,6.429,Moderate
112.465,197.751,32.345,11.427,2.0,45.635,19.296,39.814,70.433,4.818,Poor
49.038,90.807,65.175,47.356,1.724,6.081,37.303,38.898,69.384,2.659,Moderate
94.758,150.714,44.735,30.885,2.351,47.713,36.557,26.366,54.522,2.191,Very Poor
32.39,67.176,37.933,32.706,1.559,17.649,16.707,25.867,58.186,6.092,Moderate
54.98,85.74,6.0,11.808,1.754,30.213,35.265,23.927,67.518,2.466,Moderate
18.29,47.363,33.652,10.31,1.643,26.445,18.076,18.855,46.129,4.116,Moderate
27.185,50.031,46.509,23.678,1.597,44.325,16.266,26.976,22.43,4.373,Moderate
81.139,109.318,40.515,32.194,2.623,36.632,25.435,31.957,54.436,3.09,Poor
16.755,43.536,40.334,24.113,1.197,44.592,32.032,25.606,31.618,1.95,Good
30.592,76.953,43.456,24.233,2.256,24.199,41.028,35.093,69.025,0.3,Moderate
50.509,87.397,64.258,25.197,1.221,58.111,29.727,37.272,78.5,2.285,Moderate
8.366,29.003,45.137,26.149,2.434,18.963,27.897,20.212,75.508,1.766,Moderate
113.493,200.906,48.761,14.503,1.707,40.442,32.729,22.278,77.997,3.138,Poor
11.56,20.0,51.477,28.924,1.302,51.645,21.118,27.898,81.765,3.738,Good
81.072,99.752,47.792,8.443,1.54,16.489,43.456,38.883,56.45,2.826,Poor
10.378,20.0,22.517,28.853,1.675,33.923,24.994,24.738,69.3,6.061,Good
70.913,101.758,69.641,17.829,2.079,21.127,11.406,35.823,79.17,2.732,Poor
38.861,64.27,57.721,44.702,1.313,20.87,27.381,15.858,41.012,2.395,Moderate
49.316,56.489,35.391,23.205,0.548,48.204,4.213,35.312,80.97,6.548,Moderate
79.413,108.859,66.107,19.001,1.654,25.663,30.635,39.198,49.226,4.062,Poor
56.848,76.131,38.651,19.558,1.63,70.657,26.37,34.571,71.053,1.492,Poor
66.565,77.462,39.921,15.96,2.031,59.51,30.589,25.915,46.133,1.639,Moderate
123.849,218.57,38.372,22.777,2.832,24.854,25.736,29.034,81.743,2.031,Very Poor
18.92,57.053,25.51,25.38,1.76,20.739,38.301,35.053,35.075,1.715,Moderate
73.403,79.989,53.9,22.841,1.399,50.909,20.984,28.608,53.333,5.28,Moderate
135.675,125.327,53.169,34.14,2.731,34.968,36.826,26.395,54.908,2.89,Very Poor
83.921,130.232,42.061,23.078,2.368,36.577,47.387,26.415,20.096,4.546,Poor
127.599,127.402,46.663,25.357,2.706,44.462,25.523,35.967,51.043,2.495,Very Poor
34.749,62.589,51.862,8.625,1.695,38.782,23.443,34.881,23.072,4.139,Moderate
121.581,171.068,73.166,18.238,2.257,34.492,28.903,31.561,96.0,3.632,Poor
17.447,30.86,57.145,20.789,1.462,55.658,47.32,32.844,74.36,3.881,Moderate
26.534,49.423,57.852,15.416,1.028,20.168,22.745,26.339,77.074,7.175,Good
124.972,162.955,48.11,17.426,2.179,46.241,23.217,27.877,76.152,7.137,Very Poor
74.016,89.471,69.623,26.71,1.427,43.318,40.999,14.104,60.03,1.535,Poor
54.492,115.965,59.707,13.749,1.733,30.945,30.489,42.73,59.419,4.317,Moderate
51.209,85.613,48.478,4.245,1.857,24.627,29.28,30.326,55.76,4.074,Moderate
36.912,58.793,6.0,27.628,1.337,5.0,22.087,29.972,86.426,3.853,Moderate
57.444,76.291,28.574,37.738,1.551,40.456,25.854,37.309,28.737,3.922,Moderate
19.031,47.451,34.246,6.459,1.993,48.502,24.067,36.631,30.48,0.655,Moderate
42.314,67.66,35.834,24.291,1.881,36.555,11.507,27.441,42.928,0.3,Moderate
55.89,112.27,39.158,34.195,0.517,53.314,30.828,37.751,68.8,5.09,Moderate
66.175,116.562,30.729,23.211,1.959,17.552,42.022,22.778,42.004,6.919,Moderate
83.404,148.83,51.878,26.058,2.688,33.839,51.381,18.554,29.369,4.864,Poor
56.068,55.403,21.526,36.633,2.094,22.681,26.529,44.0,90.598,4.369,Moderate
217.64,312.854,40.457,44.834,2.978,20.499,36.253,37.212,52.846,4.605,Severe
64.375,130.726,60.354,25.239,1.7,56.673,33.611,32.296,86.741,1.856,Poor
70.106,67.347,50.323,10.658,2.051,36.442,33.294,44.0,75.561,3.226,Moderate
22.513,36.213,47.102,37.697,1.261,36.371,17.149,35.916,61.555,1.617,Moderate
67.236,104.904,61.202,23.884,2.549,37.484,54.523,31.566,34.387,3.744,Poor
111.005,86.859,45.789,25.02,3.327,26.239,24.784,26.446,62.647,5.829,Poor
40.962,88.874,63.298,38.539,1.785,48.905,44.238,14.6,57.199,0.903,Moderate
81.055,100.676,33.486,37.293,1.635,42.302,29.575,35.54,26.158,4.657,Poor
24.806,38.124,19.399,12.798,1.742,54.757,31.76,30.373,48.327,2.164,Moderate
61.929,110.971,55.27,34.171,1.229,5.0,29.333,19.26,54.497,1.821,Moderate
75.145,93.951,35.895,10.258,2.379,34.805,18.914,36.79,33.427,4.13,Poor
34.041,52.974,46.795,23.462,2.113,38.693,52.92,36.494,57.686,4.004,Moderate
49.59,46.85,69.509,28.201,1.828,36.739,35.712,20.75,57.179,4.874,Moderate
91.043,128.138,29.37,26.809,2.826,30.9,26.886,23.511,57.925,1.956,Poor
51.436,98.087,34.081,9.277,1.212,49.344,26.385,39.364,49.459,5.988,Moderate
50.915,45.345,23.284,29.929,1.953,26.145,28.617,25.968,55.005,7.068,Moderate
59.399,85.343,82.458,27.574,2.275,30.954,39.674,35.401,72.564,3.877,Poor
94.218,146.788,71.949,37.693,1.505,49.097,28.705,27.156,25.073,4.523,Poor
30.267,20.343,47.34,8.805,2.441,35.013,21.027,32.223,73.441,6.351,Moderate
31.039,37.654,19.433,41.726,1.836,6.523,32.557,24.786,45.858,3.042,Moderate
53.563,89.042,64.762,30.02,1.6,32.41,42.272,21.549,74.269,2.011,Moderate
79.338,149.232,60.27,24.784,2.704,38.669,19.33,26.166,22.205,3.249,Poor
75.502,126.194,49.984,24.311,2.642,46.563,18.921,31.114,84.014,4.469,Poor
71.418,102.627,51.75,19.735,1.632,49.292,28.938,37.793,72.078,3.39,Moderate
53.164,98.893,28.14,30.044,1.791,29.561,16.819,34.376,52.514,4.902,Good
47.87,83.758,54.533,8.509,2.331,24.799,34.868,24.786,44.019,2.244,Moderate
116.473,181.142,57.164,35.907,2.311,32.504,49.263,36.987,52.45,4.681,Poor
24.446,31.997,20.639,22.244,1.963,26.01,20.722,32.888,78.354,5.118,Good
21.595,62.177,87.253,19.821,0.643,41.083,29.165,33.231,48.716,3.797,Good
40.489,73.713,75.991,34.184,1.713,56.107,20.584,34.033,64.346,1.284,Good
80.552,106.884,45.04,34.446,1.717,40.3,45.12,37.26,58.321,2.374,Poor
25.793,33.908,37.397,15.323,1.381,15.77,14.013,35.374,42.727,3.136,Moderate
69.2,101.113,9.104,13.871,1.692,36.125,39.565,43.438,44.569,6.098,Poor
75.645,86.917,67.039,31.413,2.505,47.58,9.552,31.33,53.977,3.342,Poor
91.137,118.848,54.437,21.484,1.921,12.292,28.369,33.643,59.711,1.953,Poor
95.816,210.117,81.483,44.969,2.696,65.665,26.209,35.92,58.247,0.505,Poor
60.634,103.589,39.257,39.858,1.958,24.475,40.438,27.661,51.017,4.101,Moderate
74.172,113.26,38.169,15.837,1.797,16.301,9.796,32.528,54.714,1.505,Moderate
32.671,42.873,51.675,28.836,1.763,40.741,21.852,29.749,74.994,2.78,Moderate
118.854,106.536,22.374,20.994,1.762,34.106,30.354,32.512,34.193,2.163,Poor
30.312,55.42,22.726,19.717,1.065,17.933,41.029,32.487,18.0,1.959,Moderate
106.605,182.81,41.552,7.355,1.547,30.31,22.891,35.265,51.775,5.288,Poor
35.782,45.013,59.775,17.319,1.339,34.509,47.046,24.716,40.137,3.8,Poor
105.021,171.995,65.601,26.654,2.517,48.001,9.53,32.458,43.203,4.051,Very Poor
69.816,118.7,29.429,21.201,1.467,47.473,29.816,25.511,53.565,2.415,Moderate
38.998,72.612,55.883,11.474,1.403,5.0,27.419,28.082,90.267,6.914,Moderate
100.797,173.387,46.269,36.81,2.213,22.107,41.574,32.184,55.048,1.881,Poor
16.152,29.276,41.419,3.872,1.402,13.146,28.308,23.504,24.128,1.402,Moderate
80.858,116.78,44.186,26.874,1.87,51.017,21.1,30.346,41.577,4.325,Poor
73.143,95.61,45.337,35.613,2.375,26.635,34.022,39.206,35.731,1.336,Poor
70.475,102.306,43.832,31.974,1.448,49.697,37.105,25.076,66.976,2.202,Poor
30.491,69.23,60.587,42.531,1.588,24.486,37.196,24.986,71.449,2.372,Moderate
58.153,65.733,36.377,18.739,1.307,8.858,32.809,26.617,51.101,5.397,Moderate
66.476,99.089,33.366,14.559,2.509,24.711,36.167,37.316,74.053,0.67,Poor
89.777,134.227,35.285,15.52,2.378,25.02,43.682,23.609,51.294,4.591,Poor
24.093,23.309,30.464,21.74,1.469,45.796,17.622,43.475,33.141,3.684,Moderate
20.317,41.17,91.941,27.391,1.677,47.862,25.663,27.49,38.076,4.42,Moderate
31.063,48.73,35.66,26.537,0.651,39.274,33.451,12.766,57.424,5.091,Good
64.132,97.055,39.282,28.809,1.346,39.283,22.996,23.157,56.961,0.71,Moderate
108.687,151.672,53.966,41.727,2.238,34.989,37.528,28.522,78.142,3.519,Poor
22.186,32.557,53.363,19.216,1.368,51.357,22.437,34.442,43.463,1.493,Good
118.276,180.494,23.749,46.696,2.407,54.761,36.181,22.233,46.211,2.412,Poor
31.512,62.263,52.37,8.943,1.529,41.861,46.567,20.903,53.442,2.1,Moderate
23.255,39.108,20.566,30.767,1.628,29.862,35.553,27.32,67.2,2.674,Moderate
19.396,23.636,35.446,20.088,0.903,26.106,31.932,24.14,18.0,2.361,Good
26.204,69.424,40.172,23.815,1.527,33.675,36.094,32.63,33.486,3.674,Moderate
98.848,151.77,61.657,21.474,2.145,45.562,32.176,28.519,71.628,1.291,Poor
30.593,56.415,61.214,34.322,1.334,55.248,35.234,36.103,53.573,1.382,Moderate
44.293,105.562,69.216,24.712,1.387,14.814,41.016,24.562,25.551,5.152,Moderate
79.777,112.11,63.061,15.129,1.675,13.028,34.448,27.002,29.354,1.581,Poor
161.349,231.766,37.355,21.844,2.756,39.022,13.187,23.806,49.974,5.521,Very Poor
16.179,28.18,30.822,20.513,1.424,38.608,25.198,23.763,89.242,4.684,Good
66.56,111.047,45.704,47.382,2.117,20.65,36.332,32.54,73.633,0.507,Poor
96.857,110.722,44.9,14.528,2.07,45.286,46.881,29.3,67.611,2.954,Poor
42.714,68.869,46.131,15.37,2.042,18.879,9.689,33.031,49.851,1.994,Moderate
64.288,135.917,26.677,8.303,1.546,45.665,36.572,31.755,84.464,4.212,Moderate
25.887,50.944,24.323,4.729,1.693,56.075,39.268,42.911,65.598,4.314,Moderate
49.765,66.41,28.996,19.648,1.246,23.561,42.396,27.56,42.406,2.714,Moderate
55.597,113.382,13.688,23.916,2.073,6.356,23.153,39.189,31.072,3.707,Poor
51.527,66.619,50.501,26.28,1.432,11.717,13.812,36.33,65.917,2.505,Moderate
58.255,94.387,77.907,20.885,1.693,46.549,18.124,38.066,74.532,4.355,Poor
43.516,61.446,53.985,16.243,2.076,32.592,33.857,33.489,55.584,2.434,Moderate
22.1,48.447,31.08,2.0,1.273,19.164,23.814,24.677,34.24,1.441,Moderate
49.52,85.285,45.959,27.054,1.915,37.232,47.063,36.611,61.608,3.558,Moderate
108.872,126.655,48.702,34.749,2.644,14.245,20.793,36.716,63.009,3.905,Poor
70.798,102.453,53.943,14.318,1.792,20.78,46.674,21.297,45.686,5.928,Moderate
95.175,168.964,86.996,41.075,1.755,27.024,28.777,25.648,77.934,3.206,Very Poor
45.558,63.975,52.98,33.641,1.847,47.601,43.606,27.673,70.471,4.146,Moderate
46.748,73.657,48.095,36.372,1.341,41.87,11.445,39.819,49.559,4.136,Moderate
49.339,79.664,55.823,21.595,2.308,43.256,36.259,25.657,18.0,5.055,Moderate
63.341,84.539,34.258,20.321,1.803,5.0,33.018,22.528,53.101,1.81,Moderate
32.879,41.864,47.405,15.889,0.6,17.057,28.33,37.374,41.496,4.06,Good
71.154,87.647,50.676,33.476,2.735,38.505,32.212,27.973,47.923,5.103,Poor
53.787,57.998,22.034,17.308,2.088,50.486,36.146,20.175,29.598,1.765,Moderate
72.164,108.105,24.089,31.496,2.136,13.409,32.879,44.0,73.74,6.274,Poor
38.916,116.466,56.197,32.748,1.584,18.673,31.169,17.946,39.643,5.484,Moderate
124.712,182.722,51.857,29.718,2.554,5.0,35.128,37.493,83.485,0.474,Very Poor
28.658,32.702,81.603,31.054,2.256,5.0,27.64,34.699,41.557,4.655,Moderate
37.992,59.342,16.114,14.362,1.058,13.723,36.41,23.181,84.024,4.12,Moderate
47.326,72.192,43.154,25.477,1.145,48.569,34.178,15.846,57.052,4.786,Moderate
84.114,127.084,68.644,18.873,2.121,58.615,33.707,13.282,52.497,3.432,Poor
110.958,168.123,65.624,40.496,2.416,39.249,23.758,22.711,60.042,4.966,Very Poor
65.624,75.975,45.688,11.262,2.221,58.381,30.918,24.961,38.713,2.325,Moderate
46.741,66.205,63.208,30.043,1.217,31.767,50.81,27.36,41.95,1.193,Moderate
57.035,63.789,55.178,20.256,1.328,37.99,44.618,22.422,60.743,5.192,Moderate
56.37,74.233,44.649,19.556,1.396,30.017,22.2,23.03,43.423,2.249,Moderate
59.459,83.049,53.384,49.604,1.496,46.067,29.073,24.815,56.633,4.969,Moderate
17.517,32.893,30.854,38.56,1.859,34.224,25.29,24.313,58.284,6.207,Good
64.233,109.815,53.201,23.603,1.877,29.109,44.206,23.529,81.301,1.789,Moderate
78.663,117.219,6.453,32.633,1.976,28.791,38.577,22.471,69.435,4.317,Moderate
40.445,34.435,35.569,19.382,1.058,15.632,18.738,15.892,39.323,3.821,Moderate
80.074,109.057,47.261,19.088,1.859,28.411,26.147,23.585,80.375,1.784,Poor
45.188,64.623,27.656,12.81,2.095,5.0,14.594,30.138,66.289,3.154,Moderate
52.635,87.606,54.826,20.812,1.646,7.632,41.797,33.926,65.201,4.5,Moderate
113.177,96.667,20.608,23.314,2.89,70.658,42.382,32.536,96.0,0.425,Very Poor
95.817,113.437,50.688,27.526,2.295,48.166,35.935,24.439,80.854,1.89,Poor
156.411,189.302,43.545,24.329,2.822,15.595,18.433,33.711,83.844,2.041,Very Poor
59.414,101.744,45.258,42.298,1.472,39.07,58.421,32.499,63.179,4.227,Moderate
85.768,106.536,23.373,18.693,2.149,44.167,12.179,29.726,68.47,3.519,Poor
45.335,76.797,36.714,30.827,1.492,50.691,30.52,28.234,70.353,6.44,Moderate
31.424,43.432,21.843,14.808,1.109,12.717,21.765,33.492,60.75,3.383,Good
137.765,198.735,48.844,19.083,2.269,26.991,44.614,37.407,44.619,0.948,Very Poor
37.897,65.033,42.542,30.306,2.089,17.883,30.961,23.152,87.01,3.103,Moderate
94.61,135.104,40.676,21.308,1.493,24.608,35.028,23.97,49.303,3.207,Poor
61.559,113.679,39.42,24.433,1.401,18.932,41.504,30.916,40.959,4.735,Moderate
66.792,76.367,56.392,27.901,1.352,46.277,27.964,22.607,29.639,1.638,Moderate
17.574,41.299,20.692,25.56,1.009,54.766,53.108,20.774,80.691,1.692,Good
38.749,42.435,49.734,31.23,1.531,22.607,23.244,19.727,62.965,0.3,Moderate
30.663,36.044,58.971,32.348,1.507,52.039,20.718,27.557,61.877,4.72,Moderate
40.47,87.172,61.208,42.56,2.676,21.066,15.19,33.736,65.832,4.063,Poor
24.027,54.461,10.59,34.376,1.336,31.551,37.483,30.779,58.295,2.19,Moderate
87.829,98.955,15.455,8.02,1.767,47.659,24.641,39.222,83.577,4.688,Poor
60.82,114.372,48.557,34.224,1.687,28.938,16.387,26.658,64.082,5.108,Moderate
21.137,49.363,27.829,31.595,2.44,29.609,34.375,38.491,56.608,4.162,Moderate
26.649,37.789,26.74,23.859,1.104,44.723,47.29,33.651,18.0,0.586,Good
92.363,145.633,19.219,19.775,2.115,36.236,57.949,29.035,92.245,0.3,Poor
72.119,104.709,49.522,16.134,2.015,29.57,32.069,31.024,56.784,8.322,Poor
54.827,72.055,31.156,30.368,1.999,33.051,22.306,32.961,28.667,2.627,Moderate
55.87,92.773,68.224,23.181,2.328,40.578,30.962,29.803,83.483,0.3,Moderate
23.747,40.345,30.639,36.998,1.528,58.605,22.448,24.489,55.121,3.673,Moderate
16.947,52.789,11.095,33.49,1.373,54.484,39.574,29.841,39.368,4.713,Moderate
144.19,179.995,49.884,33.089,2.31,44.015,36.663,19.01,64.301,4.237,Very Poor
58.587,97.489,27.981,25.458,1.873,33.061,29.591,33.23,52.662,0.3,Moderate
19.345,41.408,56.092,33.909,1.563,37.532,45.639,33.111,41.172,2.27,Moderate
62.036,108.289,42.336,26.727,1.699,48.271,34.896,38.967,79.449,4.564,Poor
52.552,70.678,21.187,12.701,1.139,51.83,17.247,38.329,18.0,2.604,Moderate
76.975,84.999,54.032,25.506,2.696,45.3,18.799,26.611,59.697,3.53,Poor
49.556,67.71,49.028,46.642,2.554,24.895,36.37,28.632,79.493,6.982,Poor
55.008,89.656,58.984,12.594,2.243,49.026,32.501,21.196,85.612,2.02,Poor
13.889,20.0,41.982,12.921,2.191,25.688,24.302,38.725,36.261,3.778,Moderate
32.974,45.609,35.16,18.699,0.481,21.706,3.172,44.0,61.311,3.598,Moderate
56.191,92.478,38.658,42.022,1.296,31.91,34.788,21.552,38.591,3.041,Moderate
10.895,20.0,45.836,18.083,0.667,23.682,47.138,37.577,55.918,5.814,Good
78.494,92.496,27.957,26.678,1.686,24.811,40.088,35.714,60.433,2.997,Poor
47.375,63.025,25.523,40.514,2.252,19.947,40.338,40.226,60.927,3.565,Moderate
36.99,76.526,41.65,32.567,2.431,27.216,17.619,31.915,47.216,4.899,Moderate
118.145,151.138,53.859,31.256,3.367,23.321,54.794,28.475,49.988,5.455,Very Poor
52.908,105.105,59.002,24.96,1.074,58.184,47.577,20.164,42.493,6.437,Moderate
70.726,127.109,43.577,42.756,2.302,10.934,20.114,27.609,60.275,2.809,Poor
23.07,45.183,46.413,31.308,1.303,58.493,24.708,32.379,24.026,5.46,Moderate
109.683,148.209,43.529,16.065,2.831,34.692,33.628,22.412,41.241,3.867,Poor
13.358,20.0,81.203,40.92,0.504,36.68,22.853,21.366,42.645,2.497,Good
37.283,78.217,92.694,24.066,1.486,61.034,35.356,27.861,64.578,4.271,Moderate
20.491,33.773,78.504,36.436,1.89,20.03,5.196,25.003,54.294,3.285,Moderate
45.36,85.556,24.929,17.747,1.485,27.705,23.27,25.197,50.195,3.278,Moderate
57.14,92.692,51.456,23.006,2.002,48.632,13.654,27.307,54.766,3.256,Poor
24.052,39.764,41.175,34.102,1.664,70.36,44.841,29.118,63.717,3.711,Moderate
20.095,40.563,28.464,32.631,1.176,31.628,13.193,21.785,55.443,4.378,Moderate
88.692,88.187,12.193,21.796,2.863,38.922,45.366,28.618,59.31,5.243,Poor
62.981,85.093,62.276,35.992,1.995,29.435,42.132,32.163,82.697,3.396,Poor
170.046,293.026,49.913,27.201,2.778,29.753,33.698,25.768,58.993,2.827,Very Poor
80.096,113.397,50.787,22.587,2.058,52.496,56.042,38.15,55.215,4.231,Poor
48.68,64.563,56.392,46.365,2.015,48.568,40.198,28.301,64.214,2.806,Moderate
65.858,109.749,31.613,17.332,1.702,40.659,35.131,40.663,51.696,1.219,Moderate
48.779,74.25,65.437,25.811,1.687,32.144,3.436,33.312,31.948,2.092,Poor
33.575,87.691,60.599,31.078,0.54,18.495,31.158,31.41,66.389,3.226,Moderate
36.913,90.95,81.469,27.894,1.519,16.829,19.745,19.021,80.913,5.142,Moderate
50.938,95.642,28.786,27.439,1.487,51.243,32.451,16.299,92.623,2.01,Moderate
67.357,100.869,58.828,20.25,1.926,5.0,51.227,19.944,56.589,5.125,Moderate
14.619,22.388,38.466,17.924,1.559,39.596,21.662,40.763,51.075,3.143,Moderate
66.085,134.893,54.868,27.185,1.626,30.166,36.684,30.924,88.845,4.764,Poor
51.472,46.468,60.874,29.05,1.547,45.376,38.457,30.844,39.843,4.114,Moderate
58.782,76.039,44.558,16.24,1.856,51.779,34.103,25.389,74.201,4.961,Moderate
61.124,83.647,91.938,19.141,1.918,26.185,21.843,33.14,88.752,4.238,Poor
92.239,148.843,53.9,25.259,1.222,29.106,6.847,33.669,67.154,2.164,Poor
142.646,206.234,74.906,33.225,2.236,40.299,26.088,33.346,23.491,2.247,Very Poor
103.091,184.598,61.435,27.579,2.362,29.68,44.219,22.186,18.0,5.059,Very Poor
164.772,271.065,19.77,16.874,3.031,24.897,45.406,35.0,76.87,0.822,Very Poor
31.034,51.09,23.993,23.119,1.722,22.326,25.938,26.557,47.678,5.128,Good
41.695,77.884,38.544,15.816,1.536,23.242,19.592,28.231,76.223,1.286,Moderate
65.204,93.927,24.671,11.805,2.132,41.922,36.204,28.866,79.753,4.616,Poor
62.49,89.756,54.056,22.472,1.658,54.263,53.096,31.564,72.174,2.355,Poor
82.475,86.572,52.952,38.325,1.919,24.647,41.077,27.884,21.653,1.674,Poor
59.122,77.552,6.0,24.107,1.776,32.09,46.686,33.067,62.933,3.383,Moderate
88.309,98.637,47.773,11.436,2.269,35.375,39.459,29.607,39.561,2.668,Poor
95.041,154.845,6.0,5.577,1.872,21.45,34.714,35.885,48.881,3.895,Poor
29.146,39.13,27.277,2.0,1.835,23.812,18.856,18.953,42.665,5.843,Good
32.897,45.386,50.752,19.938,1.031,21.225,49.583,22.322,88.309,4.676,Moderate
22.761,39.044,41.356,36.592,0.925,33.108,39.571,18.606,39.02,5.819,Good
28.306,29.838,75.535,6.684,1.463,32.8,31.878,33.844,38.656,5.517,Moderate
28.653,72.328,52.089,29.07,1.588,35.639,38.235,26.963,62.928,4.877,Moderate
12.17,20.0,30.561,37.62,1.106,26.632,25.702,15.369,81.714,2.006,Good
61.99,55.846,60.685,17.706,1.913,34.273,17.031,20.426,69.95,4.469,Moderate
46.607,93.607,43.694,14.272,1.969,74.492,26.499,33.317,56.323,4.179,Moderate
60.005,128.927,40.583,21.254,2.186,54.291,58.682,28.523,56.31,1.647,Very Poor
52.572,70.421,48.931,38.606,2.141,33.645,18.022,29.491,69.705,3.748,Poor
16.236,20.0,46.83,25.556,1.989,41.817,35.361,31.162,85.829,3.116,Moderate
57.746,74.072,39.465,28.823,2.241,17.368,45.366,20.712,50.645,5.148,Moderate
9.433,20.0,69.231,32.427,1.276,29.103,39.61,23.877,62.178,4.574,Good
38.086,47.595,56.355,21.933,1.065,35.353,12.38,31.387,50.713,0.575,Moderate
75.889,106.577,32.044,24.683,2.608,25.119,15.733,32.237,50.692,3.356,Poor
53.308,93.167,26.668,43.857,1.362,41.795,35.453,23.509,52.664,3.092,Moderate
38.683,50.019,55.806,15.976,1.687,35.286,55.669,34.187,59.923,1.746,Moderate
85.645,96.677,55.708,48.291,3.176,33.272,34.798,17.657,84.997,4.359,Poor
66.067,131.729,44.12,19.506,1.492,52.271,19.372,31.224,59.172,2.578,Moderate
68.002,103.045,30.206,28.201,2.044,47.953,28.844,18.035,53.93,2.81,Moderate
54.242,87.209,49.066,33.825,1.558,58.603,12.689,39.803,56.847,4.176,Poor
109.736,155.858,40.243,35.303,2.422,54.863,33.951,14.134,62.791,2.873,Very Poor
18.355,35.182,15.304,19.466,1.466,51.654,29.781,36.047,56.017,2.681,Good
8.0,20.0,57.319,11.368,0.958,31.223,9.964,24.367,47.799,2.876,Good
30.192,64.158,63.394,17.28,1.971,54.588,20.406,26.957,69.572,3.348,Moderate
62.029,104.295,59.148,29.412,2.421,43.503,50.965,21.828,87.165,1.875,Poor
48.827,56.415,55.797,34.522,1.4,61.827,38.87,22.186,44.898,6.581,Moderate
80.536,156.834,43.165,15.76,1.555,28.37,18.964,35.56,50.633,6.398,Poor
62.611,81.888,28.693,10.895,3.011,26.838,41.037,39.456,52.283,5.311,Poor
86.894,107.28,25.258,21.636,2.183,39.272,23.292,19.122,58.95,5.894,Poor
89.39,160.272,37.872,30.8,2.417,35.452,63.81,27.048,70.172,3.739,Poor
33.948,57.767,30.101,18.183,1.264,29.711,37.838,24.097,52.34,2.104,Moderate
93.852,88.236,39.813,32.154,2.62,33.958,31.728,31.439,65.298,4.169,Poor
57.105,101.918,48.578,9.848,1.845,36.072,30.728,33.049,34.354,3.245,Moderate
154.998,273.604,22.863,45.18,2.998,69.505,26.867,19.569,32.994,3.014,Very Poor
135.401,93.013,47.715,27.525,2.643,32.239,27.999,26.911,86.247,2.055,Poor
23.216,33.405,87.679,2.0,1.459,37.305,16.306,31.027,34.578,3.632,Moderate
57.178,110.809,65.073,29.408,1.675,51.497,45.775,32.076,52.944,5.726,Moderate
26.373,30.698,86.971,16.051,1.372,27.941,29.602,29.169,47.236,5.528,Good
80.441,106.705,70.79,31.303,1.507,29.164,27.394,31.776,42.309,3.325,Moderate
74.129,101.169,23.762,19.426,1.326,26.007,52.406,20.516,55.197,4.986,Moderate
107.057,175.093,73.628,14.163,2.126,35.432,41.9,34.181,28.152,0.363,Very Poor
50.787,94.159,71.105,27.714,1.689,34.405,33.668,31.941,62.436,3.098,Moderate
59.198,78.459,48.186,4.049,2.267,26.305,56.066,34.45,30.363,2.441,Moderate
116.246,155.737,39.06,25.717,2.48,66.746,76.395,29.636,32.562,4.917,Poor
12.822,20.0,47.389,15.843,1.723,44.243,20.751,34.379,19.914,1.55,Moderate
50.095,65.017,76.951,17.156,1.433,53.273,39.722,25.711,66.906,7.818,Moderate
20.927,30.075,66.653,21.128,2.131,30.396,25.199,27.975,47.436,4.264,Moderate
61.58,45.561,40.757,25.909,1.793,26.861,8.469,23.19,68.713,3.62,Poor
41.439,42.858,60.224,20.679,1.764,19.52,30.725,27.882,58.058,5.641,Moderate
35.892,67.614,58.429,39.034,2.755,13.573,42.999,23.626,44.125,1.423,Moderate
104.865,151.345,51.898,25.742,2.482,23.479,38.025,37.187,71.005,2.545,Poor
60.057,106.11,14.28,39.065,2.233,28.696,10.732,19.531,47.818,3.852,Moderate
116.476,210.692,90.737,37.227,2.002,55.818,32.85,39.017,41.253,5.174,Very Poor
45.443,26.375,79.815,9.107,2.565,44.299,44.8,25.38,69.632,5.139,Moderate
50.623,77.849,34.845,27.187,2.093,26.069,68.61,25.508,54.502,3.615,Moderate
50.87,81.449,41.023,34.346,1.73,51.766,3.462,34.204,61.525,3.493,Moderate
88.374,118.993,48.428,47.997,1.592,7.019,50.546,25.472,48.146,4.786,Poor
31.314,60.69,42.29,28.046,1.415,5.0,30.816,44.0,27.512,4.698,Moderate
32.798,57.771,59.51,9.061,1.854,36.39,26.822,23.741,69.34,3.196,Moderate
69.976,81.368,30.514,2.0,1.53,35.785,42.093,23.882,39.768,3.168,Moderate
35.516,69.196,48.825,19.971,1.705,40.687,28.974,35.557,52.506,5.302,Moderate
51.587,44.97,36.626,20.701,1.755,27.15,17.8,26.072,33.952,1.679,Moderate
84.832,107.411,25.146,33.528,2.168,27.131,32.386,12.0,40.072,1.982,Poor
41.266,82.463,57.598,40.692,1.603,46.727,30.268,13.415,47.808,0.3,Good
74.225,113.211,39.994,30.66,2.848,36.917,29.456,24.874,58.28,3.348,Poor
38.372,60.657,38.694,11.648,2.12,44.276,25.973,23.62,80.175,5.046,Moderate
70.816,105.013,67.441,7.522,1.838,21.982,22.946,36.789,30.553,0.3,Poor
44.29,62.429,59.239,21.006,0.999,47.593,38.833,32.301,74.588,3.137,Moderate
36.433,59.294,41.6,20.026,1.522,47.295,22.462,30.624,54.068,3.209,Moderate
45.168,82.601,84.411,37.869,1.783,59.918,31.17,31.949,63.879,3.085,Moderate
73.57,85.115,64.433,27.434,2.248,34.482,30.679,32.818,66.219,3.404,Moderate
49.135,76.081,47.959,33.73,1.755,25.511,29.866,37.39,76.986,4.078,Moderate
84.367,154.843,72.819,31.911,2.174,40.71,17.826,20.411,32.9,2.328,Poor
66.22,117.957,23.439,26.552,2.182,29.005,24.319,31.03,52.594,3.436,Poor
48.54,73.249,39.551,16.628,2.318,37.233,24.025,26.532,41.929,5.894,Moderate
31.16,45.921,25.861,15.168,1.346,22.482,41.344,21.487,49.247,1.085,Good
80.505,90.888,80.699,35.389,1.592,46.089,45.933,27.914,89.462,6.373,Poor
113.666,120.428,63.82,38.823,2.23,23.724,46.55,34.352,37.417,3.051,Very Poor
35.476,55.856,83.766,31.157,1.335,39.77,24.629,26.898,76.46,1.259,Moderate
51.812,81.347,8.762,13.865,1.744,40.74,33.753,25.503,30.397,5.855,Moderate
95.012,155.775,36.819,17.653,2.793,40.06,44.93,31.292,91.009,1.784,Poor
40.951,83.703,55.444,28.802,1.292,50.261,25.838,18.082,83.105,5.049,Moderate
27.379,58.908,36.062,33.219,1.392,31.29,29.943,32.144,59.705,6.228,Moderate
137.854,168.292,87.494,29.199,3.103,19.166,21.55,33.546,64.589,3.415,Very Poor
41.555,44.277,55.772,26.241,1.626,55.463,28.65,28.258,46.59,1.938,Moderate
53.876,48.398,36.792,5.263,1.548,40.131,25.589,27.74,70.478,3.731,Moderate
50.989,79.665,29.995,24.046,1.322,49.561,33.468,33.989,55.918,3.746,Moderate
23.681,57.873,33.932,28.693,1.466,5.0,46.348,31.516,60.476,5.795,Moderate
47.536,84.777,15.886,25.277,1.178,58.979,15.631,20.467,30.254,3.536,Moderate
65.837,70.622,68.667,17.442,1.785,8.25,33.862,28.968,33.681,3.953,Poor
54.756,57.182,63.82,34.657,1.157,18.603,33.628,37.913,74.815,4.405,Moderate
62.458,112.609,48.078,16.583,2.673,41.392,27.151,34.099,51.506,4.78,Poor
36.672,75.432,80.5,26.519,1.239,34.644,55.494,26.75,96.0,3.687,Moderate
25.881,39.024,32.559,2.344,1.188,39.25,18.183,39.033,54.36,2.918,Moderate
23.432,23.949,59.639,19.15,1.17,22.928,23.916,27.369,87.682,3.734,Moderate
193.538,241.703,56.745,25.312,3.858,24.169,20.642,25.304,19.407,5.229,Severe
18.872,35.344,50.215,17.605,0.95,5.314,42.708,38.901,74.383,0.405,Moderate
70.362,116.229,69.074,10.995,1.623,20.229,32.918,32.427,18.0,2.986,Poor
72.769,123.135,77.391,32.415,1.618,35.393,25.344,41.577,56.514,4.917,Poor
88.264,104.887,64.649,24.091,3.254,46.08,26.626,29.5,20.722,0.561,Poor
15.698,32.768,27.554,28.632,2.784,47.147,37.635,28.981,40.59,5.972,Moderate
56.959,86.755,35.334,14.669,2.541,5.0,38.289,25.909,76.205,5.279,Moderate
93.12,163.719,45.167,54.529,2.056,23.575,44.167,26.709,62.297,2.877,Poor
57.175,113.395,44.657,30.614,2.185,22.885,25.201,24.638,46.447,1.638,Poor
66.245,94.948,75.062,14.871,1.444,5.0,24.369,42.676,86.828,2.512,Poor
52.855,91.307,66.839,35.94,1.785,47.126,39.28,25.196,60.832,0.462,Moderate
28.676,60.758,55.33,32.891,1.861,50.982,48.025,22.374,48.687,0.3,Moderate
68.657,105.46,52.158,19.216,3.235,25.053,18.933,30.17,18.0,0.875,Poor
36.353,71.714,52.002,44.604,0.611,43.064,32.96,18.361,70.35,4.925,Moderate
49.056,91.078,32.934,31.957,0.991,26.964,39.465,31.787,47.815,3.554,Moderate
93.074,166.679,20.565,30.696,1.488,31.844,44.428,29.081,90.748,3.271,Poor
79.058,99.239,47.904,26.255,2.377,42.54,32.806,33.867,33.655,2.109,Poor
74.517,107.502,72.393,11.84,1.697,12.569,18.354,33.216,60.7,5.108,Poor
86.039,120.675,47.832,29.696,1.695,37.527,25.374,23.497,18.0,2.71,Poor
74.604,101.547,67.484,19.592,2.227,15.603,24.457,26.029,48.0,2.476,Poor
63.225,95.253,75.127,24.007,1.552,40.928,22.674,34.31,39.297,4.585,Moderate
72.652,78.564,17.991,22.554,2.216,43.681,34.465,13.14,57.735,1.834,Poor
23.982,37.115,35.164,31.051,0.659,29.254,20.945,21.303,73.213,4.489,Good
85.505,82.834,55.519,16.938,1.997,41.448,2.0,31.972,35.467,2.953,Moderate
30.537,61.105,55.991,46.834,2.084,13.47,6.23,38.58,42.666,4.107,Moderate
52.789,96.43,31.929,14.368,1.884,41.677,42.53,21.901,37.937,0.3,Moderate
24.286,49.73,70.493,31.726,1.076,16.946,39.575,44.0,77.489,4.71,Moderate
65.991,85.103,36.472,27.396,1.41,43.41,33.055,38.406,61.41,2.196,Poor
96.91,129.636,49.791,13.169,1.733,31.345,51.379,24.426,37.433,1.889,Poor
40.277,45.11,31.305,33.123,2.308,11.96,15.409,24.738,47.228,0.78,Moderate
169.08,183.12,20.507,20.782,3.569,26.855,27.272,27.258,60.942,3.512,Very Poor
35.997,59.829,48.276,24.27,1.791,44.738,35.67,25.663,27.793,1.095,Moderate
56.033,76.986,40.413,22.082,1.96,49.143,32.703,28.726,52.562,3.844,Moderate
45.621,80.849,33.791,34.727,1.309,33.617,27.312,39.244,54.639,4.643,Moderate
96.184,160.04,46.089,4.381,1.4,28.816,38.149,23.368,64.504,2.446,Poor
114.112,177.672,83.627,28.588,2.307,9.65,26.957,26.894,82.31,1.799,Very Poor
50.281,75.901,63.813,27.537,1.586,56.11,18.144,34.88,89.736,2.289,Poor
23.825,50.509,39.923,16.956,0.671,23.024,15.629,21.62,41.23,2.972,Good
42.744,69.531,46.734,16.345,1.195,37.581,30.666,24.96,41.151,5.008,Moderate
39.071,78.385,43.132,44.899,1.895,32.511,15.951,34.035,49.843,3.28,Good
16.369,30.327,48.287,32.95,1.555,20.494,15.56,21.57,55.731,4.816,Good
54.696,92.632,51.401,19.17,1.939,47.723,29.28,18.433,74.209,2.889,Poor
28.348,52.053,49.996,19.856,1.124,56.16,35.345,27.926,93.509,1.13,Moderate
46.118,74.365,60.19,23.023,1.718,28.796,33.131,24.762,47.568,4.923,Moderate
83.247,140.938,41.196,32.79,1.986,13.226,35.721,36.191,77.814,2.826,Poor
52.273,98.288,43.443,18.51,0.261,18.358,52.178,39.749,69.509,4.451,Moderate
46.303,96.558,33.601,3.351,1.375,9.429,42.926,22.282,72.952,2.066,Moderate
8.765,20.0,22.968,23.412,1.881,42.092,30.809,40.06,34.612,4.645,Good
20.49,37.047,59.582,13.124,0.964,18.461,21.883,36.415,71.78,3.693,Moderate
70.359,89.96,51.634,31.035,0.928,5.0,37.575,20.266,70.462,4.57,Moderate
33.986,34.698,59.582,11.307,1.593,25.221,28.771,24.479,63.855,4.904,Moderate
31.015,52.759,54.098,18.67,1.483,32.775,29.768,31.345,61.157,2.591,Moderate
115.397,92.165,51.93,25.772,2.819,27.985,19.673,30.083,37.959,1.325,Poor
65.944,77.983,86.44,26.865,1.805,64.601,36.268,23.237,18.0,3.755,Moderate
41.896,61.571,42.296,22.385,0.751,28.551,34.696,44.0,49.432,3.191,Moderate
51.835,71.48,55.515,24.851,1.556,37.523,34.383,25.018,65.126,2.698,Moderate
86.841,131.097,38.982,29.616,0.821,35.518,31.197,21.281,78.376,3.412,Poor
28.084,33.461,43.228,36.548,1.854,18.283,28.634,27.186,65.529,3.175,Moderate
96.756,150.457,28.971,28.874,1.916,20.001,31.403,24.986,26.694,3.603,Poor
64.157,79.837,32.862,21.117,1.207,39.125,52.096,35.401,58.169,3.655,Moderate
106.78,185.954,73.981,17.297,2.241,29.667,9.516,24.019,38.285,2.235,Poor
38.383,59.217,36.417,13.627,2.039,28.394,22.093,36.568,68.634,3.215,Moderate
62.054,120.219,71.502,17.419,1.54,38.579,19.998,30.982,69.164,5.248,Moderate
16.692,41.764,53.453,30.072,1.537,48.498,46.77,29.128,63.929,0.3,Moderate
36.013,70.793,50.212,23.424,1.614,26.086,9.754,28.933,49.506,2.941,Moderate
41.291,69.848,60.277,8.912,1.72,26.419,29.753,30.988,55.915,4.15,Moderate
115.34,129.451,34.08,30.661,3.279,49.248,35.356,27.883,55.433,0.311,Very Poor
42.272,67.192,67.0,27.04,1.551,20.699,14.626,30.973,70.722,4.398,Moderate
77.526,123.907,75.313,16.882,2.512,33.724,24.244,39.353,34.605,3.121,Poor
38.631,74.259,31.395,41.954,1.26,57.243,34.857,33.816,35.5,2.089,Moderate
70.921,108.094,54.847,33.892,2.877,36.448,32.757,27.069,44.364,4.298,Poor
57.164,66.887,62.637,37.419,1.455,33.381,33.214,34.234,49.96,0.31,Moderate
104.36,185.075,65.022,39.05,1.716,21.54,37.974,15.882,73.631,5.018,Poor
73.296,97.007,60.269,17.152,1.394,41.59,59.839,38.505,59.206,0.3,Poor
99.405,127.275,38.237,22.077,1.641,35.045,21.809,25.817,40.397,2.266,Poor
46.949,81.511,79.728,32.975,1.385,23.921,21.702,32.59,69.573,2.03,Moderate
33.874,66.369,47.881,23.321,1.473,16.003,35.451,23.351,42.886,5.303,Moderate
114.41,181.612,49.355,14.065,2.359,33.079,42.432,23.528,71.501,3.267,Very Poor
84.109,144.181,34.319,25.235,1.301,26.686,51.329,30.828,34.108,5.75,Moderate
116.026,144.879,30.045,36.245,2.291,38.638,25.694,18.091,41.406,4.8,Poor
15.367,34.624,68.293,33.056,1.547,24.492,24.069,30.657,41.678,3.92,Moderate
175.082,309.418,57.438,22.677,2.821,50.745,47.612,27.331,80.977,4.577,Very Poor
89.77,190.096,29.188,21.696,1.292,29.971,46.26,28.839,61.364,3.362,Moderate
68.331,104.986,34.7,29.658,1.772,19.752,37.692,28.023,96.0,3.699,Moderate
34.53,61.049,32.917,38.154,1.437,39.098,32.118,33.944,92.841,1.5,Moderate
28.914,52.986,67.855,27.223,2.154,32.191,25.576,26.941,53.705,5.261,Moderate
88.279,137.35,37.649,23.45,2.242,50.843,14.685,20.505,42.214,3.305,Poor
70.681,102.829,14.922,25.971,1.4,60.77,37.863,25.635,59.956,4.702,Moderate
12.516,20.0,54.16,27.813,2.145,33.159,43.179,34.138,54.812,5.163,Moderate
34.385,74.111,59.945,30.745,2.154,36.184,32.749,24.636,69.089,3.876,Poor
35.081,63.303,79.495,25.03,2.313,19.961,20.721,16.64,50.324,3.27,Moderate
23.514,33.359,55.112,11.24,1.408,40.058,19.355,20.166,41.974,3.885,Moderate
33.906,74.895,69.124,11.656,1.592,28.329,28.468,33.639,42.565,4.707,Moderate
29.67,60.119,36.255,23.723,1.77,33.058,18.864,31.359,63.47,3.674,Moderate
60.137,85.125,49.251,11.185,1.618,42.561,14.359,27.894,33.711,2.854,Moderate
39.688,61.785,43.178,29.444,2.023,41.28,31.24,33.269,56.582,3.491,Moderate
59.752,52.894,36.517,11.108,2.306,47.981,19.819,22.016,28.015,3.496,Moderate
16.596,40.245,23.479,16.853,1.065,19.189,20.734,14.698,71.956,5.902,Good
28.927,39.969,66.365,25.608,0.922,25.539,17.092,26.974,33.028,2.605,Moderate
51.891,85.391,52.824,16.871,1.384,19.339,34.974,31.497,59.819,2.015,Moderate
82.834,151.596,57.9,24.25,1.801,14.37,42.418,34.249,59.163,4.142,Poor
68.951,81.102,81.764,31.756,2.513,22.339,40.453,36.268,66.031,3.071,Poor
51.34,73.156,34.399,10.953,1.645,44.01,36.256,32.624,77.881,5.417,Moderate
37.039,60.903,14.86,36.548,1.729,37.248,25.094,16.135,68.606,2.298,Moderate
69.668,124.656,59.417,28.608,2.71,33.507,18.088,28.964,91.679,1.915,Poor
21.748,20.102,43.747,7.152,1.325,45.215,27.101,25.394,75.936,4.196,Good
37.815,55.068,46.164,18.741,1.047,32.046,23.648,25.55,51.808,4.729,Good
22.915,37.937,48.758,9.886,2.314,42.918,44.725,33.221,65.96,1.231,Moderate
47.104,56.671,33.263,26.808,1.432,30.503,28.406,29.868,42.466,4.155,Moderate
17.512,27.116,30.344,28.184,1.918,43.076,52.27,21.712,82.672,5.304,Moderate
143.938,254.735,49.705,29.563,3.199,42.131,23.056,27.847,82.46,3.107,Very Poor
34.934,48.941,35.719,25.419,1.099,13.263,44.47,31.138,60.628,6.066,Good
112.226,144.595,59.711,25.719,2.318,11.047,36.269,29.752,54.17,1.608,Poor
36.218,53.784,63.058,37.124,1.527,22.274,27.216,25.894,61.352,1.757,Moderate
30.553,54.121,43.694,5.498,1.713,30.065,12.561,23.252,52.992,4.085,Moderate
29.103,43.458,35.769,30.435,1.112,47.46,36.835,35.461,41.796,0.3,Moderate
64.077,131.381,51.477,29.024,1.511,40.956,14.745,28.604,72.306,2.49,Moderate
46.711,56.124,45.333,17.981,2.22,25.274,13.67,32.681,61.961,2.78,Moderate
63.832,131.178,51.351,41.204,2.695,35.216,37.937,26.293,68.788,2.113,Poor
107.816,162.312,57.999,28.215,1.355,38.391,43.307,27.666,71.266,4.184,Poor
64.087,72.637,27.768,12.187,2.507,52.201,31.755,44.0,81.08,2.747,Very Poor
28.587,42.983,60.402,29.278,1.694,48.615,16.469,32.479,60.596,4.142,Moderate
24.671,52.454,13.942,22.94,1.181,11.428,19.191,30.796,35.005,0.3,Good
36.394,58.169,54.898,13.895,1.81,46.318,12.116,30.388,26.657,0.3,Moderate
66.89,139.992,52.149,23.253,1.26,8.381,39.182,28.411,50.532,3.545,Moderate
125.889,186.419,16.544,40.021,2.171,48.119,49.546,37.667,49.891,1.521,Poor
33.867,67.63,37.586,18.24,1.295,32.376,12.726,25.813,61.322,1.476,Moderate
54.943,71.108,72.922,30.105,1.309,48.259,35.342,34.063,60.781,3.392,Moderate
34.028,54.551,62.14,31.498,2.244,44.926,28.184,27.781,55.587,6.988,Moderate
19.744,22.363,46.327,23.427,1.541,52.324,32.468,33.498,42.868,4.378,Good
24.618,68.683,57.782,21.5,1.851,60.918,29.164,28.927,18.0,3.907,Poor
88.437,116.295,29.183,41.419,1.659,5.0,10.973,32.545,68.483,5.457,Poor
47.193,66.058,34.866,23.866,1.517,49.914,42.684,28.73,39.31,5.046,Moderate
69.203,104.332,61.515,20.349,2.335,29.491,44.063,22.496,58.952,4.953,Poor
51.538,70.959,97.859,10.584,2.572,46.884,21.592,40.61,64.475,4.9,Poor
45.084,42.459,70.001,39.334,2.079,29.156,35.541,31.022,76.21,3.048,Moderate
27.201,25.545,66.211,6.636,1.164,8.205,10.741,34.103,53.179,3.343,Good
56.118,114.715,42.098,19.148,2.037,44.968,56.116,25.494,82.537,1.122,Moderate
50.454,50.813,48.707,24.01,0.734,31.154,2.0,32.537,55.418,3.974,Moderate
61.376,101.409,63.995,33.189,1.466,31.934,23.06,35.054,43.975,0.988,Moderate
24.595,26.817,72.097,29.985,1.57,38.51,31.732,24.102,52.182,4.714,Moderate
26.549,47.365,47.638,14.952,1.858,29.177,49.499,26.174,53.038,2.985,Moderate
95.497,148.937,30.453,26.745,1.851,42.276,20.766,32.608,94.868,1.488,Poor
29.785,59.457,49.059,9.078,1.685,31.119,40.82,21.454,73.352,1.516,Moderate
57.913,79.899,57.297,20.78,1.838,37.429,20.917,23.274,67.211,1.382,Moderate
56.136,88.027,55.01,5.51,2.543,36.722,39.49,35.394,92.552,1.561,Moderate
66.629,127.151,39.352,29.589,3.534,40.11,41.419,25.358,73.336,2.725,Poor
72.257,118.658,58.133,9.063,2.126,42.062,29.616,26.821,18.0,2.399,Poor
84.516,160.765,45.497,31.307,1.371,26.06,10.333,14.089,67.776,4.78,Moderate
39.473,72.384,25.876,4.567,2.163,62.695,39.403,42.979,35.01,3.599,Moderate
82.901,131.075,40.718,35.329,2.222,19.335,34.532,21.022,48.61,0.875,Poor
54.007,104.527,46.457,2.304,1.401,24.227,33.054,20.183,18.0,3.566,Moderate
50.886,71.864,37.986,20.577,1.289,37.592,11.687,31.502,59.637,5.246,Moderate
35.116,41.926,56.138,6.688,1.954,34.159,33.691,37.058,73.467,5.488,Moderate
38.603,59.057,15.839,24.464,1.652,65.817,40.102,32.983,93.048,5.666,Moderate
28.186,29.878,69.011,20.276,1.698,33.139,34.715,43.179,69.576,4.319,Moderate
31.824,38.273,23.149,14.733,1.838,40.705,29.784,44.0,76.395,6.268,Moderate
31.431,53.249,7.431,20.456,1.766,26.454,53.42,18.023,74.391,0.505,Moderate
51.029,88.643,58.424,22.335,1.31,57.295,40.928,31.571,68.145,1.106,Moderate
75.591,72.284,43.777,2.0,2.011,47.697,56.348,32.811,69.811,2.506,Poor
74.78,87.147,56.334,9.459,2.319,24.11,25.223,29.14,24.512,4.579,Poor
84.916,97.901,43.591,36.849,2.005,44.03,37.518,30.119,53.225,2.233,Poor
30.685,40.548,17.113,17.525,1.513,48.317,19.494,26.957,42.553,2.572,Moderate
167.817,294.085,66.634,41.395,3.574,35.043,28.048,25.317,62.661,0.507,Severe
58.49,92.141,38.151,41.529,2.236,19.848,31.514,32.081,71.077,0.3,Poor
60.519,115.952,58.627,6.832,1.613,30.808,36.152,30.377,77.168,3.356,Moderate
45.315,92.442,41.071,19.398,1.934,37.623,25.279,22.964,40.777,4.349,Moderate
39.957,93.434,58.279,22.905,2.196,45.261,36.218,37.172,43.792,1.754,Moderate
94.836,199.037,59.704,34.931,1.101,33.264,30.83,23.843,47.702,4.859,Poor
10.956,25.172,49.897,27.162,0.944,29.808,39.205,27.779,44.169,6.606,Good
31.23,43.993,16.741,27.724,2.077,16.696,11.405,27.486,54.149,3.706,Moderate
79.258,108.702,32.487,34.032,3.119,37.566,32.348,21.441,84.749,2.699,Poor
49.48,105.201,67.679,41.022,1.59,17.887,10.837,21.716,50.886,0.3,Poor
61.687,97.592,72.383,11.427,1.507,38.722,37.267,20.036,66.707,6.11,Moderate
30.249,46.219,58.4,34.662,1.87,42.789,37.496,31.12,35.146,1.741,Moderate
71.357,117.434,20.526,27.841,2.19,38.468,40.643,36.413,46.125,1.121,Poor
96.859,172.305,39.879,33.404,2.062,38.686,41.835,17.732,30.501,3.163,Poor
70.124,77.032,68.979,30.712,2.103,20.81,36.25,27.991,26.833,6.174,Moderate
24.852,60.744,40.706,38.266,1.102,5.0,42.043,30.58,50.555,4.358,Moderate
65.366,92.771,75.608,5.604,2.382,30.066,25.703,27.849,91.33,1.247,Moderate
19.335,20.0,43.472,10.318,1.687,43.017,71.024,27.331,90.514,3.026,Moderate
62.903,106.189,32.839,19.732,1.244,27.579,37.279,32.122,54.096,1.66,Moderate
52.772,86.492,35.077,20.762,1.311,29.986,10.378,24.317,62.689,1.683,Moderate
120.36,226.973,22.22,53.597,1.986,26.046,42.671,39.004,54.405,4.129,Very Poor
55.188,72.398,55.091,29.817,1.933,34.705,27.089,31.399,54.968,2.898,Moderate
28.535,34.912,47.593,26.691,2.269,39.074,39.004,25.896,69.09,1.032,Moderate
90.628,123.78,61.344,32.763,1.589,53.031,14.742,25.369,26.518,2.516,Poor
70.463,110.873,70.358,28.813,1.786,22.893,2.786,22.622,64.851,2.567,Moderate
27.88,28.436,62.444,31.571,0.975,19.328,26.885,27.953,41.357,0.3,Moderate
43.866,92.034,62.605,24.781,1.885,35.229,30.879,20.897,53.121,2.938,Moderate
140.06,189.788,63.9,27.374,1.884,40.026,41.755,35.289,36.382,7.189,Poor
46.437,80.991,35.846,27.706,1.046,72.437,38.662,30.785,86.01,3.009,Moderate
34.137,67.463,50.617,19.587,1.18,31.182,38.504,35.585,83.196,3.093,Poor
39.895,52.507,46.631,29.107,1.417,27.728,41.482,30.124,84.456,0.598,Moderate
44.871,73.516,36.348,27.709,1.53,55.065,14.568,22.029,96.0,5.718,Moderate
115.868,214.999,23.851,30.828,1.97,34.984,39.695,27.666,66.075,4.674,Poor
30.813,70.105,22.103,21.057,0.937,34.497,21.643,35.148,66.465,2.729,Moderate
58.997,94.825,26.837,16.721,1.557,34.42,18.662,28.824,55.87,4.356,Moderate
41.572,64.506,49.266,21.405,2.346,56.696,21.611,25.266,48.024,6.238,Good
80.488,128.369,52.499,26.137,3.122,5.0,26.504,35.901,36.556,2.19,Poor
32.875,32.272,67.392,31.684,1.876,25.548,18.164,32.927,56.309,3.293,Moderate
62.49,98.428,27.146,27.545,1.648,5.0,26.16,28.134,70.687,4.777,Poor
64.108,85.741,66.647,32.563,1.27,49.824,54.451,35.613,69.853,5.686,Moderate
89.607,148.395,39.154,37.397,2.348,33.056,20.597,35.634,50.568,2.443,Very Poor
83.556,97.382,53.273,11.317,1.767,37.319,39.108,34.444,38.895,1.131,Poor
36.244,73.559,58.866,19.761,1.528,5.0,16.078,23.923,67.46,5.886,Moderate
14.279,32.735,20.606,20.107,1.238,39.898,27.72,35.569,35.053,2.823,Good
76.371,141.038,49.414,31.442,1.373,30.076,32.912,28.83,20.301,1.151,Poor
30.032,20.0,43.5,23.25,1.859,53.613,37.88,25.742,63.096,3.528,Moderate
12.815,20.0,66.742,2.0,1.628,45.249,17.461,32.662,65.406,1.704,Good
93.804,193.707,51.25,37.22,2.558,33.038,49.569,32.282,71.63,2.47,Poor
71.675,87.888,30.059,30.216,2.57,11.244,41.018,30.919,71.769,0.977,Poor
29.536,64.926,74.145,5.244,1.618,50.607,58.066,28.333,59.796,2.041,Moderate
20.315,54.597,41.805,15.299,1.003,40.567,22.643,25.167,55.463,3.139,Moderate
21.608,23.99,66.773,18.445,1.426,62.956,39.909,18.909,67.775,4.786,Good
36.078,66.241,38.295,18.181,1.539,36.451,37.862,32.146,46.717,3.288,Moderate
36.014,21.126,62.487,5.674,0.918,27.103,25.365,32.655,19.084,2.682,Moderate
63.82,97.204,65.465,38.244,1.989,6.289,35.352,33.631,50.515,3.26,Poor
34.332,69.024,56.772,11.683,1.88,37.565,17.862,29.855,88.647,2.14,Moderate
73.663,117.197,33.383,21.488,2.475,37.163,34.228,27.328,85.185,2.819,Poor
142.837,190.961,47.626,7.144,1.934,51.35,35.554,31.545,56.313,0.83,Poor
51.876,99.869,50.656,26.668,1.821,52.681,37.004,24.929,53.677,1.574,Moderate
96.598,126.68,58.446,29.006,3.109,44.472,39.521,31.672,65.859,4.098,Poor
65.948,63.936,49.173,17.796,1.602,28.729,29.937,30.173,74.958,6.701,Moderate
46.644,70.386,78.624,36.24,1.35,35.694,14.219,29.184,40.086,4.575,Moderate
41.671,75.711,16.882,26.286,1.22,13.967,18.112,34.518,36.163,1.888,Moderate
136.448,146.855,64.256,28.185,2.163,42.998,45.415,39.301,68.463,2.424,Very Poor
126.417,187.0,66.844,22.002,2.795,53.212,42.223,25.757,60.104,3.973,Very Poor
64.884,105.177,44.182,24.743,1.928,31.378,35.053,23.334,63.508,4.521,Moderate
8.0,20.0,35.916,30.302,1.415,42.899,27.199,29.152,46.997,5.533,Good
29.778,61.808,35.821,35.562,1.663,35.07,22.657,32.803,27.848,3.137,Moderate
27.433,53.274,7.418,4.349,2.15,65.913,41.925,26.978,60.561,5.411,Moderate
157.237,253.68,57.775,25.217,2.722,16.47,5.016,35.437,51.03,2.49,Very Poor
30.53,27.56,53.736,27.931,2.103,35.252,14.582,26.836,42.498,3.649,Moderate
60.766,84.916,63.761,32.137,1.709,5.0,44.976,32.982,74.532,1.465,Moderate
72.947,111.488,48.798,21.902,1.625,21.161,38.099,24.524,60.093,4.979,Moderate
115.384,142.483,62.654,4.75,1.832,62.101,28.288,18.444,32.752,3.374,Poor
101.704,154.168,79.922,39.869,2.908,36.952,29.249,30.302,75.863,3.663,Very Poor
91.573,181.747,56.977,18.041,1.761,42.762,49.466,27.289,54.118,4.262,Poor
83.967,136.209,8.894,14.295,2.674,5.0,19.247,22.785,80.394,2.68,Poor
22.117,37.992,45.326,19.199,0.656,43.696,12.112,21.346,83.694,0.731,Good
99.681,115.194,41.569,32.947,1.921,28.21,53.246,34.33,30.595,5.236,Poor
63.457,122.404,63.231,33.402,1.526,45.863,24.685,23.422,63.003,2.065,Poor
49.222,48.902,33.517,16.634,2.068,29.761,42.18,37.766,66.281,5.344,Moderate
92.146,127.364,27.214,24.346,1.89,26.156,8.37,18.904,70.782,3.28,Poor
49.72,89.446,65.271,28.954,1.617,54.889,30.102,33.247,72.416,3.306,Moderate
53.341,80.804,44.422,31.656,0.855,25.301,23.976,37.002,60.925,1.673,Moderate
44.863,70.367,64.462,17.631,2.089,42.002,44.744,22.799,40.646,4.328,Moderate
102.582,200.651,30.842,32.958,1.879,49.647,21.756,28.532,65.706,3.421,Poor
57.672,91.934,66.069,28.36,1.427,49.561,16.822,26.687,59.522,3.706,Moderate
127.96,158.986,24.305,24.201,2.269,56.516,13.176,30.652,49.94,0.524,Moderate
61.462,88.702,49.829,8.651,1.434,33.879,11.903,30.91,59.61,1.825,Moderate
62.912,97.217,17.509,19.436,0.641,24.769,11.686,37.322,47.957,3.653,Moderate
54.581,89.743,55.898,31.917,1.454,24.777,41.22,27.189,37.543,3.03,Moderate
62.054,105.434,36.978,31.154,2.396,52.634,35.754,28.799,90.543,2.964,Poor
111.068,117.972,25.277,29.611,2.167,42.531,42.989,26.196,40.062,4.461,Poor
64.213,111.259,78.156,21.804,2.203,37.894,6.28,25.318,40.95,2.34,Poor
104.421,118.616,36.16,11.159,1.772,33.626,38.936,25.498,76.061,5.734,Poor
37.082,82.535,39.528,13.68,1.836,41.986,22.612,12.0,38.66,3.767,Moderate
33.229,48.468,34.757,22.91,1.121,32.795,21.54,23.787,77.751,0.634,Good
111.913,128.176,75.099,32.317,2.583,57.924,35.605,26.897,45.707,1.785,Poor
12.512,31.526,43.628,2.0,1.098,23.827,35.285,21.911,49.334,0.3,Good
53.244,71.123,49.07,18.473,2.317,22.527,26.359,22.26,81.579,1.22,Moderate
38.956,104.137,34.505,13.232,1.554,39.616,9.874,33.254,76.98,0.621,Poor
55.133,73.1,50.981,31.202,1.781,30.249,36.213,29.511,87.491,1.432,Moderate
51.655,76.829,50.358,32.513,1.78,65.566,28.317,37.047,66.665,3.731,Poor
24.547,26.529,45.123,19.763,1.389,54.017,27.289,37.613,45.908,1.097,Moderate
8.0,20.0,39.522,24.099,0.2,21.851,22.339,28.59,60.74,2.729,Good
50.037,92.326,6.0,16.407,2.031,33.858,31.137,27.242,29.03,2.266,Moderate
43.204,55.134,14.975,10.788,1.457,44.523,23.454,30.223,80.307,0.542,Moderate
21.448,35.895,45.061,23.909,1.595,44.263,37.027,31.57,57.089,5.799,Moderate
75.04,98.287,27.367,37.693,1.824,31.979,42.958,20.982,83.934,3.729,Moderate
80.802,105.687,26.801,20.067,2.247,28.952,30.884,25.239,45.061,0.386,Poor
118.651,161.652,51.954,27.567,2.042,46.345,37.271,25.484,91.019,4.71,Poor
74.687,101.873,62.134,27.226,1.991,27.024,42.474,35.551,51.826,1.065,Poor
83.836,111.049,60.261,8.799,2.656,38.476,39.021,29.576,76.684,3.486,Poor
47.213,72.682,49.131,21.455,1.524,50.851,23.578,30.862,56.76,4.783,Moderate
59.344,67.964,47.841,30.99,1.348,6.918,40.883,36.828,65.458,1.693,Moderate
15.876,23.71,44.19,26.405,1.888,39.09,65.42,30.899,30.803,3.329,Moderate
126.648,181.182,23.467,22.506,1.917,24.921,39.249,22.225,69.93,3.242,Poor
48.134,94.426,47.079,11.014,2.05,19.415,30.82,28.134,68.557,3.151,Moderate
33.367,71.993,44.324,38.97,0.504,37.307,16.382,39.549,67.366,2.23,Moderate
43.525,74.734,81.381,19.156,1.8,14.019,34.521,29.009,75.864,4.27,Moderate
16.39,39.999,41.067,25.705,1.546,55.611,49.262,39.328,67.205,4.992,Moderate
53.139,90.9,42.166,25.255,1.308,14.978,23.048,21.445,56.033,4.202,Moderate
78.289,115.459,73.537,24.629,2.195,18.508,45.206,21.587,34.747,4.095,Poor
50.018,97.093,65.349,17.428,1.605,20.906,20.93,29.416,45.538,1.064,Moderate
33.721,53.641,50.96,26.295,1.632,49.481,42.844,25.642,45.721,1.851,Moderate
61.005,112.526,41.612,30.406,2.316,30.658,33.363,44.0,38.904,0.953,Poor
18.218,20.0,32.517,18.294,1.259,11.547,41.507,27.225,53.829,3.348,Moderate
27.652,62.298,65.476,15.907,2.17,29.876,28.267,37.894,75.888,4.116,Poor
38.666,71.161,48.452,21.176,1.387,34.805,24.27,32.069,79.274,2.305,Moderate
103.166,201.848,64.186,30.166,2.363,38.185,35.315,32.301,60.909,3.057,Very Poor
48.522,76.542,53.068,18.201,1.629,34.311,19.309,33.76,49.436,4.725,Moderate
51.196,75.398,60.522,43.892,1.068,45.715,40.384,26.53,33.237,3.845,Moderate
47.935,98.823,53.001,32.752,1.384,5.0,32.258,27.361,59.341,2.071,Moderate
74.814,101.262,71.67,25.799,1.899,33.616,26.932,29.616,19.925,0.3,Poor
94.091,92.346,59.043,29.28,2.727,5.0,29.373,33.854,75.494,4.859,Poor
15.53,20.0,20.964,27.733,0.617,51.061,40.455,34.214,57.043,1.869,Good
64.088,82.929,50.209,14.535,2.408,19.829,9.359,34.399,39.737,4.999,Poor
20.668,30.356,84.547,27.997,1.198,16.597,26.136,27.568,63.616,3.343,Moderate
66.487,100.677,52.851,31.661,1.362,7.883,13.518,35.305,45.905,5.951,Moderate
46.389,52.22,68.817,33.704,2.335,40.74,20.36,28.9,53.064,3.294,Poor
35.289,55.598,57.543,31.814,1.689,32.609,32.783,33.425,68.448,5.464,Moderate
51.665,116.266,58.845,33.976,1.432,26.053,29.728,29.627,56.439,5.194,Poor
10.691,25.96,70.736,31.244,1.104,29.27,22.85,14.901,61.403,4.304,Moderate
26.55,37.927,44.947,17.763,1.73,41.415,10.959,38.125,49.95,2.238,Poor
52.838,87.063,49.314,16.938,1.814,29.722,22.969,25.806,65.951,5.41,Moderate
58.212,68.255,78.62,31.745,1.773,43.606,51.162,31.021,62.793,1.581,Poor
55.894,65.9,49.554,20.309,2.77,67.224,31.543,38.904,93.214,4.877,Poor
45.731,72.613,53.315,24.211,1.326,31.809,14.969,35.852,40.627,4.77,Moderate
58.724,115.05,48.667,26.315,2.403,32.595,48.256,25.072,57.537,3.328,Poor
54.718,79.27,21.171,40.089,1.528,30.309,34.9,27.212,47.299,3.645,Moderate
19.199,20.0,61.517,19.344,1.722,25.047,23.03,34.374,65.025,3.486,Moderate
46.165,75.427,52.646,15.414,1.532,22.899,35.721,44.0,41.706,1.414,Moderate
42.096,62.839,33.498,19.903,2.132,19.334,42.215,32.832,71.192,2.352,Moderate
38.786,47.695,24.251,22.558,1.84,14.152,45.485,33.248,61.825,0.3,Moderate
80.573,63.995,46.141,39.416,1.626,59.562,25.633,27.57,73.141,2.315,Moderate
56.309,90.674,49.399,25.007,2.723,41.183,19.641,31.741,65.063,1.987,Poor
23.84,32.252,50.515,6.923,1.615,25.075,38.585,44.0,72.733,2.01,Moderate
75.959,124.873,59.191,27.443,1.975,18.378,32.45,18.859,96.0,2.905,Poor
76.036,107.736,21.901,44.239,2.688,28.347,42.27,22.573,29.971,4.37,Poor
60.105,84.696,61.253,33.918,1.6,27.477,40.11,12.0,57.599,2.752,Moderate
45.629,59.582,36.871,11.769,1.974,41.355,33.805,20.876,50.061,1.604,Moderate
36.204,45.306,18.457,22.101,1.838,57.63,10.206,20.592,68.132,3.316,Moderate
48.092,106.89,51.344,25.158,1.724,34.866,35.28,23.456,33.951,3.51,Moderate
76.562,167.281,46.022,23.511,1.791,40.588,25.969,42.179,44.706,3.368,Poor
57.551,98.442,50.686,29.624,0.749,49.466,39.16,40.69,56.108,5.814,Moderate
13.781,22.773,37.099,14.279,1.261,39.879,20.301,38.855,52.823,2.192,Moderate
84.846,137.449,38.51,36.858,2.128,18.677,39.336,30.463,77.233,1.68,Poor
58.459,74.391,41.214,14.563,2.564,59.773,35.977,29.628,79.599,3.879,Moderate
93.119,151.36,21.232,22.293,1.909,41.584,42.311,21.543,70.884,1.091,Poor
53.059,76.68,66.064,22.022,1.371,18.733,25.692,18.801,35.248,3.25,Moderate
78.569,121.077,60.257,23.251,2.572,62.371,34.256,27.861,52.279,0.991,Poor
112.144,135.856,43.579,14.203,2.047,10.059,32.58,32.499,71.83,7.233,Poor
104.845,162.961,31.367,16.62,2.096,38.156,43.506,31.957,75.588,3.994,Poor
63.823,127.598,41.214,27.526,1.857,27.895,43.078,30.101,38.454,1.86,Poor
13.618,22.309,68.089,26.292,1.468,43.467,28.281,29.159,59.55,5.198,Good
83.201,110.031,58.754,17.288,2.532,23.269,40.631,27.174,83.219,0.528,Poor
38.209,85.677,33.784,23.448,0.987,27.814,28.407,20.702,22.85,5.331,Moderate
41.82,92.012,55.419,17.159,2.036,27.489,25.247,44.0,43.275,0.927,Moderate
62.217,98.215,39.072,16.788,1.98,44.659,28.924,37.271,41.257,3.249,Poor
109.929,151.259,45.654,19.911,1.686,43.086,40.5,24.741,71.516,5.963,Poor
54.994,87.482,71.774,22.125,1.668,29.032,38.595,23.159,79.048,1.244,Moderate
9.29,20.033,21.015,16.534,0.982,37.828,36.969,27.714,57.422,5.897,Good
61.931,85.952,34.907,10.573,1.896,40.94,27.485,20.454,56.726,0.3,Moderate
109.144,168.853,39.312,18.556,1.773,43.523,27.897,28.205,67.57,4.805,Poor
46.151,106.043,48.993,11.822,1.207,27.586,12.615,26.169,65.771,2.623,Moderate
27.039,60.479,11.971,18.696,1.764,33.719,24.267,13.515,48.806,4.851,Moderate
23.144,43.424,23.008,23.72,2.137,19.7,31.132,31.629,31.148,2.884,Moderate
62.704,83.072,55.486,16.669,2.169,50.048,10.921,31.442,54.933,2.1,Moderate
85.993,145.271,34.693,22.183,2.264,25.617,33.341,30.88,73.565,7.354,Poor
49.943,60.9,61.425,25.876,1.437,49.564,13.181,24.633,73.23,3.061,Moderate
112.585,208.866,94.967,25.007,2.741,18.354,17.945,24.207,19.627,4.109,Very Poor
31.647,36.806,18.899,28.156,1.457,40.968,30.423,30.856,53.925,2.855,Moderate
84.744,135.433,46.254,14.612,2.647,47.911,23.603,37.31,33.996,6.187,Poor
31.1,48.932,27.2,28.932,1.954,29.63,42.724,34.983,64.829,5.153,Moderate
17.994,29.095,6.0,2.0,1.345,21.183,31.019,34.553,59.745,3.24,Good
26.491,45.44,18.934,23.904,2.103,18.546,65.206,20.483,54.256,1.571,Moderate
60.791,76.223,38.95,19.255,2.26,40.94,43.277,41.411,43.029,2.48,Poor
73.46,122.342,60.489,11.618,2.105,29.464,15.677,26.912,86.921,3.791,Poor
52.139,70.747,53.152,39.062,1.337,41.562,45.105,22.273,76.753,2.612,Moderate
21.745,50.222,39.946,16.984,1.76,21.978,46.034,36.603,78.482,4.468,Moderate
58.505,105.128,61.072,15.734,2.032,33.232,30.006,25.764,18.0,2.672,Poor
92.388,113.618,64.59,26.961,1.629,68.729,23.537,21.685,78.345,4.939,Poor
70.311,81.039,47.672,35.059,2.081,21.37,29.521,21.013,66.392,2.394,Poor
67.073,77.666,28.332,23.463,1.821,39.438,43.336,35.093,66.094,1.323,Moderate
51.318,74.797,37.026,28.063,1.49,31.684,24.632,22.899,44.814,4.326,Moderate
22.984,45.292,33.879,3.762,1.488,31.011,43.619,23.77,60.205,0.595,Moderate
33.342,41.334,40.208,27.299,1.224,31.802,36.084,38.148,80.828,3.821,Good
51.643,77.562,22.374,45.485,1.743,25.724,19.199,21.025,63.631,5.837,Moderate
47.067,96.433,20.665,6.386,1.055,22.559,42.636,32.875,42.2,6.305,Moderate
87.307,128.459,66.583,10.832,1.988,52.574,29.366,35.905,89.805,2.779,Poor
18.777,59.401,47.0,10.139,2.056,21.854,22.126,23.342,51.526,4.02,Moderate
106.819,93.854,45.63,17.177,2.115,63.146,37.828,20.689,66.219,2.395,Poor
47.53,70.77,19.058,13.934,1.033,43.135,29.542,37.429,42.895,3.293,Moderate
28.115,24.225,49.922,20.311,1.298,45.834,19.737,28.403,49.867,3.389,Good
16.679,26.489,18.291,8.138,1.398,46.111,16.332,18.639,72.662,3.78,Good
32.585,59.027,54.364,2.617,1.121,19.766,31.906,30.705,71.542,2.167,Good
46.484,79.215,52.896,14.207,1.269,53.578,34.739,27.099,85.744,2.405,Moderate
12.094,22.15,50.181,32.621,1.701,49.748,36.73,37.105,59.323,1.638,Moderate
54.103,97.592,72.921,20.137,1.322,32.656,15.371,31.397,19.782,4.225,Moderate
87.311,97.666,82.812,27.084,1.423,20.851,30.207,28.008,24.242,4.792,Moderate
73.87,73.313,57.042,32.98,2.167,39.392,46.168,34.272,53.996,1.967,Poor
103.628,142.015,44.392,22.246,2.863,23.436,39.96,37.071,72.086,1.523,Poor
46.308,130.449,47.521,21.664,1.415,32.922,21.621,19.821,67.535,1.01,Poor
18.747,44.192,18.04,15.124,1.194,53.963,15.395,12.0,86.152,0.763,Moderate
18.476,37.741,51.328,17.109,2.155,45.794,35.905,34.242,62.935,0.3,Moderate
31.088,33.055,45.842,7.628,0.389,15.277,21.614,24.414,60.728,2.207,Good
17.968,35.704,31.117,22.89,2.308,29.175,15.729,29.841,26.653,4.182,Moderate
102.444,147.426,40.631,16.303,2.176,37.87,25.902,25.587,72.354,2.126,Poor
117.071,146.004,55.264,24.865,2.262,5.0,35.82,25.391,79.434,2.244,Poor
112.494,162.119,63.659,24.451,3.032,46.994,32.98,28.501,50.921,3.761,Very Poor
25.755,51.191,44.409,30.329,1.434,10.374,23.124,35.498,45.315,5.006,Moderate
78.785,129.219,30.441,18.956,1.867,25.569,39.061,38.763,50.745,4.564,Poor
62.436,92.264,59.994,22.158,1.282,24.736,17.795,25.546,43.661,0.3,Moderate
35.404,50.744,55.04,31.544,1.39,47.432,51.596,34.409,77.545,5.495,Moderate
22.176,20.0,50.045,14.377,1.532,7.169,41.739,37.666,75.243,1.255,Moderate
92.355,197.053,61.948,28.008,2.429,48.546,44.954,30.584,41.978,4.196,Poor
48.483,66.124,27.163,22.021,1.496,21.86,28.213,19.917,94.502,2.581,Moderate
18.069,38.308,65.131,37.653,1.916,54.391,24.22,15.679,88.613,3.871,Moderate
49.984,69.767,16.117,31.15,1.804,27.118,27.148,33.456,37.105,1.943,Moderate
24.961,64.557,44.298,31.992,1.891,43.541,37.304,31.278,46.636,1.683,Moderate
48.644,50.401,19.873,24.836,0.809,54.485,39.763,28.898,50.488,2.736,Moderate
56.495,101.72,31.122,30.719,1.914,38.148,45.468,31.817,51.93,4.403,Poor
58.64,89.465,49.74,35.306,2.082,56.36,44.454,17.352,27.372,3.122,Poor
133.884,191.915,62.471,58.443,3.184,40.928,34.015,36.375,96.0,5.051,Very Poor
24.407,66.884,22.586,30.113,1.366,67.588,39.872,40.549,70.479,1.031,Moderate
22.768,35.887,46.241,33.991,0.947,22.29,47.3,36.055,81.093,2.701,Good
28.47,22.254,66.263,15.98,1.746,28.987,51.202,31.544,73.819,2.073,Moderate
52.484,73.853,61.694,13.46,1.787,69.802,35.121,17.827,51.912,4.553,Moderate
42.384,88.791,53.498,44.189,1.945,38.186,39.958,28.109,41.323,4.04,Moderate
128.387,204.467,41.082,51.627,2.967,22.706,11.271,32.609,56.876,4.147,Very Poor
39.874,37.004,50.005,17.929,1.91,53.318,26.475,30.13,72.228,1.55,Moderate
33.792,56.23,57.56,5.037,0.344,57.083,9.144,25.178,86.562,2.826,Good
60.017,84.647,60.189,22.536,1.275,20.891,26.518,24.821,46.854,3.253,Moderate
57.577,96.841,24.981,32.036,1.191,32.328,20.289,26.821,39.154,0.3,Poor
29.233,27.47,39.72,3.679,2.501,21.831,16.645,24.439,47.711,0.3,Moderate
192.815,208.124,77.556,6.327,3.084,71.418,17.55,20.208,52.758,2.272,Very Poor
65.115,96.78,55.174,21.769,1.62,23.476,30.678,24.396,32.989,1.74,Moderate
136.451,150.722,40.707,25.623,3.054,77.856,21.255,22.018,60.667,1.967,Very Poor
28.284,46.145,59.689,25.082,1.267,34.116,36.793,29.347,75.945,4.202,Moderate
77.734,143.829,32.863,22.667,1.411,5.0,40.888,34.612,66.597,1.516,Poor
48.097,51.982,37.797,35.532,2.134,29.267,37.501,24.814,60.141,3.474,Moderate
15.228,22.889,63.939,22.982,1.524,44.54,2.0,33.069,41.829,3.967,Moderate
160.647,243.873,38.863,30.151,2.6,38.985,8.733,33.927,58.38,3.115,Very Poor
17.019,29.877,41.423,25.445,1.338,70.602,10.182,31.12,52.918,1.105,Moderate
21.742,42.555,31.339,17.59,0.603,43.2,2.914,29.823,46.206,3.598,Good
52.192,83.101,90.312,11.243,1.593,20.492,19.399,33.479,65.024,7.061,Moderate
125.987,143.653,43.882,7.053,2.144,31.167,40.208,32.113,31.342,1.637,Poor
66.308,52.484,58.786,10.741,1.693,34.051,28.76,29.04,66.099,6.108,Moderate
43.963,77.062,50.099,10.821,1.612,17.543,15.683,30.593,78.39,4.329,Moderate
49.434,81.275,45.358,14.216,1.661,24.956,5.101,30.863,82.914,3.45,Moderate
81.91,74.71,48.155,13.405,1.802,18.963,30.195,29.288,73.239,3.209,Moderate
54.302,81.108,39.684,41.677,1.83,32.166,11.279,40.147,84.141,6.13,Moderate
50.648,63.923,69.444,22.322,1.336,12.029,29.433,44.0,67.516,3.842,Moderate
50.83,114.403,35.232,18.975,1.191,41.695,15.385,25.743,37.668,2.84,Moderate
76.173,104.84,39.08,11.925,1.295,41.884,37.615,42.118,55.205,4.326,Poor
88.053,116.34,72.654,22.372,2.677,27.639,25.082,35.796,71.927,7.162,Poor
42.141,61.844,49.556,31.508,1.716,23.358,17.945,35.668,53.05,1.767,Moderate
117.285,201.016,69.749,35.166,2.76,37.839,27.127,39.265,31.591,3.014,Very Poor
26.854,56.493,36.201,2.0,1.445,23.135,33.467,17.146,62.275,2.723,Poor
56.917,76.155,41.289,37.644,1.602,26.378,30.781,25.079,31.422,2.456,Moderate
90.09,117.97,44.282,36.678,1.626,25.744,31.997,26.18,77.475,3.726,Poor
30.26,45.453,55.447,16.866,1.647,18.961,26.899,23.087,46.929,4.387,Moderate
102.032,172.041,34.807,26.894,1.563,50.588,14.778,18.947,81.138,3.737,Poor
87.159,122.185,43.097,25.216,2.145,25.205,6.434,28.419,76.047,4.154,Poor
32.754,58.163,41.078,23.717,1.435,62.485,31.801,27.933,46.116,2.917,Moderate
65.032,92.095,59.596,21.283,2.217,37.909,28.399,27.676,59.44,4.56,Poor
52.599,66.043,40.043,21.381,0.539,27.719,21.349,29.573,22.678,0.426,Moderate
62.494,100.91,20.71,21.063,1.683,13.5,36.269,26.283,60.434,1.803,Moderate
41.918,82.169,28.237,36.336,1.757,65.285,17.773,20.852,59.028,3.117,Moderate
13.628,40.345,40.018,28.635,2.167,22.513,29.012,21.565,66.769,3.689,Moderate
109.476,176.352,66.651,39.127,2.282,33.834,33.62,30.853,41.63,3.344,Very Poor
78.775,173.9,65.706,24.636,1.874,41.508,37.241,30.422,68.188,0.582,Poor
126.045,201.583,44.45,38.834,2.454,28.298,24.212,37.101,62.894,5.693,Very Poor
62.742,70.061,34.987,11.694,1.782,39.243,41.171,26.2,42.273,5.046,Moderate
142.441,230.509,80.02,33.284,2.713,16.147,37.22,26.318,64.083,1.506,Very Poor
122.016,170.427,60.036,22.46,2.946,59.683,39.271,37.796,85.5,3.43,Very Poor
36.579,34.415,46.63,31.719,1.695,18.132,20.634,29.889,46.805,2.153,Moderate
40.215,64.34,48.137,13.803,2.231,24.315,17.177,38.722,73.823,1.663,Moderate
45.291,44.839,58.375,29.74,0.231,49.413,34.646,24.551,51.767,2.336,Moderate
51.267,58.501,6.0,14.41,1.249,22.263,19.503,28.602,61.089,3.62,Moderate
105.555,158.337,50.076,46.273,2.387,33.616,22.464,30.438,46.472,5.57,Poor
145.447,185.408,18.01,9.59,1.941,30.552,24.174,17.062,63.264,1.079,Severe
34.699,60.738,25.298,23.048,1.559,42.373,11.399,37.565,36.118,3.279,Moderate
44.34,53.546,62.754,14.69,0.764,51.11,20.329,30.833,40.149,1.389,Moderate
36.683,73.294,36.369,12.307,1.582,42.495,2.0,24.954,48.514,2.599,Moderate
50.625,69.667,56.099,11.034,1.891,41.799,20.552,26.005,41.296,6.469,Moderate
76.35,85.907,52.225,26.063,1.16,23.331,25.416,31.674,48.94,6.035,Moderate
160.441,206.579,48.042,36.065,2.803,32.219,59.451,28.464,53.397,4.753,Very Poor
19.476,62.584,35.121,31.934,1.337,28.873,33.184,41.668,73.511,0.696,Moderate
110.087,150.97,61.403,13.053,2.936,25.145,39.515,29.522,60.987,3.252,Very Poor
71.351,88.668,42.683,24.467,1.462,25.424,22.819,34.593,56.648,1.929,Moderate
31.279,30.767,43.282,20.974,0.777,17.73,43.674,31.348,62.453,4.714,Good
62.736,101.111,22.646,19.492,1.778,14.899,14.11,29.973,74.275,2.94,Moderate
68.878,82.389,25.243,28.197,1.663,18.546,53.864,17.454,68.664,2.917,Moderate
27.11,45.317,6.0,29.782,2.253,26.272,41.787,27.375,88.58,2.5,Moderate
63.914,57.884,31.213,2.77,0.68,8.007,19.492,27.178,84.163,2.65,Moderate
48.099,81.817,47.39,13.156,0.861,52.853,27.009,36.048,52.582,2.262,Moderate
55.647,82.652,17.72,13.794,1.851,37.341,27.676,20.067,57.425,1.708,Moderate
137.84,172.466,80.512,11.328,1.93,8.086,27.254,26.551,47.507,3.53,Very Poor
23.602,21.795,35.601,22.209,1.72,50.208,29.728,25.297,36.916,5.539,Good
13.751,45.577,46.988,28.965,1.323,25.641,24.709,28.137,41.04,4.742,Moderate
43.246,79.567,64.617,42.317,1.296,53.588,27.071,28.107,84.972,1.633,Moderate
15.774,48.392,47.711,26.922,0.991,18.138,10.146,34.329,55.998,4.22,Good
73.408,112.301,66.311,18.366,2.059,49.908,39.51,19.08,50.599,2.775,Poor
41.711,74.059,58.41,15.328,1.908,50.271,32.989,37.366,71.283,3.219,Moderate
86.165,85.418,60.819,18.515,2.164,52.075,42.796,23.971,47.463,6.915,Poor
35.393,77.193,32.895,21.058,1.943,52.258,30.464,32.346,25.438,3.211,Good
28.409,56.376,57.334,19.219,1.316,37.715,37.741,25.314,62.416,3.427,Moderate
73.134,122.78,40.725,16.365,1.297,32.629,41.049,39.409,78.451,2.826,Poor
66.678,127.92,43.567,31.593,2.848,30.775,43.451,26.797,38.013,2.24,Poor
51.957,79.697,56.513,15.01,2.285,43.145,12.974,18.759,83.877,1.708,Moderate
85.343,126.443,38.929,19.107,2.232,8.102,54.125,18.758,84.681,3.665,Poor
56.957,95.344,58.67,33.961,1.841,35.736,37.351,25.547,33.952,4.204,Moderate
79.15,94.432,44.414,28.539,2.42,36.86,31.144,21.636,23.488,1.983,Poor
22.223,53.157,30.803,19.808,1.468,36.205,46.354,27.215,34.216,3.631,Moderate
81.185,100.911,45.525,26.279,1.162,37.509,40.57,26.742,41.687,1.927,Moderate
20.832,40.908,36.247,35.569,1.675,14.321,37.733,29.36,36.996,1.741,Moderate
79.729,117.561,77.322,46.73,2.263,54.702,43.433,26.806,80.417,2.202,Poor
108.678,160.218,61.472,27.339,2.397,39.785,32.981,39.243,72.124,3.59,Very Poor
42.605,64.102,23.788,32.767,1.507,38.522,19.144,36.084,57.316,1.056,Moderate
57.799,88.45,27.361,20.497,1.429,39.781,28.803,27.845,70.686,4.125,Moderate
180.699,301.418,93.261,49.928,2.678,32.848,57.683,25.185,62.096,5.967,Very Poor
64.765,76.684,63.065,35.914,1.587,8.126,19.042,31.271,65.636,4.677,Moderate
38.325,28.846,48.309,31.705,1.243,45.163,34.027,31.898,47.479,4.815,Moderate
11.369,34.733,37.982,26.345,1.187,46.4,9.087,30.782,43.817,1.713,Good
29.692,40.836,30.108,15.066,1.422,39.494,60.852,17.174,56.805,4.107,Moderate
55.724,113.23,81.65,40.811,1.862,52.297,32.726,23.694,51.995,1.68,Poor
113.069,147.059,73.584,28.195,2.25,42.225,35.097,34.86,66.386,3.317,Poor
60.359,67.821,37.611,17.484,2.452,40.047,34.258,30.023,61.976,3.327,Poor
42.766,58.245,63.817,30.382,1.477,43.725,34.676,31.485,96.0,4.984,Poor
55.346,139.302,47.447,31.007,2.056,28.241,46.397,25.759,95.278,2.152,Poor
52.76,98.706,40.121,39.513,2.083,9.153,29.769,36.919,60.823,1.049,Poor
125.685,153.325,27.383,13.529,2.002,12.888,40.404,20.755,67.177,3.952,Poor
42.87,37.55,39.802,37.034,0.776,67.003,48.721,39.251,48.767,3.263,Moderate
9.342,23.759,29.111,2.0,1.069,23.379,16.227,29.322,52.402,2.344,Good
55.225,76.283,43.176,23.475,2.254,12.099,21.434,32.025,54.299,3.092,Poor
59.442,80.405,43.97,19.798,1.747,33.18,20.54,25.24,61.446,3.742,Poor
19.681,20.0,38.913,2.844,1.466,43.789,14.598,27.69,76.598,5.257,Good
144.174,150.142,47.087,43.042,2.468,53.341,9.144,29.469,44.983,3.75,Severe
54.806,65.281,68.121,5.409,1.716,15.772,49.538,34.396,44.515,4.665,Moderate
40.337,67.673,24.29,31.63,2.405,20.361,66.836,38.483,67.382,2.214,Poor
102.683,139.073,49.923,24.764,2.442,29.473,38.356,35.359,44.399,3.556,Poor
20.65,29.618,50.239,16.911,1.792,48.743,24.94,39.122,44.481,3.856,Moderate
43.671,29.785,82.035,23.726,2.119,45.818,5.756,26.547,54.294,1.602,Moderate
26.959,45.533,17.939,43.216,1.523,49.979,36.833,38.871,37.185,1.74,Moderate
26.452,20.0,17.435,26.22,1.485,48.876,45.989,29.216,43.017,3.668,Good
45.513,84.003,42.012,32.605,1.64,39.92,22.597,33.807,65.825,2.271,Moderate
80.147,90.7,61.651,20.297,2.136,43.32,24.147,25.502,80.602,2.127,Poor
47.063,89.648,11.774,36.059,1.93,36.917,17.856,25.165,73.352,0.505,Moderate
94.729,119.773,39.234,31.839,2.526,25.854,14.6,38.294,75.002,0.3,Poor
89.51,136.817,40.717,39.184,1.914,27.02,31.794,39.803,51.673,4.305,Poor
27.844,38.967,27.521,15.95,1.665,19.788,23.251,33.342,26.703,3.912,Good
55.714,85.266,36.105,37.793,2.092,18.152,56.159,39.167,74.818,3.024,Poor
55.286,89.05,74.308,19.638,2.226,43.217,28.207,32.646,96.0,4.847,Poor
70.838,97.07,44.741,29.62,2.346,56.448,37.246,34.125,38.014,1.696,Poor
55.852,97.707,30.861,26.906,1.447,5.585,22.912,30.246,90.714,2.791,Moderate
35.809,46.316,30.759,19.6,1.523,44.395,37.483,18.961,33.129,2.719,Good
44.371,61.668,52.831,20.875,2.079,47.815,19.681,22.911,62.097,1.116,Good
46.19,57.947,68.228,33.789,1.311,39.242,26.956,30.812,46.175,6.851,Moderate
14.736,21.865,17.29,25.221,0.595,27.348,32.371,29.837,18.0,3.538,Good
26.216,24.009,6.0,11.49,1.686,13.904,24.681,25.962,64.494,5.651,Moderate
49.441,86.628,39.476,21.999,2.454,27.102,16.453,40.478,49.366,2.842,Moderate
52.195,69.863,53.962,30.411,1.343,29.421,11.841,34.872,65.88,2.464,Moderate
25.455,45.539,33.713,30.601,1.668,14.106,33.592,24.94,43.967,0.3,Moderate
25.848,43.956,48.546,11.311,1.127,29.202,19.274,15.177,78.103,4.433,Moderate
26.087,20.0,45.031,13.75,1.267,43.352,4.834,19.462,89.213,2.515,Moderate
72.912,108.819,38.333,50.54,1.613,36.534,20.735,19.157,64.088,5.265,Poor
121.661,175.132,61.085,11.649,1.819,47.903,40.292,29.82,62.384,2.92,Poor
54.589,97.097,43.997,35.195,1.457,57.84,40.562,39.19,66.52,1.314,Moderate
12.126,35.714,62.445,33.473,2.481,17.807,19.742,29.477,65.361,2.923,Moderate
28.938,73.576,76.478,14.015,2.185,56.05,33.702,20.538,75.027,1.295,Moderate
26.329,64.734,53.909,9.083,1.87,7.442,32.711,27.094,64.571,2.013,Moderate
35.85,47.378,45.217,3.774,1.807,24.408,21.442,34.916,52.33,2.237,Moderate
43.573,67.657,53.684,28.711,1.371,19.627,49.682,30.122,70.992,5.31,Moderate
36.692,65.195,66.929,14.705,1.502,37.502,51.492,23.61,64.608,2.372,Moderate
46.231,91.709,66.868,8.813,2.476,25.734,22.083,32.449,26.606,4.687,Moderate
49.903,73.474,54.777,25.708,1.853,19.383,32.273,21.085,69.955,2.046,Moderate
26.025,48.656,77.774,22.184,0.879,29.048,42.589,24.545,18.178,3.668,Good
88.848,115.049,31.857,9.475,2.199,19.39,39.486,24.918,42.819,1.484,Poor
53.772,53.475,41.251,32.767,1.659,52.364,22.419,22.924,75.584,7.152,Moderate
67.062,102.89,62.907,16.441,1.732,43.535,29.313,18.839,56.964,1.371,Moderate
15.228,20.0,61.004,30.619,1.495,64.001,24.28,40.378,66.237,2.43,Good
119.836,186.739,91.544,46.68,2.745,39.26,20.37,44.0,63.565,1.455,Very Poor
57.32,69.954,33.553,26.783,1.129,52.478,40.072,26.4,39.716,5.931,Moderate
33.134,45.779,46.949,17.588,1.607,49.067,27.42,31.816,72.464,3.696,Moderate
22.714,30.535,31.578,17.592,0.556,48.261,14.812,19.674,42.588,3.977,Good
18.772,39.506,15.532,23.012,1.827,18.701,21.323,17.366,31.891,6.594,Good
31.292,55.008,81.621,24.427,1.6,30.923,23.356,31.166,26.907,1.62,Moderate
38.511,67.279,68.674,28.822,2.197,5.0,29.548,28.397,61.722,4.33,Moderate
66.993,90.944,49.692,23.155,1.872,67.632,36.315,36.375,56.355,3.82,Moderate
31.313,64.784,17.671,25.237,2.072,18.559,46.757,35.021,86.001,2.673,Moderate
29.739,55.516,54.084,20.224,1.733,39.372,5.335,25.683,61.745,5.795,Moderate
53.693,78.98,48.877,22.926,1.886,23.939,34.01,41.26,66.974,4.549,Moderate
72.957,103.558,43.742,27.212,2.198,40.195,43.286,31.306,80.424,3.437,Poor
46.442,66.619,35.301,31.146,1.698,35.181,19.357,25.815,90.011,1.857,Moderate
21.389,49.754,41.382,23.825,1.08,60.278,15.918,20.813,72.08,3.719,Moderate
65.274,115.04,43.141,43.074,2.722,25.986,30.557,26.937,87.569,4.593,Poor
15.185,27.483,68.551,24.578,1.046,41.769,26.288,33.396,80.124,3.764,Good
54.497,103.043,53.949,33.916,1.527,28.314,38.423,32.696,35.866,3.462,Moderate
19.675,29.313,73.814,19.953,1.844,45.566,20.932,30.971,50.306,3.716,Moderate
28.896,34.89,54.296,39.889,1.276,54.699,34.394,29.651,57.136,3.215,Moderate
96.399,170.501,58.509,28.178,2.099,24.22,32.131,22.037,33.205,4.398,Poor
38.162,58.362,36.533,12.198,1.827,30.362,24.042,12.737,76.9,4.504,Moderate
17.71,20.0,12.45,20.531,1.326,59.007,27.707,23.19,61.156,3.455,Moderate
43.674,63.073,59.448,31.4,1.01,31.896,31.914,28.478,65.853,2.637,Moderate
67.873,59.147,27.624,23.364,2.428,27.391,15.165,33.425,62.393,2.187,Poor
50.323,62.139,23.094,21.221,1.416,54.291,28.066,35.648,52.214,1.637,Moderate
78.433,62.385,29.387,22.869,2.103,33.793,26.715,22.171,59.543,4.651,Poor
88.161,151.829,29.764,39.267,2.342,27.792,42.468,35.009,59.87,5.867,Poor
116.647,155.065,44.605,31.357,2.431,21.673,33.672,16.768,64.498,1.41,Poor
19.74,20.0,47.32,11.439,1.858,13.095,23.571,43.127,31.889,1.626,Moderate
25.636,35.271,6.759,17.719,1.237,46.36,40.214,28.2,20.045,0.856,Moderate
79.034,95.903,63.975,16.941,1.203,33.106,30.131,32.434,52.095,1.578,Moderate
61.543,87.117,46.267,21.625,1.146,34.921,27.681,31.714,73.735,3.628,Moderate
30.985,77.47,54.752,20.963,0.794,30.498,29.2,36.942,72.969,1.166,Moderate
44.191,79.663,48.295,29.336,1.53,44.872,45.224,22.847,39.422,4.718,Moderate
112.897,175.261,41.386,26.604,2.66,57.319,39.876,28.852,41.303,1.491,Very Poor
35.02,68.94,19.721,27.932,1.608,38.343,33.121,29.476,44.378,3.825,Moderate
45.03,73.741,56.185,23.001,1.989,38.387,23.927,31.765,32.597,2.514,Moderate
49.162,67.223,29.144,17.675,1.903,10.858,31.486,26.145,53.058,2.9,Moderate
74.961,105.05,67.569,26.809,2.195,16.511,31.79,35.209,71.911,7.709,Poor
68.586,89.528,25.021,34.007,1.819,32.184,35.061,23.721,42.616,1.867,Poor
62.128,78.552,39.07,21.817,1.851,53.441,15.244,17.422,77.145,1.084,Moderate
19.743,32.613,65.454,43.23,0.845,64.135,36.037,35.311,71.744,4.494,Poor
39.964,84.271,51.978,12.187,1.83,32.015,27.245,41.064,55.609,2.327,Moderate
38.911,71.718,15.798,24.059,1.609,17.429,36.349,31.765,65.369,3.001,Poor
38.988,47.041,32.634,9.753,2.338,42.339,24.082,27.592,55.764,2.331,Moderate
41.929,82.819,56.841,39.412,0.904,25.792,2.0,35.115,52.485,1.3,Moderate
89.851,172.675,26.353,32.341,2.19,22.347,39.077,18.785,43.995,4.168,Poor
79.537,67.202,50.518,28.982,2.001,15.021,28.742,32.467,58.636,4.144,Moderate
32.833,28.735,69.138,17.772,1.965,24.42,24.043,31.811,82.131,3.218,Moderate
21.791,57.752,36.879,2.845,1.16,25.768,48.582,23.374,50.075,4.062,Moderate
54.44,68.906,49.97,5.547,1.706,57.477,50.771,23.03,24.242,0.716,Moderate
40.525,106.918,56.599,42.299,1.096,14.09,42.539,19.266,43.795,2.433,Poor
59.46,104.54,45.29,32.583,1.73,20.504,43.525,32.694,70.12,0.3,Moderate
111.825,157.556,26.586,18.816,2.033,28.889,32.872,20.157,80.105,3.759,Poor
109.282,124.214,42.501,14.689,2.241,29.866,28.28,24.914,52.65,0.3,Poor
11.903,20.55,13.762,39.354,1.138,90.383,31.114,30.48,43.634,3.478,Good
72.953,155.721,35.602,30.738,1.562,34.215,37.949,18.039,57.575,5.073,Poor
58.674,64.6,53.933,30.135,2.181,41.158,18.581,33.117,48.951,4.757,Poor
18.985,25.013,54.14,30.08,1.563,34.086,30.854,40.265,69.995,1.179,Good
47.126,97.33,48.331,12.906,2.288,30.949,33.148,35.168,52.344,1.511,Poor
35.689,44.363,57.256,20.21,1.786,50.572,43.84,36.123,72.256,2.776,Moderate
98.075,158.148,42.478,33.35,2.513,5.0,29.715,35.499,77.328,5.004,Poor
29.325,91.798,63.553,23.702,0.709,46.96,42.775,26.403,75.781,2.422,Moderate
93.37,121.347,54.438,22.259,2.076,38.819,18.776,26.479,84.846,2.431,Poor
56.327,64.209,55.378,31.088,0.738,23.515,26.876,28.66,63.555,2.467,Moderate
82.867,66.828,16.268,40.313,1.892,54.247,43.304,29.306,52.27,2.033,Poor
101.573,196.24,11.825,28.906,2.671,37.105,48.12,29.947,52.375,3.239,Poor
151.651,169.811,42.62,26.183,2.855,49.32,38.593,32.986,46.825,3.178,Very Poor
34.979,49.55,79.58,46.428,1.102,68.974,31.864,34.881,56.223,5.609,Moderate
31.072,26.98,72.761,21.477,1.266,48.494,29.602,16.561,59.245,2.463,Moderate
60.043,89.945,33.87,37.659,1.702,41.863,37.836,28.68,68.254,5.599,Moderate
30.087,55.023,59.392,13.517,1.594,28.999,31.811,25.669,72.145,3.056,Moderate
81.588,113.367,48.908,27.839,1.719,39.357,31.052,28.347,68.364,4.121,Poor
65.969,98.433,43.421,7.288,1.121,34.253,46.91,33.727,48.816,2.894,Moderate
105.367,103.704,32.32,23.73,1.973,84.838,56.823,41.669,43.782,4.194,Poor
78.482,107.992,42.621,37.71,2.028,13.577,36.445,25.892,43.821,2.873,Poor
75.686,88.518,30.415,31.087,2.815,45.629,17.398,29.442,57.027,3.209,Poor
40.844,65.445,45.491,32.85,1.477,22.927,30.47,24.62,48.887,0.3,Moderate
34.025,46.614,17.188,22.558,2.189,35.718,23.482,17.921,45.769,3.925,Moderate
28.576,20.568,56.403,35.72,2.294,38.18,45.596,32.115,96.0,5.777,Moderate
64.893,113.089,80.506,28.861,2.201,32.099,11.279,20.017,40.717,0.824,Poor
72.12,134.773,26.898,27.254,2.082,21.423,11.487,28.193,61.049,3.322,Poor
102.071,131.432,48.534,35.568,1.784,32.943,41.692,32.264,68.809,2.842,Poor
71.046,67.967,43.557,21.956,1.906,47.943,25.099,27.38,62.176,3.337,Moderate
75.286,108.167,46.901,23.966,2.061,58.653,27.972,17.918,96.0,6.295,Poor
23.213,38.418,44.278,8.106,1.874,30.807,69.077,19.247,63.07,5.051,Moderate
29.582,56.471,64.145,11.362,2.363,46.028,47.042,29.228,57.898,2.049,Moderate
30.388,29.565,59.9,26.284,1.387,47.203,33.832,27.163,78.406,5.512,Moderate
81.029,139.929,48.941,11.195,2.397,21.867,53.198,15.034,60.591,6.764,Poor
23.888,27.025,80.891,41.729,1.586,51.888,17.572,32.114,32.482,0.3,Good
83.649,123.449,69.912,28.769,1.497,42.901,3.501,38.461,70.705,1.624,Poor
29.173,31.504,64.068,39.863,1.599,44.571,41.619,23.842,72.607,4.888,Moderate
59.213,53.427,62.518,12.402,1.711,34.618,37.321,28.201,51.047,4.426,Moderate
47.061,73.141,71.813,23.792,1.681,38.239,16.749,32.387,82.576,6.091,Moderate
125.128,236.216,53.297,30.328,1.718,38.987,53.404,25.469,46.607,6.073,Very Poor
64.305,102.193,13.779,18.146,1.501,49.191,39.133,27.553,66.851,3.2,Poor
64.406,111.848,83.666,40.767,1.247,37.288,50.49,31.103,71.405,3.645,Moderate
50.014,78.773,61.757,27.517,1.569,19.276,34.802,32.435,58.647,2.457,Moderate
49.112,78.373,48.749,15.692,1.919,5.766,25.861,44.0,46.068,2.952,Poor
70.732,75.476,37.017,24.554,1.336,45.927,39.31,25.173,56.624,0.3,Moderate
74.052,108.668,53.049,32.236,1.969,37.534,22.851,31.32,18.0,5.39,Moderate
59.017,107.44,81.457,21.816,1.559,45.132,50.221,14.859,18.0,1.525,Moderate
78.269,131.916,61.785,28.887,2.266,39.577,36.062,31.539,57.99,0.833,Poor
55.269,79.16,62.159,10.848,2.53,27.726,36.287,27.67,84.271,5.103,Poor
60.4,64.792,38.928,26.752,0.733,32.961,3.815,32.834,68.665,3.43,Moderate
97.299,110.763,49.864,7.255,1.547,50.706,40.734,39.999,20.061,3.045,Poor
61.257,86.874,38.381,26.331,1.827,9.117,15.093,35.752,59.536,3.135,Moderate
70.491,103.809,26.119,32.518,1.871,64.894,30.542,30.684,24.159,3.933,Poor
29.211,55.187,42.364,37.445,1.442,25.239,34.618,36.514,51.589,6.47,Good
164.375,250.047,74.755,53.815,2.896,32.885,26.995,21.282,49.242,6.149,Very Poor
106.282,91.717,51.205,11.878,1.214,8.719,56.424,34.939,88.085,3.714,Poor
49.94,62.057,54.003,4.125,1.387,22.042,23.994,15.454,65.95,4.697,Moderate
56.654,73.045,51.872,13.316,2.325,49.336,29.353,33.663,35.801,3.528,Moderate
79.12,82.474,69.288,48.844,2.833,50.692,48.984,31.614,63.274,4.485,Poor
42.011,101.754,27.808,19.641,1.933,37.535,37.638,30.784,70.957,3.167,Moderate
24.631,68.319,47.369,10.812,0.964,36.37,30.147,23.852,66.059,2.207,Good
43.243,57.937,65.648,17.554,1.95,23.885,38.056,24.622,89.008,4.557,Moderate
71.572,135.52,31.919,20.232,2.048,31.601,39.685,26.6,30.278,1.196,Poor
76.664,81.332,58.62,18.071,1.977,56.181,12.01,36.637,82.961,3.532,Poor
62.231,79.156,55.303,38.765,1.42,32.544,30.012,30.305,60.802,0.363,Moderate
130.928,218.562,48.385,25.323,2.697,29.153,34.351,30.216,48.647,0.3,Very Poor
35.635,53.923,6.639,9.162,1.421,53.322,17.856,33.322,43.809,5.852,Moderate
77.014,92.224,80.34,28.69,1.815,44.072,38.724,37.036,96.0,3.085,Poor
50.571,83.697,56.405,25.373,2.266,47.468,30.085,30.675,96.0,4.144,Moderate
72.461,80.729,40.12,29.072,2.083,9.787,27.563,44.0,84.293,4.211,Poor
128.363,165.622,63.367,30.164,2.138,36.329,57.83,34.512,78.318,2.223,Very Poor
51.199,107.182,56.996,21.765,1.263,33.696,21.408,28.524,75.404,4.401,Moderate
64.855,78.217,35.861,32.81,1.446,23.422,33.703,21.681,61.158,2.906,Moderate
103.263,86.219,74.751,11.837,2.49,50.602,26.885,42.825,61.415,3.404,Very Poor
30.329,57.714,28.768,14.059,1.409,20.084,13.514,23.618,39.783,2.185,Good
42.824,88.409,50.69,9.479,2.278,32.561,39.361,25.341,37.852,4.311,Moderate
33.444,70.933,53.484,25.329,1.269,32.727,27.815,30.064,73.085,3.616,Moderate
12.788,20.0,51.361,30.506,0.913,20.416,36.851,12.0,71.84,3.917,Good
114.353,163.248,56.448,30.445,2.004,34.613,35.499,23.003,50.57,2.891,Poor
93.802,124.06,66.681,19.014,1.384,48.235,31.848,32.349,51.781,2.753,Poor
18.373,44.068,6.0,21.063,1.841,15.778,21.74,39.274,89.496,8.543,Moderate
38.418,55.198,60.247,36.696,0.725,20.204,24.973,19.991,33.79,3.164,Good
12.521,20.0,33.976,17.465,1.77,29.892,34.138,42.627,44.465,1.405,Moderate
53.264,88.707,15.973,11.056,1.529,16.852,24.151,27.917,46.749,2.244,Moderate
80.978,137.437,47.601,49.213,1.905,30.371,18.422,27.695,57.624,1.659,Poor
66.568,82.201,57.866,21.671,1.366,41.243,41.073,17.151,59.881,2.017,Moderate
126.009,183.473,60.614,47.921,2.264,38.962,21.305,31.27,43.912,4.971,Poor
55.984,87.615,31.781,35.082,1.51,24.972,18.213,23.881,39.834,4.194,Moderate
54.892,87.205,61.123,24.645,1.507,42.852,29.047,22.127,62.461,5.368,Moderate
59.467,44.523,59.537,9.085,0.99,9.798,32.138,20.797,50.775,3.046,Moderate
130.263,174.685,56.733,17.619,2.692,5.0,16.91,27.909,18.0,3.302,Poor
129.451,210.618,59.643,35.123,2.552,41.3,25.617,36.531,45.366,0.406,Very Poor
54.509,83.577,56.458,13.239,2.283,22.395,15.422,21.606,82.164,1.769,Moderate
62.314,110.446,57.313,30.815,1.766,34.07,19.527,28.339,29.929,3.89,Poor
74.341,145.267,30.894,48.727,1.301,18.872,68.958,32.317,66.969,0.3,Moderate
47.131,61.309,91.358,2.179,1.787,17.257,41.622,22.955,82.075,2.671,Moderate
11.335,20.0,35.003,22.199,2.02,55.783,32.25,28.876,34.7,2.701,Moderate
43.092,42.254,18.523,18.388,1.732,29.526,7.949,27.645,74.949,2.598,Moderate
68.213,96.008,58.004,2.666,1.252,47.462,33.733,28.698,53.907,3.023,Moderate
50.797,95.08,74.268,20.647,2.232,36.18,39.471,21.721,88.63,2.156,Poor
49.897,70.682,40.095,27.643,1.761,59.838,42.42,29.614,77.586,2.743,Moderate
71.111,116.346,19.552,25.017,1.374,27.418,38.23,27.095,81.04,0.3,Moderate
46.426,90.38,26.279,23.65,1.638,50.852,34.608,23.711,73.511,2.773,Moderate
27.136,48.486,36.922,31.11,2.049,20.233,32.1,28.73,89.127,0.3,Moderate
18.331,20.0,52.483,35.345,1.419,44.104,11.468,21.245,63.03,2.819,Moderate
26.872,49.107,9.815,14.562,1.04,44.503,17.338,41.439,71.418,2.423,Good
52.519,102.625,40.988,12.982,1.249,43.565,48.258,20.736,31.885,2.326,Moderate
37.289,43.592,17.111,23.194,1.15,38.908,41.923,22.324,66.19,1.842,Good
63.639,113.875,43.208,30.907,2.1,40.853,38.4,44.0,46.719,1.911,Poor
57.974,84.719,52.944,14.889,1.926,43.11,41.838,18.809,56.679,2.21,Poor
101.809,142.442,46.873,35.257,3.01,38.728,52.705,32.213,67.304,4.128,Poor
37.29,59.936,44.561,29.921,1.047,48.832,35.187,15.879,66.252,0.43,Moderate
31.863,61.442,28.176,39.497,1.479,32.907,30.023,24.36,58.003,4.982,Moderate
60.027,92.797,53.791,16.023,1.932,9.947,17.41,31.92,70.494,5.35,Moderate
116.975,191.991,48.949,14.988,2.143,25.384,40.738,31.283,88.285,1.479,Poor
59.736,105.542,55.575,14.942,1.945,31.508,30.316,20.625,65.41,4.42,Moderate
41.463,74.964,43.588,16.55,1.122,49.158,25.215,30.216,58.965,4.316,Moderate
26.044,27.589,81.055,26.493,1.052,49.273,37.147,20.391,72.608,1.807,Moderate
57.582,115.354,38.145,36.434,1.913,25.972,26.035,29.674,47.857,1.458,Poor
30.114,60.608,27.905,8.462,1.247,28.679,18.338,36.994,53.402,1.972,Moderate
91.835,154.676,46.156,20.854,1.965,24.965,27.605,30.065,50.393,3.685,Poor
154.619,130.598,78.659,21.263,2.509,14.15,39.322,32.082,68.941,3.454,Very Poor
65.384,96.117,42.464,17.707,1.912,22.585,11.481,37.189,54.358,3.94,Poor
101.05,95.178,33.864,22.155,2.598,37.674,35.846,29.762,52.205,4.466,Poor
20.396,37.943,21.793,29.468,1.808,37.123,11.224,22.286,58.348,0.3,Moderate
74.67,67.815,13.643,29.526,1.706,37.381,34.594,21.432,70.693,1.013,Moderate
36.825,57.573,42.675,28.856,2.101,20.207,25.437,24.561,93.347,1.831,Moderate
57.833,103.655,51.402,24.699,1.91,22.591,38.003,28.625,44.591,4.655,Moderate
30.221,27.227,46.987,21.218,1.845,34.108,18.118,24.824,20.475,5.111,Moderate
83.4,106.309,35.697,39.383,2.235,36.797,8.155,16.052,61.381,3.941,Poor
54.385,75.584,47.312,23.207,1.838,53.445,28.124,21.966,67.14,5.468,Moderate
67.679,127.506,66.847,46.904,2.531,42.866,30.979,28.377,60.348,3.088,Poor
98.303,161.988,34.554,20.388,2.123,34.274,28.843,30.713,36.359,1.292,Poor
100.18,163.617,43.474,14.986,2.09,42.044,39.297,26.177,69.991,4.332,Poor
69.242,80.32,70.769,25.168,1.848,21.535,41.354,34.479,27.833,5.447,Moderate
59.897,86.255,57.716,28.031,2.329,29.286,36.05,31.321,71.648,2.924,Moderate
54.257,78.29,44.202,28.53,1.322,22.391,31.403,33.75,37.118,0.534,Moderate
103.417,145.519,86.791,20.923,2.684,10.729,40.946,30.05,37.958,0.771,Very Poor
139.363,109.198,47.933,17.648,2.42,37.044,35.767,41.41,71.39,0.3,Very Poor
110.41,137.637,6.756,20.968,1.691,61.404,14.164,22.071,94.194,3.477,Poor
72.344,88.349,40.001,38.855,1.918,57.105,39.299,32.616,24.37,3.215,Poor
63.273,92.18,19.697,9.477,2.041,40.229,34.044,33.919,36.365,3.165,Poor
74.936,133.529,31.73,21.56,1.654,36.471,18.567,36.78,19.275,3.745,Poor
54.687,67.564,22.503,14.36,1.062,50.799,43.507,19.452,52.65,5.49,Moderate
91.184,151.547,46.213,13.422,2.655,17.732,31.886,18.318,81.391,0.3,Poor
59.726,80.153,38.001,19.275,1.932,13.309,32.871,35.981,48.024,2.547,Moderate
85.368,136.64,84.687,27.346,1.329,62.471,50.484,23.613,42.034,3.823,Poor
81.181,130.548,33.648,15.616,2.16,6.325,27.558,34.129,60.853,1.855,Poor
26.13,43.933,67.508,39.552,1.399,41.999,37.692,31.049,61.296,5.184,Good
46.898,62.245,66.733,30.851,1.05,42.579,37.834,22.287,40.309,3.33,Moderate
39.699,76.904,6.957,21.313,2.105,26.855,12.848,30.023,67.235,2.84,Moderate
12.585,36.201,42.89,23.896,1.094,31.771,43.017,37.336,56.219,3.773,Moderate
17.396,27.671,68.103,25.615,1.211,47.033,17.938,28.994,56.718,3.722,Moderate
26.775,59.5,47.489,19.139,1.716,5.0,46.491,26.923,61.665,0.535,Moderate
81.841,108.173,49.57,38.295,2.21,55.16,19.122,18.524,34.274,2.918,Moderate
84.619,176.546,57.706,25.602,2.464,31.048,24.908,30.328,64.872,1.142,Poor
23.932,34.196,66.347,14.2,1.579,39.401,31.865,44.0,41.8,1.392,Moderate
102.935,115.158,46.288,41.18,2.539,55.773,25.383,26.503,49.625,2.957,Poor
97.607,133.535,56.276,20.155,2.524,26.115,18.879,24.693,51.888,4.808,Poor
143.897,161.826,45.998,46.046,2.211,40.967,16.912,25.834,96.0,2.329,Very Poor
48.879,85.286,28.521,10.113,1.474,17.757,39.142,27.237,45.454,0.3,Moderate
35.329,53.951,63.816,18.5,1.896,51.543,37.99,29.704,47.713,3.39,Moderate
63.635,89.933,69.594,21.001,1.803,25.184,28.657,20.741,58.525,1.271,Moderate
82.792,106.241,67.253,6.842,2.239,38.351,37.292,35.148,64.007,1.374,Poor
166.781,222.057,48.767,37.739,2.123,5.0,40.596,36.131,47.445,3.007,Very Poor
29.686,46.613,56.763,6.974,2.136,24.243,30.469,21.458,85.563,3.177,Moderate
51.108,44.196,32.393,34.035,1.317,17.485,25.972,35.301,51.791,0.3,Moderate
36.902,67.147,30.55,14.344,1.545,29.404,53.142,30.279,58.752,0.819,Moderate
30.003,41.028,47.153,18.649,1.466,33.407,26.085,30.824,46.182,1.24,Moderate
28.891,21.403,49.551,8.004,1.203,18.759,12.825,19.297,70.667,4.761,Good
45.573,63.785,36.33,9.724,1.781,22.683,27.033,26.517,58.841,2.238,Moderate
105.715,124.057,22.836,38.504,1.905,25.486,20.65,23.178,85.438,2.322,Poor
111.268,110.567,54.764,32.042,2.329,32.586,10.146,27.019,26.555,3.262,Poor
83.76,113.46,43.511,25.032,2.778,25.118,16.265,44.0,55.225,4.507,Poor
87.169,139.715,41.956,16.626,1.615,38.667,15.381,29.918,47.453,3.568,Poor
78.807,135.173,30.296,30.753,2.032,47.774,34.929,21.603,47.528,4.836,Poor
41.495,54.953,25.79,9.804,1.201,41.372,31.463,23.17,61.942,0.834,Good
47.172,85.946,69.339,37.429,2.386,51.448,34.283,32.909,45.119,2.832,Moderate
17.495,20.417,27.004,28.736,1.576,34.954,22.839,28.258,23.928,0.3,Moderate
30.311,45.835,25.351,16.724,2.808,8.391,25.782,31.885,64.154,8.117,Moderate
30.354,54.474,39.447,23.31,1.314,56.462,53.701,17.362,70.559,4.207,Poor
90.885,121.186,62.07,20.241,1.588,22.719,23.361,27.453,49.066,2.089,Poor
95.388,101.296,53.336,37.444,2.685,43.479,35.169,27.281,51.247,2.949,Poor
52.046,93.242,41.245,34.274,1.86,27.113,36.065,34.881,18.0,2.014,Moderate
115.652,122.976,58.267,16.628,2.301,38.424,31.198,31.183,76.166,5.499,Poor
19.568,30.408,68.262,24.087,1.147,66.469,53.904,27.139,54.02,4.428,Good
67.044,108.358,78.085,26.542,1.691,22.707,7.278,32.059,70.357,4.229,Good
62.687,95.978,43.104,19.904,2.244,56.506,44.677,21.153,77.628,2.701,Poor
77.008,108.511,81.393,29.358,1.935,65.618,33.208,37.046,43.063,0.671,Poor
104.549,157.09,43.547,31.763,1.378,43.319,39.267,33.699,73.634,3.789,Poor
19.941,20.0,24.374,27.747,1.331,32.562,16.009,34.576,54.229,1.75,Moderate
34.896,65.741,61.663,32.614,1.974,8.505,37.828,32.85,58.62,0.3,Moderate
51.177,60.822,54.323,14.066,1.8,17.926,27.854,41.161,62.535,2.105,Moderate
16.607,39.674,70.881,17.118,1.638,26.189,10.631,25.735,39.944,3.707,Moderate
28.427,42.572,56.365,23.259,1.55,26.597,25.202,29.577,55.24,1.64,Moderate
15.337,52.217,44.84,39.323,1.089,13.237,16.217,30.251,33.465,1.992,Good
75.698,69.531,44.814,16.18,1.326,46.795,39.914,35.293,79.817,2.776,Moderate
70.225,87.37,22.636,7.746,2.879,47.179,11.497,26.669,63.875,1.798,Poor
33.461,72.905,37.303,25.527,1.441,58.303,42.718,25.494,62.789,1.548,Moderate
51.236,81.658,21.826,32.691,1.924,21.475,10.271,29.468,79.957,3.752,Moderate
24.156,40.933,50.329,10.922,1.525,38.381,29.386,26.36,23.215,2.784,Moderate
52.115,72.746,16.847,25.671,1.574,25.271,47.117,35.044,80.668,4.844,Moderate
87.976,95.142,33.071,15.605,1.964,17.073,30.319,30.79,53.544,2.859,Poor
39.189,56.54,26.886,22.193,1.609,21.268,63.338,22.885,26.731,1.087,Moderate
44.717,65.813,48.219,27.881,1.607,46.459,59.127,27.315,79.985,4.147,Moderate
51.37,101.87,28.23,27.585,1.411,26.441,36.648,35.864,58.612,5.245,Moderate
25.986,53.898,41.443,31.878,1.528,30.962,15.788,43.934,23.738,0.3,Moderate
63.546,86.655,57.916,20.898,1.785,32.752,31.703,32.633,54.934,2.479,Poor
48.523,79.916,30.73,19.145,1.341,41.137,26.285,28.87,53.878,3.547,Moderate
36.124,81.956,69.726,36.109,1.272,26.528,29.937,16.253,45.545,4.158,Moderate
67.283,131.875,44.976,44.943,1.621,38.079,31.249,26.124,28.21,1.114,Poor
43.175,48.159,32.754,18.542,2.134,20.646,22.432,32.606,69.045,3.714,Moderate
38.672,69.956,37.932,29.268,2.243,22.887,53.784,44.0,69.55,4.418,Moderate
48.405,59.975,52.981,6.915,1.151,42.097,19.27,44.0,57.558,3.147,Moderate
59.294,96.381,45.563,39.712,1.671,51.291,33.745,23.852,50.493,1.628,Poor
81.004,152.341,55.414,15.87,2.558,44.057,23.801,22.128,52.797,0.462,Poor
28.166,49.459,44.337,11.9,0.987,59.355,20.786,32.0,80.401,1.458,Good
65.677,103.304,52.246,35.073,1.55,62.317,37.498,32.524,84.073,3.793,Moderate
63.721,78.33,30.783,22.512,2.421,40.203,40.17,14.778,76.813,2.751,Poor
26.579,31.605,53.568,21.563,1.186,33.333,17.992,26.445,59.448,3.071,Moderate
59.098,89.355,59.924,29.211,1.898,38.618,8.024,32.358,76.125,4.353,Moderate
16.463,20.0,30.462,9.909,1.047,25.601,21.586,38.588,60.846,2.947,Good
75.723,119.331,71.491,42.776,1.759,50.473,25.466,33.158,51.944,1.746,Poor
66.774,142.278,44.758,27.234,2.111,45.592,17.906,29.679,53.245,0.592,Poor
20.294,34.178,26.913,16.77,1.454,16.717,14.266,22.892,18.0,8.657,Good
144.073,240.271,42.827,29.328,2.616,18.412,45.827,22.316,27.773,1.71,Very Poor
64.371,80.721,62.626,24.226,1.653,20.272,17.906,33.824,72.658,1.758,Moderate
55.841,72.094,57.555,20.393,1.966,58.234,39.127,25.504,68.436,1.283,Moderate
78.72,88.624,19.101,30.418,1.806,43.224,35.768,17.303,32.859,5.622,Moderate
73.691,99.077,70.268,29.026,0.999,19.863,11.855,29.718,35.427,2.78,Moderate
32.692,74.179,34.363,27.624,1.926,22.892,14.919,29.736,67.445,4.996,Moderate
35.069,52.198,74.169,15.245,1.535,50.077,33.353,27.432,59.666,5.29,Moderate
52.182,109.328,40.265,34.348,1.622,18.301,31.244,30.658,76.466,3.406,Poor
21.623,26.102,51.682,2.0,0.665,32.336,24.49,28.229,60.793,3.237,Good
38.79,59.978,56.036,22.705,2.249,30.73,32.977,24.512,74.168,1.358,Moderate
145.647,223.865,74.628,25.181,1.69,32.932,26.761,26.293,38.389,4.831,Very Poor
26.524,49.825,29.987,10.602,2.334,28.079,41.088,35.422,65.366,4.847,Good
22.941,34.079,35.849,21.563,1.048,57.101,30.719,27.352,48.432,3.841,Good
48.561,46.491,33.879,38.405,1.83,58.965,17.58,26.345,60.508,2.444,Moderate
16.343,33.171,30.429,21.924,1.31,39.023,44.541,27.663,44.704,2.475,Good
25.126,45.898,44.63,17.856,1.696,29.406,44.812,39.166,87.185,3.145,Moderate
38.864,73.987,63.559,2.0,1.153,49.764,34.967,17.751,67.696,4.75,Moderate
44.555,59.618,40.827,31.183,2.131,49.916,37.009,34.326,56.858,3.809,Moderate
123.619,168.136,66.127,43.209,2.22,19.955,2.0,33.636,65.187,4.485,Poor
64.39,98.788,39.623,21.096,1.464,36.201,26.022,35.121,64.255,2.277,Moderate
70.115,104.612,76.608,44.723,2.37,62.1,27.481,34.848,68.431,7.292,Poor
20.78,49.422,57.404,27.422,1.072,5.0,52.962,33.73,50.398,5.516,Moderate
64.531,78.571,49.003,40.585,1.393,54.334,39.229,35.548,49.623,8.035,Moderate
58.161,104.387,53.935,23.477,1.675,39.205,25.223,31.904,42.587,2.424,Moderate
67.831,81.494,56.061,37.49,1.846,57.98,30.6,19.495,56.151,1.257,Poor
27.447,58.589,16.403,31.172,1.421,8.532,21.4,21.826,60.41,3.601,Moderate
86.789,127.937,46.579,20.161,1.887,25.543,33.421,25.888,51.447,2.754,Poor
26.697,28.051,39.838,36.6,1.606,45.356,27.858,25.467,54.567,2.285,Moderate
28.973,45.518,41.653,20.617,1.337,58.519,28.906,31.266,69.764,4.136,Moderate
51.943,92.023,76.538,13.123,2.113,9.92,46.954,28.102,59.459,3.451,Poor
78.51,98.719,78.193,2.0,2.605,23.774,39.355,29.737,53.962,3.949,Poor
47.658,95.769,21.929,9.171,1.693,30.195,41.627,40.916,84.677,2.398,Moderate
67.44,125.075,73.518,36.518,3.14,37.916,33.086,29.047,41.771,6.335,Poor
51.464,77.721,60.97,16.072,2.065,24.014,41.618,15.555,96.0,4.7,Moderate
74.162,83.728,24.79,17.963,1.503,30.552,31.938,24.588,46.403,2.87,Moderate
49.63,68.879,20.112,48.034,1.645,30.433,9.973,30.7,20.005,6.012,Poor
80.764,166.726,50.846,23.749,1.779,25.007,50.377,35.475,46.877,3.704,Poor
66.728,97.611,49.02,39.971,1.331,41.706,35.254,25.7,48.186,3.961,Poor
92.127,114.708,38.83,40.869,2.298,34.246,25.616,37.966,64.093,1.506,Poor
108.339,163.021,56.745,29.536,2.637,44.062,34.679,22.839,77.378,1.662,Moderate
21.322,34.343,73.499,31.176,1.329,30.488,39.977,26.631,83.846,0.949,Moderate
17.766,33.848,45.787,44.04,0.934,28.025,22.353,17.529,24.945,1.121,Good
54.913,85.083,42.412,15.123,1.938,49.875,38.901,28.075,86.274,3.278,Moderate
25.458,38.404,46.819,16.994,1.452,41.505,49.197,31.907,36.986,4.644,Moderate
71.142,104.6,32.953,20.237,2.338,34.161,19.838,39.776,75.71,0.304,Poor
43.33,77.798,49.761,29.916,2.288,47.994,33.427,24.928,52.181,2.086,Moderate
79.969,92.438,82.046,34.324,1.648,46.316,23.556,28.756,51.111,1.063,Poor
126.525,206.747,31.249,45.624,2.765,53.724,32.245,36.675,44.975,5.294,Very Poor
26.321,34.539,60.813,36.866,0.974,56.293,44.002,26.169,63.921,3.41,Moderate
112.17,192.001,20.368,15.658,1.987,34.085,52.623,26.965,35.848,2.585,Poor
20.889,22.691,55.651,28.743,1.831,37.446,31.296,29.787,34.979,4.911,Moderate
11.855,29.152,21.206,22.416,0.896,29.273,2.0,36.652,87.931,1.394,Good
95.261,149.278,62.03,26.709,1.789,21.975,35.584,38.701,27.421,5.08,Poor
72.623,109.261,46.987,18.662,2.613,12.926,12.92,28.56,74.785,3.949,Poor
113.418,204.743,19.129,33.201,2.486,9.382,30.962,35.129,64.359,2.973,Very Poor
40.457,59.685,63.613,22.169,1.844,42.741,42.784,32.848,63.717,2.046,Moderate
82.106,142.023,21.001,18.071,2.133,52.439,37.237,24.676,96.0,4.513,Poor
50.02,111.536,54.227,25.542,1.304,7.343,43.712,31.946,51.959,3.567,Moderate
29.386,29.797,62.067,2.0,1.793,52.212,34.172,27.495,59.665,4.625,Moderate
51.499,79.327,58.288,24.212,1.028,42.538,31.289,30.18,60.201,3.933,Moderate
50.257,102.533,40.588,22.361,2.534,60.267,33.199,30.945,51.288,2.031,Poor
30.33,43.779,26.403,13.539,1.631,46.647,33.499,35.692,33.724,3.765,Moderate
20.306,25.382,36.766,2.0,1.607,40.003,49.17,22.183,70.779,6.042,Moderate
49.684,71.048,40.772,18.922,1.964,42.518,2.348,32.236,26.802,3.603,Moderate
79.01,138.432,39.625,19.267,1.614,34.245,34.672,40.501,36.119,4.127,Poor
53.213,105.833,16.21,22.75,0.846,34.073,31.279,26.425,46.461,0.931,Moderate
17.121,20.0,8.666,17.463,2.465,45.739,6.51,39.409,52.433,2.882,Moderate
27.043,62.875,53.468,41.224,1.073,29.807,37.717,26.197,53.152,3.08,Moderate
70.477,123.841,40.094,29.707,2.592,27.592,35.863,17.663,55.716,0.3,Poor
28.913,38.288,47.047,19.341,1.076,27.7,34.336,34.776,52.953,3.622,Good
36.683,72.802,12.553,21.763,1.979,55.678,20.8,23.786,47.113,0.873,Moderate
32.665,47.682,34.826,24.529,2.243,26.625,23.519,25.463,60.541,0.537,Moderate
58.283,73.879,59.072,23.85,1.791,15.083,20.151,19.837,62.024,3.423,Moderate
31.237,34.472,36.476,23.241,1.485,35.141,43.996,35.665,65.732,0.735,Moderate
15.685,20.511,62.229,35.004,1.284,51.458,2.0,18.517,39.508,2.425,Moderate
66.505,93.04,30.571,37.233,1.718,26.58,16.314,23.138,62.175,2.605,Poor
56.066,57.249,50.814,30.539,1.181,55.249,42.365,36.111,96.0,4.013,Moderate
71.498,118.598,45.007,21.484,1.958,16.615,6.721,26.048,75.008,3.108,Poor
79.246,87.581,40.981,27.984,2.501,26.545,48.746,38.978,76.954,6.277,Moderate
31.379,68.735,58.038,17.496,1.908,41.385,21.982,22.967,79.973,2.721,Moderate
83.27,136.276,57.194,34.595,2.087,44.413,5.556,22.621,61.074,1.776,Poor
45.411,78.796,71.544,15.539,2.851,54.15,18.763,29.35,58.361,2.531,Poor
41.444,64.448,20.912,39.848,2.19,7.819,17.957,42.295,52.764,4.767,Moderate
60.013,71.506,20.555,22.249,1.947,32.07,34.619,34.006,44.257,4.006,Poor
35.505,45.108,47.291,18.476,1.496,33.033,51.097,32.609,81.991,2.621,Moderate
46.345,40.585,45.306,30.698,1.563,55.568,28.785,33.035,65.858,2.057,Moderate
60.088,102.179,46.621,30.248,1.537,25.643,38.851,30.906,74.883,2.041,Poor
49.037,69.307,52.559,17.204,1.41,36.962,26.788,26.313,52.502,6.42,Moderate
49.699,78.505,68.755,34.289,1.434,5.237,10.413,23.536,51.909,4.689,Moderate
41.565,58.487,58.221,16.625,1.793,40.395,27.802,24.926,46.741,2.364,Good
61.333,122.842,67.995,32.629,1.708,22.182,11.958,24.845,47.789,4.861,Moderate
35.556,64.52,58.866,42.702,1.712,23.951,16.836,28.706,80.338,2.933,Moderate
30.479,57.776,44.754,26.64,0.278,5.211,39.128,27.962,96.0,1.793,Good
51.468,114.551,31.805,16.153,0.965,30.379,44.804,24.839,66.39,2.488,Moderate
24.795,44.396,56.257,27.08,1.166,28.295,38.674,23.82,71.002,3.138,Moderate
45.368,78.215,54.816,16.011,1.495,36.427,41.31,27.906,43.701,6.601,Moderate
28.184,55.558,7.735,20.021,1.286,5.0,44.06,42.276,74.256,1.981,Moderate
52.318,83.629,25.182,36.082,1.871,5.0,19.735,32.246,83.486,2.907,Moderate
52.635,85.296,55.328,21.387,0.943,58.632,30.677,29.351,84.251,1.248,Moderate
41.784,61.2,69.616,2.0,1.613,46.13,36.683,32.782,57.801,2.379,Moderate
43.072,60.81,33.502,22.57,1.174,34.766,30.427,27.014,45.522,3.721,Moderate
42.583,87.174,32.498,39.044,1.66,45.453,30.258,23.022,53.047,2.17,Moderate
108.113,155.611,59.466,22.512,1.46,40.918,25.237,19.054,64.445,4.79,Poor
63.052,89.607,18.446,27.965,1.813,39.45,41.84,25.753,63.285,2.92,Good
132.361,175.496,27.952,31.469,2.349,8.103,37.131,26.988,69.477,0.862,Poor
54.637,70.606,42.766,36.803,1.423,33.31,40.586,27.504,58.701,1.254,Moderate
33.215,59.325,62.859,49.845,1.905,42.03,23.157,42.909,47.338,1.224,Moderate
38.152,34.08,41.837,5.023,1.568,50.339,32.674,23.625,81.544,4.445,Moderate
149.561,203.138,50.354,26.852,3.089,67.609,50.674,15.24,54.01,3.332,Very Poor
107.944,170.893,40.114,39.457,1.751,26.854,25.26,40.837,54.847,4.587,Poor
90.885,139.789,51.652,23.752,1.926,39.124,33.478,21.278,46.017,4.208,Poor
33.356,55.783,46.186,30.731,1.152,24.516,22.282,25.598,75.905,2.313,Moderate
71.634,70.703,47.244,43.965,1.997,55.823,26.278,19.189,44.04,2.09,Poor
73.132,111.819,43.585,26.782,1.773,54.877,52.222,42.449,90.382,1.609,Poor
47.633,67.994,21.734,12.24,1.353,5.0,8.402,33.478,54.744,1.199,Moderate
78.438,88.754,54.062,14.898,2.482,25.658,22.316,26.007,52.088,3.605,Poor
73.035,80.058,34.926,16.386,1.31,6.606,22.07,30.769,51.082,4.104,Moderate
24.861,51.959,37.52,35.706,1.67,35.075,36.039,13.746,77.656,4.213,Moderate
85.387,125.327,76.073,38.576,1.276,48.091,5.185,25.501,69.625,3.11,Poor
47.334,69.703,38.608,7.568,1.901,59.544,16.73,23.237,92.886,3.535,Moderate
66.501,100.8,37.829,18.126,2.258,36.363,38.649,29.063,96.0,3.217,Moderate
36.145,91.634,27.547,28.737,1.155,42.292,32.194,29.154,62.459,3.513,Moderate
50.841,80.305,14.71,36.494,1.764,32.098,38.502,28.974,50.226,2.128,Moderate
60.825,107.438,72.376,27.878,1.731,30.776,24.737,23.156,54.978,1.455,Poor
139.299,224.442,53.513,39.441,3.532,23.491,53.393,32.824,52.565,2.643,Very Poor
67.815,94.946,47.416,23.319,1.425,19.807,32.277,21.462,73.403,0.966,Good
8.0,20.0,20.979,24.723,1.457,58.101,22.953,33.412,53.733,4.907,Moderate
70.67,112.186,72.342,16.477,1.988,5.0,48.907,26.725,73.851,5.766,Moderate
28.562,45.952,58.402,29.443,1.201,20.937,53.621,29.725,86.638,4.908,Moderate
12.203,20.0,55.886,32.768,1.293,24.628,47.21,29.862,79.698,4.272,Good
53.638,99.801,69.739,31.559,1.696,33.254,25.368,37.636,71.543,1.667,Poor
11.525,31.553,38.753,10.659,1.479,47.263,35.284,22.565,61.987,2.013,Good
27.856,42.8,24.304,17.187,1.329,56.088,20.685,20.707,32.555,2.32,Moderate
49.633,73.31,64.546,21.078,1.618,5.84,24.867,34.556,47.449,0.976,Moderate
68.793,105.312,51.053,25.167,1.579,40.772,22.677,36.001,96.0,2.828,Poor
16.932,29.435,60.586,15.219,1.569,26.534,40.605,36.348,89.305,3.357,Moderate
48.682,86.839,73.174,30.176,1.748,25.761,29.898,26.567,88.782,2.41,Moderate
8.0,20.0,48.951,26.042,0.726,32.322,38.231,27.559,60.954,1.979,Good
68.153,45.426,11.998,19.835,0.964,20.137,27.067,35.709,47.359,3.222,Poor
41.287,89.44,15.772,14.694,0.879,13.792,33.78,22.196,71.557,4.075,Poor
62.601,91.35,11.962,17.325,1.211,38.026,51.228,36.803,18.0,3.483,Good
87.769,125.911,15.041,13.025,2.967,13.542,57.589,32.365,18.0,3.993,Poor
52.438,95.048,49.998,19.901,1.959,34.435,36.204,27.027,96.0,2.228,Moderate
10.894,37.931,35.28,15.772,1.212,23.453,21.019,29.704,70.638,3.628,Good
40.727,64.63,31.044,23.005,0.942,50.637,33.284,20.096,25.785,3.82,Moderate
20.346,30.73,31.993,24.602,1.422,45.582,21.473,31.567,68.168,3.13,Moderate
24.546,33.735,55.433,12.092,0.476,12.904,22.597,22.344,91.03,4.789,Good
33.407,43.583,39.302,17.399,0.647,51.185,32.979,30.185,33.297,4.45,Good
37.436,38.045,55.291,27.465,1.474,24.111,37.383,29.717,33.818,1.293,Moderate
106.558,157.04,47.81,42.84,2.142,32.284,19.776,28.771,52.053,1.544,Poor
31.444,51.852,42.894,34.948,0.777,18.712,34.838,30.241,31.641,3.459,Moderate
173.288,178.83,62.945,33.026,3.312,50.72,26.645,22.172,60.699,3.533,Very Poor
66.727,114.828,56.12,28.396,2.244,42.31,32.924,30.407,88.288,4.078,Poor
22.303,38.367,31.751,31.162,1.848,12.488,22.474,26.989,36.638,1.74,Moderate
79.09,75.666,10.444,31.417,2.174,22.513,34.792,37.966,56.088,3.631,Poor
58.451,80.72,35.864,35.163,1.237,24.406,30.702,21.613,44.229,0.407,Poor
51.682,47.42,20.957,22.804,2.26,37.632,52.776,22.061,46.21,1.943,Moderate
60.378,119.459,37.463,36.135,1.897,16.001,21.067,26.824,58.193,3.471,Poor
123.849,174.255,63.144,28.206,2.76,38.192,38.93,19.827,61.269,0.3,Very Poor
71.459,107.213,60.018,30.94,1.561,31.68,23.189,26.378,65.976,3.349,Poor
8.0,22.794,33.31,12.623,0.826,33.135,40.451,22.657,65.833,2.772,Good
49.958,91.242,43.216,13.235,1.666,36.543,41.788,25.715,55.172,1.762,Moderate
78.704,112.453,43.827,30.545,2.384,42.768,53.754,32.594,69.685,2.915,Poor
49.0,107.502,43.089,23.336,1.768,17.517,38.919,29.586,77.168,5.17,Good
80.687,117.258,47.026,6.288,0.948,59.675,35.148,22.068,38.413,3.174,Moderate
49.014,58.982,42.253,22.134,1.922,32.193,28.972,29.252,63.621,4.786,Moderate
70.389,119.431,43.36,35.316,2.444,45.894,35.596,34.563,61.773,1.108,Poor
17.817,33.797,41.887,33.836,1.039,38.814,29.251,33.959,62.566,2.717,Moderate
77.901,86.067,52.595,38.923,1.933,14.07,41.357,20.05,41.061,0.401,Poor
55.601,67.013,51.351,21.695,1.36,47.569,30.469,25.915,41.145,3.319,Moderate
43.953,75.563,41.796,13.708,0.832,54.806,35.035,24.916,49.257,2.442,Moderate
69.328,98.012,36.663,35.137,2.314,43.913,27.709,39.107,40.003,6.948,Poor
47.942,99.971,82.477,20.464,1.957,27.136,39.584,23.441,65.205,3.83,Moderate
85.209,154.328,74.088,12.705,2.047,22.158,39.813,35.603,56.63,4.239,Poor
9.376,30.316,44.75,23.501,1.311,22.509,28.441,38.576,60.64,3.999,Good
24.475,64.14,54.228,24.993,1.561,24.047,15.682,24.863,36.671,2.468,Moderate
125.095,227.476,44.307,30.999,2.612,37.205,37.977,25.785,43.614,4.196,Very Poor
27.249,37.482,82.524,22.451,2.014,5.0,35.131,35.806,95.7,3.429,Moderate
87.993,150.117,71.635,44.216,1.673,47.268,39.59,31.359,76.742,5.207,Poor
74.679,104.525,35.652,19.981,1.773,26.33,38.511,34.298,63.296,6.047,Moderate
48.888,73.54,46.366,18.428,0.749,42.259,16.029,26.345,71.737,2.063,Moderate
80.968,141.958,56.058,14.097,2.816,38.848,27.218,31.203,49.369,5.343,Poor
29.427,56.444,70.811,13.399,2.115,25.647,24.284,38.762,72.547,3.264,Moderate
44.347,55.119,38.348,23.347,1.527,48.167,55.613,28.091,50.508,1.621,Moderate
145.462,289.961,34.558,32.866,2.736,31.464,25.779,33.808,23.047,4.329,Very Poor
44.234,89.681,48.055,26.684,1.458,53.844,40.319,31.979,69.072,2.203,Moderate
17.199,41.165,36.67,14.708,1.447,36.949,8.565,22.911,67.032,3.118,Moderate
32.722,45.544,28.738,23.824,1.235,34.985,25.764,28.809,55.079,4.322,Moderate
84.139,116.506,45.644,31.16,2.833,19.096,41.079,29.992,70.73,4.267,Poor
46.221,70.772,59.865,14.367,1.256,74.944,2.0,21.891,58.892,5.101,Moderate
8.0,20.0,68.576,20.732,1.523,36.822,27.561,31.133,72.257,4.993,Moderate
141.325,175.915,52.072,50.461,2.378,15.814,31.325,25.553,34.915,3.791,Very Poor
10.966,20.0,50.341,16.615,1.924,61.726,59.41,29.075,62.907,5.337,Moderate
74.045,128.859,67.002,29.104,2.378,38.419,29.181,31.254,60.264,5.942,Poor
42.491,88.166,18.027,13.96,1.697,31.546,27.081,23.688,42.285,2.771,Moderate
21.068,40.328,6.0,29.574,2.464,13.144,38.519,12.167,78.201,2.882,Poor
49.969,78.579,50.172,24.563,1.191,27.038,32.008,25.813,73.807,3.762,Moderate
118.004,153.038,63.316,21.426,2.082,5.0,45.664,22.588,58.37,1.186,Poor
30.985,46.272,52.702,11.628,1.885,35.614,36.218,38.694,34.958,1.577,Moderate
35.837,66.749,71.486,3.954,1.026,51.903,38.07,28.741,66.047,0.418,Moderate
28.265,44.783,42.821,13.292,1.722,34.129,49.552,23.107,49.057,0.3,Moderate
58.028,109.294,37.478,26.405,1.078,23.752,24.765,39.213,70.698,6.527,Moderate
18.778,20.0,75.887,33.312,0.44,9.827,26.549,40.028,46.561,4.002,Good
57.376,113.178,74.97,12.653,1.977,42.727,6.618,28.522,45.555,2.316,Poor
11.911,37.352,67.954,33.373,1.218,46.802,23.728,30.863,39.366,4.388,Moderate
18.975,36.1,45.215,32.542,0.578,40.739,20.148,25.151,54.764,1.639,Good
17.489,41.55,61.344,28.06,1.039,45.964,34.8,24.614,69.961,2.75,Good
27.401,52.176,57.621,25.543,1.431,27.68,12.384,27.167,61.879,5.752,Moderate
35.441,62.695,49.078,27.153,0.861,33.754,16.107,21.545,46.967,4.426,Good
11.515,20.0,27.578,2.048,1.347,44.178,37.466,27.154,63.387,4.619,Good
66.472,73.4,53.771,24.999,1.876,60.448,37.388,27.743,72.139,3.188,Poor
49.737,44.86,55.679,18.999,1.59,30.312,19.666,39.083,71.879,0.486,Moderate
27.196,46.437,55.599,26.387,1.164,31.967,51.927,25.762,55.998,5.026,Moderate
69.337,119.967,22.515,21.702,2.206,27.865,67.168,29.1,71.443,3.338,Poor
18.167,28.439,37.431,30.164,1.221,25.165,40.026,27.707,89.13,5.143,Good
48.358,46.855,33.454,15.92,1.189,43.006,26.176,25.296,63.669,2.241,Moderate
42.902,43.248,22.846,30.568,2.103,36.468,33.408,20.922,93.657,4.924,Moderate
101.749,161.287,36.492,36.749,2.51,46.074,19.935,27.934,83.348,4.045,Poor
26.942,58.191,59.131,29.41,1.219,18.541,58.875,20.248,48.885,0.996,Moderate
53.227,94.017,41.526,11.208,1.99,8.321,47.664,28.176,56.134,5.318,Moderate
49.442,68.573,29.685,43.299,1.951,24.893,37.952,42.113,62.475,4.934,Moderate
40.557,73.79,26.726,19.808,2.145,54.745,45.132,38.278,78.97,4.738,Moderate
33.648,53.558,36.036,18.824,1.341,35.821,28.859,38.316,33.05,4.551,Moderate
52.422,72.588,53.658,22.495,1.17,47.159,27.906,19.109,53.625,2.504,Moderate
56.919,99.217,56.727,27.423,1.535,12.251,32.357,39.66,46.55,3.686,Moderate
42.02,66.124,39.531,21.538,1.478,20.882,14.392,30.979,63.855,4.367,Moderate
64.835,96.253,31.126,36.139,1.752,31.067,7.701,16.869,53.057,4.587,Poor
73.331,108.933,53.446,21.404,1.58,27.608,31.434,32.502,50.472,3.712,Poor
24.45,51.082,44.622,25.98,1.63,37.081,38.922,28.174,43.326,1.838,Moderate
76.494,93.353,35.206,14.064,2.702,36.409,23.647,27.618,52.49,3.284,Poor
61.278,87.465,56.517,33.264,2.475,28.432,34.884,18.138,55.8,1.686,Poor
135.508,167.892,40.84,29.311,3.152,18.862,42.603,34.411,63.359,1.572,Very Poor
28.166,50.708,43.738,17.115,1.207,30.452,29.034,27.108,58.383,0.622,Moderate
25.852,64.704,28.356,39.066,1.967,29.194,20.966,26.655,63.434,4.677,Good
24.195,34.73,21.022,12.138,2.189,43.642,31.19,27.096,46.244,3.558,Moderate
102.591,152.117,45.832,19.824,2.475,38.915,36.139,30.918,26.759,3.452,Poor
40.678,55.547,73.531,25.533,1.444,20.84,11.642,19.377,39.477,2.929,Moderate
20.349,32.21,52.106,34.554,0.453,44.144,17.264,30.114,55.397,3.175,Good
15.063,24.433,60.559,28.016,0.792,43.152,11.889,28.617,53.987,5.249,Good
12.803,24.992,53.725,20.261,1.363,53.446,30.136,22.37,44.767,1.994,Moderate
175.117,216.47,76.535,32.238,1.927,29.815,34.824,33.311,81.425,4.296,Very Poor
66.764,100.922,81.466,34.701,1.545,42.883,47.311,28.716,78.532,4.552,Moderate
46.151,72.74,41.118,23.986,1.779,10.27,23.338,32.447,29.757,4.856,Moderate
19.795,35.562,45.777,26.914,1.158,18.632,46.02,25.895,49.292,3.658,Moderate
81.366,91.999,48.667,20.463,1.816,56.07,35.322,36.881,38.249,3.867,Poor
59.144,79.121,68.982,29.732,1.29,17.535,26.212,37.87,65.77,4.037,Moderate
104.637,153.927,51.117,28.135,2.598,35.503,59.905,22.395,76.278,2.594,Very Poor
57.578,90.836,79.55,26.545,1.86,30.933,51.5,33.356,89.385,5.413,Moderate
24.372,43.939,67.473,21.218,1.243,16.282,27.126,34.214,83.157,5.573,Good
13.515,37.011,43.025,34.023,1.038,24.695,56.548,20.948,80.625,2.763,Good
90.44,146.738,62.505,15.97,2.247,38.858,40.055,26.897,33.147,3.357,Poor
62.382,78.365,37.889,13.775,2.075,71.098,2.0,32.038,39.452,2.867,Moderate
38.232,60.683,75.794,37.219,1.507,29.958,32.923,28.771,72.561,0.3,Moderate
28.174,57.689,23.846,22.699,1.718,38.123,29.895,23.711,70.918,0.3,Moderate
29.825,33.766,22.987,16.619,2.078,23.164,49.694,29.281,78.877,4.771,Moderate
42.425,69.235,60.082,15.237,0.991,14.103,19.8,24.763,45.348,1.833,Good
74.262,148.952,50.167,7.798,2.772,41.917,30.856,23.323,58.618,2.104,Poor
53.318,69.696,41.659,14.95,1.303,47.909,20.793,24.454,48.064,2.377,Moderate
12.645,35.655,38.793,15.365,1.329,31.907,35.177,30.386,50.437,3.817,Good
28.459,44.54,50.824,22.195,1.206,49.303,38.705,35.868,62.737,0.964,Moderate
19.625,43.633,54.761,11.321,1.298,8.299,34.819,34.041,57.097,2.773,Moderate
59.411,110.967,42.376,21.501,2.779,43.12,34.652,21.942,34.977,0.512,Poor
59.228,84.311,46.386,31.034,2.438,22.428,40.504,13.032,41.055,2.466,Moderate
22.121,21.686,35.946,29.21,1.695,43.026,37.741,14.477,80.417,2.218,Moderate
34.548,57.833,70.433,32.247,1.539,36.259,20.391,24.034,56.142,1.819,Moderate
42.999,86.158,39.096,15.029,0.889,28.118,38.308,44.0,56.282,0.456,Moderate
11.778,27.396,33.006,6.891,1.431,44.826,29.509,43.302,76.486,0.3,Moderate
52.891,60.746,16.79,32.771,1.204,27.117,41.615,29.47,45.995,0.802,Moderate
58.597,146.27,64.598,22.86,1.735,9.849,32.631,41.358,96.0,5.471,Poor
35.579,46.906,39.822,6.882,1.577,36.977,28.328,27.132,41.04,1.66,Moderate
50.01,76.922,37.404,29.513,1.335,35.602,48.283,37.343,82.496,0.3,Moderate
113.234,108.21,75.176,31.287,2.933,36.12,38.87,26.74,52.541,2.407,Poor
49.489,98.901,16.597,19.281,1.543,68.504,52.129,24.994,62.795,2.77,Moderate
40.09,61.3,27.359,25.43,2.276,40.834,33.804,36.816,80.656,6.225,Moderate
34.024,67.425,60.461,25.19,2.018,53.857,31.151,28.663,74.808,4.369,Moderate
17.185,29.735,25.779,24.387,1.363,35.071,40.531,25.393,43.779,4.191,Good
38.535,67.308,72.895,15.092,1.453,60.068,13.106,37.646,38.317,4.003,Moderate
94.385,93.426,35.516,27.291,1.906,44.965,20.298,28.693,71.98,1.965,Poor
39.352,37.18,36.259,16.347,1.163,28.896,23.4,24.888,71.732,5.61,Moderate
111.831,169.63,56.28,34.408,1.703,36.557,37.156,35.446,28.503,4.057,Poor
94.841,149.133,42.704,27.018,1.641,34.562,27.445,30.849,56.775,2.837,Poor
49.576,59.051,60.708,38.353,1.343,21.446,12.165,23.967,70.75,3.009,Poor
56.166,73.722,13.892,34.971,0.978,27.873,25.219,13.934,31.392,2.157,Moderate
86.804,95.396,47.731,16.537,2.397,11.41,38.141,28.086,65.967,4.55,Poor
35.991,75.417,63.924,22.688,1.396,41.193,30.258,30.646,37.132,2.567,Moderate
37.945,47.112,52.88,35.687,1.569,36.592,25.687,35.323,52.63,4.566,Moderate
85.264,89.021,70.699,23.869,1.424,42.241,25.449,22.683,60.53,4.137,Moderate
40.591,58.245,24.593,20.566,1.853,48.64,42.558,37.694,37.481,1.291,Moderate
90.488,139.007,39.605,34.495,1.576,17.175,31.89,35.965,61.936,5.539,Poor
47.558,59.111,42.888,23.222,1.816,13.154,49.845,23.717,80.885,2.625,Moderate
27.396,20.0,61.282,37.297,1.473,30.008,7.018,28.51,74.807,1.252,Moderate
48.168,85.442,36.296,20.061,1.641,51.21,31.869,31.336,74.678,2.988,Moderate
37.325,67.551,12.027,9.386,0.627,33.335,47.509,22.11,48.236,4.13,Good
42.08,90.572,43.196,36.794,2.78,33.773,30.977,23.866,62.01,4.723,Moderate
30.548,55.527,53.591,46.485,1.709,46.491,25.287,18.472,26.171,5.768,Moderate
61.062,72.388,58.715,39.724,1.991,10.974,12.774,26.677,40.154,3.425,Moderate
12.976,24.594,77.4,9.903,1.089,32.556,40.267,25.69,42.332,0.3,Moderate
27.9,60.137,56.914,34.491,1.824,49.112,35.246,35.511,86.577,4.025,Moderate
46.218,94.012,78.853,29.749,1.38,32.857,4.752,34.572,59.719,3.809,Moderate
83.238,116.511,47.357,26.666,2.31,42.499,57.89,33.286,55.116,2.734,Poor
20.366,35.522,31.205,25.602,1.077,33.337,49.442,17.353,58.674,1.925,Good
47.023,111.876,48.745,21.861,1.419,48.425,26.89,33.891,83.891,1.696,Moderate
79.303,100.254,32.678,38.839,2.119,13.729,33.018,39.266,57.101,5.537,Poor
76.19,73.007,49.418,10.585,2.299,43.436,45.487,28.554,59.154,1.678,Poor
20.969,37.074,22.575,20.313,2.319,16.692,48.808,22.25,74.492,4.845,Moderate
42.73,50.495,46.851,17.286,1.003,36.504,22.69,44.0,67.317,6.114,Moderate
41.642,47.869,39.701,23.072,1.315,18.648,25.649,25.426,84.208,3.334,Moderate
69.722,73.548,51.863,26.975,2.4,7.122,37.388,24.244,34.696,0.3,Moderate
34.333,36.301,49.999,25.475,1.262,28.236,15.0,26.117,33.2,0.3,Moderate
31.488,58.684,38.045,34.413,1.601,60.632,23.671,30.08,54.742,4.829,Poor
8.0,20.0,58.045,6.632,1.448,5.0,37.6,29.812,62.379,3.021,Good
65.881,74.591,75.566,36.304,2.662,33.123,19.441,36.803,36.444,1.317,Poor
57.143,87.21,49.131,27.882,2.081,32.331,18.693,34.982,75.663,3.699,Moderate
16.215,20.153,86.417,39.178,0.487,27.795,44.35,30.459,35.998,3.867,Moderate
27.301,25.383,6.0,29.861,1.241,32.241,33.489,17.914,26.443,2.26,Good
65.129,98.464,44.224,32.64,2.178,44.471,55.348,29.587,76.646,4.415,Moderate
34.664,56.777,16.03,25.187,1.21,34.993,31.696,28.976,73.7,2.785,Moderate
32.184,32.435,43.827,2.0,1.372,34.84,30.729,21.048,53.467,4.26,Moderate
87.753,131.124,61.694,28.264,1.048,34.837,42.961,19.184,51.662,3.823,Very Poor
56.886,76.431,51.283,28.973,1.111,29.332,54.601,14.292,67.555,4.901,Moderate
25.669,58.405,32.15,19.164,1.404,41.051,37.445,40.291,65.388,4.672,Good
88.713,97.912,66.103,27.959,2.596,45.385,40.711,38.526,40.644,3.412,Poor
53.98,95.404,54.73,19.062,2.487,41.483,37.75,24.08,78.664,5.045,Moderate
67.025,84.186,17.255,16.335,1.458,28.572,24.6,24.65,44.68,4.148,Moderate
8.696,47.305,49.13,16.444,1.162,57.218,30.852,31.776,56.969,5.057,Good
130.655,228.148,50.926,14.777,1.792,17.868,39.105,28.625,46.148,2.508,Very Poor
88.072,48.333,69.62,24.406,1.612,17.578,41.794,37.857,45.476,2.457,Poor
95.429,135.324,53.269,21.38,2.197,49.04,19.495,25.493,64.791,2.127,Poor
48.532,59.208,67.059,37.332,1.395,37.006,15.855,28.686,73.968,3.979,Moderate
39.527,57.84,40.242,12.255,1.107,43.13,24.53,33.685,32.096,6.933,Good
31.311,39.95,26.651,28.081,1.026,24.474,23.534,26.063,33.435,4.99,Good
50.128,53.364,16.092,38.211,2.268,24.212,18.489,34.313,65.19,2.842,Moderate
30.187,58.006,70.264,17.593,1.602,62.615,22.012,25.962,75.749,2.259,Moderate
20.934,24.475,24.935,8.892,1.584,65.626,37.031,23.581,57.181,4.295,Good
49.925,93.478,47.793,24.733,2.079,41.62,27.194,29.134,96.0,0.3,Moderate
78.092,126.26,36.968,21.713,1.277,38.732,19.771,26.325,51.36,2.891,Poor
17.575,28.721,33.509,26.425,1.382,44.293,32.29,34.833,75.048,2.264,Moderate
66.242,88.067,36.999,26.647,1.26,59.145,19.841,28.502,75.831,2.043,Moderate
60.16,87.514,35.172,31.436,2.356,22.014,31.689,26.172,39.839,1.935,Moderate
144.163,222.407,66.74,27.939,2.914,21.751,35.574,28.379,80.024,3.238,Very Poor
39.374,56.6,42.034,33.974,1.763,29.102,27.348,18.831,74.758,6.55,Moderate
28.606,41.607,56.35,27.373,1.731,47.549,39.798,32.293,47.908,1.526,Moderate
20.708,45.617,34.205,21.724,1.768,51.175,20.886,30.596,44.087,2.795,Moderate
83.311,89.545,44.497,2.0,2.079,59.982,16.184,24.196,46.925,3.15,Moderate
22.99,35.988,58.974,29.482,1.484,43.45,24.022,25.628,71.917,2.124,Moderate
25.92,39.315,32.501,32.946,0.882,11.176,40.962,29.257,54.152,0.3,Good
48.025,91.859,52.627,33.42,2.749,32.102,60.309,30.269,77.314,2.348,Poor
142.305,175.148,53.585,28.344,2.283,16.55,25.4,33.023,40.048,4.425,Poor
26.246,25.973,49.857,27.377,1.525,30.491,39.562,40.747,62.63,0.569,Moderate
28.074,29.986,43.126,16.424,1.966,48.973,49.427,31.252,54.868,4.505,Moderate
50.661,78.853,75.025,23.025,1.833,40.711,33.487,31.139,75.673,1.663,Moderate
45.911,79.15,10.597,22.299,1.296,44.406,24.767,36.027,53.365,4.346,Moderate
90.163,122.628,25.086,13.422,2.563,33.784,35.36,23.767,83.625,4.343,Poor
55.988,69.633,47.462,16.93,1.85,61.101,48.73,26.987,57.722,3.72,Moderate
87.228,134.616,72.346,31.669,1.474,7.667,45.04,27.623,49.688,5.32,Poor
116.293,193.049,48.369,41.352,2.09,40.32,21.174,31.869,36.282,4.362,Poor
65.725,131.325,68.795,24.818,1.806,20.4,34.393,28.108,48.182,4.135,Poor
35.67,60.352,63.46,10.087,2.21,29.809,18.355,44.0,52.595,1.642,Moderate
72.461,95.924,61.989,23.199,1.266,26.536,41.473,30.427,35.584,2.975,Moderate
27.605,58.563,57.488,36.198,1.497,19.077,34.663,35.309,56.77,2.315,Moderate
100.595,182.863,54.634,36.936,1.92,15.954,33.499,27.781,29.083,1.716,Poor
56.139,113.966,68.521,12.041,2.234,26.897,37.338,26.838,75.508,1.501,Poor
79.02,76.31,72.769,27.925,2.026,29.918,15.144,31.801,61.968,1.293,Poor
51.437,67.888,44.295,24.491,1.637,45.329,41.034,22.365,82.663,2.544,Moderate
32.516,63.501,50.199,31.288,1.512,13.205,43.999,29.398,84.026,5.045,Moderate
17.473,42.258,64.408,9.195,1.377,19.382,24.356,35.2,55.966,4.357,Moderate
44.264,75.941,46.682,13.253,1.876,8.283,44.04,28.512,56.392,5.183,Moderate
72.1,102.089,65.235,31.162,2.1,5.0,55.279,36.786,51.137,2.566,Poor
66.197,90.556,70.204,7.854,1.902,5.0,14.646,21.469,89.963,1.768,Moderate
82.574,143.252,108.618,14.228,0.639,18.061,58.001,34.197,63.949,5.221,Poor
23.497,20.0,56.582,12.535,2.548,44.23,13.622,41.503,49.632,0.3,Moderate
106.365,159.839,61.794,43.185,1.967,28.419,19.103,32.973,92.584,2.996,Poor
16.418,44.959,65.472,30.991,1.535,11.973,9.663,26.535,42.321,4.239,Moderate
35.082,55.022,24.149,28.138,2.505,39.387,30.35,23.576,53.939,0.31,Moderate
96.386,175.672,63.904,23.75,1.78,42.117,23.413,37.669,45.295,1.245,Poor
122.689,168.739,65.868,23.995,3.006,36.012,27.291,26.536,47.263,3.485,Poor
35.206,85.86,34.68,36.155,2.13,26.791,20.517,25.412,35.295,1.047,Moderate
81.344,93.397,34.838,63.793,1.64,59.103,31.584,26.292,59.885,2.431,Poor
58.501,116.255,35.987,12.851,2.298,34.888,39.565,35.768,42.948,0.86,Poor
38.029,52.744,22.722,15.256,1.654,53.602,5.275,24.965,60.04,0.613,Moderate
89.369,87.02,59.695,35.404,1.768,5.0,17.899,18.552,18.0,2.542,Moderate
28.749,23.661,43.643,16.733,1.394,49.158,37.467,21.423,64.751,2.802,Moderate
85.407,136.453,32.471,25.007,1.974,33.359,30.244,29.998,74.974,2.781,Poor
42.533,62.991,37.736,19.837,1.905,34.776,8.573,36.249,39.618,2.302,Moderate
19.276,31.928,26.694,6.4,1.317,51.257,18.712,26.564,38.103,3.523,Good
57.481,95.313,72.44,29.012,1.56,32.604,42.102,15.418,31.136,2.948,Poor
61.552,78.906,81.2,8.228,1.294,45.846,61.174,23.023,72.909,0.3,Moderate
25.071,20.975,29.979,21.134,1.764,28.299,36.377,22.96,76.519,0.866,Moderate
33.773,31.759,46.333,22.495,2.579,36.247,41.402,27.558,18.0,4.34,Moderate
65.481,72.988,34.631,40.287,1.85,35.247,2.0,32.357,69.142,2.019,Poor
67.181,85.748,59.677,22.51,1.309,49.329,30.067,34.504,44.486,6.82,Moderate
48.448,48.724,28.076,20.944,1.692,37.984,28.16,43.222,62.126,3.603,Moderate
30.564,50.936,33.786,17.045,1.544,37.634,58.965,34.737,52.815,5.828,Moderate
39.874,60.097,56.369,37.902,1.413,37.343,27.913,29.727,81.788,4.086,Moderate
92.703,120.221,59.166,23.798,2.517,49.774,36.585,25.726,55.32,4.286,Poor
122.841,185.116,47.997,35.699,2.295,38.883,38.822,36.849,60.498,2.939,Poor
50.315,74.264,71.712,34.124,2.491,65.018,41.845,21.352,54.979,5.993,Poor
48.713,68.998,50.712,38.697,1.775,5.0,18.859,38.63,53.242,5.332,Moderate
77.159,100.843,61.347,16.726,2.439,46.279,36.858,26.275,44.656,6.482,Poor
96.097,170.382,70.826,22.174,1.833,18.819,45.766,28.866,36.55,2.956,Poor
92.473,142.824,48.683,37.258,2.538,50.775,44.311,35.093,58.992,1.982,Poor
48.667,53.145,45.678,6.593,1.799,29.247,25.067,29.312,53.071,3.392,Moderate
30.558,20.0,36.666,24.625,1.549,5.0,2.0,21.19,21.365,3.962,Good
52.689,92.819,46.961,34.018,1.678,36.323,29.419,27.695,38.41,2.017,Moderate
79.803,162.745,43.071,26.401,1.799,42.191,22.297,31.448,72.323,2.065,Poor
83.915,119.936,68.633,34.377,1.08,29.567,70.806,30.125,60.202,4.161,Moderate
86.946,167.282,72.06,28.803,2.826,38.902,27.979,29.037,63.828,2.345,Poor
42.011,78.15,52.452,16.412,1.339,43.444,20.566,31.683,61.232,2.208,Moderate
30.877,35.081,35.291,25.657,2.312,5.0,20.696,25.04,52.183,5.027,Good
20.858,20.0,58.778,16.253,1.447,13.978,32.231,40.517,96.0,2.912,Moderate
55.082,85.856,13.268,39.435,1.603,31.439,25.088,23.665,18.0,3.4,Moderate
33.201,39.28,46.148,41.42,2.04,29.917,9.081,26.109,64.201,3.299,Moderate
50.196,61.36,32.001,22.43,1.806,6.156,31.597,36.731,49.699,4.122,Moderate
65.98,113.875,59.254,24.573,2.063,37.371,27.465,24.198,53.589,4.513,Poor
17.637,27.502,44.765,35.026,1.179,15.207,33.601,31.68,54.042,4.077,Moderate
82.209,157.812,22.751,45.13,2.297,33.565,43.475,20.985,50.993,4.796,Poor
59.192,101.324,42.784,19.944,1.57,31.823,46.766,17.137,43.502,3.456,Moderate
55.807,66.386,57.627,23.017,1.498,51.125,35.355,17.762,52.006,3.361,Moderate
43.187,56.148,62.71,25.33,2.255,67.874,27.921,29.36,65.834,1.528,Moderate
19.871,30.483,54.228,15.425,1.534,16.831,41.374,32.808,69.042,4.869,Moderate
53.547,48.595,25.788,10.172,1.851,5.802,39.141,24.965,70.702,4.686,Moderate
107.865,143.424,85.938,28.03,2.268,41.262,25.417,38.03,34.234,0.883,Very Poor
47.552,75.063,36.865,23.154,1.42,10.591,20.972,20.152,41.219,1.609,Moderate
13.64,20.0,42.884,11.779,1.745,36.827,23.396,32.601,26.553,4.784,Good
29.788,73.832,54.955,28.058,0.935,35.67,39.764,30.926,62.429,1.853,Moderate
40.174,61.197,51.842,21.523,1.517,61.065,20.578,22.539,18.0,2.418,Good
95.718,123.584,21.765,30.13,1.873,53.353,22.065,34.915,39.783,2.802,Poor
57.664,80.154,50.915,34.7,1.645,68.929,17.257,38.384,69.731,2.794,Moderate
104.637,148.289,35.306,21.644,1.982,52.113,28.39,22.267,63.023,0.559,Poor
105.592,164.891,40.989,11.099,2.351,15.769,24.813,18.513,50.96,0.918,Poor
67.552,123.141,64.466,25.666,2.071,34.386,17.741,27.948,37.54,0.989,Poor
75.782,143.272,36.926,35.18,1.804,12.157,29.719,27.284,59.907,1.299,Poor
47.156,66.455,35.623,13.889,0.817,38.278,20.947,22.637,29.994,3.522,Poor
38.311,75.118,50.128,40.752,1.994,49.432,38.465,30.206,25.89,0.74,Moderate
58.744,101.327,68.338,29.143,0.978,36.617,24.471,31.689,86.238,4.489,Moderate
67.072,119.472,34.6,43.777,1.874,39.796,30.187,36.741,79.595,3.788,Moderate
48.818,104.003,41.839,19.066,1.087,19.886,35.735,35.73,43.515,5.617,Moderate
49.209,65.321,75.605,21.837,1.417,5.0,10.241,21.634,46.74,3.785,Moderate
100.6,124.478,33.331,13.871,1.831,14.188,35.865,33.2,50.713,1.964,Poor
41.647,68.277,76.041,23.904,2.262,21.613,42.206,39.737,54.08,2.572,Poor
27.419,54.863,39.844,17.408,1.352,76.563,29.253,24.712,61.394,1.778,Moderate
22.229,32.247,55.865,53.539,1.576,40.441,54.021,34.023,32.285,2.398,Moderate
41.507,69.208,59.748,26.505,1.079,58.491,26.851,23.152,84.938,2.937,Moderate
32.688,39.124,65.834,28.539,0.203,40.321,40.772,32.596,74.465,2.738,Moderate
63.62,99.543,30.049,24.278,2.374,47.148,41.783,31.285,59.27,4.323,Poor
22.737,50.179,14.652,22.459,1.756,22.16,36.203,19.183,38.285,3.622,Good
120.901,247.942,78.097,31.285,3.321,39.117,32.033,27.844,51.688,3.95,Very Poor
41.874,77.292,61.504,10.588,1.947,64.69,32.02,26.657,31.424,4.386,Moderate
55.384,64.358,65.653,26.382,1.346,49.789,37.201,25.825,45.302,2.859,Moderate
52.461,74.285,55.22,27.043,2.409,23.553,25.443,34.588,40.754,2.192,Moderate
37.346,57.183,75.212,21.172,1.761,18.423,28.952,31.399,79.839,1.948,Moderate
145.912,156.702,40.585,18.07,3.086,18.512,31.197,37.738,66.665,3.205,Very Poor
67.558,96.602,43.517,35.102,1.581,19.953,19.967,23.073,60.583,4.056,Moderate
95.647,131.026,34.686,31.429,2.33,30.169,42.537,13.625,43.302,5.03,Poor
32.372,72.916,45.655,13.968,0.941,40.751,38.625,20.993,67.651,2.222,Moderate
100.542,196.415,44.397,17.269,2.326,52.191,49.752,24.456,77.719,4.852,Poor
94.148,103.669,28.821,23.16,2.066,22.864,26.199,40.397,78.281,0.732,Poor
81.016,93.681,53.841,21.919,2.256,38.33,48.438,32.658,40.315,3.206,Poor
53.364,85.257,42.785,2.0,1.753,18.156,23.141,30.218,45.463,3.619,Moderate
45.155,89.503,63.939,15.447,1.795,20.497,26.757,18.436,44.304,2.754,Moderate
51.934,88.595,47.587,29.709,1.561,34.96,26.795,35.424,76.053,3.33,Moderate
77.685,134.318,51.779,11.354,2.336,45.458,30.183,31.626,80.93,1.227,Poor
78.889,54.523,50.327,20.231,1.082,25.913,28.628,24.268,65.881,0.3,Good
88.629,131.517,28.614,36.285,2.791,16.24,26.978,31.321,84.253,5.425,Poor
105.922,147.919,44.79,21.288,1.776,51.307,48.523,26.457,22.506,3.723,Poor
28.591,40.991,41.295,14.832,1.169,63.376,23.34,42.394,51.052,1.338,Moderate
58.47,66.732,38.084,24.917,2.225,23.379,32.824,38.931,69.46,5.985,Moderate
13.027,43.743,61.05,7.609,1.107,41.09,52.305,28.081,22.488,4.027,Good
58.624,90.966,73.43,42.039,2.19,19.777,36.297,33.115,96.0,2.584,Poor
41.215,83.482,60.925,22.44,1.599,36.401,18.793,22.887,40.412,4.919,Moderate
68.594,88.908,25.261,7.451,1.551,47.691,57.401,33.934,89.541,1.652,Moderate
118.794,222.82,46.291,12.122,1.97,12.673,31.222,32.748,60.271,5.82,Very Poor
34.113,33.862,81.723,58.262,1.079,11.46,10.366,25.284,25.318,1.783,Moderate
68.942,103.362,55.485,6.733,1.65,35.081,30.245,27.679,81.614,1.925,Poor
91.66,130.482,8.174,19.322,2.056,33.587,38.438,27.691,58.746,4.609,Moderate
104.665,149.006,44.0,23.691,2.223,43.073,33.64,33.224,18.0,3.419,Poor
28.293,49.755,55.721,18.85,1.416,43.366,37.255,29.37,47.52,4.72,Moderate
56.573,87.968,50.776,42.335,1.269,48.564,32.0,19.692,64.208,3.323,Moderate
91.794,121.471,11.754,31.936,2.108,15.292,17.61,22.696,61.576,3.555,Poor
34.248,75.274,35.269,32.836,2.048,45.426,27.253,29.662,43.32,6.239,Moderate
101.782,194.513,35.663,35.774,3.279,18.021,44.802,32.94,83.482,3.298,Very Poor
59.725,91.805,71.81,20.311,1.408,15.946,32.309,39.439,68.56,6.129,Moderate
24.787,29.76,6.0,2.959,1.769,16.702,33.686,29.159,53.545,2.002,Good
78.413,113.414,45.302,52.864,1.762,42.329,36.738,25.507,50.838,3.022,Poor
34.801,29.886,48.175,26.192,1.134,41.918,38.71,35.518,62.077,2.806,Moderate
38.61,74.593,40.004,18.584,2.165,35.55,40.689,29.106,61.052,4.411,Moderate
75.601,110.722,41.474,51.237,2.28,5.0,7.761,30.183,47.625,3.354,Poor
37.92,42.043,46.711,16.447,2.907,5.0,31.182,29.392,47.502,1.048,Moderate
44.556,61.323,56.65,23.866,1.265,12.506,18.396,32.46,58.865,3.329,Moderate
90.32,139.348,54.731,37.929,2.811,44.124,27.678,34.777,49.502,5.051,Poor
41.305,59.682,39.991,12.503,1.934,14.38,35.594,36.575,28.279,1.601,Moderate
72.16,142.376,42.99,18.863,2.114,12.193,23.256,28.38,63.044,4.584,Poor
24.475,59.172,39.662,13.89,0.328,32.098,37.974,23.355,44.408,3.578,Good
112.196,164.72,53.974,26.391,2.616,33.245,15.231,24.614,70.057,2.272,Poor
88.486,104.428,31.437,13.301,1.68,38.992,48.786,34.187,42.533,4.358,Poor
71.412,135.079,86.837,20.746,1.528,42.23,15.396,18.867,58.428,3.041,Poor
19.948,27.774,18.551,26.605,1.535,20.684,20.574,29.76,77.749,3.64,Moderate
62.054,94.626,33.859,17.444,1.623,28.404,33.146,26.664,56.789,1.745,Moderate
77.841,96.664,74.331,34.325,1.677,15.594,15.65,38.554,74.796,3.777,Poor
96.691,105.688,32.529,23.81,2.203,39.095,32.74,23.452,74.667,4.294,Poor
48.606,70.983,56.644,4.869,1.561,9.636,36.143,26.79,69.981,0.962,Moderate
23.315,22.298,44.606,18.842,1.334,46.008,30.716,18.948,65.876,5.712,Good
20.219,44.172,60.315,19.091,1.054,32.304,25.651,29.477,56.199,4.793,Moderate
80.85,112.653,54.506,19.743,1.642,5.844,45.401,30.619,56.665,1.666,Poor
46.941,74.515,29.533,15.724,1.566,33.139,32.99,25.069,66.405,3.551,Moderate
28.851,75.581,37.695,30.284,1.788,5.0,41.487,30.051,64.991,1.199,Moderate
107.678,146.452,66.151,9.072,2.692,6.563,46.501,33.498,56.088,4.778,Very Poor
14.718,56.538,68.645,28.334,0.753,29.453,26.643,34.714,61.727,0.753,Moderate
189.299,271.128,66.169,46.527,3.591,46.14,27.041,32.184,34.311,0.314,Severe
100.021,155.876,61.324,29.227,1.934,43.278,29.375,40.511,72.401,1.559,Poor
111.479,185.522,53.606,23.735,2.792,39.123,30.413,28.235,52.937,0.3,Very Poor
75.082,134.282,60.818,5.645,2.478,58.13,31.405,37.141,35.872,1.339,Poor
45.754,48.907,29.372,15.066,1.445,42.552,27.788,21.596,81.583,1.767,Moderate
23.169,39.814,49.971,11.713,1.577,42.754,26.687,23.788,60.428,2.998,Moderate
125.574,193.181,96.191,27.956,1.898,16.432,32.377,24.812,40.413,0.395,Very Poor
34.272,75.065,59.075,16.222,1.518,33.257,31.566,37.454,75.327,1.995,Moderate
50.34,94.99,56.593,15.797,1.728,21.356,52.307,26.429,69.158,2.607,Moderate
50.307,70.321,30.486,17.268,1.312,25.832,28.937,30.609,48.907,1.814,Moderate
200.393,316.461,13.276,21.838,3.382,19.058,27.69,26.011,45.216,2.882,Severe
29.524,34.352,19.771,27.153,1.506,48.01,47.087,26.356,40.454,3.884,Moderate
16.721,34.588,70.074,22.089,2.266,35.083,24.201,17.53,51.836,2.444,Moderate
65.785,88.113,53.094,11.822,2.097,44.595,35.159,30.726,49.812,3.447,Moderate
192.306,254.907,6.116,35.016,3.7,14.504,50.755,27.211,69.146,4.498,Severe
33.489,51.76,6.0,15.288,2.117,40.723,31.334,22.26,72.35,1.517,Moderate
76.948,100.365,63.328,42.512,1.777,23.383,56.617,19.91,42.88,5.305,Poor
116.393,152.556,46.471,24.3,1.475,48.828,38.662,21.537,25.405,1.195,Poor
74.721,99.52,42.703,24.71,1.757,56.908,31.331,24.307,50.018,1.857,Moderate
12.94,31.295,14.15,21.825,1.743,30.433,24.239,28.264,54.541,4.002,Good
47.707,66.506,20.996,42.19,1.368,53.594,20.925,34.921,48.4,0.916,Moderate
34.04,64.894,48.682,28.702,1.277,39.462,27.737,25.993,70.187,4.642,Moderate
93.344,134.338,42.92,25.829,2.439,19.954,31.188,38.66,56.309,2.688,Poor
52.806,79.778,85.291,42.529,2.452,21.349,26.435,40.54,76.848,2.877,Poor
68.347,116.06,53.093,45.085,1.543,31.788,43.474,25.357,86.952,7.524,Poor
83.784,142.349,49.939,21.523,1.78,28.626,60.167,26.708,46.034,3.181,Poor
81.907,104.784,44.401,12.09,2.058,47.863,22.017,33.576,30.705,5.205,Poor
27.196,54.042,25.753,38.574,0.781,36.535,24.3,37.121,50.621,3.309,Moderate
51.601,93.447,42.221,36.504,1.611,62.556,52.669,33.208,76.385,1.323,Moderate
40.294,74.887,6.0,32.953,2.438,20.876,6.852,33.72,58.111,3.561,Moderate
60.545,72.452,59.384,22.142,2.007,55.057,15.499,24.316,74.657,0.827,Poor
22.327,21.309,48.072,19.86,2.034,9.111,35.395,25.611,58.23,5.268,Moderate
71.793,85.777,52.531,6.924,1.817,39.843,16.773,25.359,53.073,0.608,Moderate
71.974,95.799,54.036,24.066,2.447,39.587,13.987,20.35,39.299,4.027,Poor
73.82,75.442,14.936,24.983,2.49,33.785,40.558,27.482,68.107,4.067,Poor
50.707,82.178,60.558,48.037,2.229,34.036,48.793,24.672,37.165,0.3,Moderate
155.493,225.664,64.419,36.296,2.728,43.09,22.16,20.253,67.882,1.751,Very Poor
166.547,213.625,39.935,27.548,2.834,49.355,60.388,31.977,76.601,3.981,Very Poor
14.99,27.721,38.141,30.015,0.948,61.843,40.849,35.589,77.123,1.137,Moderate
16.29,25.118,66.98,39.167,0.91,25.987,29.378,43.923,67.001,1.558,Moderate
32.033,65.721,33.917,18.765,2.305,10.138,20.571,20.328,70.812,3.842,Moderate
40.007,58.005,38.999,33.257,2.399,32.494,26.534,39.515,42.68,5.667,Moderate
46.874,59.856,56.165,24.062,1.691,44.858,37.665,29.78,70.61,4.64,Moderate
27.116,39.203,67.166,21.376,1.84,25.62,18.912,24.39,84.635,0.3,Moderate
59.804,60.934,58.152,20.991,1.699,37.137,35.165,20.886,34.91,1.609,Moderate
134.583,187.747,58.249,19.349,1.752,5.0,28.166,29.014,43.723,1.348,Poor
54.722,99.188,57.883,33.246,2.141,58.068,23.355,29.755,65.93,2.989,Poor
49.316,78.774,55.012,26.035,0.782,32.549,49.84,22.783,58.144,0.9,Moderate
67.475,96.842,48.935,26.037,2.68,34.964,42.191,34.041,63.951,2.391,Poor
161.802,307.484,76.192,36.296,2.611,39.173,32.184,33.889,59.862,1.73,Very Poor
64.167,109.652,46.825,13.743,2.067,12.862,21.191,25.508,42.364,1.071,Poor
112.022,128.02,42.867,25.399,1.869,48.855,35.38,29.979,96.0,4.03,Poor
72.118,126.358,50.069,11.824,2.376,46.716,38.568,35.278,48.681,5.471,Moderate
31.098,78.325,41.274,22.542,2.33,62.285,54.003,28.439,40.89,3.272,Good
33.025,85.051,47.829,40.466,1.259,14.238,43.008,27.476,60.293,3.356,Moderate
8.0,26.043,32.795,20.685,1.346,53.111,12.186,38.466,59.432,2.832,Good
28.544,59.599,6.0,22.354,2.115,42.033,49.343,23.286,40.339,3.514,Moderate
125.584,207.502,29.792,39.185,2.518,44.189,53.636,28.614,65.701,6.257,Very Poor
33.12,42.633,36.104,13.567,0.87,43.371,30.732,23.192,18.0,0.762,Moderate
78.943,141.18,31.037,21.554,1.83,41.695,22.562,31.051,56.509,4.445,Poor
39.934,75.076,50.684,18.904,1.623,32.309,34.192,34.304,47.875,3.9,Moderate
45.901,66.952,47.924,6.027,1.973,63.595,37.083,38.399,41.972,4.699,Moderate
78.351,125.542,50.544,32.858,1.462,16.873,37.02,24.362,96.0,0.3,Poor
46.24,58.632,40.029,32.652,1.318,26.565,15.592,19.5,50.069,5.036,Moderate
22.208,49.54,30.466,26.719,1.069,24.468,18.558,38.805,84.189,2.432,Moderate
42.663,64.438,28.519,24.024,1.517,32.373,22.41,14.713,43.959,4.728,Moderate
87.098,83.608,26.594,18.601,2.745,38.123,24.359,27.632,51.83,4.483,Poor
83.097,127.504,51.448,49.969,2.112,34.181,34.163,33.715,48.498,3.35,Poor
46.214,104.385,57.767,25.208,1.498,50.884,34.253,31.425,46.988,2.095,Moderate
17.418,39.011,48.574,15.4,0.82,50.79,16.98,24.786,72.646,5.264,Good
17.524,23.979,47.947,27.19,1.416,17.264,39.038,28.825,26.623,2.436,Moderate
25.677,20.0,57.598,10.661,1.4,13.389,14.733,33.746,54.526,1.618,Moderate
30.688,33.655,30.045,16.981,1.885,17.07,11.722,41.034,18.0,0.3,Moderate
70.587,107.197,65.316,37.182,1.976,19.846,29.726,23.763,43.94,2.515,Poor
75.17,87.701,52.852,19.552,1.676,60.719,17.705,37.146,65.159,4.939,Poor
20.924,41.792,27.564,26.724,0.945,29.178,34.051,18.704,58.29,0.3,Good
110.53,156.453,48.903,21.73,3.813,23.784,34.193,22.421,74.716,1.471,Very Poor
72.87,99.443,55.046,24.997,1.834,56.553,37.826,28.635,51.851,0.843,Poor
48.282,53.62,49.412,21.56,1.878,63.116,27.248,33.847,69.926,1.555,Moderate
49.629,64.91,44.696,17.713,1.905,18.199,20.405,26.141,76.878,3.586,Poor
38.183,88.392,30.854,20.216,1.321,17.842,37.046,25.646,66.546,4.688,Moderate
14.496,48.781,45.004,20.627,1.295,48.626,27.524,38.883,57.751,2.308,Moderate
118.153,166.11,60.482,35.402,1.665,11.2,42.401,31.802,79.007,1.026,Poor
44.256,68.281,33.763,32.878,1.67,45.638,28.813,28.631,61.828,4.67,Moderate
125.903,171.272,68.493,34.504,1.944,31.423,30.603,38.816,55.391,2.372,Very Poor
23.932,42.92,27.49,23.552,1.665,54.586,33.757,22.21,47.671,0.3,Moderate
25.783,55.024,48.68,21.512,1.363,34.536,51.466,44.0,76.796,0.3,Moderate
78.465,104.965,42.531,18.193,1.594,46.378,26.186,29.309,68.77,4.861,Poor
50.75,67.943,35.508,21.656,1.097,37.494,22.054,33.409,74.605,2.944,Moderate
32.957,33.638,49.171,26.095,1.642,38.641,23.272,36.959,36.977,5.522,Moderate
45.181,59.799,56.391,22.274,1.575,11.557,29.789,27.641,54.666,5.087,Moderate
21.912,32.177,19.298,29.053,1.913,26.265,16.69,37.924,56.685,3.416,Moderate
47.139,65.087,51.889,15.231,1.873,18.56,30.765,17.124,62.165,6.266,Moderate
56.317,100.641,44.218,25.353,1.32,30.68,38.675,34.416,43.064,2.86,Moderate
16.794,30.287,88.479,17.411,1.373,53.727,25.513,35.527,72.294,0.885,Moderate
56.053,91.978,47.722,21.914,1.565,17.254,14.517,23.314,63.387,4.549,Moderate
137.72,170.714,39.955,20.586,2.374,40.101,41.453,31.78,69.282,3.616,Very Poor
9.679,31.574,45.831,39.229,1.743,49.655,53.468,23.466,78.36,4.996,Moderate
103.204,134.985,81.218,37.584,1.062,61.299,10.312,23.599,69.307,3.649,Poor
13.565,23.109,51.197,8.885,1.825,11.23,34.178,28.097,24.885,4.376,Moderate
56.002,80.353,93.179,18.723,2.006,40.342,57.16,30.637,62.408,2.007,Poor
43.303,82.77,64.088,31.692,0.831,69.043,7.411,36.062,54.454,3.152,Moderate
36.042,58.73,49.398,35.892,0.703,51.599,26.237,37.815,74.659,3.265,Moderate
37.594,59.611,17.778,23.005,1.392,38.267,10.924,33.551,49.652,2.453,Moderate
46.016,70.499,66.914,18.164,2.005,46.027,14.262,22.133,76.753,6.033,Moderate
27.31,60.775,54.977,38.675,1.833,45.358,38.643,30.76,39.272,3.597,Moderate
52.493,63.047,23.533,14.274,1.526,40.894,30.443,36.268,56.976,4.034,Moderate
121.65,156.506,64.357,18.25,2.584,28.698,50.086,27.926,35.326,3.272,Poor
40.998,37.073,30.845,33.661,1.121,12.08,16.386,32.322,77.921,3.999,Moderate
41.811,68.06,38.794,21.235,1.578,65.532,11.625,30.11,61.9,1.929,Moderate
57.535,101.187,24.781,36.282,1.29,25.174,2.0,24.663,78.213,4.193,Moderate
34.321,68.52,58.877,19.053,1.517,22.561,8.691,27.498,62.151,4.053,Moderate
61.769,68.053,22.55,28.873,1.801,5.0,39.474,32.386,54.977,3.161,Moderate
37.805,67.644,31.349,23.431,1.293,30.009,39.211,20.433,75.798,6.122,Moderate
53.507,86.222,85.978,22.795,1.379,33.347,37.193,26.421,49.789,2.407,Moderate
59.666,87.637,21.226,27.128,2.253,25.087,30.456,28.472,67.116,3.553,Moderate
11.104,40.542,55.195,2.287,1.63,34.825,25.789,29.12,49.443,4.785,Good
61.683,82.092,51.39,36.401,1.823,20.481,23.29,26.714,69.19,2.021,Moderate
16.726,39.634,50.498,21.836,1.102,28.34,37.919,29.816,67.999,3.474,Moderate
43.891,43.732,39.446,4.308,2.327,50.284,19.58,37.352,39.174,1.6,Poor
90.264,173.482,36.685,40.042,2.964,40.216,28.933,29.099,67.656,4.678,Poor
68.686,113.064,54.203,27.086,1.029,44.21,39.917,38.27,39.382,0.329,Poor
73.861,116.607,56.922,34.136,2.41,53.621,17.142,37.804,61.549,3.382,Very Poor
44.813,68.424,40.504,17.555,1.786,54.302,2.0,19.021,65.694,5.446,Moderate
69.202,122.995,25.532,27.971,1.628,56.744,42.226,31.19,59.238,3.542,Moderate
144.249,244.033,54.27,24.389,2.897,12.189,31.304,27.115,47.247,5.795,Very Poor
95.702,140.694,38.473,16.47,1.792,33.163,31.05,33.434,48.561,3.308,Poor
59.779,91.098,21.06,17.637,2.123,19.357,42.612,37.851,89.02,3.427,Moderate
54.865,101.806,72.877,27.217,1.236,15.061,31.233,27.072,72.054,5.244,Moderate
43.533,69.903,48.178,29.619,2.534,52.664,26.305,31.832,34.633,5.866,Poor
54.118,59.971,35.984,12.25,1.453,31.691,51.28,36.669,96.0,3.812,Moderate
68.119,114.4,38.057,18.756,1.129,54.251,53.04,26.086,61.717,6.723,Moderate
37.804,87.783,59.553,25.472,1.647,58.73,8.002,34.797,20.521,3.485,Moderate
13.168,20.0,61.728,28.502,1.148,27.757,25.143,27.016,54.42,4.441,Good
80.198,140.666,34.621,42.32,2.095,30.365,61.758,27.652,27.539,2.955,Poor
90.389,162.095,35.213,19.711,2.302,55.766,40.842,41.095,74.611,6.064,Poor
120.233,170.945,30.893,30.895,2.577,20.167,5.324,35.977,56.724,4.176,Poor
43.575,80.18,24.988,18.59,2.197,5.0,23.637,28.16,68.211,4.13,Poor
64.579,117.754,65.81,21.3,1.964,20.131,51.397,31.75,83.209,7.249,Moderate
19.058,24.425,30.651,24.771,1.358,36.053,28.728,36.678,49.008,7.853,Good
48.751,63.758,46.389,30.285,1.373,32.769,29.441,18.257,96.0,1.658,Moderate
60.375,86.259,33.81,26.078,1.758,31.666,51.667,37.106,38.776,0.566,Poor
32.526,51.775,47.327,26.969,1.595,16.793,26.456,19.01,56.052,7.45,Moderate
45.739,68.416,22.419,32.318,1.596,27.955,37.728,24.751,72.666,4.471,Moderate
41.363,68.136,79.023,33.092,1.978,55.046,28.349,32.093,71.145,2.852,Moderate
44.113,88.6,69.384,41.928,1.916,41.434,32.104,30.597,42.429,1.569,Poor
57.44,52.673,61.08,17.169,2.229,32.985,14.207,32.283,40.038,1.475,Moderate
38.632,43.697,74.144,39.002,1.83,26.063,8.468,30.516,38.374,2.628,Moderate
86.373,82.974,58.975,31.64,2.245,27.226,42.743,26.636,81.576,2.546,Poor
114.107,173.873,58.919,23.675,2.036,41.072,39.34,29.609,75.773,4.27,Poor
24.123,30.346,58.551,24.979,0.73,20.17,34.412,20.946,54.846,3.206,Good
60.995,94.868,62.372,31.212,1.976,23.847,49.041,40.101,62.203,2.779,Poor
34.303,67.869,27.771,28.161,2.076,35.333,24.379,32.931,74.481,5.004,Moderate
45.152,54.453,59.616,23.787,2.071,40.59,37.319,25.757,59.335,2.509,Good
28.721,48.69,35.743,21.665,1.418,53.525,52.531,31.005,42.139,4.882,Moderate
93.212,143.437,39.555,20.521,2.163,23.444,15.121,24.724,65.467,2.599,Poor
37.769,53.639,33.892,15.646,2.331,27.3,28.81,40.946,72.989,0.3,Moderate
9.658,20.0,24.429,27.122,1.125,11.147,45.545,40.644,55.57,2.871,Good
43.919,69.794,60.714,28.407,1.649,32.734,32.479,38.498,56.776,1.94,Moderate
90.146,109.524,35.812,26.134,2.488,38.815,46.512,26.795,64.422,4.764,Poor
29.592,43.811,37.417,12.959,0.715,21.125,22.295,36.204,57.324,4.238,Moderate
73.42,136.91,48.348,2.0,1.9,31.272,29.378,28.94,29.046,1.846,Poor
64.143,87.851,71.392,4.662,1.161,42.71,24.813,36.004,57.288,2.744,Poor
63.642,97.341,6.0,14.262,2.0,53.169,13.191,35.156,76.785,3.438,Poor
98.806,155.451,47.894,17.506,1.785,27.06,35.609,34.234,65.688,0.315,Poor
47.55,64.758,8.401,9.541,1.4,30.129,24.222,31.477,64.304,2.24,Moderate
77.433,102.234,6.0,30.143,2.459,33.885,21.93,43.153,55.323,4.092,Poor
105.784,192.491,29.896,29.754,2.681,28.785,26.545,25.928,35.655,5.856,Poor
56.068,71.473,81.686,29.337,1.306,22.802,19.569,39.886,89.635,4.163,Moderate
73.213,135.712,44.697,30.502,2.035,27.657,30.675,32.461,59.395,3.125,Poor
66.338,97.018,23.972,14.361,2.397,26.337,36.336,33.241,26.865,0.3,Moderate
47.189,79.015,56.274,19.156,1.511,62.055,31.697,31.161,65.263,0.3,Moderate
79.026,132.416,53.847,26.514,1.852,13.295,26.646,26.523,54.921,6.173,Poor
34.839,55.389,78.079,27.852,1.686,52.264,42.058,26.227,77.805,3.632,Moderate
43.694,61.727,36.821,31.852,2.047,54.054,50.798,33.305,53.217,4.817,Moderate
23.056,37.198,43.277,9.708,1.755,28.401,41.126,25.296,77.236,2.679,Moderate
80.62,114.156,41.996,23.86,1.655,43.117,42.124,22.292,65.695,4.716,Poor
70.091,75.138,63.467,30.611,1.162,29.896,32.866,21.57,75.37,3.45,Moderate
50.701,100.231,27.183,34.815,2.21,39.78,50.124,25.59,96.0,4.033,Moderate
32.612,56.178,55.644,26.009,1.257,36.572,41.739,33.928,35.422,3.241,Moderate
25.415,20.389,42.507,12.649,1.376,25.574,26.666,27.664,96.0,1.599,Good
33.809,33.006,37.124,20.453,1.695,38.477,49.843,25.215,96.0,2.824,Moderate
67.514,81.547,24.655,38.713,1.969,52.931,10.22,24.187,69.693,1.381,Moderate
17.46,34.165,86.982,9.192,1.586,21.058,34.023,24.964,52.279,6.863,Moderate
37.404,66.124,48.198,20.468,0.797,19.953,41.348,25.568,77.145,5.035,Good
66.433,111.163,26.668,34.685,1.828,39.468,24.191,28.07,63.372,2.591,Moderate
86.845,133.771,30.455,21.516,2.246,46.067,36.646,27.798,77.128,4.071,Poor
67.861,87.444,41.792,26.227,0.984,32.104,42.758,30.654,71.384,4.239,Moderate
37.678,68.578,34.954,20.633,2.096,14.45,30.807,44.0,79.268,2.206,Poor
45.516,50.208,55.04,20.664,1.366,27.858,37.127,25.83,68.622,6.433,Moderate
64.829,82.455,25.509,24.56,2.13,38.66,17.024,33.854,85.797,0.645,Poor
52.489,84.085,51.902,40.326,1.978,53.686,38.918,23.011,53.928,1.932,Moderate
12.778,20.0,48.697,23.092,1.243,5.0,46.328,40.439,81.116,4.123,Good
89.769,145.273,67.235,31.338,2.243,24.712,50.854,36.152,79.485,2.901,Poor
33.236,46.203,33.031,34.563,1.373,39.723,38.187,30.879,59.023,0.599,Moderate
69.027,108.061,53.228,42.963,1.978,55.122,33.445,35.929,57.336,1.11,Poor
57.27,87.364,25.525,23.84,2.36,29.886,23.321,31.751,86.04,4.971,Poor
41.562,49.173,50.116,27.313,2.026,53.456,37.26,25.256,51.433,1.763,Moderate
121.782,166.645,64.006,46.355,2.334,18.445,48.163,29.315,74.592,0.3,Very Poor
24.933,49.267,79.171,14.858,0.718,33.951,43.131,40.585,74.318,2.349,Moderate
39.831,69.948,6.0,30.792,2.582,21.114,21.549,34.543,80.907,0.575,Moderate
60.919,65.745,58.268,16.921,2.557,17.826,16.72,24.473,50.796,5.383,Poor
46.497,87.335,65.898,33.786,3.261,13.783,25.75,36.99,32.482,3.296,Moderate
46.252,88.878,50.032,28.64,1.142,20.061,12.537,34.751,67.99,2.203,Moderate
109.586,157.06,41.778,20.756,2.89,31.063,47.753,29.22,20.168,2.876,Poor
44.751,60.353,41.311,36.327,1.606,30.035,26.695,23.585,64.83,3.71,Moderate
77.071,62.823,66.797,12.162,1.815,34.043,7.802,28.458,54.421,3.163,Moderate
28.158,21.448,37.385,15.633,1.515,49.118,38.945,20.894,63.654,1.967,Moderate
132.43,138.254,49.408,29.739,3.334,28.044,26.289,22.501,96.0,2.103,Very Poor
40.562,32.98,60.811,18.901,1.365,26.178,20.816,28.424,90.778,2.699,Moderate
39.36,32.452,52.595,11.438,1.56,48.279,26.798,34.82,76.405,3.978,Moderate
107.301,160.258,62.006,30.246,2.58,29.788,34.337,30.908,38.279,2.733,Poor
65.81,118.596,42.473,24.737,2.006,42.76,27.969,37.009,46.992,0.3,Poor
24.976,50.894,42.153,9.292,0.698,51.297,19.046,34.094,57.835,2.347,Good
51.395,91.649,70.842,24.204,2.329,8.03,13.345,39.463,24.549,5.123,Moderate
19.306,20.0,24.693,21.036,1.61,44.861,29.556,30.886,78.539,3.273,Moderate
92.875,167.747,48.164,40.199,1.127,25.92,20.37,21.163,51.549,1.402,Poor
89.668,117.012,39.133,24.458,2.722,39.875,48.922,28.129,54.777,4.399,Poor
63.264,90.953,37.916,36.467,2.33,40.385,20.233,26.194,65.812,2.799,Very Poor
57.085,123.242,55.549,26.341,2.004,5.0,22.082,33.858,84.512,4.209,Poor
55.624,77.104,55.371,14.866,1.183,41.784,40.999,23.059,32.709,2.653,Moderate
25.235,48.588,67.06,36.962,1.841,18.492,16.215,44.0,77.754,0.783,Moderate
46.065,89.377,31.115,34.8,1.449,33.583,29.715,35.934,48.045,4.23,Moderate
68.087,122.216,40.85,30.826,2.061,28.92,41.605,30.34,18.0,2.1,Poor
61.045,90.273,16.902,18.426,1.791,5.0,46.228,28.77,34.723,2.753,Moderate
54.587,118.429,62.841,17.07,1.125,54.919,44.272,34.465,77.751,1.154,Moderate
10.245,33.208,41.281,22.94,1.709,36.429,2.0,31.51,32.971,4.903,Good
10.395,20.0,39.705,13.717,1.427,22.05,40.866,27.92,75.606,2.887,Moderate
79.945,134.766,57.549,29.77,2.441,56.664,56.857,30.058,32.181,2.569,Poor
49.795,92.852,65.751,20.355,1.844,47.518,24.204,30.403,72.846,3.785,Moderate
62.917,82.928,24.017,35.276,1.712,5.0,39.483,34.193,36.198,4.059,Moderate
87.39,157.176,25.215,48.37,2.378,13.514,27.738,36.978,79.056,3.781,Poor
27.775,45.995,12.562,38.56,0.733,38.81,53.397,41.986,52.536,1.901,Moderate
39.505,72.039,25.834,13.514,2.197,43.602,10.15,26.309,56.199,4.164,Moderate
67.959,128.081,14.469,9.81,1.887,41.504,27.181,28.508,37.44,2.394,Poor
47.28,84.847,38.323,35.907,1.812,34.742,26.293,39.759,45.414,3.05,Moderate
42.45,75.475,60.102,17.836,1.811,46.163,38.643,21.248,58.459,1.015,Moderate
58.276,88.343,53.836,18.691,0.838,36.359,39.648,22.973,38.336,2.351,Moderate
64.632,90.89,50.218,26.038,2.148,25.149,45.45,21.653,45.953,3.55,Good
11.03,20.0,25.382,10.957,1.77,64.926,7.809,34.034,61.319,2.633,Moderate
116.063,134.629,67.75,20.118,2.539,27.478,63.731,41.251,69.408,2.162,Very Poor
33.03,43.889,58.994,26.056,2.372,38.413,33.045,16.24,72.992,4.519,Moderate
89.796,131.526,37.868,26.759,2.02,25.6,37.562,36.041,57.787,3.614,Poor
85.886,141.09,63.218,14.905,2.432,31.642,41.221,33.874,35.708,2.246,Poor
26.442,49.207,16.872,16.89,2.746,10.258,32.071,33.77,61.952,3.404,Moderate
66.591,80.871,29.346,19.439,2.468,32.848,19.955,30.135,47.87,6.532,Poor
76.224,128.722,57.788,28.758,0.563,18.129,26.792,36.232,43.487,5.239,Moderate
27.606,62.441,41.529,26.233,0.758,26.415,20.912,25.164,19.992,4.528,Good
47.163,81.602,32.695,34.968,1.699,61.845,37.438,27.035,78.865,3.259,Moderate
104.403,166.845,45.635,10.86,2.367,57.393,49.045,39.617,43.602,4.217,Poor
25.952,35.327,46.553,12.012,1.384,29.315,42.18,37.208,58.32,4.358,Good
12.488,20.0,35.602,27.918,0.2,27.293,13.025,29.836,78.899,1.87,Good
57.379,96.012,86.634,50.707,1.754,49.738,39.453,29.735,68.687,3.188,Moderate
23.844,31.098,45.583,19.025,1.141,53.411,37.956,20.283,36.33,2.572,Good
54.333,72.563,26.88,26.672,1.819,39.366,22.386,19.866,95.852,6.48,Moderate
43.355,49.089,60.117,20.721,1.943,26.567,31.277,31.841,80.311,4.231,Moderate
56.345,103.546,36.404,35.613,1.443,48.386,31.925,30.113,39.537,0.3,Moderate
64.033,97.0,29.805,28.222,1.483,17.346,39.286,39.597,56.883,2.47,Moderate
40.194,60.741,65.889,11.999,1.296,40.35,25.057,41.862,95.336,2.536,Moderate
13.371,20.0,49.606,40.902,0.58,37.88,47.126,24.753,88.512,4.463,Good
85.016,116.188,25.366,38.865,2.153,25.753,18.47,40.25,64.367,5.414,Poor
53.002,88.925,35.886,33.099,2.012,24.794,38.624,32.632,51.756,0.528,Moderate
8.0,29.158,8.266,22.697,0.772,48.002,39.325,26.627,56.277,2.096,Good
31.978,60.634,38.32,32.331,1.973,20.744,29.597,41.449,48.799,0.3,Moderate
43.13,38.153,67.175,25.112,0.92,40.997,50.409,16.568,39.024,1.03,Moderate
64.753,55.689,38.612,11.84,1.91,39.717,37.589,29.176,60.558,2.729,Poor
40.863,88.4,19.278,18.041,1.258,28.17,49.504,30.756,57.342,3.773,Poor
74.655,93.829,14.846,25.04,1.572,14.552,11.069,38.222,67.988,0.86,Moderate
64.741,83.857,88.177,18.318,2.239,68.673,22.708,32.401,45.885,2.459,Moderate
33.319,62.069,22.971,34.749,1.493,24.625,33.582,30.656,46.106,2.933,Moderate
38.063,46.542,30.577,22.978,1.476,39.978,25.804,25.7,71.872,2.342,Moderate
66.218,88.523,97.547,5.978,2.062,12.604,37.727,23.262,32.77,3.353,Poor
76.015,93.069,73.514,19.379,2.436,62.932,42.187,28.333,91.499,1.62,Poor
41.692,57.964,26.963,25.014,0.658,49.114,31.211,32.233,61.449,2.305,Moderate
64.291,50.206,45.964,20.24,1.358,24.888,8.934,19.649,48.051,5.389,Moderate
61.282,101.303,38.695,28.002,2.708,34.114,45.844,24.74,61.874,1.323,Poor
26.248,41.827,32.35,28.414,2.454,24.73,57.213,37.582,70.526,1.632,Moderate
70.35,110.17,90.691,32.729,1.349,36.965,24.23,31.784,85.221,3.628,Poor
69.502,119.819,47.141,16.544,2.522,24.1,36.412,25.66,22.398,0.847,Very Poor
78.996,131.74,44.908,21.356,1.867,5.0,11.621,36.501,62.62,2.832,Poor
64.858,90.985,54.951,23.61,2.137,42.609,54.17,33.73,65.737,6.001,Moderate
56.734,91.16,57.958,34.501,1.399,37.118,21.086,35.734,83.022,2.752,Moderate
110.358,210.094,35.384,30.606,2.46,33.089,34.672,35.388,62.746,4.716,Severe
19.679,20.0,50.706,33.25,1.065,38.25,24.036,23.097,47.6,2.345,Good
8.0,42.898,42.494,37.551,1.417,27.057,31.676,32.474,64.6,2.737,Good
24.969,27.023,18.712,7.964,1.124,47.983,23.174,29.656,68.499,3.95,Good
45.624,74.811,42.391,12.367,2.805,27.667,38.328,24.496,56.04,2.976,Moderate
49.845,82.392,32.155,11.756,2.244,45.631,22.826,26.874,84.671,3.864,Moderate
27.856,50.487,34.962,26.517,2.185,49.721,43.706,27.641,32.991,6.269,Moderate
71.969,118.563,41.973,17.998,1.936,15.645,42.57,26.623,27.814,1.301,Poor
19.772,29.718,44.606,24.571,0.822,51.609,37.897,33.443,86.388,2.69,Good
35.303,63.61,43.811,24.865,1.693,24.239,32.129,14.328,18.0,5.329,Moderate
43.122,78.706,29.191,18.401,1.829,43.146,16.695,24.157,48.024,5.77,Moderate
199.201,284.234,96.182,26.055,2.879,29.247,33.83,29.78,58.982,4.675,Very Poor
102.551,136.947,46.991,12.545,2.329,26.684,52.828,28.663,72.186,5.352,Poor
63.159,49.757,53.804,16.717,1.383,25.271,27.135,21.531,68.251,4.531,Moderate
87.046,144.165,39.241,21.022,2.669,23.115,40.753,30.963,59.399,1.446,Poor
64.187,45.093,53.204,2.0,1.796,18.379,48.276,29.918,39.4,4.274,Moderate
54.531,81.3,37.444,37.109,2.47,19.139,17.984,25.705,38.803,4.908,Moderate
12.329,35.989,77.179,26.457,1.003,37.047,25.267,24.271,69.244,1.773,Moderate
41.75,55.333,22.068,37.066,1.963,43.411,33.763,29.868,77.666,1.645,Moderate
72.454,77.367,47.672,28.677,1.607,54.166,19.902,27.111,72.013,5.21,Moderate
49.749,86.143,41.266,36.138,1.388,45.515,48.157,23.995,54.675,2.911,Moderate
22.897,63.169,46.534,2.0,1.381,67.233,2.129,27.474,80.124,5.203,Moderate
31.264,66.001,36.278,21.167,1.317,31.421,46.616,16.793,90.642,2.647,Moderate
63.756,103.827,53.669,16.16,1.746,51.133,45.95,30.36,81.912,5.384,Moderate
13.566,20.242,65.276,8.086,0.361,18.05,18.172,23.505,82.367,3.637,Good
50.351,67.767,53.873,4.751,2.144,35.645,28.664,36.714,72.561,4.562,Moderate
28.347,29.663,36.832,23.923,1.899,31.54,13.174,26.745,38.177,4.014,Moderate
79.094,115.853,54.952,23.142,2.567,32.444,41.089,38.362,54.207,0.3,Poor
19.665,29.567,21.422,17.95,2.137,8.767,41.111,23.877,56.979,3.812,Moderate
34.349,42.263,40.983,35.826,1.345,28.989,32.076,35.154,78.106,2.724,Moderate
134.0,122.969,44.0,20.224,2.157,32.904,37.32,22.614,49.818,2.364,Very Poor
91.013,135.946,64.709,37.989,1.859,38.393,30.013,39.135,67.081,0.653,Poor
52.665,96.701,62.85,36.285,2.117,61.188,32.498,31.804,88.111,1.165,Poor
15.18,22.927,48.104,19.03,0.537,48.395,57.219,22.732,40.766,3.567,Good
88.905,120.794,100.47,28.211,1.568,45.742,47.161,29.658,42.801,4.042,Poor
127.795,192.937,24.225,32.202,2.717,59.03,17.148,24.745,85.477,3.011,Poor
53.508,48.034,38.317,38.47,1.365,17.584,31.146,38.306,63.662,0.3,Moderate
78.71,120.777,42.943,24.109,2.248,39.925,30.071,34.396,51.088,4.658,Poor
66.198,109.25,50.981,34.934,2.878,54.787,37.902,38.522,54.933,6.083,Poor
50.042,75.11,40.707,26.029,2.067,28.976,47.151,43.003,33.372,4.543,Moderate
66.73,105.774,23.498,21.692,2.365,13.009,30.216,43.511,59.174,4.577,Poor
117.04,183.28,56.59,13.361,1.944,10.479,30.452,25.655,55.574,3.052,Poor
52.125,93.012,65.144,26.938,1.384,5.542,37.873,23.259,80.285,4.979,Moderate
64.616,82.245,25.385,17.83,1.346,13.013,12.73,28.394,89.088,5.664,Moderate
32.345,32.681,57.261,11.476,1.133,24.869,24.317,36.988,78.879,5.759,Good
65.53,57.049,58.174,30.969,2.698,51.709,28.508,32.722,37.364,5.344,Moderate
58.64,85.167,19.881,19.338,2.936,26.992,24.054,20.328,64.763,2.314,Very Poor
47.747,74.857,74.474,15.658,1.468,52.593,54.447,18.46,66.864,5.39,Moderate
51.514,69.993,40.052,6.716,0.863,13.756,28.359,28.007,18.0,2.107,Moderate
109.915,152.855,66.096,34.246,2.323,45.853,29.808,23.562,70.47,4.888,Poor
32.848,57.867,32.661,17.2,1.02,32.034,23.789,21.906,56.214,3.047,Good
56.906,101.458,41.952,15.072,2.712,28.954,50.607,32.698,83.552,3.099,Poor
58.37,62.464,58.072,13.135,2.5,33.13,36.605,38.873,52.151,3.312,Poor
94.117,146.846,79.744,26.796,2.53,36.263,38.628,24.721,47.887,0.3,Poor
34.709,45.658,43.787,30.458,1.898,25.603,35.149,30.961,84.917,4.577,Moderate
86.556,145.876,90.378,25.289,1.872,18.152,17.571,32.347,23.155,0.3,Poor
86.971,124.518,60.502,20.949,2.094,47.748,65.282,20.005,58.981,3.821,Moderate
51.725,53.625,61.117,22.759,2.061,41.28,40.938,30.901,71.962,2.337,Moderate
69.468,113.911,55.323,6.33,2.511,45.37,42.205,16.445,50.313,3.444,Poor
49.447,71.998,22.217,47.964,1.736,41.523,45.416,16.852,61.95,3.908,Moderate
15.736,36.008,77.936,20.88,0.819,47.63,36.835,32.209,74.985,4.236,Good
28.149,39.742,88.57,11.185,1.301,5.986,27.996,35.338,43.411,5.276,Moderate
8.0,20.0,9.896,16.647,0.755,8.795,33.552,24.678,45.408,4.773,Good
103.353,179.225,62.306,37.181,2.26,26.558,32.628,22.948,61.095,5.854,Poor
13.248,20.0,36.863,2.0,1.455,39.435,23.371,30.922,42.462,3.063,Good
74.795,111.721,34.256,20.651,3.034,32.767,52.768,23.937,56.249,1.842,Poor
52.09,79.903,34.775,25.204,1.957,38.705,39.297,38.486,61.742,3.331,Moderate
36.533,56.33,47.696,20.58,1.453,48.184,37.249,23.421,25.801,2.954,Moderate
21.854,41.751,38.16,32.104,0.227,11.198,28.011,40.091,47.577,5.735,Good
51.62,56.006,55.121,40.133,2.183,38.52,26.605,26.578,64.063,3.401,Moderate
48.094,90.865,13.773,16.987,1.71,60.686,49.487,33.67,31.274,2.026,Moderate
8.0,22.502,44.171,18.143,1.87,47.948,21.65,30.516,61.186,4.456,Moderate
47.134,36.282,73.194,12.996,1.887,28.412,49.739,23.877,74.588,0.3,Moderate
36.698,39.682,59.445,6.312,1.055,35.224,42.415,23.695,77.46,3.657,Moderate
17.106,33.87,34.227,30.707,1.522,25.71,24.383,21.383,64.419,3.361,Moderate
104.731,129.424,41.459,26.925,2.039,19.757,44.758,27.088,74.61,2.438,Poor
62.982,95.268,30.245,27.192,2.442,45.844,22.987,21.084,76.851,3.832,Poor
82.363,130.816,31.155,14.396,1.896,40.911,38.458,25.276,93.659,2.212,Poor
89.146,145.06,38.593,26.188,2.27,23.278,24.086,28.772,59.527,1.489,Poor
37.821,56.537,50.098,36.453,1.415,18.83,16.893,16.825,47.086,0.74,Moderate
22.225,43.651,47.851,34.498,1.13,38.642,21.664,30.986,81.328,0.3,Good
25.067,33.879,37.823,8.599,1.067,55.18,36.043,27.519,40.947,1.154,Moderate
59.328,71.765,66.505,30.174,1.645,38.877,42.882,36.361,53.632,4.299,Moderate
74.488,131.482,38.992,31.431,1.46,34.099,54.941,23.521,53.232,4.081,Moderate
95.789,136.913,29.361,29.325,1.891,40.063,48.478,31.372,87.405,4.57,Poor
30.906,55.6,72.447,2.565,1.295,32.175,30.21,29.948,46.318,5.388,Moderate
8.944,27.347,47.211,30.239,1.597,28.755,18.587,19.765,64.193,4.446,Good
21.273,42.22,42.844,14.423,1.74,52.734,22.806,24.652,48.547,6.451,Moderate
56.252,81.459,54.53,34.061,2.034,33.396,29.24,29.088,77.109,3.199,Moderate
56.953,51.311,45.939,42.598,1.262,40.881,24.025,40.491,76.712,4.442,Moderate
136.052,183.131,19.06,22.355,2.258,16.784,43.374,28.48,37.56,0.337,Very Poor
31.444,74.043,58.646,26.12,1.619,32.764,28.486,27.878,39.159,5.11,Moderate
56.232,82.33,6.0,40.696,1.959,49.049,43.703,27.414,22.761,2.73,Moderate
67.356,87.606,60.314,43.436,1.562,42.207,42.269,20.195,21.373,3.035,Moderate
18.068,37.315,12.281,24.374,1.371,19.207,44.549,27.904,52.87,3.097,Moderate
51.97,44.122,42.494,6.43,1.137,31.579,22.709,20.064,42.732,3.051,Moderate
50.195,73.953,53.497,15.14,0.963,33.686,34.685,26.492,45.689,1.829,Moderate
15.839,46.752,65.994,31.115,1.566,48.272,34.948,27.976,26.645,4.028,Moderate
23.743,21.097,49.736,28.758,1.221,15.359,31.461,39.957,56.928,2.697,Moderate
24.929,58.262,45.314,41.828,1.832,30.032,24.987,19.087,33.368,5.098,Moderate
43.851,57.28,40.906,28.302,1.695,24.822,24.896,22.004,58.388,3.149,Moderate
25.74,35.639,33.995,33.862,1.979,31.532,20.526,21.132,58.578,2.117,Moderate
32.807,41.272,46.636,45.997,1.893,35.302,15.615,27.94,70.895,3.542,Moderate
100.348,70.104,76.462,36.531,2.487,24.103,21.431,30.419,46.694,2.411,Poor
69.431,77.15,28.152,39.176,1.668,42.874,40.33,29.399,67.964,2.244,Poor
22.15,38.73,75.139,24.277,1.769,48.665,40.282,38.853,57.537,3.016,Moderate
92.129,162.586,60.221,24.75,2.42,44.127,31.653,31.883,73.276,4.574,Poor
40.09,72.45,68.469,28.599,2.011,43.202,29.367,24.141,64.853,2.626,Moderate
90.519,125.56,8.346,24.203,2.248,11.944,34.273,39.984,71.644,3.552,Poor
88.567,130.432,61.851,25.15,1.708,36.199,45.296,23.717,56.357,1.477,Moderate
46.21,81.902,48.988,21.013,1.315,42.003,14.228,18.62,59.442,3.26,Moderate
48.103,47.219,49.501,30.569,2.059,25.244,22.481,32.391,71.561,2.917,Moderate
34.324,50.03,29.126,22.49,0.624,37.719,36.966,25.374,42.901,3.823,Good
93.995,133.554,57.18,15.673,3.058,37.969,28.341,15.882,18.0,0.651,Poor
70.319,163.303,71.335,25.797,1.904,23.492,16.531,29.875,55.933,3.335,Very Poor
133.598,178.248,43.01,23.648,2.646,50.12,30.936,30.042,90.656,3.219,Very Poor
27.213,69.329,30.719,33.837,2.232,37.271,34.922,28.816,32.033,4.476,Moderate
41.936,64.09,47.862,18.379,2.093,7.529,40.17,26.339,50.004,2.634,Moderate
66.112,128.845,64.864,21.849,1.859,13.087,27.258,32.547,42.703,2.503,Poor
77.057,92.642,67.158,29.902,1.76,5.0,10.02,21.389,53.96,2.747,Good
59.878,89.782,55.065,35.372,1.017,56.797,9.502,25.986,67.179,2.715,Moderate
75.065,75.668,37.809,19.17,2.044,35.85,43.57,24.049,80.793,6.22,Poor
71.421,89.744,53.527,28.157,1.902,49.371,36.535,25.273,64.318,1.456,Poor
42.735,89.413,36.312,34.416,1.424,29.355,32.352,32.524,35.418,1.706,Moderate
33.194,44.476,76.472,19.065,1.694,16.76,49.483,20.805,36.119,0.3,Moderate
58.448,76.86,35.479,25.469,1.486,40.162,27.972,22.983,48.366,5.345,Moderate
75.039,136.643,20.443,17.781,1.349,35.387,23.685,32.19,49.943,3.011,Moderate
50.584,78.437,72.132,21.437,1.674,44.686,34.956,28.623,38.51,0.3,Poor
21.794,46.179,71.934,37.437,1.252,19.468,55.312,24.241,83.34,2.767,Moderate
56.448,71.493,46.818,15.487,2.467,29.014,21.168,37.287,40.737,3.638,Poor
38.191,77.009,42.972,19.161,1.925,5.0,15.699,17.582,75.931,0.3,Moderate
16.069,39.693,28.761,24.207,1.114,11.786,46.053,33.215,79.052,2.544,Good
15.19,46.269,29.037,21.633,1.447,39.56,27.542,31.562,54.273,1.078,Moderate
74.28,120.221,49.642,20.664,2.897,49.397,18.011,30.087,87.102,3.703,Poor
81.142,132.097,26.107,19.307,2.279,41.316,10.032,24.935,57.048,5.47,Poor
124.727,185.911,56.962,27.087,2.657,38.341,35.197,34.25,22.907,3.259,Very Poor
53.909,88.92,61.518,34.396,1.931,5.0,9.959,23.563,57.539,3.14,Poor
57.882,72.171,42.892,6.896,1.521,17.612,41.225,25.9,50.704,3.431,Moderate
49.309,92.415,42.817,38.052,1.102,39.155,37.895,27.835,66.509,3.455,Moderate
16.136,31.581,49.209,25.316,2.52,34.106,33.606,18.377,96.0,0.675,Moderate
16.555,52.628,38.063,19.861,1.182,41.826,37.442,22.646,67.787,4.211,Good
20.169,31.812,71.397,9.398,1.147,27.327,28.631,36.736,75.743,5.085,Moderate
43.941,68.083,54.827,9.641,1.087,46.324,21.508,17.118,24.774,1.138,Moderate
47.359,66.779,30.322,19.673,1.143,32.834,34.431,40.089,33.752,3.182,Moderate
19.565,34.737,10.145,28.644,0.741,17.559,29.876,25.57,55.64,1.655,Good
82.914,113.064,62.911,24.132,2.065,24.02,22.002,27.368,89.343,1.422,Poor
34.065,77.451,41.18,9.073,2.359,8.251,15.991,23.972,73.279,4.626,Moderate
19.316,41.049,79.602,15.811,1.908,20.319,14.531,31.944,88.395,1.056,Moderate
105.065,111.604,30.384,20.831,2.463,49.199,13.515,34.67,47.054,3.75,Poor
112.033,136.13,47.987,15.638,1.82,30.797,14.626,38.483,44.735,4.089,Poor
119.465,134.294,36.551,31.896,2.661,26.915,13.762,28.708,75.125,5.232,Poor
32.397,67.033,45.617,27.416,1.992,14.096,35.815,20.661,74.489,4.839,Moderate
36.532,56.673,42.878,27.906,1.273,8.09,39.838,34.514,80.833,5.108,Moderate
52.282,77.399,42.188,24.405,2.412,40.774,2.0,20.552,35.766,2.599,Poor
27.672,28.234,16.552,38.556,1.347,14.851,20.332,41.909,74.376,2.274,Moderate
24.41,57.227,66.447,38.57,1.344,48.819,33.784,25.953,50.512,8.287,Good
71.113,98.579,54.33,33.655,2.208,13.012,30.325,40.698,65.405,3.054,Poor
56.578,74.341,71.479,40.319,1.812,28.955,48.839,33.57,83.104,0.591,Moderate
59.722,82.48,43.528,29.239,1.084,43.36,9.604,12.104,69.287,6.631,Moderate
42.284,79.229,44.73,15.3,1.662,8.114,45.38,40.77,30.364,3.474,Moderate
25.704,45.875,46.318,2.391,1.928,24.115,29.812,22.491,37.934,5.665,Moderate
61.446,90.561,48.561,28.714,1.844,47.23,14.289,34.398,56.548,2.549,Moderate
78.487,136.614,51.736,26.515,2.337,52.681,21.977,22.491,66.223,4.368,Poor
49.462,70.022,46.437,20.97,1.416,17.226,15.462,27.358,47.534,4.866,Moderate
43.827,77.8,39.679,39.563,1.771,27.87,34.037,25.843,38.772,2.836,Moderate
71.127,86.774,16.336,19.873,1.939,52.189,7.105,25.978,36.898,4.246,Moderate
20.157,21.578,51.839,19.901,1.423,41.796,41.276,29.598,18.0,5.473,Moderate
46.792,61.709,61.451,23.46,1.973,20.482,21.283,28.687,77.566,1.706,Moderate
86.739,138.832,57.471,15.42,1.189,20.667,47.019,25.689,85.323,0.768,Poor
32.088,47.399,55.043,18.31,2.276,14.826,14.69,26.632,85.468,5.091,Moderate
13.468,32.336,95.161,30.753,1.046,49.166,7.035,23.722,93.048,2.924,Moderate
101.093,109.11,40.059,25.041,2.234,37.394,34.863,33.022,23.682,4.541,Poor
31.427,40.822,50.568,26.054,2.708,14.021,37.866,25.132,34.049,4.111,Moderate
16.874,42.96,32.568,23.572,0.932,20.265,23.375,35.974,55.956,3.43,Good
51.196,68.066,47.298,19.45,1.364,37.351,36.987,22.927,56.018,2.209,Moderate
148.714,160.808,31.16,32.504,2.888,22.84,44.732,34.52,28.796,2.455,Very Poor
47.327,93.998,59.255,15.171,2.025,40.783,35.588,25.277,65.941,6.617,Moderate
64.886,106.765,36.138,20.647,2.423,31.571,19.779,29.36,73.601,1.012,Poor
106.914,133.346,53.593,29.508,2.472,44.217,47.62,32.545,96.0,3.436,Very Poor
49.406,46.412,56.382,12.174,2.378,38.893,23.232,29.141,45.095,2.374,Moderate
26.082,46.659,58.896,15.155,1.453,26.023,5.317,33.758,95.504,3.159,Moderate
38.23,37.782,64.179,20.835,1.107,46.254,41.789,33.632,96.0,0.817,Moderate
58.842,109.606,49.983,13.576,1.508,49.995,20.401,32.345,23.278,3.861,Moderate
70.725,82.908,36.448,20.7,1.659,67.862,40.525,29.391,96.0,3.985,Moderate
92.705,112.152,67.764,31.046,2.403,35.356,30.092,28.812,60.727,3.489,Poor
56.832,77.872,18.566,39.758,1.744,47.924,31.693,32.837,58.073,4.432,Moderate
85.89,69.654,33.192,12.293,1.871,13.247,20.453,39.789,18.0,0.647,Moderate
71.836,116.565,31.183,31.094,1.849,18.53,32.499,32.881,34.823,3.317,Moderate
14.085,47.308,45.934,32.306,1.513,63.003,55.379,24.347,36.301,5.997,Moderate
43.384,76.042,10.099,27.654,1.319,31.353,36.864,39.324,49.917,3.897,Moderate
21.635,38.268,44.066,30.072,1.209,22.771,33.88,30.847,72.602,5.898,Moderate
44.838,29.652,51.739,20.02,2.149,28.536,18.165,41.286,49.047,2.228,Moderate
113.023,152.444,35.829,29.594,1.945,42.669,17.978,34.083,31.293,2.214,Poor
46.04,89.563,6.0,26.59,1.418,51.938,42.273,32.956,48.909,3.016,Moderate
34.699,61.629,30.442,12.798,1.889,52.761,35.099,35.042,96.0,5.025,Moderate
54.682,67.369,41.08,26.783,2.257,53.737,49.373,30.439,71.379,4.593,Moderate
24.948,27.234,40.638,25.833,0.964,5.0,55.954,19.634,20.269,4.244,Good
113.388,192.091,47.012,51.7,2.788,31.404,31.738,19.963,32.518,1.32,Very Poor
36.185,31.267,56.824,18.213,0.909,31.143,35.219,28.72,37.01,0.923,Poor
46.193,74.153,31.723,37.491,0.811,40.178,55.157,26.555,58.185,2.279,Moderate
19.266,45.078,52.013,6.688,1.061,13.939,14.604,35.017,41.632,4.03,Good
22.61,20.0,79.992,25.512,1.61,43.67,16.021,33.606,70.263,3.405,Moderate
26.154,45.273,53.555,8.692,1.774,15.682,40.813,30.01,44.281,3.484,Moderate
88.315,123.105,51.912,11.973,2.723,16.715,11.261,25.388,38.913,1.784,Moderate
76.137,118.149,25.543,21.223,1.381,32.066,34.935,29.671,61.487,3.489,Poor
126.318,207.849,35.759,15.662,2.869,35.954,20.561,16.204,86.019,1.063,Very Poor
64.213,53.345,30.76,15.192,2.89,19.812,38.306,21.795,76.464,1.352,Poor
70.039,115.695,75.638,5.502,1.883,49.741,36.717,20.478,36.542,1.662,Poor
37.884,75.69,62.077,41.761,1.682,38.273,45.661,36.578,78.751,2.243,Moderate
19.891,35.976,61.556,11.647,0.813,52.211,43.685,31.209,44.859,3.804,Moderate
24.913,37.916,45.497,18.592,1.052,43.273,22.682,20.399,68.689,4.912,Good
44.349,72.777,25.204,20.655,2.002,49.3,24.13,29.17,55.777,2.953,Moderate
53.692,99.0,46.609,26.644,1.74,39.284,8.151,29.15,74.805,0.3,Moderate
61.156,116.005,32.679,24.539,1.326,55.596,32.714,39.346,30.987,2.983,Poor
66.061,63.228,6.0,47.259,1.091,32.138,29.732,20.23,74.856,4.041,Moderate
76.492,100.285,54.704,31.581,2.1,21.045,40.559,35.046,69.018,2.625,Poor
90.342,94.123,55.34,17.672,2.647,43.323,43.386,44.0,70.995,6.466,Poor
32.842,48.908,44.261,13.214,0.686,52.074,24.643,30.148,56.039,5.665,Moderate
65.802,79.729,41.597,25.792,2.108,52.217,43.436,26.757,87.122,2.55,Poor
56.224,89.198,75.747,34.675,1.62,42.385,46.094,32.937,63.025,4.491,Moderate
18.463,48.21,39.219,14.835,1.389,36.32,44.232,18.684,93.884,3.982,Moderate
17.01,21.897,24.004,28.184,0.932,46.283,34.483,16.946,56.775,4.058,Good
64.449,79.235,19.877,12.331,2.604,31.47,32.58,37.541,59.678,1.579,Poor
74.073,108.274,62.219,19.485,1.971,34.273,54.533,25.091,68.099,4.015,Poor
32.99,56.24,36.579,32.348,1.297,22.807,46.815,34.472,65.162,3.987,Moderate
53.511,50.684,15.713,12.712,1.744,60.132,38.919,26.818,48.649,4.932,Moderate
78.411,87.598,34.741,14.896,1.938,49.825,46.931,31.821,75.32,5.537,Moderate
41.881,56.723,48.287,13.834,2.157,30.932,7.711,30.872,76.856,3.9,Moderate
49.104,46.854,39.017,20.679,0.963,28.206,54.792,31.793,79.312,4.135,Moderate
60.617,96.528,46.033,30.917,1.591,41.586,25.012,30.275,44.09,0.666,Moderate
60.776,94.675,31.605,23.397,1.426,48.811,35.359,23.401,83.528,0.558,Moderate
70.107,87.703,38.169,13.143,2.319,27.5,34.441,28.665,70.941,2.795,Poor
56.789,76.488,41.004,25.498,2.072,21.538,23.283,25.823,45.993,5.527,Moderate
45.395,79.34,49.151,44.255,1.672,51.257,32.47,30.55,80.743,2.824,Moderate
75.301,101.35,17.153,19.753,1.826,17.882,22.938,22.949,71.951,6.9,Moderate
36.734,44.261,47.205,9.419,0.912,25.217,36.793,18.084,48.661,0.999,Moderate
51.541,88.116,51.484,15.243,2.686,20.248,6.325,34.077,77.773,4.242,Poor
33.311,97.298,37.215,27.997,1.217,41.161,35.441,31.72,36.94,2.409,Moderate
74.266,111.845,67.91,19.297,1.552,53.155,33.514,28.956,64.467,6.052,Poor
79.024,94.234,37.39,10.473,2.175,37.782,31.072,32.901,37.899,0.66,Poor
71.412,111.243,45.834,25.478,1.721,77.479,35.906,17.506,56.965,3.856,Poor
105.423,145.619,52.54,18.601,3.152,43.604,14.638,34.757,39.555,2.97,Very Poor
75.499,119.926,33.371,23.296,1.317,48.648,25.822,33.071,73.481,5.363,Moderate
41.439,59.261,51.059,30.719,2.546,32.132,32.56,32.823,30.319,2.779,Moderate
63.036,79.04,33.472,29.433,2.013,41.078,29.007,37.45,30.806,2.267,Poor
121.307,181.692,64.355,30.315,2.801,20.858,36.791,28.227,50.263,2.231,Very Poor
33.293,44.366,74.055,18.035,1.378,16.064,31.223,32.453,45.084,3.933,Moderate
68.347,112.745,55.86,33.65,2.161,47.078,33.735,23.024,86.841,3.305,Poor
17.765,54.946,44.889,32.903,0.992,5.0,32.011,33.916,78.726,2.265,Good
41.362,56.984,57.817,26.927,1.609,15.528,25.701,24.766,53.884,1.538,Moderate
83.561,115.922,35.095,17.508,2.193,14.155,18.765,28.939,53.251,3.405,Poor
61.443,86.912,59.103,14.682,2.085,44.941,52.573,30.638,21.58,0.3,Poor
73.617,127.364,20.151,32.801,1.42,30.903,40.522,29.136,62.671,1.712,Moderate
29.788,36.134,67.31,36.79,1.685,37.876,20.518,34.106,41.382,3.709,Moderate
60.504,97.24,51.428,18.368,1.402,38.933,36.433,28.92,61.232,3.686,Moderate
142.74,225.118,66.14,21.477,2.617,46.193,42.155,31.98,50.077,0.3,Very Poor
80.427,115.766,28.353,20.9,1.834,32.415,29.789,41.876,72.446,1.977,Poor
72.713,104.346,78.046,21.93,1.736,35.571,37.997,27.11,86.162,1.909,Poor
92.05,119.411,41.095,29.861,0.754,19.907,41.355,28.215,58.971,3.816,Poor
51.231,75.035,77.492,33.358,1.479,29.221,5.165,31.337,59.055,5.17,Moderate
48.203,88.6,36.99,24.856,2.116,11.227,33.271,31.68,61.803,2.7,Moderate
58.741,71.852,21.119,20.664,0.897,5.0,15.211,28.064,39.562,2.81,Moderate
24.653,33.822,49.61,23.281,1.001,26.767,52.363,33.939,65.487,5.434,Good
120.789,181.825,65.66,21.741,2.414,29.137,33.216,27.613,47.487,5.336,Very Poor
75.305,146.181,26.155,33.982,2.626,31.882,40.945,27.316,64.826,2.248,Poor
93.15,107.407,36.875,32.889,1.996,40.813,41.933,41.287,66.395,2.483,Poor
37.801,60.49,22.821,16.343,1.426,6.807,14.695,13.067,76.796,4.271,Good
70.837,104.655,59.536,18.723,1.665,34.97,46.289,32.729,62.745,7.507,Poor
130.644,147.795,55.69,20.324,1.996,43.249,33.035,33.25,57.914,1.338,Moderate
48.24,49.544,60.742,33.166,1.975,32.668,31.057,28.984,74.548,3.103,Moderate
16.394,24.601,18.211,14.468,1.109,30.148,46.06,36.891,54.199,1.382,Moderate
78.48,115.872,54.071,43.967,2.404,27.679,32.341,27.643,76.816,7.547,Poor
118.422,196.656,27.474,25.128,2.338,64.581,59.268,39.178,46.649,1.572,Very Poor
96.101,123.891,58.892,18.395,2.013,48.109,48.531,38.166,44.722,4.298,Poor
67.473,103.671,51.076,13.686,2.686,21.511,40.802,35.832,55.004,4.2,Poor
18.817,20.0,35.906,11.159,1.15,25.281,23.35,31.5,52.843,4.345,Good
12.635,20.0,40.568,12.241,2.036,28.713,18.616,24.446,44.516,1.728,Moderate
123.067,184.431,68.948,33.792,1.832,16.228,9.192,36.429,45.24,3.373,Very Poor
79.24,101.936,63.138,31.477,2.347,25.977,2.086,31.259,50.864,0.814,Poor
78.009,137.554,13.573,40.044,1.886,5.0,53.206,32.417,67.417,6.227,Poor
69.639,102.465,28.297,39.937,2.47,16.954,39.999,14.553,70.07,6.441,Poor
59.055,34.834,49.568,24.22,1.563,15.03,15.315,32.437,61.999,2.165,Moderate
92.646,160.954,6.0,34.295,2.622,44.87,66.826,24.78,61.206,5.553,Poor
23.449,43.677,48.582,26.887,2.03,6.776,38.304,30.075,89.934,1.553,Moderate
22.79,37.763,95.878,9.898,1.638,17.363,53.772,27.411,50.883,6.653,Moderate
15.989,20.0,57.673,22.672,1.613,50.651,9.358,20.34,83.688,4.576,Good
66.111,91.886,46.106,7.379,1.536,56.172,14.628,23.618,63.048,4.08,Poor
14.694,24.101,6.0,25.602,1.191,5.0,44.259,24.816,55.581,1.183,Good
68.682,103.221,51.045,37.118,1.56,57.821,30.953,28.414,59.071,3.406,Moderate
48.696,95.722,70.2,25.627,2.565,41.394,66.097,31.864,62.403,0.3,Poor
73.557,123.892,54.624,33.154,1.318,61.995,34.946,31.719,52.954,3.118,Poor
47.192,73.785,25.043,16.887,1.75,39.851,55.741,23.423,34.24,3.146,Moderate
43.994,67.137,9.907,29.013,0.949,28.973,30.512,31.745,74.2,6.212,Moderate
8.0,21.025,38.649,33.175,1.675,22.475,32.812,31.173,27.762,3.532,Moderate
79.012,108.986,10.596,23.14,2.663,34.023,25.736,34.344,88.383,4.899,Poor
41.619,67.203,49.642,20.944,1.852,53.284,54.462,23.239,64.377,4.787,Moderate
32.746,48.744,45.737,32.333,2.055,12.597,3.707,28.488,68.23,2.495,Poor
45.276,42.604,70.171,35.702,1.515,42.319,39.68,30.152,60.769,2.262,Moderate
73.876,88.975,43.163,2.0,2.894,14.4,47.367,35.479,56.876,2.891,Poor
45.743,78.506,40.608,13.149,1.639,25.494,48.571,36.024,62.969,1.9,Good
176.84,199.213,45.213,27.842,3.188,49.501,56.462,24.66,74.816,8.321,Very Poor
14.795,26.939,78.612,20.966,1.491,48.843,19.866,20.573,77.269,4.615,Moderate
45.529,64.564,34.824,23.894,1.505,39.289,31.39,43.649,37.902,2.811,Moderate
91.189,139.364,49.506,18.051,1.692,37.914,30.556,32.844,68.424,5.355,Poor
82.456,120.814,49.035,34.236,1.557,38.02,37.626,20.868,63.824,3.83,Poor
92.222,140.903,29.161,3.843,2.257,21.438,28.262,14.219,49.523,3.688,Very Poor
46.214,86.156,42.345,19.434,2.329,30.274,25.381,21.496,61.762,6.189,Moderate
42.958,53.488,38.009,21.935,1.637,22.71,20.527,30.647,55.881,3.413,Moderate
43.514,73.326,35.957,30.355,2.04,36.135,20.819,30.416,56.127,0.3,Moderate
87.902,142.984,21.803,11.657,2.852,32.759,35.268,28.933,56.843,6.284,Poor
38.729,54.195,16.851,18.943,1.867,65.781,43.562,18.31,77.197,4.588,Moderate
25.913,41.896,14.512,24.278,1.628,32.866,30.987,26.167,68.645,3.722,Moderate
49.08,73.997,26.244,13.373,1.747,18.711,22.897,37.09,59.541,1.391,Moderate
63.294,88.463,52.516,33.21,2.375,5.498,35.041,29.406,77.481,5.265,Poor
51.291,44.449,30.622,32.556,1.371,18.69,2.0,32.5,96.0,0.609,Moderate
28.184,56.121,59.078,11.457,2.481,40.472,51.516,28.69,57.906,3.268,Moderate
45.162,64.677,37.776,42.189,1.793,42.627,44.623,28.679,96.0,1.45,Moderate
52.006,106.518,69.818,25.989,0.812,49.961,9.163,28.568,46.043,1.281,Moderate
114.107,123.153,83.402,28.271,2.057,41.161,19.094,23.626,54.98,6.473,Poor
25.263,68.109,16.855,24.69,1.074,28.886,40.454,36.58,51.008,2.985,Moderate
98.606,89.47,65.736,44.321,2.908,23.324,23.414,27.367,70.883,4.464,Poor
28.869,47.598,34.607,19.81,1.73,41.372,23.221,29.708,49.051,2.45,Moderate
40.67,40.851,56.958,25.297,1.68,44.414,34.46,13.684,78.556,5.632,Moderate
28.933,38.295,24.693,18.996,2.198,30.47,41.034,32.357,52.178,2.026,Moderate
65.03,79.395,80.874,28.792,1.651,36.67,40.49,25.839,47.818,2.591,Moderate
11.957,22.422,54.869,20.229,1.398,15.718,32.979,30.19,71.626,0.791,Moderate
61.704,94.264,57.946,29.15,2.342,54.256,15.369,28.092,73.105,4.151,Poor
36.728,68.631,31.86,38.896,1.605,38.932,10.332,27.913,55.906,2.587,Moderate
109.298,143.278,39.286,19.424,2.57,44.489,40.077,32.333,47.988,3.41,Very Poor
30.57,48.394,30.779,21.173,1.051,57.116,29.802,31.699,66.472,1.533,Good
14.131,25.349,21.77,15.631,1.36,54.582,61.791,33.572,37.43,2.047,Moderate
41.66,52.379,60.406,16.172,2.086,25.891,20.256,31.803,44.811,2.365,Moderate
35.42,50.231,63.667,33.65,1.407,37.459,30.493,17.886,49.905,6.055,Moderate
35.694,72.42,69.973,25.477,1.833,44.704,48.498,35.55,51.64,4.221,Moderate
77.571,82.452,41.742,21.661,2.39,37.172,33.213,22.006,37.64,3.655,Poor
62.168,86.299,63.881,24.595,1.729,26.62,24.366,18.099,75.622,2.44,Moderate
120.156,114.987,56.568,25.568,2.586,52.934,45.826,24.181,56.681,2.869,Poor
21.238,43.349,9.262,26.995,1.611,27.558,35.294,31.03,45.041,2.198,Moderate
51.359,78.914,32.505,25.871,2.009,12.493,11.911,25.934,59.315,2.903,Moderate
37.514,59.439,24.928,9.25,1.922,51.666,52.8,15.745,66.244,2.188,Moderate
20.295,35.665,60.564,32.23,1.238,36.721,13.785,21.268,72.79,2.359,Moderate
117.485,127.318,17.624,39.245,2.631,64.449,9.318,30.076,86.244,2.116,Very Poor
25.67,22.313,60.792,6.777,1.145,43.729,34.819,27.776,57.805,2.856,Moderate
36.232,69.33,52.028,10.11,1.464,20.563,26.821,30.553,73.739,4.289,Moderate
77.303,109.477,70.081,16.18,1.867,44.789,40.252,35.066,81.83,3.449,Poor
42.486,48.454,43.569,17.945,1.775,23.171,14.282,27.292,55.193,2.49,Moderate
57.515,75.591,56.472,15.13,1.674,48.921,27.603,28.546,55.264,2.464,Moderate
134.63,208.678,71.451,35.126,2.394,7.899,35.485,21.795,59.176,2.785,Very Poor
54.335,92.309,31.828,28.483,1.316,59.871,21.537,23.916,50.803,4.123,Moderate
43.792,69.761,36.39,32.323,1.793,49.217,37.909,32.092,78.679,3.862,Moderate
63.419,74.898,56.414,25.635,2.538,25.439,2.0,18.042,42.504,2.324,Moderate
85.058,156.661,21.696,34.295,1.494,5.0,47.14,28.868,37.726,1.637,Poor
50.796,58.727,55.96,36.683,2.201,40.824,27.834,24.144,96.0,5.571,Moderate
61.179,75.289,49.862,35.776,1.801,39.351,28.545,44.0,59.182,3.457,Poor
38.292,59.986,50.939,21.151,1.383,48.008,26.62,22.435,46.986,3.526,Moderate
16.227,37.067,42.285,27.703,1.352,47.477,31.343,44.0,66.458,0.3,Moderate
63.739,104.269,43.267,18.29,2.473,57.395,49.549,29.058,80.397,5.515,Poor
29.175,51.409,34.552,18.977,1.629,49.882,34.275,38.019,65.671,3.04,Moderate
38.039,64.591,13.169,33.922,1.829,24.998,47.987,19.471,86.879,3.862,Moderate
38.188,29.457,62.174,18.964,2.18,59.465,42.919,23.991,81.303,4.896,Moderate
75.884,112.287,30.67,27.455,1.376,49.245,30.694,27.78,51.437,1.258,Moderate
40.197,60.424,55.523,20.859,1.815,12.46,34.904,26.846,82.84,3.012,Moderate
23.058,34.278,15.806,32.691,2.375,61.106,15.762,32.75,58.781,2.074,Moderate
35.089,65.071,59.71,21.913,2.313,53.46,43.33,25.83,53.398,3.72,Moderate
149.448,210.565,69.279,40.903,2.722,43.53,21.827,23.988,72.952,1.433,Very Poor
53.03,110.623,49.567,3.123,2.447,20.058,51.223,26.915,23.168,2.408,Moderate
10.3,26.3,29.843,28.779,1.141,20.665,24.801,32.851,33.206,3.18,Good
24.478,44.322,51.756,24.696,1.318,32.056,38.628,27.479,45.936,1.942,Moderate
19.897,28.225,30.538,22.383,1.279,43.659,20.27,37.235,58.138,3.329,Good
25.235,29.978,6.0,17.233,1.134,35.097,20.521,29.65,53.263,3.491,Good
56.421,85.129,53.227,5.654,1.7,52.928,34.055,35.146,57.621,2.304,Moderate
74.96,133.272,61.776,37.819,1.927,31.097,4.752,26.04,72.933,3.825,Poor
96.624,157.14,58.354,56.16,1.722,5.0,12.477,28.402,71.607,0.809,Poor
87.217,109.343,35.811,7.361,2.564,41.691,43.42,27.967,96.0,4.002,Poor
35.693,63.564,60.143,15.556,2.063,44.901,25.462,21.978,66.826,1.921,Good
134.596,185.908,38.02,39.743,2.574,27.16,24.715,27.696,58.46,4.079,Very Poor
100.577,172.902,64.605,25.29,2.463,57.397,22.416,28.208,58.758,3.27,Poor
83.469,156.413,54.956,15.118,1.69,30.764,2.0,32.517,43.699,0.3,Moderate
65.953,79.209,50.541,21.574,2.105,33.591,55.114,35.828,64.337,1.412,Poor
118.071,189.956,77.14,8.849,2.798,34.11,31.783,26.816,50.178,2.252,Very Poor
8.0,29.421,45.896,16.719,0.858,50.453,31.752,23.918,89.416,2.714,Good
33.859,78.579,30.666,27.765,1.256,55.043,35.179,33.307,62.807,1.946,Moderate
28.365,65.105,61.235,36.274,1.52,38.255,36.624,30.102,47.29,4.208,Moderate
39.848,63.959,65.163,30.494,1.566,44.172,43.963,26.867,55.127,0.357,Moderate
72.554,116.843,56.119,19.9,1.991,25.302,31.086,31.634,20.78,1.905,Moderate
88.99,111.009,77.036,15.305,2.068,38.544,40.874,37.464,50.721,4.358,Poor
30.864,43.21,71.813,20.971,1.59,19.09,17.309,27.819,51.425,1.319,Moderate
86.611,123.933,27.156,26.048,2.426,49.559,35.115,23.994,30.894,0.3,Poor
26.28,57.537,55.638,17.55,0.873,39.941,22.411,29.011,31.533,4.094,Good
106.982,200.438,45.841,26.011,2.553,47.066,18.089,33.882,77.421,3.133,Poor
56.599,70.615,36.717,34.053,1.229,27.693,36.935,25.17,24.801,5.026,Moderate
64.191,63.321,42.175,11.651,1.637,58.538,19.354,14.545,29.077,2.647,Moderate
78.086,144.782,51.79,19.985,1.98,30.607,21.309,34.481,64.491,2.147,Poor
29.681,24.329,58.806,13.82,1.204,34.887,26.424,33.26,75.257,3.14,Moderate
66.42,122.323,31.106,4.059,2.163,28.888,47.884,37.719,44.306,1.223,Very Poor
35.874,51.89,72.62,18.288,1.436,59.027,27.341,23.613,79.32,2.293,Moderate
82.606,113.4,60.276,32.423,1.886,35.235,18.334,28.13,61.018,2.525,Poor
55.162,110.342,65.102,38.478,1.871,46.319,25.724,41.97,64.365,2.694,Poor
49.237,88.742,48.818,50.433,1.644,55.598,34.365,34.596,62.501,3.174,Moderate
46.437,48.155,67.604,9.82,1.501,14.809,41.269,27.191,84.228,2.372,Moderate
41.04,82.478,73.531,27.019,2.403,12.96,26.291,35.075,85.191,6.343,Poor
98.983,92.595,45.335,35.698,2.421,23.92,35.169,26.152,72.113,3.199,Poor
56.309,80.063,73.926,6.666,1.792,12.295,22.029,33.82,51.248,3.651,Moderate
57.261,34.27,61.45,27.826,1.877,35.013,46.357,30.124,52.032,3.904,Moderate
15.626,52.017,46.627,14.127,2.169,34.584,41.45,18.765,54.42,2.231,Moderate
65.336,81.231,43.157,22.224,2.054,35.67,30.444,27.135,49.16,4.558,Poor
15.342,39.006,20.204,23.004,1.305,57.711,46.52,14.6,72.095,3.129,Moderate
68.55,90.314,39.202,32.383,2.085,7.082,9.011,37.427,53.875,4.978,Moderate
131.097,251.576,44.384,18.117,2.318,29.895,45.422,35.389,69.913,1.505,Very Poor
65.655,80.408,55.791,14.949,2.231,37.085,28.665,29.749,87.214,2.478,Poor
73.037,115.324,53.493,13.781,2.526,54.944,49.188,27.798,22.551,2.869,Poor
58.646,76.082,44.201,23.824,1.63,30.386,14.81,44.0,76.585,2.492,Moderate
39.659,51.491,62.55,34.251,1.73,47.08,43.001,25.024,54.694,0.714,Poor
41.869,24.445,30.63,21.041,1.613,37.683,26.222,18.208,58.294,4.662,Moderate
75.02,130.383,45.264,18.268,2.435,24.907,36.457,33.201,54.251,7.378,Poor
108.786,166.992,52.194,26.0,1.527,21.265,45.276,17.33,62.921,2.429,Poor
40.761,81.466,72.665,26.302,2.043,18.686,16.577,24.132,41.911,4.743,Moderate
66.305,110.277,53.317,13.722,1.114,40.096,17.867,35.475,49.886,2.069,Moderate
63.761,121.386,52.766,14.419,2.219,28.946,31.176,37.789,63.782,3.636,Poor
54.921,53.721,42.921,21.779,2.035,26.648,45.418,34.73,41.411,2.787,Moderate
25.232,70.189,39.488,25.744,1.406,41.311,32.679,29.208,47.345,1.957,Moderate
121.227,230.998,51.116,9.618,2.668,31.608,39.329,23.74,64.308,4.162,Very Poor
43.178,78.389,42.594,21.642,1.484,35.809,53.098,27.492,65.163,2.852,Moderate
18.758,34.509,49.244,2.0,0.838,41.329,20.219,25.988,46.025,4.192,Good
93.889,126.919,20.889,37.011,2.233,50.558,32.479,38.525,80.615,2.507,Poor
42.972,75.875,66.694,25.246,2.169,34.747,13.574,37.138,43.491,4.73,Moderate
80.667,152.843,44.319,11.063,1.616,36.041,38.234,37.254,43.581,3.097,Poor
36.692,49.825,37.995,30.886,1.854,42.751,15.443,23.431,47.017,3.108,Moderate
75.646,116.668,51.28,27.458,2.219,58.327,43.495,39.59,51.792,5.486,Poor
36.671,37.876,41.616,22.895,2.272,50.477,39.73,21.706,61.404,1.686,Moderate
16.123,34.528,27.424,10.54,0.916,25.354,48.634,34.039,69.247,0.696,Good
95.282,144.859,45.69,28.805,2.735,34.628,12.713,30.81,93.479,3.061,Poor
89.682,139.626,82.74,20.935,2.389,41.162,28.202,26.34,47.538,3.358,Poor
40.348,71.005,39.742,18.92,1.798,21.243,55.714,37.798,47.672,3.557,Good
41.375,56.392,33.23,16.48,1.91,94.651,11.1,29.17,46.523,0.558,Moderate
62.181,107.647,29.566,24.861,1.155,27.341,42.892,31.067,41.497,1.586,Moderate
48.338,78.218,68.559,33.14,1.901,46.969,36.648,24.282,60.588,4.392,Moderate
57.262,106.214,26.392,20.208,1.768,21.858,35.372,29.545,24.066,4.188,Moderate
77.153,115.436,25.149,49.699,2.36,37.386,30.206,20.395,66.005,3.764,Poor
162.497,231.957,68.942,28.787,3.167,19.053,57.408,18.263,54.082,1.865,Very Poor
58.036,79.967,45.732,8.691,2.736,37.673,9.488,18.084,96.0,3.058,Poor
8.123,20.0,35.673,29.032,0.788,23.406,30.55,24.684,67.493,2.612,Good
36.565,50.96,29.235,6.503,1.782,43.917,25.348,41.819,56.723,2.493,Moderate
47.983,81.329,43.43,43.783,1.433,31.181,29.378,22.052,32.706,5.271,Moderate
18.673,44.588,51.943,38.018,1.348,22.87,43.059,24.087,69.049,3.52,Moderate
30.333,52.636,81.481,16.854,0.925,37.927,34.286,30.112,40.431,2.691,Moderate
45.044,76.653,24.379,24.646,2.19,27.183,51.399,36.738,49.437,5.131,Moderate
102.088,156.12,50.533,28.943,2.305,12.323,38.286,26.425,75.203,0.401,Moderate
66.868,111.184,38.697,11.66,1.226,29.467,42.33,32.655,67.476,3.672,Moderate
46.281,39.963,28.604,31.008,1.023,60.126,25.122,36.864,42.519,5.638,Moderate
40.98,52.502,44.18,25.205,1.547,6.813,50.515,26.416,59.445,2.811,Moderate
78.389,128.014,49.426,38.237,1.921,44.096,32.283,35.788,61.392,2.843,Poor
31.037,49.482,6.0,28.789,1.669,36.323,47.239,24.043,67.035,4.983,Moderate
44.457,62.387,24.051,45.519,1.966,30.47,25.059,29.153,18.0,2.602,Moderate
41.161,67.397,21.342,19.357,1.82,10.01,26.497,35.49,78.575,6.18,Moderate
151.112,172.377,64.588,38.51,2.569,28.975,38.533,37.66,30.236,2.323,Very Poor
50.289,64.412,62.388,23.976,1.979,25.243,17.229,23.438,42.343,2.54,Moderate
31.829,60.434,34.354,15.507,0.965,26.233,22.412,28.58,55.092,6.416,Moderate
32.745,41.226,64.446,6.835,0.839,34.766,34.831,24.48,28.285,6.924,Good
32.285,62.698,25.662,33.926,0.934,51.271,8.608,29.049,66.011,3.409,Moderate
73.589,77.667,46.068,23.026,2.211,21.219,18.385,28.177,76.723,1.348,Poor
8.0,20.0,14.379,13.46,1.301,25.354,27.377,23.874,69.013,7.162,Good
33.395,58.015,68.331,33.916,1.795,15.879,41.286,44.0,64.635,1.825,Moderate
126.525,200.334,33.68,18.176,3.174,39.27,27.229,36.347,42.293,2.441,Very Poor
130.91,179.688,33.31,22.912,2.883,5.0,42.977,36.64,39.275,5.663,Very Poor
19.897,23.96,27.398,42.411,1.41,53.367,44.41,28.587,40.081,2.737,Moderate
68.058,108.939,50.754,24.488,1.939,38.825,37.72,29.099,48.942,0.3,Poor
146.738,195.992,31.441,8.044,2.66,59.07,43.402,25.22,20.617,2.188,Very Poor
15.225,36.651,63.084,30.924,1.387,53.918,10.998,28.013,35.906,4.943,Good
30.868,36.601,49.148,15.956,1.171,5.0,36.97,38.349,65.422,0.608,Moderate
41.048,57.292,38.003,37.07,1.348,32.139,34.864,28.119,45.928,3.451,Moderate
49.498,101.081,6.0,34.058,2.074,5.0,22.545,37.531,49.379,2.114,Moderate
71.664,104.745,60.195,34.476,2.46,33.021,42.111,19.542,67.437,4.608,Poor
28.025,32.142,46.918,26.335,1.177,23.442,3.999,42.439,50.966,6.138,Good
175.833,148.27,54.888,10.889,3.384,35.387,6.457,43.575,76.921,4.284,Very Poor
71.901,123.18,55.689,25.882,1.938,46.073,49.132,28.367,71.926,3.087,Poor
79.022,116.52,29.102,21.201,1.104,49.278,42.088,12.0,62.23,4.195,Moderate
69.083,74.411,63.514,36.326,2.458,25.282,49.53,28.246,44.351,6.569,Moderate
85.447,89.471,48.481,16.243,1.708,45.791,30.142,27.065,88.516,0.3,Poor
45.548,72.648,36.369,35.821,1.525,67.945,31.324,30.21,66.663,3.422,Moderate
49.954,53.146,59.421,18.391,1.964,28.752,28.696,27.372,21.017,3.501,Moderate
108.055,113.867,37.5,17.153,2.46,39.277,13.017,34.156,50.802,3.202,Poor
47.045,72.832,28.179,16.734,1.822,31.925,24.847,12.942,61.215,4.649,Moderate
53.233,89.165,30.287,33.68,1.72,19.36,46.654,28.949,47.562,0.56,Moderate
25.861,53.184,81.835,7.801,1.731,36.897,9.15,18.535,67.205,2.328,Moderate
9.434,20.0,84.333,39.114,1.532,44.292,22.102,25.542,74.779,2.457,Moderate
76.97,103.525,82.054,24.331,1.218,55.546,57.38,32.399,74.19,5.86,Poor
64.267,96.532,40.151,6.286,1.774,23.548,16.195,29.387,81.166,3.112,Moderate
163.357,234.209,18.261,22.271,2.989,43.086,44.121,29.909,65.969,3.937,Poor
8.0,20.0,6.0,21.559,1.235,24.655,30.171,39.22,62.171,3.657,Good
33.402,49.869,55.186,33.157,1.548,55.617,23.566,27.249,71.341,2.064,Moderate
66.966,114.655,19.633,42.868,1.464,30.678,11.445,35.547,68.447,4.004,Moderate
29.587,59.148,43.548,28.544,1.999,59.486,21.64,30.348,96.0,2.047,Moderate
51.11,67.085,64.421,28.46,1.753,23.934,16.97,40.703,38.949,4.359,Moderate
23.401,47.968,31.837,17.516,1.719,20.066,37.558,23.0,42.6,1.011,Moderate
69.965,67.02,38.103,29.954,2.182,34.92,25.464,18.136,37.693,4.32,Moderate
17.488,30.422,47.002,20.438,1.897,36.773,28.584,42.012,36.918,2.232,Moderate
95.632,219.498,48.381,32.553,2.157,45.825,36.28,38.119,80.48,3.42,Very Poor
56.616,70.19,64.718,23.244,1.845,29.671,17.916,23.148,29.953,4.359,Moderate
58.932,71.825,47.274,37.728,1.501,25.672,15.361,20.384,66.89,0.3,Poor
81.685,80.742,68.631,15.603,1.431,51.27,38.788,23.078,36.142,1.422,Poor
67.396,87.68,56.64,28.799,2.256,32.809,24.518,13.261,49.287,4.494,Moderate
47.464,107.954,54.451,31.795,1.767,50.341,4.74,27.467,74.939,3.572,Moderate
73.856,56.262,6.0,32.537,2.31,35.492,27.226,27.042,39.447,3.104,Poor
86.491,132.978,47.811,23.142,2.675,10.348,37.377,33.846,84.338,1.751,Poor
63.624,105.241,49.227,18.882,2.612,37.358,41.836,32.842,18.0,5.492,Moderate
34.255,58.875,52.812,29.172,0.922,40.471,34.025,44.0,40.639,3.29,Moderate
57.848,83.112,45.354,28.557,1.336,29.204,35.918,24.659,59.996,1.921,Moderate
55.221,82.253,76.713,36.934,2.06,33.43,50.888,29.242,59.059,3.246,Poor
52.879,82.402,57.441,9.861,1.311,25.64,24.569,39.776,37.777,3.339,Moderate
131.654,160.487,42.935,17.32,2.645,30.949,18.088,40.069,78.687,2.638,Very Poor
50.219,121.914,35.835,16.382,1.769,35.129,26.052,27.325,47.401,1.917,Moderate
49.458,65.71,64.99,23.655,1.886,21.821,39.927,22.655,72.047,2.782,Moderate
23.271,24.506,69.62,21.421,1.858,28.259,15.112,24.077,38.042,4.758,Moderate
98.252,162.847,79.828,11.47,2.224,21.809,41.904,24.008,53.824,3.331,Poor
101.266,117.158,19.478,37.855,2.461,34.101,22.118,42.514,48.327,4.856,Poor
45.914,62.537,54.239,8.677,1.514,28.851,21.716,30.474,59.329,4.513,Moderate
102.348,167.337,9.961,28.201,2.316,15.62,44.374,24.79,72.232,3.399,Poor
68.528,106.926,45.181,12.212,1.907,51.757,29.065,26.271,67.376,4.523,Moderate
24.349,48.715,43.346,40.996,2.424,49.809,28.826,42.487,63.867,0.608,Poor
27.33,23.299,30.021,29.991,1.97,10.32,40.124,34.364,78.737,5.119,Moderate
63.773,97.505,51.581,25.214,1.752,54.588,41.202,30.091,67.515,3.391,Moderate
99.81,115.793,60.129,32.061,2.51,65.867,28.161,25.333,30.575,2.754,Poor
37.598,48.121,66.998,2.0,1.569,36.364,38.319,36.528,40.494,0.978,Moderate
62.087,100.303,28.806,28.736,2.281,44.122,55.93,25.609,43.891,3.4,Moderate
70.189,91.162,10.505,16.942,2.456,53.436,25.029,34.248,44.273,5.088,Moderate
68.08,106.931,33.746,28.242,2.013,53.587,20.128,30.078,43.114,2.818,Poor
60.119,117.295,63.544,21.286,2.509,21.997,12.744,24.152,48.581,4.99,Poor
51.313,62.264,67.745,29.945,1.634,37.722,34.923,37.608,73.008,1.429,Moderate
19.082,40.053,45.013,6.054,1.671,26.104,18.262,24.479,86.968,4.803,Moderate
73.825,121.672,71.0,31.925,1.705,27.905,42.337,26.433,58.89,0.585,Poor
77.68,109.211,67.055,27.732,2.749,35.332,31.383,35.926,57.17,3.498,Poor
63.291,93.719,37.377,33.312,2.741,29.388,42.644,22.22,47.686,1.746,Poor
42.518,24.696,17.607,34.504,1.164,45.727,32.733,20.85,67.761,4.362,Moderate
25.754,47.253,51.781,33.407,1.917,29.208,26.026,27.905,19.048,1.953,Moderate
33.617,55.646,76.246,17.741,1.081,33.132,29.954,19.858,73.0,2.825,Moderate
50.516,107.444,29.32,17.033,1.206,38.454,36.647,26.917,96.0,0.86,Moderate
85.702,109.005,65.79,23.985,1.753,67.535,41.676,29.842,69.428,3.532,Poor
94.897,117.782,48.189,37.282,2.232,42.912,27.949,24.332,59.128,1.576,Poor
50.968,87.109,22.535,9.663,1.062,44.128,39.986,33.385,55.005,1.524,Moderate
111.455,200.04,67.061,25.836,2.029,49.118,23.163,38.171,63.623,5.634,Very Poor
151.443,243.644,67.745,26.239,2.682,23.512,54.115,27.79,49.963,5.833,Very Poor
19.197,35.781,50.867,10.387,1.466,74.67,54.941,18.398,59.459,4.634,Moderate
53.71,71.706,45.837,20.932,1.099,67.792,5.256,21.246,40.93,3.352,Moderate
147.903,202.778,28.006,38.963,2.217,17.476,35.97,23.791,41.394,5.084,Very Poor
120.831,144.977,45.774,25.256,2.892,30.258,35.67,12.734,70.537,2.283,Severe
38.469,65.655,53.371,20.541,1.694,33.981,29.384,15.095,52.313,1.912,Moderate
14.18,20.0,54.521,33.719,1.026,31.381,6.555,24.846,24.973,1.798,Moderate
115.134,96.631,24.129,27.949,3.006,43.417,23.462,21.679,67.711,0.3,Poor
67.154,88.513,70.419,33.373,1.882,40.836,38.394,31.046,58.738,2.789,Poor
33.923,44.769,45.43,17.955,1.551,34.393,14.976,37.884,44.092,6.095,Moderate
95.783,119.281,33.452,18.255,3.024,6.243,30.665,33.471,58.439,1.079,Poor
31.435,71.385,54.656,9.689,1.487,46.772,42.535,31.803,42.779,2.583,Moderate
99.443,163.795,34.424,28.928,2.004,34.783,29.302,29.138,38.942,4.956,Poor
105.033,205.974,43.612,40.441,2.794,53.774,25.108,28.461,41.597,3.656,Very Poor
36.046,57.925,47.562,33.107,1.073,16.595,16.038,23.908,79.106,0.3,Moderate
23.652,28.7,45.317,22.217,1.765,38.673,32.407,23.569,84.38,1.543,Moderate
87.076,118.045,11.857,34.75,0.66,23.756,39.445,29.569,20.838,6.06,Moderate
46.978,63.605,74.887,22.978,2.52,5.0,25.377,23.11,96.0,3.706,Moderate
76.664,86.931,37.771,20.361,2.133,20.151,31.305,40.403,44.71,3.636,Poor
43.537,79.861,54.994,27.307,1.748,40.176,38.981,37.533,83.158,2.987,Moderate
22.3,30.366,67.31,14.423,0.808,47.302,26.574,22.508,50.308,2.153,Good
75.841,107.499,52.871,14.601,2.156,43.268,42.418,36.181,59.71,0.3,Moderate
14.065,20.0,22.855,14.904,0.518,53.531,21.667,21.976,18.0,5.008,Good
35.312,49.715,60.222,29.445,1.217,7.682,42.138,27.342,36.701,3.793,Good
39.074,91.047,26.46,29.864,2.644,45.734,29.89,26.893,82.393,3.45,Moderate
109.418,135.88,20.715,29.549,2.036,39.881,36.103,31.086,76.677,5.297,Poor
35.066,80.455,59.191,19.439,1.492,52.369,22.568,29.275,63.327,4.755,Good
13.756,27.429,56.729,43.492,1.765,38.738,20.585,26.396,49.675,5.591,Moderate
32.868,63.132,61.45,25.827,1.943,24.432,37.162,24.721,64.552,1.091,Moderate
82.302,159.717,50.504,37.584,1.906,42.962,41.033,21.095,61.254,2.037,Poor
52.658,72.981,70.726,21.997,1.834,35.209,23.299,23.745,68.434,1.751,Moderate
85.304,147.666,52.309,36.254,1.987,31.054,18.246,30.118,33.226,1.892,Poor
74.658,68.705,68.467,23.441,1.859,42.138,14.911,44.0,71.289,8.375,Moderate
30.124,34.706,63.558,9.958,1.371,66.438,32.591,23.51,77.638,4.124,Moderate
60.825,76.127,38.619,18.958,2.387,30.576,9.141,21.614,91.588,5.136,Poor
119.507,177.327,43.323,14.501,2.094,40.84,46.317,22.716,67.442,3.276,Poor
146.728,199.984,57.956,25.055,2.42,35.398,58.367,31.024,72.3,1.008,Very Poor
43.47,87.01,70.235,39.191,1.747,46.37,11.65,25.062,34.46,3.214,Moderate
45.963,65.856,34.636,39.015,1.605,27.976,43.424,36.515,67.894,3.576,Moderate
68.059,100.252,71.756,31.573,1.895,25.086,24.989,26.827,45.437,4.471,Poor
23.733,45.079,31.315,19.815,1.44,18.873,38.044,38.528,44.157,3.661,Moderate
127.945,204.451,32.73,23.385,2.633,25.498,38.639,30.517,51.99,2.385,Very Poor
26.854,45.221,15.984,28.334,1.445,13.768,21.794,31.201,53.571,5.868,Good
54.375,69.943,29.431,17.228,2.404,33.588,19.05,30.88,40.618,2.966,Poor
59.869,86.408,50.658,35.876,0.427,52.42,28.75,29.14,65.203,4.895,Moderate
51.191,68.554,38.64,22.007,1.447,31.225,16.793,26.079,56.392,2.683,Moderate
74.404,100.845,44.624,15.897,2.35,45.665,19.249,30.188,59.758,2.091,Moderate
53.722,74.795,43.559,2.0,1.778,56.143,36.855,22.141,34.68,2.125,Moderate
39.74,70.61,37.47,34.982,1.846,34.434,37.067,16.883,44.797,2.475,Moderate
10.152,20.0,33.877,22.591,0.851,30.479,38.923,44.0,79.732,2.529,Moderate
38.598,58.843,24.93,21.889,1.327,51.288,24.345,33.919,63.952,3.72,Moderate
37.69,69.476,60.663,3.099,1.753,48.991,35.642,18.712,81.752,3.116,Moderate
86.703,132.741,72.5,24.151,2.142,50.163,55.967,35.357,30.124,3.307,Poor
128.671,182.041,53.571,40.114,2.068,39.545,38.014,32.073,69.245,4.118,Poor
105.785,129.809,29.605,24.626,2.163,34.823,38.439,23.288,38.23,2.821,Poor
92.504,115.765,39.746,23.587,1.353,45.17,29.869,37.004,62.534,1.99,Poor
100.312,140.532,70.673,8.208,1.365,8.728,41.382,22.171,49.515,3.493,Poor
126.946,123.225,69.632,28.925,2.218,17.919,31.198,30.324,32.585,4.068,Poor
104.589,129.879,13.366,17.952,2.231,46.21,37.347,35.217,36.256,5.711,Poor
30.577,58.377,47.403,6.365,1.63,37.219,7.52,41.287,69.168,4.692,Moderate
89.526,152.042,54.874,24.275,2.752,25.093,24.306,29.548,57.998,3.297,Poor
49.305,54.798,43.324,33.85,1.425,38.037,17.459,34.501,52.871,4.653,Moderate
60.254,71.617,63.178,26.648,1.394,34.279,44.453,28.591,54.459,0.316,Moderate
68.024,89.017,46.091,2.0,1.847,69.859,64.621,34.272,63.901,2.581,Poor
32.0,47.504,49.936,28.735,1.667,16.968,37.456,22.968,59.239,1.773,Moderate
67.878,78.764,76.029,33.663,1.908,29.977,58.617,31.554,33.672,4.053,Poor
31.176,41.58,87.39,19.509,1.478,5.0,21.884,19.973,63.948,0.818,Moderate
41.372,55.486,36.51,16.552,1.156,33.734,29.92,28.147,44.375,3.33,Good
23.457,57.971,19.69,28.892,2.251,38.424,23.892,31.423,61.495,1.842,Moderate
75.582,94.571,40.531,21.081,1.558,28.077,67.227,28.835,47.633,3.655,Moderate
46.483,76.365,30.225,32.567,2.252,34.158,22.954,41.56,34.208,3.155,Moderate
8.0,36.797,36.928,12.22,1.187,44.843,19.016,35.298,59.255,3.419,Good
41.754,74.103,48.91,25.36,2.224,29.856,38.574,24.706,57.218,4.101,Moderate
46.591,80.856,45.762,26.723,1.439,14.529,16.484,42.599,68.479,2.375,Moderate
77.288,138.174,83.318,26.725,1.711,30.849,48.975,31.421,33.246,2.769,Poor
24.378,57.959,30.482,39.147,1.446,52.634,28.976,30.064,64.192,4.023,Moderate
47.989,78.972,23.961,43.928,1.683,48.518,13.899,29.956,85.365,1.227,Poor
54.666,66.785,39.953,7.473,1.24,29.622,10.966,32.018,96.0,2.401,Moderate
50.488,84.499,63.052,25.091,2.127,26.814,39.344,24.264,29.17,4.645,Poor
58.876,104.023,57.035,27.201,0.829,33.891,40.229,37.66,54.245,3.662,Moderate
120.42,123.592,39.52,34.62,2.684,35.223,41.333,30.097,64.361,4.243,Poor
48.82,58.353,17.549,28.597,1.855,38.708,27.278,21.725,36.107,4.896,Moderate
72.114,127.254,56.167,28.449,2.673,38.219,36.881,30.695,66.222,4.529,Moderate
107.881,158.287,64.737,28.391,1.968,13.868,39.068,44.0,43.906,2.739,Very Poor
33.844,53.577,39.669,12.28,1.489,15.304,30.562,32.751,81.712,3.892,Good
40.548,86.158,55.002,25.15,1.166,56.435,41.666,32.635,56.711,5.198,Moderate
41.913,56.58,40.48,20.62,1.542,42.7,45.073,34.657,67.225,5.385,Moderate
45.467,61.922,22.327,12.018,1.505,44.795,28.522,28.5,49.475,1.757,Moderate
75.205,110.356,53.052,20.458,3.139,7.903,46.183,21.88,79.724,3.484,Poor
119.22,134.627,34.706,30.073,3.053,34.039,30.085,30.35,65.307,5.114,Very Poor
52.667,105.007,61.711,17.766,1.0,32.054,45.17,26.547,37.959,2.21,Moderate
38.865,61.788,48.725,19.44,2.087,31.733,31.787,29.402,41.449,1.504,Moderate
88.841,125.572,64.057,30.839,2.044,43.075,41.456,27.305,48.1,2.887,Very Poor
32.717,43.48,69.749,33.739,1.787,35.737,48.225,19.345,18.0,4.763,Moderate
30.04,62.243,56.924,42.91,1.515,47.921,26.796,35.211,80.537,5.389,Moderate
37.279,54.689,54.293,20.231,1.628,39.415,40.876,27.066,55.973,2.254,Poor
93.774,132.413,50.519,20.015,1.918,39.645,49.783,20.074,65.663,2.148,Poor
26.387,24.758,48.09,43.425,1.359,25.364,42.2,37.134,58.818,4.7,Moderate
15.195,31.156,48.727,20.92,0.708,51.295,40.699,37.057,81.408,2.091,Moderate
16.049,24.187,56.851,7.939,1.739,36.566,20.811,31.242,33.276,4.115,Moderate
97.991,171.995,42.594,33.165,2.305,26.435,25.888,24.26,45.143,0.516,Poor
33.598,83.51,44.892,38.747,1.202,46.58,34.164,17.198,79.593,3.937,Moderate
76.295,134.544,47.617,35.276,1.989,27.914,40.339,31.302,64.04,0.536,Poor
74.505,114.294,47.693,19.946,1.449,38.592,45.719,28.682,85.967,2.995,Poor
64.549,106.445,36.795,16.838,1.728,60.582,62.16,26.705,21.591,3.029,Moderate
82.25,138.291,26.381,43.974,2.423,16.814,35.486,37.06,78.029,2.509,Poor
25.258,43.313,16.588,29.543,1.74,29.028,44.297,28.702,45.716,4.272,Moderate
44.69,75.495,37.504,16.32,2.134,47.546,26.607,38.318,59.347,3.725,Moderate
123.052,106.286,47.837,35.723,2.946,17.385,16.446,32.844,95.143,3.159,Very Poor
83.125,103.463,63.772,30.204,2.617,29.709,12.849,38.437,61.156,2.362,Poor
105.886,149.179,38.822,17.789,2.607,39.515,37.242,30.887,45.22,2.863,Very Poor
93.856,142.546,19.419,25.781,1.766,52.289,40.331,34.421,71.696,2.588,Poor
54.627,112.177,44.801,16.92,1.858,19.701,38.922,30.14,47.017,5.128,Moderate
24.136,54.41,38.418,31.181,1.849,25.298,39.31,12.0,19.131,4.175,Moderate
35.543,70.012,32.839,16.052,1.628,43.009,45.296,28.201,44.506,3.79,Moderate
65.966,85.527,29.689,6.742,2.326,25.789,29.402,39.008,96.0,5.352,Poor
68.281,109.395,45.044,16.542,1.602,39.345,44.738,24.171,67.733,1.165,Poor
32.099,55.802,53.676,18.008,0.793,54.455,22.744,29.976,33.537,3.75,Good
74.484,46.225,18.068,8.932,1.57,18.497,24.247,28.001,30.444,5.574,Moderate
92.491,173.95,55.059,26.502,1.702,25.649,31.848,29.824,61.251,1.796,Poor
33.981,60.655,42.747,36.221,1.966,70.743,44.667,28.939,41.201,3.874,Moderate
60.047,113.198,29.525,28.615,2.305,46.257,20.534,24.247,81.612,0.417,Poor
31.157,52.957,24.503,24.159,1.058,25.11,8.331,27.634,28.502,3.38,Good
44.22,67.378,6.0,25.656,1.699,20.323,8.097,30.477,30.777,5.456,Moderate
69.44,109.57,27.206,35.16,1.382,36.226,19.949,34.536,65.36,3.3,Poor
80.203,110.492,49.166,3.254,2.147,25.531,29.661,29.29,66.799,2.966,Poor
85.296,156.702,41.689,29.98,2.421,36.607,38.838,33.511,54.363,5.63,Poor
12.674,32.983,72.846,2.0,1.109,18.011,30.825,32.025,76.997,4.252,Good
47.597,69.375,47.706,8.377,1.468,64.487,19.934,28.765,79.432,3.783,Moderate
82.94,78.915,40.607,42.135,2.191,23.007,27.327,35.681,20.089,5.438,Poor
90.166,143.034,26.96,21.005,2.064,18.655,31.405,26.109,18.0,6.072,Poor
19.745,34.592,68.475,42.755,2.105,39.788,26.416,28.872,47.441,1.608,Moderate
69.406,113.55,45.232,35.054,1.242,64.78,33.455,35.942,32.318,5.702,Moderate
58.138,85.253,38.984,22.543,2.693,23.265,31.41,28.132,46.376,5.493,Moderate
92.426,147.65,48.389,21.915,1.813,16.62,27.123,31.772,61.763,3.391,Poor
13.521,20.0,55.508,14.771,1.823,20.156,41.783,29.112,56.387,0.3,Moderate
34.051,58.821,68.228,23.57,1.488,46.635,21.48,12.0,51.106,4.302,Poor
15.461,32.224,6.0,24.55,1.119,47.876,23.566,26.804,47.337,1.334,Good
39.461,73.578,61.962,20.047,1.649,5.773,41.81,37.699,31.864,3.471,Moderate
90.508,169.97,16.68,4.594,1.991,48.566,46.406,34.521,38.694,1.636,Poor
59.576,122.415,37.662,19.254,1.501,47.857,53.023,29.384,35.279,2.568,Very Poor
73.697,95.436,62.844,27.486,2.336,25.889,35.394,26.54,36.816,4.541,Poor
66.046,107.03,53.508,5.866,1.781,40.62,39.426,31.482,52.046,5.453,Moderate
73.052,81.178,28.492,36.824,2.162,17.632,32.729,34.537,57.449,5.542,Moderate
28.496,29.428,48.738,8.766,1.286,45.24,12.331,32.456,67.123,4.794,Moderate
78.692,146.227,32.578,42.705,2.864,5.0,28.95,24.005,75.285,0.452,Poor
105.57,180.47,61.95,18.96,2.045,35.386,23.64,20.562,51.726,1.679,Moderate
103.705,134.494,54.541,2.0,2.032,46.133,19.745,21.982,56.989,8.925,Poor
17.714,32.865,76.212,13.918,1.753,58.365,28.653,24.194,31.723,2.98,Moderate
26.087,49.739,63.082,21.334,2.031,6.267,29.302,17.892,37.144,0.546,Moderate
24.353,37.394,30.536,40.533,1.706,52.569,22.169,39.232,52.033,3.219,Moderate
74.46,121.31,25.496,38.719,1.146,13.96,14.634,33.442,48.094,2.983,Moderate
46.546,63.353,31.354,21.881,1.536,41.062,33.359,42.172,78.584,2.324,Moderate
37.418,54.326,37.665,36.337,2.16,42.53,57.898,28.464,84.416,5.245,Moderate
39.534,61.944,31.642,21.561,1.477,19.007,5.159,27.443,68.483,1.061,Good
81.085,131.516,50.757,43.805,2.253,31.264,27.551,27.793,44.903,3.147,Poor
53.021,85.244,29.665,20.858,1.655,21.006,36.107,34.723,49.409,1.193,Moderate
75.196,117.134,11.475,32.976,2.235,21.152,6.874,31.921,59.647,6.239,Poor
19.588,22.705,65.296,10.476,0.979,30.833,18.316,44.0,25.935,2.107,Good
165.46,293.724,58.074,39.76,3.404,35.693,21.525,34.402,59.08,4.234,Very Poor
78.205,84.6,51.281,22.918,1.967,51.922,33.47,30.307,49.015,2.047,Poor
22.345,50.839,79.981,16.383,1.238,18.677,44.075,29.212,77.611,0.553,Moderate
18.044,27.115,42.269,2.0,2.161,40.192,40.375,34.561,18.0,2.52,Moderate
50.196,75.589,29.282,25.693,2.251,23.558,23.941,25.01,28.059,3.941,Moderate
38.987,58.23,32.052,14.087,1.239,42.516,20.73,17.726,48.465,6.372,Moderate
27.565,32.878,25.06,10.779,0.917,33.113,30.486,32.88,50.024,2.78,Good
57.985,76.492,38.465,34.521,1.422,37.104,64.046,25.452,64.21,3.502,Moderate
35.353,61.81,49.646,9.66,2.274,26.688,28.05,31.54,62.621,4.337,Moderate
71.305,164.687,52.161,39.214,1.555,24.216,40.187,32.365,58.361,6.369,Poor
61.356,81.466,37.586,36.184,2.842,26.988,38.917,16.249,58.971,3.439,Moderate
89.167,91.322,63.743,30.094,2.637,37.432,37.896,18.734,47.114,8.18,Poor
41.101,68.994,53.731,17.926,1.192,32.65,20.946,22.094,77.716,6.864,Moderate
43.672,50.841,61.431,29.373,1.88,53.623,38.8,22.004,57.081,4.781,Moderate
30.015,52.914,24.061,18.615,1.901,35.15,37.413,27.742,42.743,3.056,Moderate
136.072,219.435,48.961,16.725,3.11,44.472,57.152,32.125,51.676,5.112,Poor
42.309,50.916,48.276,13.119,1.728,57.14,53.52,34.377,28.931,3.498,Moderate
26.491,49.599,70.633,26.104,1.619,30.296,12.569,28.342,33.045,3.938,Moderate
40.45,45.351,32.003,6.625,1.6,37.777,35.589,28.109,25.605,3.303,Moderate
27.241,44.056,14.013,20.818,2.423,38.273,36.545,25.798,84.685,5.347,Moderate
64.893,106.059,58.144,34.86,1.736,12.234,6.598,25.67,41.767,1.64,Moderate
51.356,85.844,60.626,16.069,1.637,45.664,34.143,32.07,74.564,3.652,Moderate
20.663,20.0,17.011,33.094,1.326,31.576,26.893,23.209,52.814,1.092,Moderate
30.208,69.71,58.266,33.58,1.608,37.311,12.01,26.338,68.045,2.825,Moderate
37.848,57.008,47.798,18.203,0.65,61.336,36.074,42.177,68.532,1.42,Moderate
67.487,108.901,70.424,29.34,2.386,17.335,28.881,41.578,63.365,0.629,Poor
32.892,57.253,83.853,26.392,2.021,44.022,22.069,35.132,56.342,2.827,Moderate
45.571,93.996,48.506,40.402,1.903,42.695,31.144,28.447,64.63,2.716,Moderate
56.418,66.863,57.877,36.189,1.734,39.777,29.36,37.12,79.752,4.341,Moderate
79.806,115.814,13.362,24.131,1.967,5.0,28.995,30.582,59.53,2.566,Poor
41.74,71.872,62.146,27.639,0.998,34.81,21.525,32.064,96.0,3.501,Moderate
57.364,79.67,46.279,22.303,1.206,32.374,37.322,23.584,34.5,0.84,Moderate
36.069,70.295,66.053,8.949,0.93,31.144,53.433,26.414,57.055,3.327,Moderate
22.522,34.138,48.975,31.014,1.047,44.249,14.71,30.01,39.35,1.313,Good
37.307,42.234,30.789,2.0,1.46,33.252,7.488,31.198,44.638,2.328,Moderate
95.346,199.554,44.3,45.022,3.157,51.614,18.007,30.962,63.578,5.487,Very Poor
38.503,61.675,37.555,45.752,0.484,22.498,3.454,29.936,68.948,0.3,Moderate
62.59,69.308,42.459,18.984,1.451,22.655,44.684,23.061,44.48,0.3,Moderate
48.071,83.815,41.462,36.295,1.567,33.853,28.992,37.721,68.857,1.722,Moderate
160.075,304.531,51.242,40.742,2.309,19.439,62.018,31.755,44.219,4.63,Very Poor
120.269,200.686,63.487,25.358,2.635,27.282,20.971,25.445,44.941,1.247,Very Poor
57.666,94.539,32.03,30.178,1.182,32.746,42.314,20.723,26.447,2.822,Moderate
83.003,88.211,69.928,18.664,2.256,47.92,25.921,36.977,82.855,5.648,Poor
41.053,38.782,71.691,21.229,2.132,40.308,31.177,30.208,51.17,3.648,Moderate
103.602,121.103,77.064,26.823,1.918,5.0,19.434,34.556,45.527,0.3,Poor
50.335,38.786,86.216,33.171,1.341,17.219,40.331,27.868,42.023,1.274,Moderate
24.157,39.43,65.839,20.83,2.182,48.846,44.961,30.407,51.15,1.982,Moderate
96.498,128.841,24.529,21.669,2.864,33.758,21.659,35.919,57.606,4.204,Poor
108.985,154.426,66.961,26.144,2.642,19.926,39.369,26.347,65.491,2.299,Poor
63.902,112.192,41.902,11.705,1.893,31.977,38.468,25.81,56.192,5.92,Moderate
95.599,183.013,24.005,20.049,2.173,29.01,10.993,24.515,49.335,2.261,Poor
114.539,172.12,51.406,32.396,2.67,36.063,52.38,35.651,57.151,6.748,Poor
70.455,112.997,46.859,29.705,1.835,54.334,22.533,24.049,49.789,1.295,Poor
63.376,103.699,58.355,36.29,2.426,39.182,21.611,27.791,81.557,5.629,Poor
71.289,87.626,25.045,23.289,2.227,35.6,9.075,21.773,63.371,3.755,Poor
53.032,67.886,45.571,8.598,1.171,28.794,31.685,33.772,84.925,2.104,Moderate
105.951,143.097,41.299,25.466,2.546,55.462,23.829,26.474,70.719,3.776,Poor
83.616,98.419,25.505,38.739,1.747,36.319,2.0,27.062,62.27,0.3,Moderate
74.798,95.788,26.104,36.57,2.496,10.604,29.094,27.33,47.577,2.352,Poor
117.846,149.513,49.87,29.774,2.162,56.807,74.167,32.594,57.09,3.861,Poor
32.164,42.803,60.932,12.014,1.208,19.653,22.629,37.241,46.754,4.305,Moderate
56.972,66.621,53.136,34.466,1.278,28.222,16.29,28.794,73.613,4.41,Moderate
130.283,183.733,58.227,14.893,2.497,35.371,36.075,31.053,51.814,4.62,Poor
70.408,96.639,60.992,2.0,1.575,45.102,22.387,28.256,48.367,2.98,Poor
17.779,34.01,40.746,32.935,1.066,24.42,30.815,26.836,63.557,6.759,Good
146.616,184.003,63.07,30.271,1.774,52.003,27.445,44.0,75.241,2.412,Very Poor
95.888,124.902,75.293,18.704,2.045,22.542,12.788,23.781,51.522,2.062,Poor
46.76,51.252,47.551,10.463,1.632,36.904,38.635,32.399,40.682,4.469,Good
41.004,84.36,58.965,18.506,2.04,35.073,36.288,28.46,96.0,3.791,Moderate
60.828,89.217,57.002,31.137,1.358,60.727,36.945,27.727,83.385,7.293,Moderate
89.376,170.165,47.425,34.49,1.927,20.888,34.443,28.653,56.238,3.585,Poor
84.982,112.826,50.444,10.592,1.969,44.684,50.742,21.531,29.529,3.675,Moderate
37.983,59.946,72.141,35.652,1.932,25.731,31.669,34.941,34.537,5.836,Moderate
89.755,187.719,65.565,26.015,2.666,10.091,42.306,21.796,74.791,5.192,Poor
52.053,57.518,63.266,14.207,1.444,14.264,48.758,25.591,70.654,2.049,Moderate
87.92,163.314,26.27,38.697,2.072,47.202,33.927,42.649,60.416,0.586,Poor
50.348,64.093,31.864,18.435,2.264,28.443,49.429,22.041,73.97,2.725,Poor
92.815,134.96,21.62,26.347,1.679,36.334,33.172,32.887,47.783,0.425,Poor
62.346,107.705,67.83,20.494,1.926,72.735,22.244,24.943,56.108,2.265,Moderate
34.831,58.584,55.584,26.825,1.087,40.849,11.495,31.516,55.954,1.856,Moderate
70.828,91.153,80.963,34.326,1.578,39.37,11.739,29.345,41.549,5.463,Moderate
11.5,27.677,67.24,19.229,1.135,14.366,36.483,19.656,60.418,4.654,Moderate
118.001,170.204,76.668,42.929,1.397,35.976,34.991,35.125,55.991,6.507,Poor
44.676,89.334,59.13,26.984,1.62,41.224,40.957,20.539,32.064,2.281,Moderate
13.067,30.379,66.519,21.248,1.649,26.456,29.46,28.096,55.212,0.794,Moderate
36.558,50.015,57.33,20.937,1.661,12.176,17.854,22.253,37.151,4.001,Moderate
62.416,78.228,44.528,12.231,1.652,39.608,10.858,35.394,40.081,2.279,Poor
102.355,184.919,81.151,28.342,3.06,26.021,32.316,22.665,78.843,5.494,Poor
63.655,110.249,69.137,23.419,2.368,29.522,44.375,32.808,43.02,4.703,Poor
49.486,55.453,50.116,19.213,1.355,40.783,24.53,27.15,60.423,3.918,Poor
62.935,94.674,17.761,20.177,2.014,47.702,31.168,14.822,18.0,2.059,Moderate
26.988,39.638,50.081,16.048,1.196,26.953,46.599,24.056,32.027,4.755,Moderate
15.336,26.478,40.9,30.405,1.294,28.329,2.0,40.594,55.561,4.152,Moderate
79.504,95.068,52.955,26.763,1.778,42.919,36.082,25.325,60.466,0.782,Poor
84.48,92.96,71.639,31.781,2.127,23.167,21.368,25.456,54.254,4.717,Poor
90.483,104.506,32.63,26.559,1.745,38.298,40.704,19.416,65.482,3.023,Poor
80.751,102.549,18.426,32.854,2.176,24.984,30.771,36.612,44.198,3.011,Poor
37.511,75.545,87.159,22.795,1.909,43.134,20.466,34.886,52.406,3.372,Moderate
23.69,63.488,6.0,24.649,1.234,22.679,49.16,36.978,42.752,5.998,Good
20.398,36.768,58.364,21.172,1.313,28.938,23.078,33.324,52.107,1.277,Moderate
47.262,80.442,29.338,24.246,1.829,10.325,34.318,32.672,54.522,2.148,Moderate
62.469,74.051,41.649,13.816,1.959,39.309,24.007,31.466,58.721,1.373,Moderate
28.098,45.581,54.058,32.848,1.499,35.392,39.942,31.61,72.052,3.047,Moderate
27.864,28.854,30.253,18.963,1.416,34.913,5.926,27.541,89.336,2.196,Moderate
85.441,102.47,68.997,2.0,2.473,27.754,16.469,21.588,86.581,3.096,Poor
29.061,23.673,39.664,6.928,1.347,22.436,20.62,24.945,35.82,4.608,Good
54.453,69.292,76.594,10.735,1.207,32.333,41.913,13.383,55.233,2.104,Moderate
55.935,90.09,68.375,29.978,2.215,46.004,12.449,12.466,44.187,4.967,Poor
67.331,107.836,81.054,23.705,1.788,23.213,40.577,40.461,89.958,3.488,Very Poor
12.772,26.332,78.412,18.474,1.237,40.079,31.379,27.167,31.729,4.525,Good
118.437,162.007,69.76,20.205,2.091,23.023,18.727,40.757,57.114,2.28,Very Poor
49.888,72.826,32.274,26.441,1.7,46.331,17.72,18.853,47.916,4.764,Moderate
23.266,42.251,14.252,20.069,1.557,48.709,28.879,25.819,50.52,2.173,Moderate
113.87,147.324,43.664,38.538,3.369,20.864,15.547,30.832,64.628,0.3,Very Poor
102.915,169.554,44.45,12.576,2.596,39.726,48.328,25.929,42.272,4.046,Poor
23.46,20.0,59.268,21.732,1.94,60.036,45.213,23.095,58.033,1.014,Moderate
55.927,75.975,26.916,29.588,2.109,33.835,39.443,14.295,55.242,0.616,Moderate
44.08,52.178,36.018,16.729,1.929,35.911,34.01,32.058,40.521,5.722,Moderate
63.893,132.795,106.137,38.877,1.465,26.387,12.689,24.44,68.423,3.533,Poor
92.554,94.441,70.406,47.687,1.041,24.043,44.199,23.689,48.634,3.081,Moderate
43.855,72.32,54.009,30.661,1.673,16.906,48.942,19.478,69.075,0.524,Moderate
43.381,78.587,44.344,20.659,1.298,22.714,24.507,33.121,60.11,3.851,Moderate
65.774,97.263,45.65,46.405,2.065,61.707,41.968,22.988,31.364,3.871,Poor
59.651,57.497,44.931,15.079,1.39,30.817,10.739,12.591,96.0,2.576,Moderate
12.726,48.219,6.0,11.257,1.632,31.946,16.438,20.086,80.944,2.12,Moderate
106.676,133.776,58.211,16.186,2.319,30.707,37.963,35.181,35.799,4.396,Poor
57.608,61.828,22.814,38.846,1.919,22.839,27.542,28.415,29.228,2.016,Moderate
65.053,85.523,35.729,18.102,1.707,19.787,15.883,26.433,29.338,4.221,Good
112.262,172.811,43.388,13.079,1.586,49.868,16.234,25.347,29.85,0.3,Poor
69.045,151.169,37.456,29.441,1.263,5.0,39.164,35.449,26.759,2.637,Moderate
31.47,20.0,42.66,19.113,1.703,27.842,19.469,28.913,18.0,4.801,Moderate
36.292,43.555,64.387,3.876,0.704,42.282,40.878,29.143,43.091,4.023,Good
91.65,143.593,59.304,28.076,2.048,33.844,2.0,24.627,57.016,1.577,Poor
42.151,65.444,58.444,14.736,0.912,53.445,55.48,36.773,86.559,3.294,Moderate
28.893,58.753,64.399,16.951,1.602,30.894,16.887,30.697,65.313,2.077,Moderate
79.238,118.636,33.156,19.415,0.869,46.154,43.068,40.546,61.746,3.596,Moderate
52.065,99.601,66.963,19.738,1.632,23.039,32.389,30.804,44.733,0.3,Moderate
38.181,43.211,72.843,34.339,0.895,59.166,38.631,27.721,66.8,1.851,Moderate
94.299,103.35,26.255,19.464,1.784,63.455,39.237,33.934,18.0,1.722,Poor
53.184,90.083,46.083,15.296,1.604,38.236,14.044,31.585,44.314,6.963,Moderate
74.571,103.805,58.052,19.021,1.793,34.133,41.694,29.456,44.614,2.905,Poor
16.78,20.0,8.819,34.984,1.755,29.766,15.245,29.041,62.578,4.821,Good
72.495,112.947,32.456,14.991,1.252,22.426,42.883,23.822,64.543,3.448,Moderate
65.308,95.035,37.557,15.529,1.601,25.986,43.244,32.623,85.877,2.851,Moderate
77.175,106.224,47.563,10.714,2.148,50.201,28.977,36.919,62.781,2.355,Poor
40.212,50.012,24.674,34.591,1.784,74.859,35.284,17.093,61.255,2.14,Moderate
59.677,85.868,41.779,31.064,1.608,31.185,28.491,27.83,47.28,2.246,Moderate
89.472,152.185,33.777,29.26,1.338,66.384,17.68,26.589,32.994,3.487,Poor
12.475,24.231,57.823,13.928,2.164,21.737,45.929,31.657,47.256,4.911,Moderate
137.954,161.693,63.469,26.958,3.042,32.474,28.491,28.395,23.751,3.028,Very Poor
29.877,28.199,6.0,16.661,1.214,40.742,46.661,31.065,45.284,6.303,Good
26.234,49.58,59.53,26.066,1.525,27.379,45.13,40.567,60.571,2.153,Moderate
57.643,34.157,55.185,25.064,1.649,30.513,6.836,32.524,28.042,1.443,Moderate
28.455,32.165,71.664,28.156,1.164,31.87,36.303,24.882,86.721,3.84,Good
98.203,185.628,56.346,29.29,1.981,34.074,12.38,34.162,40.25,3.715,Poor
62.754,87.382,75.761,26.455,2.067,19.838,11.991,23.75,57.687,3.146,Poor
73.646,71.605,25.09,35.613,1.924,35.493,27.818,43.65,73.689,1.797,Poor
90.119,172.101,18.123,24.877,2.139,44.371,13.286,26.447,47.749,6.258,Poor
70.058,112.457,60.144,38.146,2.097,35.269,19.855,40.087,84.842,4.02,Poor
60.511,89.935,6.0,30.0,2.391,36.216,28.786,33.768,69.073,2.395,Moderate
11.066,34.006,49.663,20.283,1.931,20.27,26.117,19.234,61.199,3.992,Moderate
82.641,103.097,68.116,42.115,1.261,54.006,27.566,22.535,72.386,0.3,Moderate
54.672,101.648,66.352,19.733,1.424,35.939,33.468,30.31,39.981,3.142,Moderate
110.965,176.864,67.928,30.212,2.215,47.871,50.441,29.99,62.593,3.077,Poor
10.185,24.159,49.205,24.446,1.795,25.924,33.701,18.212,69.008,5.761,Good
39.464,34.008,35.664,29.459,1.72,40.408,25.819,32.162,83.294,5.446,Moderate
83.486,102.858,53.214,31.856,1.717,16.536,23.856,33.399,58.117,2.452,Poor
96.114,176.453,58.22,25.845,1.969,37.917,33.548,23.502,56.81,4.494,Poor
67.958,114.538,42.08,17.481,1.907,5.0,9.386,20.763,27.83,1.417,Moderate
113.707,186.496,73.246,27.606,2.382,40.591,13.129,29.706,24.434,1.395,Poor
13.0,26.322,62.265,18.028,1.847,37.53,7.471,30.349,77.154,3.273,Moderate
132.632,177.977,50.593,39.166,2.137,22.772,7.698,18.814,62.984,1.265,Poor
164.696,281.869,83.608,4.461,3.597,47.995,36.769,28.269,58.488,5.795,Very Poor
49.606,74.692,33.488,18.248,1.594,38.117,22.644,33.666,61.359,0.987,Moderate
63.241,118.872,24.898,17.063,1.877,13.468,22.269,24.325,79.206,2.329,Moderate
86.996,147.646,46.289,17.407,2.38,69.877,38.311,21.914,51.825,2.542,Poor
47.721,76.116,37.317,34.26,2.177,59.262,27.252,36.245,40.555,5.7,Moderate
74.382,73.864,61.61,9.944,2.024,29.774,21.324,44.0,47.976,3.446,Poor
51.804,59.612,54.944,22.436,2.049,26.063,34.396,39.609,35.262,3.973,Moderate
129.756,159.554,46.08,9.894,1.966,45.51,40.186,24.251,71.307,2.604,Very Poor
78.843,161.207,60.116,20.704,2.029,34.525,61.313,29.46,60.934,0.362,Moderate
61.047,93.932,36.667,6.37,1.55,59.797,41.214,25.458,57.653,2.468,Moderate
126.972,145.696,21.535,19.146,2.076,37.263,21.101,35.494,72.661,4.444,Poor
57.063,112.188,38.629,24.194,1.146,47.519,42.861,30.242,56.198,4.271,Moderate
41.251,69.482,30.806,32.243,0.925,21.756,50.63,24.641,43.678,2.854,Good
23.865,37.824,39.956,28.978,1.759,41.075,33.437,18.242,62.71,3.766,Moderate
37.299,42.731,31.837,19.194,2.046,40.362,20.883,36.097,31.171,4.494,Poor
71.655,177.124,44.383,15.672,1.541,26.129,38.743,16.908,62.702,4.28,Poor
85.458,129.766,29.784,42.885,2.232,35.893,22.454,22.36,45.86,3.357,Poor
51.778,35.035,52.127,27.223,1.603,31.606,15.903,34.663,77.161,1.019,Moderate
63.753,86.899,51.671,27.944,1.543,40.19,20.257,29.713,33.753,3.866,Good
115.662,103.982,48.283,16.441,2.657,61.608,2.0,29.542,44.376,4.895,Poor
92.015,140.12,77.73,20.964,1.787,45.278,18.361,28.638,70.913,2.948,Poor
65.89,91.421,53.97,21.188,1.794,48.638,35.714,28.286,40.464,2.609,Moderate
56.763,64.709,57.35,16.447,2.243,44.061,2.0,33.526,33.361,4.016,Moderate
59.085,72.889,65.22,25.451,0.881,49.639,7.483,25.71,70.501,2.652,Moderate
8.0,24.049,43.307,23.895,1.046,42.037,34.61,33.977,73.751,3.25,Good
54.679,90.266,49.034,27.677,1.8,32.133,22.973,32.962,48.171,6.134,Moderate
63.018,79.21,61.591,16.366,2.382,47.16,58.733,29.611,86.415,7.034,Poor
91.188,122.692,23.197,25.538,2.241,37.819,53.021,28.071,78.518,0.3,Poor
92.242,164.134,38.687,26.548,2.209,56.478,34.154,29.334,22.988,3.231,Poor
18.126,34.39,41.053,3.176,1.555,30.177,53.434,33.717,50.247,2.929,Good
34.352,45.455,50.005,13.292,1.351,24.593,49.236,36.638,20.46,1.205,Moderate
19.748,51.79,49.767,8.319,1.013,12.19,26.478,25.737,52.375,2.417,Good
52.96,62.073,6.0,11.654,2.281,58.537,13.89,15.555,86.765,0.554,Poor
66.104,114.003,84.011,35.561,2.089,24.054,24.425,30.098,60.078,3.065,Poor
81.529,90.851,50.709,28.704,1.477,21.352,12.5,18.346,71.915,2.36,Poor
75.858,106.959,54.562,32.804,1.966,38.007,20.464,38.047,55.915,3.832,Poor
48.76,82.437,31.03,19.145,0.685,54.639,14.929,23.786,52.419,2.531,Moderate
102.742,147.696,46.842,21.746,2.537,23.661,34.654,20.289,65.047,1.892,Poor
39.141,34.611,78.762,36.921,1.278,34.637,15.848,12.0,27.915,2.396,Poor
21.432,47.363,37.599,9.324,1.221,71.268,44.876,22.709,34.824,0.3,Moderate
84.975,107.508,21.715,34.489,1.406,20.817,30.188,31.106,70.51,5.08,Very Poor
47.775,78.691,80.99,26.77,1.985,52.561,19.334,18.68,65.128,5.996,Moderate
20.362,29.597,60.281,15.941,1.577,53.438,14.174,25.92,28.671,7.144,Moderate
106.754,147.109,25.432,25.354,1.65,44.275,13.589,25.67,51.655,3.311,Poor
102.633,180.231,95.697,36.26,2.442,37.391,15.189,21.854,69.187,7.845,Very Poor
71.105,109.597,49.425,29.706,2.482,14.249,37.75,32.963,69.85,3.647,Poor
42.228,77.922,39.009,23.747,2.834,20.186,22.435,20.461,59.075,2.023,Moderate
37.944,42.511,43.534,16.83,1.579,43.137,37.632,28.19,65.401,2.535,Moderate
13.107,25.092,23.407,49.917,1.254,35.574,27.294,30.622,30.342,2.548,Good
85.477,136.867,31.461,4.819,2.303,41.162,34.976,30.599,21.378,2.363,Poor
18.906,28.089,28.05,22.163,1.24,34.838,24.538,40.217,38.386,2.61,Moderate
44.088,56.35,39.13,9.724,1.453,12.347,44.239,18.858,73.452,6.662,Moderate
8.648,20.0,46.656,21.858,1.503,20.514,25.451,23.915,36.3,0.3,Good
107.735,170.088,71.875,29.946,2.021,12.687,28.7,26.265,44.174,5.233,Poor
43.171,42.592,51.661,44.485,1.139,30.378,34.246,26.473,49.814,5.408,Moderate
27.033,20.0,23.563,28.062,1.352,58.192,37.302,23.859,48.33,1.628,Moderate
84.448,96.391,46.236,16.492,1.664,16.197,26.068,25.211,59.495,5.983,Moderate
65.599,103.809,32.364,20.911,1.673,73.951,25.588,26.438,77.605,2.206,Moderate
94.746,161.134,57.059,27.189,1.745,33.462,26.878,35.452,81.104,0.3,Poor
16.888,32.733,16.432,14.538,1.09,63.637,15.746,28.678,51.934,3.549,Good
43.346,72.065,59.944,18.373,2.12,56.229,31.92,31.724,44.191,3.199,Moderate
69.177,72.303,32.672,25.316,2.067,36.44,9.782,34.59,49.922,0.3,Poor
64.906,94.877,24.255,26.045,2.702,23.716,36.746,37.004,45.778,2.609,Poor
68.055,140.513,52.022,31.391,2.296,43.578,29.626,23.756,60.261,6.711,Poor
45.401,61.972,25.399,45.491,1.605,7.523,43.006,17.566,64.277,1.864,Moderate
33.147,75.906,69.993,14.589,1.92,12.907,25.187,30.231,62.692,4.731,Moderate
19.925,45.54,37.57,17.722,1.897,58.011,26.648,25.431,90.297,7.215,Moderate
47.719,53.215,31.716,27.576,1.958,25.812,10.849,26.755,51.925,6.129,Moderate
55.581,100.012,54.31,26.169,2.447,35.468,8.271,31.709,44.49,6.431,Poor
42.698,65.568,67.612,34.194,1.863,64.44,22.677,36.851,60.566,1.184,Poor
50.376,81.504,48.521,13.515,1.371,31.266,43.709,23.57,41.664,3.941,Moderate
110.002,172.756,64.473,27.877,1.903,62.692,46.616,24.793,76.142,3.37,Poor
16.731,43.787,23.926,12.624,1.147,46.117,18.933,30.701,67.393,3.93,Good
36.338,61.061,6.0,12.124,2.531,29.954,29.223,24.97,18.0,5.152,Poor
113.531,205.937,33.162,35.781,2.483,36.657,38.992,29.161,79.5,0.797,Very Poor
26.414,43.628,43.002,18.021,1.237,33.867,25.606,32.43,40.531,4.339,Moderate
75.119,121.171,62.989,30.205,2.458,9.206,30.586,18.869,50.167,1.483,Poor
57.622,74.966,62.488,19.691,1.507,23.826,15.174,21.699,39.646,1.596,Moderate
34.646,49.55,36.151,16.159,1.455,42.5,29.743,20.809,56.203,2.242,Good
40.126,47.963,73.282,7.199,1.22,47.763,21.441,34.891,27.584,2.732,Moderate
67.082,106.406,41.61,15.756,1.851,36.076,17.176,29.629,59.445,1.273,Poor
32.194,48.193,63.036,24.014,1.24,32.597,35.566,30.61,63.227,5.073,Moderate
70.567,161.845,46.699,45.868,2.146,38.757,24.636,35.083,87.326,3.912,Poor
50.313,69.829,54.117,25.447,2.05,60.512,19.076,26.721,52.514,1.41,Moderate
31.014,45.947,36.569,24.709,1.471,40.878,31.706,26.419,74.279,2.702,Moderate
53.563,112.285,51.954,21.49,1.764,37.23,21.596,35.0,42.634,3.211,Poor
62.077,76.835,69.81,32.032,2.367,23.285,30.56,44.0,52.466,0.867,Poor
82.662,118.529,33.668,32.844,1.47,37.016,24.656,29.712,44.445,0.3,Moderate
73.028,121.777,81.816,22.327,1.801,32.207,24.678,24.588,62.7,3.534,Poor
53.418,50.444,41.948,6.054,1.219,35.09,25.358,25.026,46.644,0.858,Moderate
95.991,122.613,59.448,20.882,1.947,16.334,41.455,37.713,52.38,1.084,Poor
149.966,196.933,37.491,24.034,2.075,5.0,27.749,38.288,55.252,6.411,Very Poor
23.385,30.14,7.072,35.528,1.679,47.445,39.288,24.408,35.399,3.5,Good
37.827,58.394,45.9,19.92,0.909,32.788,47.688,26.711,54.173,2.665,Moderate
36.025,63.873,38.459,28.973,1.588,12.682,30.646,34.914,33.937,1.729,Moderate
100.936,116.768,63.202,36.69,2.104,38.607,37.194,27.975,71.733,4.252,Poor
75.328,91.811,23.027,41.969,1.854,32.219,24.534,32.189,58.037,1.089,Moderate
45.002,72.296,51.908,6.858,1.471,5.0,48.289,36.461,43.164,2.2,Moderate
29.633,38.919,16.216,18.648,1.854,36.577,19.218,36.921,57.184,2.81,Moderate
48.911,75.348,36.524,32.527,1.611,28.195,39.221,16.86,50.94,4.252,Good
19.474,45.111,32.526,34.24,1.236,21.382,31.664,30.567,72.677,6.83,Good
70.664,89.316,35.919,37.307,1.979,45.547,19.944,32.467,31.003,6.465,Poor
28.415,54.133,32.865,27.033,1.385,16.116,12.168,37.857,71.193,3.223,Moderate
61.216,94.388,42.84,27.608,2.619,30.585,18.264,16.583,95.321,1.952,Poor
40.895,50.843,31.033,26.206,1.791,47.233,28.032,32.721,74.044,2.249,Moderate
117.024,161.986,42.789,20.682,2.494,16.455,39.983,27.275,53.398,2.424,Poor
55.552,92.389,32.146,3.688,2.569,5.0,27.569,18.035,18.0,0.544,Moderate
41.979,51.622,36.157,27.178,1.677,19.087,33.705,28.502,64.669,3.114,Moderate
32.054,38.637,28.212,34.104,1.552,24.492,24.761,28.479,63.039,5.494,Moderate
81.39,102.975,64.404,28.579,1.943,35.628,24.128,29.917,48.366,5.399,Poor
70.029,110.975,43.625,27.309,1.299,31.662,44.448,33.445,30.247,4.715,Moderate
65.454,121.474,56.714,24.747,1.977,44.343,39.972,37.788,74.875,5.37,Poor
25.186,20.0,55.329,2.0,2.313,81.047,23.905,21.152,80.74,1.858,Moderate
124.499,167.74,60.233,29.178,2.898,36.515,40.973,36.893,76.791,3.064,Very Poor
75.154,106.767,69.301,23.582,1.64,28.168,27.936,21.843,80.211,3.619,Moderate
79.009,106.48,69.063,16.297,1.908,30.714,39.189,20.31,51.392,3.359,Poor
35.211,54.497,38.924,10.231,1.122,44.751,20.8,29.495,86.366,2.414,Moderate
45.518,80.192,41.54,41.992,1.111,5.0,39.235,30.864,71.541,1.14,Moderate
24.831,20.0,70.324,24.989,1.953,31.508,24.339,24.002,65.206,5.398,Moderate
59.873,110.318,55.473,26.069,1.63,35.488,22.706,34.514,57.141,1.693,Poor
49.977,103.27,6.0,35.205,2.142,30.59,25.837,25.313,52.428,2.484,Poor
38.475,41.494,62.373,29.107,1.761,22.35,43.498,26.993,69.738,1.393,Moderate
50.382,93.101,58.734,26.811,2.758,35.637,28.114,32.62,41.617,2.438,Poor
25.113,55.027,60.606,37.708,2.501,5.488,25.276,26.959,83.298,1.425,Moderate
20.466,30.949,66.376,31.379,1.259,51.123,37.621,37.048,71.494,4.471,Moderate
44.892,89.573,79.004,32.732,1.666,26.978,8.898,28.857,59.138,4.185,Poor
21.239,30.674,23.862,2.519,2.556,11.306,38.184,25.933,67.731,4.122,Moderate
55.306,67.473,42.04,9.751,1.081,12.922,17.659,21.233,71.049,2.97,Moderate
49.205,65.396,39.453,30.755,1.478,17.369,38.845,35.668,75.148,2.592,Moderate
88.118,141.607,42.792,12.792,2.044,25.939,19.643,26.239,47.51,4.882,Poor
100.428,142.616,40.496,18.413,2.268,43.869,15.577,25.372,38.939,3.827,Poor
95.746,172.773,65.132,24.998,2.984,31.107,20.873,32.785,44.519,1.608,Very Poor
87.32,145.302,48.081,30.456,1.694,10.024,21.296,23.58,49.002,2.958,Moderate
29.832,33.006,65.082,7.197,1.657,49.861,22.45,44.0,49.505,2.153,Moderate
78.476,152.067,26.331,26.93,1.539,34.421,13.355,30.941,68.877,3.312,Poor
80.261,162.794,37.146,38.031,1.996,7.84,30.325,29.825,35.325,5.475,Poor
19.988,20.0,27.339,21.344,1.284,30.699,36.896,37.077,60.49,2.735,Moderate
44.39,46.81,27.953,25.907,1.129,20.014,36.757,18.068,65.026,1.994,Moderate
47.783,92.67,36.896,35.681,1.697,31.602,31.811,29.384,78.704,5.699,Moderate
80.572,61.086,42.901,27.961,1.581,33.992,26.517,31.797,62.418,4.686,Poor
59.476,91.619,93.541,30.384,1.505,43.999,46.851,31.035,95.227,7.126,Moderate
34.68,86.46,61.076,15.008,1.829,31.348,47.703,26.318,59.454,1.174,Moderate
24.65,44.333,49.797,29.744,1.293,50.361,48.328,29.21,41.687,3.482,Moderate
82.435,92.661,39.394,6.161,2.453,36.013,28.339,37.291,53.21,5.331,Poor
79.052,75.456,61.985,16.833,3.17,33.396,2.0,25.53,31.699,3.44,Poor
91.8,147.798,74.923,35.269,2.253,24.55,31.877,33.944,50.843,3.234,Poor
10.4,29.207,62.378,26.211,1.811,48.972,30.134,28.186,71.542,3.59,Moderate
45.714,99.807,36.84,27.435,1.748,46.987,35.116,32.488,76.791,6.691,Moderate
25.172,31.124,30.522,47.05,1.249,34.39,22.407,28.231,38.627,2.685,Good
30.668,40.005,63.858,18.29,2.071,7.111,22.46,28.327,52.553,2.109,Moderate
128.195,147.292,38.127,37.306,2.596,43.523,25.783,24.729,83.308,3.493,Very Poor
66.475,98.428,29.144,15.708,1.301,57.941,27.397,29.052,66.639,2.824,Poor
72.87,127.965,47.26,17.949,2.128,20.284,30.366,26.611,59.09,4.434,Poor
11.717,20.736,38.495,23.624,0.666,23.669,39.675,24.535,56.505,2.51,Good
41.713,63.041,66.596,19.973,1.764,5.0,35.42,28.153,66.513,2.818,Moderate
83.443,108.341,56.003,12.586,2.058,15.427,33.231,39.886,58.832,0.702,Poor
34.73,44.697,68.304,14.012,2.039,34.206,46.621,23.922,82.675,1.022,Moderate
64.504,68.316,28.451,3.549,2.334,21.623,50.976,28.426,63.411,4.857,Moderate
44.416,52.602,51.299,22.483,2.236,18.989,39.569,31.57,93.375,4.038,Moderate
8.0,20.0,54.244,28.06,1.294,41.862,38.953,34.3,51.52,2.335,Moderate
61.112,90.271,34.895,28.457,1.602,36.255,21.305,32.404,24.599,0.3,Moderate
47.803,106.539,43.008,8.878,1.988,30.122,36.826,36.626,68.791,5.549,Moderate
68.772,101.48,62.101,30.233,1.356,46.102,34.725,39.143,38.645,4.173,Moderate
81.78,120.171,52.081,2.0,1.919,56.392,18.043,22.753,49.975,3.221,Poor
43.473,48.548,7.043,16.645,1.032,22.361,34.19,29.839,74.543,3.73,Moderate
23.408,51.05,43.331,25.823,1.234,9.538,37.111,37.373,39.57,4.237,Good
23.794,57.165,42.017,35.41,1.612,34.648,20.619,33.481,39.229,6.248,Moderate
64.311,85.143,44.657,26.067,2.128,43.734,47.008,35.027,56.889,4.015,Poor
68.046,86.982,48.805,25.681,2.295,6.275,32.985,40.526,36.064,5.271,Moderate
68.989,110.761,32.848,21.817,2.969,42.898,25.517,21.172,34.959,0.3,Poor
31.424,51.105,21.251,36.43,1.36,35.78,18.322,19.203,83.022,0.963,Moderate
41.132,84.745,30.723,24.383,2.411,31.847,34.635,24.582,47.458,2.899,Moderate
26.217,36.982,76.829,19.911,1.011,24.448,34.802,26.159,66.001,3.924,Moderate
33.471,47.946,40.988,14.492,1.501,43.633,36.333,25.77,31.651,5.523,Moderate
37.714,72.168,83.56,31.398,2.09,48.46,47.803,28.099,51.497,2.068,Moderate
91.863,114.977,29.724,36.236,2.008,5.0,50.595,36.323,30.244,5.27,Moderate
88.67,152.032,64.339,22.982,2.924,26.016,36.284,19.643,63.402,1.981,Very Poor
30.805,45.114,41.46,14.598,1.908,48.678,26.174,24.458,70.789,3.585,Moderate
83.299,113.892,65.608,31.509,1.44,45.991,23.871,30.582,74.546,2.187,Poor
78.515,107.102,68.146,42.901,0.848,25.371,10.794,31.828,68.614,2.33,Moderate
58.127,78.065,39.132,34.559,1.386,32.661,31.475,30.355,42.905,4.139,Moderate
29.646,55.077,29.656,13.902,1.184,44.635,21.241,33.628,50.571,3.102,Moderate
92.63,200.21,31.78,26.245,2.049,68.047,6.252,24.057,69.729,4.082,Poor
55.799,84.343,31.421,29.752,2.275,56.652,21.745,37.742,69.026,3.531,Poor
91.817,172.003,51.569,35.059,2.888,32.765,38.701,35.146,47.576,3.431,Poor
29.833,48.686,10.544,26.278,1.399,60.266,9.6,28.618,60.76,0.674,Moderate
43.64,66.752,41.749,26.125,1.757,34.275,23.185,28.821,76.104,2.891,Moderate
12.111,24.587,26.404,37.277,1.449,29.142,47.556,14.991,70.455,5.231,Good
70.37,118.056,80.226,8.506,1.643,30.715,48.211,27.117,23.303,2.751,Poor
120.287,206.602,59.62,35.773,2.226,44.093,19.792,40.443,69.916,4.246,Very Poor
26.06,53.16,71.757,25.619,2.156,23.927,47.09,25.061,61.836,0.3,Moderate
82.831,107.723,33.054,17.751,2.1,27.524,35.472,34.71,72.632,0.513,Poor
34.613,60.413,48.76,30.103,0.967,40.149,43.367,37.715,80.525,2.566,Moderate
46.044,92.746,34.107,21.109,1.123,36.233,29.483,25.928,50.69,5.522,Moderate
104.573,152.603,71.622,11.945,2.396,33.52,29.366,23.236,59.563,3.864,Poor
69.719,92.344,64.861,25.168,2.789,40.722,23.97,20.062,63.569,3.588,Poor
57.029,63.578,68.963,14.236,1.7,20.036,29.597,22.05,63.562,3.913,Moderate
15.344,20.0,62.248,21.233,0.806,37.734,33.981,30.184,43.464,2.556,Good
45.883,68.883,59.783,22.074,1.888,5.0,18.504,28.095,68.005,4.076,Moderate
23.057,34.92,67.161,30.643,1.637,60.533,48.967,19.098,70.271,0.3,Moderate
37.517,41.245,36.412,28.034,1.458,22.023,31.406,12.899,75.217,5.597,Moderate
111.066,131.816,55.788,19.303,2.973,29.435,37.4,38.703,41.644,1.23,Poor
37.975,38.464,34.33,33.04,1.106,41.35,27.066,24.034,96.0,2.995,Moderate
36.945,60.75,19.795,16.129,1.257,35.281,46.82,24.97,77.538,2.732,Moderate
42.387,71.657,61.434,38.168,1.418,15.333,12.338,18.272,81.078,4.295,Moderate
49.201,49.771,39.746,24.915,1.466,55.194,34.571,33.419,52.566,2.995,Moderate
25.433,35.53,57.745,6.673,1.621,5.0,20.24,28.382,69.777,5.606,Good
15.132,41.931,56.341,21.594,1.564,17.767,42.144,27.11,72.962,3.551,Moderate
34.373,45.618,25.909,27.509,1.417,41.357,30.524,17.264,57.438,5.017,Moderate
81.18,123.956,44.716,38.728,1.885,9.985,19.925,35.068,60.351,2.445,Poor
37.523,64.075,6.0,12.111,1.073,53.869,24.23,26.49,60.929,4.564,Moderate
31.88,40.973,73.799,23.987,1.458,40.618,39.337,34.648,53.201,5.204,Poor
42.129,64.255,47.429,22.313,1.826,33.167,43.61,15.137,63.502,2.5,Moderate
134.289,151.529,47.924,23.752,3.474,30.465,37.15,15.528,48.362,4.07,Very Poor
63.694,105.295,45.652,23.238,2.083,21.236,17.617,21.83,72.239,2.139,Poor
37.267,44.893,32.465,14.574,1.709,34.232,15.21,27.777,85.095,5.809,Moderate
35.837,47.574,58.11,22.834,1.294,38.123,30.02,19.693,55.48,4.646,Moderate
54.054,64.989,26.297,10.797,1.573,29.038,22.988,23.959,58.75,2.743,Moderate
65.339,86.554,69.731,17.298,1.854,45.36,24.802,37.46,35.584,2.3,Poor
134.509,199.281,55.216,24.502,1.693,12.539,36.185,40.12,46.575,4.9,Very Poor
64.989,110.596,42.666,26.43,0.989,54.187,22.666,26.232,52.197,4.416,Moderate
40.691,51.711,6.0,27.379,1.841,40.126,41.562,29.772,71.492,3.885,Moderate
26.697,50.43,42.723,19.963,1.475,41.53,29.464,28.249,53.261,2.768,Moderate
47.242,53.812,46.544,35.82,2.481,10.871,22.941,30.35,53.229,2.056,Moderate
64.513,77.739,52.656,21.727,1.325,55.002,35.922,35.459,94.74,3.478,Moderate
47.693,47.453,59.206,8.039,1.277,34.373,13.003,34.188,71.105,4.463,Moderate
86.773,110.188,29.565,29.049,2.322,16.17,19.527,30.909,53.911,4.508,Poor
49.404,72.699,39.524,21.503,1.666,31.878,31.573,31.787,64.264,4.898,Moderate
34.639,55.56,59.521,25.852,2.557,35.754,18.243,29.56,43.174,5.968,Moderate
44.186,65.954,36.389,35.707,1.306,16.801,32.539,33.588,52.721,5.336,Poor
57.139,110.599,63.524,34.881,1.647,72.196,14.274,15.825,49.786,0.3,Moderate
55.103,81.653,51.203,28.774,1.863,32.283,36.631,32.557,54.681,1.854,Moderate
71.181,116.165,64.882,17.713,2.153,21.706,27.064,35.709,34.717,4.886,Moderate
26.321,32.002,49.424,26.041,1.426,28.153,32.749,28.132,63.292,2.119,Moderate
59.967,91.896,58.169,32.574,1.692,30.645,27.212,20.928,49.707,4.012,Moderate
66.624,94.952,62.109,17.287,1.32,42.158,64.074,33.217,21.362,3.571,Moderate
23.701,39.1,37.838,21.762,1.784,45.819,35.306,35.975,66.908,0.57,Moderate
58.715,76.621,62.457,17.782,2.598,54.762,60.921,35.892,74.677,1.018,Poor
52.582,68.565,36.405,28.252,0.345,26.141,38.373,21.104,75.158,3.446,Moderate
31.199,51.01,22.27,32.132,1.692,12.958,18.25,33.331,53.151,1.723,Moderate
50.975,100.693,6.0,21.447,1.495,41.627,37.785,29.737,42.4,3.511,Moderate
8.904,31.885,36.755,32.149,0.984,31.355,2.0,38.711,73.74,2.722,Good
37.683,44.832,52.312,19.156,0.908,48.284,40.227,19.154,73.028,3.607,Moderate
50.634,97.67,31.797,26.387,1.18,43.691,27.516,30.321,75.317,3.99,Moderate
39.081,50.469,54.376,42.255,2.307,83.189,27.591,30.918,89.473,2.313,Moderate
28.098,55.973,24.938,34.399,1.598,54.53,50.388,25.603,49.659,4.005,Moderate
33.161,59.559,55.192,26.606,1.794,37.452,13.211,25.763,76.642,3.334,Moderate
45.524,41.709,59.085,43.77,2.493,30.833,24.977,12.0,68.663,2.135,Poor
70.857,83.721,38.482,40.483,1.945,48.538,34.104,22.854,44.719,1.752,Poor
34.813,55.751,31.105,25.806,1.759,22.809,15.177,17.789,48.301,2.608,Moderate
22.505,48.604,28.203,30.162,1.495,43.358,19.651,23.817,24.992,0.69,Moderate
26.787,55.75,50.581,25.363,1.204,39.045,31.612,32.961,84.99,5.227,Moderate
59.029,100.288,69.58,21.165,0.871,54.542,32.086,24.602,63.815,4.331,Moderate
41.482,48.492,34.208,36.539,1.588,73.905,27.935,31.703,62.639,4.163,Moderate
77.628,113.134,53.169,26.205,2.367,5.0,8.619,29.542,52.809,3.508,Poor
12.869,20.0,35.727,33.408,0.872,22.756,16.461,22.499,65.719,2.535,Good
89.948,150.869,51.199,24.094,3.192,47.532,45.046,21.999,66.331,1.966,Poor
25.725,29.628,74.483,25.477,1.256,39.143,41.679,28.142,42.117,2.717,Moderate
27.696,36.734,73.583,23.841,1.708,52.51,38.639,28.812,71.227,5.24,Moderate
40.022,56.269,28.207,18.564,1.457,39.697,28.612,39.776,18.0,2.989,Poor
31.025,38.308,44.59,26.243,1.402,50.615,35.988,23.219,54.18,4.985,Moderate
53.632,110.353,28.842,7.434,1.306,34.388,40.72,30.877,47.593,0.3,Moderate
65.51,100.168,30.978,33.441,1.954,18.879,27.808,40.812,60.133,1.386,Poor
17.304,42.358,58.652,32.499,1.106,10.077,53.696,34.254,51.968,3.48,Good
19.295,51.2,41.019,17.146,1.166,48.434,17.253,23.504,48.437,2.195,Good
8.0,20.0,20.48,18.605,0.395,15.864,37.848,25.497,38.775,2.643,Good
36.177,55.053,6.0,17.772,1.514,18.596,19.214,23.674,23.804,5.42,Moderate
71.632,105.72,72.886,35.303,2.299,29.81,20.701,33.314,52.637,3.08,Poor
42.671,67.671,42.531,25.661,1.534,38.017,20.505,36.251,18.0,2.752,Moderate
77.21,109.588,76.808,24.871,2.467,31.199,46.616,21.179,51.313,6.008,Poor
93.027,155.761,36.823,31.545,2.23,5.522,23.117,38.718,63.03,4.443,Poor
44.092,93.63,52.582,5.932,2.643,29.169,36.027,28.536,65.573,2.769,Poor
18.567,44.746,53.523,27.111,1.783,55.823,38.188,32.761,61.685,6.065,Moderate
91.915,127.264,60.541,19.503,2.218,20.637,35.663,23.804,57.314,4.441,Poor
38.644,66.374,59.981,36.713,1.467,24.444,27.171,26.024,47.564,3.003,Moderate
66.148,95.966,48.84,19.454,2.7,51.102,34.213,34.81,32.343,2.991,Poor
59.061,84.273,71.248,24.257,1.049,35.095,29.875,37.434,77.681,2.854,Moderate
47.851,77.321,76.859,14.17,1.677,34.281,30.007,35.567,96.0,4.279,Moderate
39.151,54.365,30.284,19.0,1.422,5.0,35.022,25.085,45.319,3.253,Moderate
40.613,100.185,45.002,34.59,1.6,22.994,35.986,39.848,56.23,2.658,Moderate
48.261,40.722,61.728,27.794,2.229,56.244,23.326,28.497,61.673,0.724,Moderate
91.245,144.908,61.692,31.486,2.374,29.268,36.195,28.08,65.121,7.112,Poor
19.352,41.857,31.27,16.63,2.499,15.765,6.411,28.935,47.756,1.059,Moderate
24.145,72.968,22.94,20.36,1.829,33.484,41.724,27.181,72.675,2.109,Moderate
147.39,246.005,15.349,24.851,1.936,9.476,17.654,30.092,55.427,2.343,Very Poor
66.104,98.284,72.719,37.037,1.447,31.081,28.66,23.936,66.292,1.67,Moderate
55.638,73.235,51.243,13.075,2.018,13.937,38.0,32.549,60.966,5.283,Poor
64.524,129.061,51.811,5.29,1.603,22.162,30.031,34.651,29.867,4.154,Moderate
28.47,47.004,47.75,23.578,0.875,14.813,20.552,32.346,48.133,3.282,Good
75.477,51.946,55.284,13.658,2.468,23.68,46.186,22.927,73.013,2.474,Poor
117.376,177.653,27.805,38.718,2.913,26.744,46.847,30.978,60.965,3.235,Very Poor
30.683,42.798,67.816,21.126,0.734,8.582,21.904,23.127,48.81,3.826,Good
39.9,60.169,74.352,30.284,1.916,31.825,44.247,27.713,50.418,3.273,Moderate
20.407,36.66,37.009,17.433,0.554,23.788,4.609,20.445,46.485,3.761,Moderate
39.706,50.851,20.332,32.977,1.256,54.221,23.562,18.414,86.617,4.831,Moderate
57.951,86.145,59.729,24.487,2.418,38.071,22.128,26.879,63.434,1.354,Moderate
50.319,80.304,62.958,9.49,2.359,52.427,41.476,32.101,63.777,2.011,Poor
65.557,98.866,42.861,33.897,2.143,40.605,33.809,22.452,70.7,1.615,Poor
30.51,39.05,30.827,28.03,1.913,43.642,29.727,30.267,70.101,4.467,Moderate
75.288,106.76,48.335,14.886,1.39,29.469,35.156,31.898,48.664,3.652,Poor
72.626,92.363,50.449,26.647,2.449,26.496,36.341,24.273,55.408,1.014,Poor
65.68,109.849,52.07,19.011,1.506,31.359,44.532,28.419,72.916,2.469,Moderate
17.044,29.035,41.148,19.807,1.181,19.804,53.033,34.801,58.862,4.299,Good
36.912,75.363,25.255,18.543,2.281,76.593,39.812,31.094,87.699,0.3,Moderate
34.515,39.133,45.815,16.248,0.953,51.253,19.92,38.263,54.19,0.3,Moderate
35.063,48.223,56.061,12.189,2.455,40.202,32.29,30.217,56.204,2.846,Moderate
29.662,28.401,35.531,15.886,1.008,55.157,39.641,26.309,76.842,2.101,Moderate
45.318,80.087,51.141,28.341,1.178,38.714,23.003,27.332,44.454,1.959,Moderate
45.813,85.484,35.849,11.399,1.469,47.045,39.804,28.1,37.531,0.985,Moderate
118.533,195.961,55.841,42.92,2.062,19.574,51.642,26.294,64.251,5.453,Poor
54.106,97.867,68.84,14.698,1.146,15.825,30.278,22.5,52.52,0.597,Moderate
52.261,104.56,37.168,28.49,1.355,57.972,11.2,25.567,61.565,2.088,Moderate
74.254,115.496,39.347,26.841,1.651,28.015,32.906,34.583,42.115,3.527,Moderate
54.06,111.205,17.146,33.786,1.519,5.0,23.265,22.317,43.649,1.628,Moderate
61.225,74.983,79.673,26.681,2.048,47.723,38.966,39.664,57.824,2.605,Poor
91.859,137.86,10.146,32.217,2.436,6.06,29.791,39.035,75.01,6.231,Poor
103.324,139.773,80.425,28.266,1.566,25.009,32.351,12.694,87.161,3.596,Poor
62.021,90.647,50.803,29.146,1.844,31.022,19.808,18.888,56.44,4.706,Poor
21.768,29.545,17.042,33.318,1.274,62.888,27.294,15.584,65.859,3.234,Moderate
64.701,89.044,68.858,25.9,1.34,60.536,38.894,31.633,35.09,5.603,Moderate
124.718,160.385,57.284,26.919,2.091,33.286,34.583,21.128,37.545,4.92,Poor
46.964,67.247,48.0,24.226,0.753,5.0,24.858,34.344,52.873,0.721,Moderate
83.543,159.346,64.341,44.781,1.68,24.411,56.608,16.33,72.582,3.4,Poor
49.61,91.482,33.195,46.115,1.867,38.533,37.435,27.145,38.849,2.657,Moderate
35.276,36.229,66.542,38.611,0.375,16.194,37.756,27.083,42.445,1.437,Good
37.561,71.116,27.684,27.571,0.933,35.204,30.376,35.689,43.483,3.041,Moderate
24.177,36.823,43.572,27.388,1.321,44.322,22.352,30.635,64.679,2.688,Good
27.195,47.913,55.675,10.579,1.069,23.179,34.175,33.661,52.043,0.3,Moderate
78.375,119.332,70.891,37.385,1.731,25.074,36.646,22.8,42.765,1.395,Moderate
22.158,30.412,38.341,29.163,1.339,29.477,41.168,28.737,56.936,4.109,Moderate
41.794,64.93,58.519,22.177,1.175,20.522,19.808,17.342,63.237,0.808,Moderate
81.827,140.663,45.938,15.955,2.291,23.274,24.582,32.511,68.611,2.714,Poor
75.725,103.476,62.605,20.218,2.603,18.537,48.592,24.606,74.98,1.936,Poor
121.18,205.582,38.707,28.417,2.579,29.043,41.647,24.784,48.191,3.54,Very Poor
58.728,68.603,34.718,19.841,2.484,59.312,31.907,24.123,64.742,3.488,Poor
22.982,42.365,41.988,2.144,2.312,22.227,5.729,30.134,56.159,0.3,Moderate
8.0,20.0,26.515,18.619,1.211,51.59,40.108,36.071,54.515,4.482,Good
110.099,130.669,42.705,14.368,2.087,28.043,30.028,28.915,80.908,0.874,Poor
15.741,32.649,51.755,18.024,0.973,32.24,24.493,28.317,40.805,3.205,Good
36.214,51.827,21.048,11.598,1.974,21.895,43.653,33.051,46.599,3.046,Moderate
28.274,71.028,51.637,16.965,1.537,30.783,17.084,27.409,26.698,4.358,Moderate
54.024,71.484,26.383,43.169,1.53,36.174,38.033,24.621,65.231,2.016,Moderate
19.366,32.511,49.773,26.469,1.893,34.735,5.764,31.213,35.09,3.896,Moderate
42.609,67.241,58.193,38.847,1.518,9.425,20.305,30.426,42.125,0.3,Moderate
50.066,55.861,20.16,26.377,1.505,32.347,44.32,18.664,62.464,2.924,Moderate
112.594,192.566,47.819,25.645,2.569,49.676,30.208,32.06,53.928,2.8,Very Poor
24.339,40.454,44.11,32.103,1.545,42.643,35.172,26.787,61.651,4.629,Moderate
104.487,151.184,31.48,18.099,2.388,46.494,39.549,36.902,18.0,3.564,Poor
14.338,29.899,21.156,29.379,1.214,32.122,37.206,35.46,62.369,3.792,Moderate
17.901,39.716,36.133,8.988,1.801,65.019,31.347,31.239,18.0,1.677,Moderate
23.979,43.899,15.673,2.0,1.293,56.996,37.09,26.868,39.336,6.586,Moderate
107.579,123.39,23.305,35.751,2.183,40.067,24.077,24.709,46.332,3.829,Poor
49.43,61.1,11.77,38.037,1.262,28.098,11.014,17.519,91.534,3.045,Moderate
20.025,27.346,67.463,16.098,1.755,32.182,41.222,34.025,30.379,0.432,Moderate
53.688,52.687,37.093,14.779,2.09,32.416,14.426,35.313,84.368,3.715,Moderate
58.233,79.847,54.133,19.953,1.135,5.0,43.734,28.983,33.506,4.733,Moderate
60.32,109.448,33.208,17.425,2.212,44.351,37.878,36.172,72.31,0.3,Poor
42.877,42.606,39.121,30.649,2.318,39.635,16.408,29.925,41.405,0.988,Moderate
35.62,50.811,28.089,29.504,0.908,72.819,18.184,20.622,94.443,3.948,Moderate
70.222,81.287,46.975,34.94,1.521,25.387,19.262,26.985,81.935,2.285,Moderate
81.348,112.107,53.879,30.99,1.568,30.269,64.714,18.727,57.363,6.243,Poor
45.613,77.493,87.729,32.961,0.998,24.719,43.963,21.509,52.916,5.88,Moderate
36.935,79.346,44.696,36.478,1.585,23.184,5.575,34.2,82.228,3.884,Moderate
30.183,49.286,49.559,18.334,1.697,15.001,11.859,18.166,31.395,4.394,Moderate
77.952,115.054,45.484,34.724,0.867,43.539,2.096,36.074,72.443,3.813,Moderate
36.17,70.187,44.962,18.683,1.635,45.507,25.013,34.902,74.173,3.961,Moderate
83.483,118.86,39.212,16.794,2.242,22.283,42.882,32.213,60.727,3.688,Poor
93.066,152.084,18.126,21.221,2.534,31.363,23.831,41.694,68.168,2.71,Very Poor
68.459,93.356,81.776,27.462,1.767,60.016,39.073,38.923,48.352,2.236,Poor
27.16,49.449,22.129,28.681,1.021,30.988,17.101,29.116,66.028,3.17,Good
64.029,79.384,21.462,16.995,1.518,45.775,35.956,24.437,58.926,4.413,Poor
73.758,96.933,53.385,19.563,2.007,42.611,24.403,23.764,49.017,1.591,Poor
45.468,80.959,67.448,31.088,2.153,5.0,23.785,35.772,64.71,2.903,Poor
134.713,193.936,56.301,32.191,2.692,16.326,25.658,39.289,28.183,2.766,Very Poor
90.909,119.843,39.735,24.037,2.151,37.361,32.789,29.326,39.285,1.436,Poor
97.659,149.098,61.309,32.232,2.099,54.302,54.55,19.857,18.0,0.476,Poor
50.709,51.419,43.403,23.872,1.334,23.504,40.195,34.5,39.796,0.3,Moderate
133.57,175.409,39.421,33.146,2.666,45.89,28.684,27.974,96.0,1.27,Very Poor
46.628,75.442,50.864,23.646,1.595,34.077,19.894,26.16,65.631,5.508,Poor
45.505,57.811,20.232,15.05,1.761,18.481,44.352,37.044,68.298,0.3,Moderate
123.745,142.547,73.494,21.426,2.319,56.677,38.38,23.562,42.455,3.058,Poor
35.856,64.786,6.0,24.087,1.476,32.338,19.212,30.71,56.681,4.185,Moderate
53.671,91.341,66.345,22.857,2.229,30.193,32.864,18.59,55.997,3.797,Poor
48.241,49.775,56.065,5.056,1.922,5.0,10.956,25.224,34.258,3.286,Moderate
59.011,100.039,39.851,34.169,1.872,39.532,16.858,24.6,38.183,6.097,Moderate
69.943,117.024,46.014,25.198,1.429,24.549,52.143,23.232,70.573,0.3,Poor
66.02,121.091,30.422,30.886,1.64,33.702,22.365,19.955,73.574,4.236,Moderate
56.524,50.439,32.383,26.686,2.223,40.99,22.231,21.659,64.66,3.584,Moderate
87.662,131.383,19.965,38.009,2.86,34.364,20.0,37.354,63.855,3.311,Poor
57.768,97.026,44.788,26.578,0.937,19.432,41.695,27.547,18.051,2.161,Moderate
85.286,101.436,42.417,23.581,1.914,42.494,19.632,25.102,70.948,6.052,Poor
125.179,161.157,9.95,31.906,3.013,33.002,47.911,23.854,44.317,5.911,Moderate
71.734,103.161,21.728,33.494,1.428,30.544,15.542,28.653,39.208,1.916,Poor
54.503,99.651,61.444,23.747,1.752,23.167,46.915,24.797,46.033,3.466,Moderate
63.495,123.847,61.726,31.744,1.519,65.028,42.733,38.041,49.212,0.812,Poor
38.82,54.832,32.411,18.927,1.746,30.769,51.966,14.21,57.432,2.51,Moderate
108.869,175.225,75.345,21.328,2.285,52.895,37.828,39.181,52.795,1.404,Very Poor
37.154,36.938,50.965,24.846,1.252,12.149,29.007,25.574,20.976,2.928,Moderate
36.326,69.681,43.917,22.681,2.466,30.949,31.752,26.454,76.427,2.674,Moderate
82.186,141.552,52.861,28.183,2.9,11.224,19.012,34.772,35.445,2.535,Poor
74.469,122.434,36.692,23.643,1.639,56.865,29.806,30.314,50.612,0.3,Poor
35.587,36.549,52.944,36.89,0.991,45.722,32.912,27.884,54.204,3.196,Moderate
52.113,97.189,6.0,28.214,1.326,30.969,21.679,23.588,49.458,6.589,Moderate
24.008,32.029,37.951,15.965,2.029,18.21,45.255,36.611,76.203,4.099,Moderate
52.007,64.633,62.739,34.183,1.157,30.578,37.652,38.604,24.703,4.135,Moderate
28.176,39.438,59.496,28.676,1.217,31.926,36.49,38.794,55.584,3.675,Moderate
44.95,62.014,45.361,13.467,1.126,32.113,31.815,12.0,18.0,3.472,Moderate
107.413,121.498,48.713,23.515,1.46,36.571,32.625,31.628,68.896,0.324,Poor
96.156,102.066,16.607,20.249,2.341,5.0,43.957,32.087,56.492,1.957,Poor
95.66,154.899,71.447,33.56,1.899,28.677,23.45,33.882,56.376,4.424,Poor
42.088,55.282,76.047,14.744,1.73,42.529,53.476,31.614,51.594,2.522,Moderate
77.805,138.618,68.799,23.22,2.559,37.601,39.556,30.242,30.519,1.609,Poor
32.31,60.23,63.124,23.284,1.831,21.204,46.983,19.723,68.259,6.334,Moderate
21.415,36.141,53.49,29.244,1.08,50.627,55.07,32.32,68.951,2.186,Moderate
73.345,111.94,50.272,20.432,1.969,39.167,24.431,32.381,23.859,3.117,Poor
59.214,98.819,51.242,39.619,1.391,38.634,34.529,26.066,41.901,3.968,Moderate
31.148,42.591,34.189,30.555,1.029,27.38,42.527,27.633,67.96,2.011,Moderate
18.507,31.565,26.078,21.392,1.289,36.503,11.489,22.051,50.562,1.863,Moderate
80.595,86.281,40.942,10.835,2.098,13.792,23.895,30.402,40.028,6.004,Moderate
23.678,49.718,15.771,30.06,1.545,29.437,36.589,32.518,68.538,3.847,Moderate
36.985,39.597,54.57,16.175,1.997,50.861,20.191,34.477,33.957,3.123,Moderate
39.756,36.041,53.151,10.406,1.896,5.206,32.118,25.949,45.79,3.03,Moderate
33.785,46.719,30.252,20.42,0.872,34.815,24.753,29.227,76.094,2.589,Moderate
59.593,77.29,6.0,11.01,1.233,51.706,33.266,41.043,46.689,2.846,Poor
33.134,53.72,7.839,30.028,1.392,37.67,26.876,35.482,69.277,1.648,Moderate
100.942,153.439,38.754,19.277,2.815,24.535,42.191,21.52,69.364,0.697,Poor
29.373,45.747,42.85,6.517,1.549,58.237,31.855,41.362,64.079,4.273,Moderate
34.657,60.815,43.226,38.829,0.795,56.086,26.442,28.481,48.212,6.28,Good
33.335,45.684,14.746,21.269,1.237,24.399,30.835,29.423,56.753,5.479,Moderate
74.204,100.945,49.536,24.817,1.718,38.076,25.982,23.231,62.619,5.317,Poor
35.445,72.486,27.975,18.695,2.301,8.076,23.529,25.091,88.827,2.336,Moderate
25.679,47.748,41.104,27.516,1.233,31.074,6.151,32.128,66.317,1.294,Moderate
27.373,60.141,36.113,23.949,2.393,19.418,25.459,28.414,79.714,1.888,Moderate
31.701,57.71,66.745,25.191,0.593,9.062,8.5,37.234,30.063,0.796,Moderate
76.147,112.079,72.417,15.401,1.904,42.46,40.092,28.898,34.263,0.3,Poor
54.22,72.324,76.195,10.391,2.109,63.231,28.918,43.598,59.889,3.381,Poor
142.795,185.161,41.769,31.049,1.962,54.927,33.569,34.842,48.213,4.155,Very Poor
20.475,46.677,68.22,19.754,0.743,22.139,28.366,38.634,41.67,1.423,Moderate
30.881,36.988,43.253,20.323,1.856,53.145,25.935,28.639,74.787,3.924,Moderate
30.857,65.09,46.954,37.376,1.849,25.317,26.711,27.8,28.385,4.649,Moderate
89.597,108.85,69.787,12.645,1.836,52.113,21.947,29.477,53.755,2.841,Poor
30.725,43.371,52.278,37.188,1.836,62.948,24.401,19.838,77.136,6.359,Moderate
177.075,240.711,57.717,43.447,3.085,33.549,42.984,37.228,48.352,0.849,Severe
54.183,83.194,73.411,8.879,1.991,30.162,14.701,28.135,60.254,5.325,Moderate
62.355,123.884,37.106,22.171,1.725,32.456,41.336,27.059,70.322,4.127,Poor
103.442,105.901,41.671,14.994,2.309,16.732,49.823,26.157,51.964,4.835,Poor
15.516,34.447,18.148,40.487,1.134,48.676,36.289,20.967,39.125,4.067,Good
30.254,72.737,30.049,39.599,1.046,26.831,44.145,24.767,29.864,2.108,Moderate
39.655,33.223,31.731,16.772,1.332,40.922,30.035,16.173,53.516,0.3,Moderate
42.088,51.432,58.028,34.771,1.755,32.805,31.386,31.599,54.439,5.311,Moderate
95.651,160.712,67.215,25.525,2.229,18.915,47.635,19.085,82.654,2.701,Poor
29.109,28.57,50.861,10.887,1.65,55.081,19.188,39.126,29.436,4.084,Moderate
26.395,51.284,59.148,24.357,1.191,31.449,21.723,31.807,68.041,4.366,Moderate
93.872,126.165,59.996,34.318,1.974,47.123,38.601,21.33,22.675,2.838,Moderate
29.698,42.264,7.392,19.551,1.673,10.444,41.56,39.683,37.796,2.214,Moderate
65.699,129.503,54.356,23.931,1.971,14.87,21.649,29.632,79.661,4.082,Poor
102.535,127.714,74.616,27.339,2.515,25.846,16.93,33.518,67.037,3.077,Very Poor
32.591,80.025,26.363,10.108,0.963,62.086,31.492,32.241,43.322,2.751,Good
53.939,74.16,38.822,17.04,1.493,63.171,11.641,25.167,52.671,1.37,Moderate
82.715,102.94,52.835,21.782,2.518,25.477,39.071,31.131,58.202,2.224,Poor
83.879,76.52,22.42,29.826,2.1,23.371,5.079,23.45,24.915,1.876,Moderate
47.32,55.162,57.931,16.648,1.347,22.922,39.637,23.06,90.024,6.167,Good
76.521,100.543,36.373,31.226,1.89,23.434,33.079,35.958,58.772,4.468,Poor
51.799,96.349,50.291,36.928,2.286,30.31,31.286,24.06,71.598,1.163,Poor
48.275,77.856,39.04,32.467,1.773,62.809,35.311,35.281,56.969,3.647,Poor
35.645,52.909,61.416,15.241,1.921,30.101,19.085,26.416,44.111,3.613,Moderate
35.336,55.738,20.342,21.941,0.935,49.299,51.05,25.087,40.845,4.165,Moderate
68.21,83.615,61.018,40.161,1.496,12.697,3.984,38.128,35.048,3.154,Moderate
56.344,100.047,33.734,27.486,1.98,46.159,28.099,22.862,51.461,6.354,Moderate
28.78,44.558,69.922,32.08,1.774,38.356,33.281,33.333,67.747,0.3,Moderate
107.715,159.685,47.503,40.486,2.613,54.124,49.733,20.919,74.098,2.781,Poor
9.238,20.0,38.985,27.609,1.152,53.651,28.017,22.868,54.735,1.194,Good
90.003,114.088,14.051,22.517,2.528,68.346,42.011,23.377,68.947,2.283,Poor
51.571,96.227,40.562,30.462,2.672,36.053,19.471,31.821,70.132,3.024,Poor
40.524,46.67,8.786,19.22,1.011,45.119,22.933,25.768,60.446,3.903,Good
28.848,37.345,60.591,31.493,1.866,29.065,38.925,37.919,57.032,2.686,Moderate
29.915,47.889,26.579,8.31,1.759,49.773,31.02,33.666,22.478,3.153,Moderate
38.536,36.429,56.276,26.276,1.429,51.634,5.915,34.327,65.511,6.225,Moderate
35.033,61.157,31.313,10.352,1.304,30.989,20.295,35.885,76.971,6.596,Moderate
217.655,327.476,28.343,15.492,4.025,76.772,30.387,26.037,33.329,3.053,Severe
87.517,173.625,32.908,8.19,1.745,63.043,34.958,15.498,59.868,5.444,Poor
52.822,73.747,40.081,15.819,2.291,26.609,31.666,30.008,28.701,4.81,Moderate
17.963,25.16,52.64,49.395,1.102,13.017,29.853,44.0,69.663,2.119,Good
72.375,85.51,37.002,30.592,2.488,23.996,39.809,29.784,93.34,7.554,Poor
81.03,136.722,79.32,24.889,2.1,29.144,40.148,31.14,65.484,6.012,Poor
39.116,67.716,45.119,22.897,1.335,10.083,39.274,23.227,60.455,4.277,Moderate
121.746,155.34,93.05,15.51,1.572,40.132,45.703,22.296,82.749,5.746,Poor
52.166,60.536,67.487,21.159,1.496,27.023,44.769,28.435,56.075,4.17,Poor
31.882,32.306,42.485,17.343,1.94,40.943,47.52,26.323,62.709,0.3,Moderate
86.114,96.888,24.806,18.846,2.128,51.67,50.84,27.298,77.977,2.533,Poor
8.0,20.0,41.135,34.084,1.144,33.398,21.91,30.024,94.545,4.2,Good
20.871,58.363,43.966,12.401,1.973,28.004,33.7,30.954,50.957,0.301,Moderate
25.202,33.095,18.744,9.141,1.709,48.585,16.724,31.699,27.077,5.884,Moderate
98.286,159.852,72.695,39.307,1.542,51.486,29.245,12.0,74.641,7.078,Poor
44.413,89.861,41.067,29.612,1.327,22.441,25.393,32.04,52.97,4.514,Moderate
21.405,20.0,45.313,5.396,1.873,34.56,55.99,23.828,69.107,0.3,Moderate
73.325,79.523,60.741,12.477,1.807,33.22,21.764,25.958,18.0,2.813,Moderate
87.309,92.106,62.802,21.743,2.013,54.17,44.655,24.506,51.767,2.531,Moderate
70.676,111.301,50.996,21.898,1.807,14.494,27.514,29.572,63.675,3.812,Moderate
34.018,48.349,34.806,7.016,2.048,27.875,12.281,35.749,72.45,2.876,Moderate
59.702,92.833,6.0,25.523,1.529,45.69,49.879,24.918,73.635,4.914,Moderate
46.421,87.068,28.482,29.624,1.18,31.824,30.659,34.281,54.537,7.342,Moderate
84.608,100.984,57.977,16.611,2.526,45.786,17.383,38.373,38.531,3.83,Poor
33.426,51.843,74.957,38.099,1.951,41.107,48.387,31.747,62.351,5.152,Moderate
45.433,67.933,64.118,14.788,2.1,48.216,15.358,26.205,77.055,6.958,Moderate
77.262,128.741,51.24,36.332,0.874,40.097,16.068,42.013,61.454,3.463,Moderate
41.967,80.466,24.681,29.607,1.676,39.997,26.348,27.026,19.936,2.73,Moderate
111.196,155.41,42.917,22.543,2.247,16.977,39.744,41.489,41.757,1.262,Very Poor
43.52,67.03,14.451,12.245,1.724,16.31,46.731,26.423,67.526,0.3,Moderate
164.824,207.219,50.24,27.15,2.426,54.241,28.366,24.998,68.786,0.3,Very Poor
30.085,21.823,77.029,29.44,1.703,39.351,38.006,32.893,87.753,4.466,Moderate
24.116,36.275,39.236,39.907,1.757,14.955,35.602,36.301,75.24,4.58,Moderate
22.957,34.833,41.305,24.558,2.404,49.183,41.585,21.117,41.277,5.459,Moderate
54.791,93.295,28.117,27.612,2.223,53.785,29.322,30.35,77.385,4.455,Moderate
71.324,102.028,29.751,9.989,2.34,5.0,36.695,12.981,47.734,0.391,Poor
76.826,158.669,55.003,14.848,2.141,18.855,26.219,27.77,39.551,4.537,Poor
47.433,91.991,52.707,16.616,0.709,44.291,19.786,44.0,94.631,3.676,Moderate
57.125,85.905,61.008,26.404,1.625,47.473,33.98,24.771,52.303,3.085,Moderate
23.451,25.998,58.89,2.0,0.879,34.525,31.066,31.469,41.645,4.965,Good
93.402,122.723,77.552,35.586,1.966,26.434,10.493,33.799,89.269,2.943,Poor
16.042,34.021,49.01,35.45,1.271,28.567,34.985,23.021,49.621,3.661,Good
43.866,64.748,14.201,30.314,1.346,33.631,42.035,26.538,60.092,6.808,Moderate
43.195,58.759,39.528,2.0,1.743,30.465,19.545,34.027,39.943,0.3,Moderate
22.474,39.125,32.647,22.492,1.575,45.211,14.199,18.873,33.617,2.688,Moderate
46.351,52.586,34.765,31.513,1.604,21.727,42.184,29.755,64.757,2.671,Moderate
46.05,95.736,17.038,25.366,2.003,61.384,35.648,34.254,41.592,1.376,Moderate
133.79,157.742,60.271,34.31,2.641,48.951,33.578,18.11,48.052,4.157,Very Poor
77.367,129.795,40.124,22.659,2.521,19.429,19.221,30.347,54.894,2.663,Poor
24.376,32.273,103.444,21.082,1.157,35.551,19.933,29.43,56.871,4.291,Moderate
39.751,40.204,70.881,8.416,2.284,20.496,33.9,17.327,42.997,4.276,Moderate
29.49,59.063,15.698,15.117,1.431,61.162,30.124,32.521,64.833,2.717,Moderate
116.518,155.14,56.565,25.055,2.222,52.861,50.143,29.442,28.399,0.407,Poor
84.748,82.276,45.932,20.785,1.566,19.784,28.249,32.323,76.323,5.86,Moderate
52.989,77.607,61.101,39.945,2.048,29.229,41.164,21.479,96.0,0.3,Poor
68.431,110.026,63.351,30.952,1.579,32.497,55.052,25.348,69.183,4.739,Moderate
53.029,105.386,51.111,19.318,1.996,26.053,32.323,33.389,30.47,3.453,Moderate
32.199,71.66,6.18,2.0,1.503,55.989,30.137,31.883,35.933,2.953,Moderate
100.361,124.629,60.801,11.019,2.216,31.703,33.097,24.697,69.459,1.124,Poor
60.692,74.28,66.271,48.667,1.988,32.891,21.59,27.149,36.759,5.153,Moderate
50.736,68.189,74.686,30.702,1.828,49.259,54.472,31.019,63.998,2.7,Moderate
16.994,32.708,35.429,23.297,1.635,30.672,17.276,23.761,66.86,0.3,Moderate
82.729,123.461,55.552,14.909,2.376,34.148,48.76,20.572,88.677,5.087,Poor
79.376,100.735,49.096,22.297,2.78,14.007,32.453,26.017,86.218,3.722,Poor
33.127,58.925,46.294,18.863,2.192,32.907,37.889,31.344,78.121,3.687,Moderate
104.992,165.132,65.557,29.534,1.918,9.459,26.964,28.657,35.462,1.104,Poor
68.917,79.505,36.481,26.023,1.794,30.172,17.579,16.255,60.6,1.438,Poor
28.61,35.693,32.578,25.374,2.014,22.982,14.83,23.776,69.987,4.143,Moderate
59.068,95.831,45.216,22.459,2.033,34.306,6.046,34.812,41.951,3.057,Good
64.877,77.74,40.264,29.812,2.991,54.491,20.916,32.853,52.78,3.223,Poor
48.179,39.675,48.5,19.367,1.052,38.67,30.843,27.528,42.04,2.425,Moderate
100.089,133.401,29.449,16.233,2.055,30.298,2.0,26.377,52.624,5.354,Poor
46.122,108.225,46.288,28.273,1.491,20.459,32.712,29.892,45.347,3.385,Moderate
39.03,51.674,62.229,28.687,1.474,50.931,39.145,23.309,66.185,1.909,Moderate
80.174,113.293,48.002,29.991,2.81,40.206,21.964,30.107,56.963,3.284,Poor
9.603,37.549,25.56,12.863,1.112,44.741,35.878,29.35,49.024,0.849,Moderate
20.742,20.0,64.903,27.191,1.705,33.312,26.408,29.256,66.196,4.391,Moderate
31.005,47.36,58.075,15.057,1.429,14.325,48.363,30.482,28.893,4.054,Moderate
52.345,56.504,34.26,20.938,1.754,26.438,32.707,29.92,51.435,5.17,Moderate
24.512,38.302,55.079,10.664,2.122,19.674,26.417,27.662,43.492,7.121,Moderate
18.658,25.049,31.472,2.0,0.863,29.349,20.31,35.79,52.743,1.753,Good
150.232,253.823,71.125,35.948,2.516,35.811,45.129,18.245,18.0,3.369,Very Poor
25.643,40.095,20.177,5.516,0.65,22.489,16.898,33.874,61.76,4.012,Good
42.048,39.789,69.613,40.046,2.045,52.293,16.729,25.958,55.831,2.98,Moderate
36.566,94.31,19.896,19.142,1.367,38.032,47.244,30.327,58.222,5.428,Moderate
37.334,57.799,63.531,14.225,1.83,9.718,28.145,13.985,79.764,2.341,Moderate
180.415,268.24,51.633,28.761,2.784,69.016,43.927,24.425,90.997,5.143,Very Poor
42.379,75.538,52.429,12.153,2.0,29.355,39.693,29.4,59.184,2.965,Moderate
44.796,73.866,45.482,28.832,2.113,18.706,23.04,32.526,62.18,3.054,Moderate
48.791,86.624,58.541,30.237,2.055,16.539,30.552,17.114,67.892,5.867,Moderate
44.56,62.838,48.154,7.126,1.003,14.813,19.277,28.164,52.555,5.138,Good
38.155,97.634,36.292,23.763,2.107,28.274,15.27,35.544,54.783,3.305,Moderate
70.509,125.776,55.361,22.942,1.912,14.714,23.383,29.188,78.398,1.426,Good
133.935,195.663,68.883,21.454,2.843,24.129,43.541,22.814,88.234,1.343,Very Poor
25.699,22.237,61.21,2.0,0.918,34.121,46.494,26.322,77.774,2.823,Good
73.299,110.932,75.416,36.421,1.371,68.771,55.148,27.601,45.927,3.456,Moderate
14.839,20.0,64.503,12.606,1.016,13.722,26.987,29.356,64.609,2.66,Good
61.621,100.487,43.546,35.039,2.049,20.815,34.89,24.634,77.916,2.854,Poor
41.431,69.015,58.886,41.829,0.78,22.536,41.246,34.313,72.349,2.957,Moderate
66.049,63.024,23.716,17.995,2.495,30.668,26.119,19.084,77.225,1.989,Poor
40.403,57.509,54.0,21.751,0.556,37.931,23.959,28.366,80.597,1.876,Moderate
36.123,43.501,55.771,41.137,0.99,32.49,39.175,25.35,56.473,4.663,Moderate
21.507,38.893,41.132,13.862,1.324,32.421,15.31,27.667,89.617,3.178,Good
19.836,42.917,66.967,39.844,1.888,58.594,44.133,29.18,93.521,3.749,Moderate
40.569,48.326,80.373,34.349,2.334,21.67,35.111,33.172,58.615,5.099,Moderate
47.913,67.636,46.586,32.662,2.035,37.773,27.313,19.65,76.796,0.3,Moderate
25.166,21.09,47.099,31.834,1.768,35.777,34.078,28.373,51.082,2.453,Moderate
66.752,87.003,45.77,43.116,2.526,46.245,12.546,36.962,81.841,5.085,Poor
206.296,280.27,69.533,10.247,2.481,39.572,18.636,34.403,70.673,4.65,Very Poor
77.626,108.415,90.933,32.177,2.213,18.36,27.809,32.074,75.428,5.521,Poor
47.002,58.725,54.734,15.505,1.641,70.45,30.727,17.131,50.25,5.157,Moderate
91.063,103.968,35.684,32.269,2.064,62.653,24.618,44.0,30.295,4.425,Poor
93.966,138.204,45.732,38.711,2.494,29.963,37.265,25.6,47.692,3.335,Poor
25.541,34.641,49.544,16.732,1.498,35.914,29.224,30.704,69.616,0.3,Moderate
48.184,76.176,50.233,55.262,1.073,19.058,4.526,27.26,59.908,0.459,Good
85.827,107.314,43.528,22.133,2.825,21.54,20.882,25.559,75.569,6.22,Poor
52.47,68.316,47.527,29.976,1.443,34.708,33.825,31.619,54.062,2.932,Moderate
92.563,170.974,48.403,43.995,1.6,65.653,21.293,38.317,74.63,4.063,Poor
26.829,38.97,37.604,15.664,2.347,35.784,37.077,33.841,49.393,0.524,Moderate
43.9,51.498,57.174,35.895,1.02,44.532,13.423,24.149,60.129,7.401,Moderate
13.83,20.0,29.341,18.415,0.811,30.551,48.756,30.25,39.064,5.042,Good
83.708,143.863,36.903,30.179,2.125,27.488,18.225,40.519,54.405,1.615,Poor
21.206,33.854,61.84,35.872,0.791,35.431,40.435,25.394,70.152,5.115,Moderate
73.692,96.1,60.499,29.444,2.176,60.464,42.692,27.749,37.803,2.552,Poor
169.203,281.741,68.731,33.301,3.154,31.278,41.308,31.027,77.635,5.429,Very Poor
56.761,68.966,53.088,18.54,2.174,40.515,10.696,26.467,74.902,0.3,Moderate
72.272,108.254,46.018,32.112,1.946,70.598,29.908,35.045,69.5,1.565,Poor
106.36,178.237,56.131,37.176,1.982,26.104,23.781,37.674,57.629,1.875,Poor
48.292,58.322,27.191,31.957,1.343,16.364,29.259,26.373,83.502,3.114,Moderate
35.374,53.129,92.563,17.082,1.949,38.147,18.809,33.56,26.944,3.871,Moderate
68.141,86.553,52.204,17.208,1.67,48.42,22.468,24.642,81.963,4.492,Poor
20.265,31.797,21.881,9.355,1.456,52.605,11.684,17.866,63.787,2.882,Good
54.463,87.42,59.162,13.051,1.898,25.95,50.31,22.812,82.793,3.082,Moderate
81.99,86.587,48.168,26.417,2.135,25.874,48.701,32.818,48.846,0.3,Poor
35.541,62.807,37.516,30.758,0.926,21.317,29.198,28.265,33.769,4.266,Moderate
72.893,101.681,41.838,23.794,1.707,64.549,51.925,18.527,18.116,5.135,Moderate
72.523,100.523,12.061,27.55,2.11,20.759,24.292,34.011,75.219,5.92,Poor
62.531,123.398,45.037,16.388,1.893,43.923,28.581,35.178,81.681,5.593,Poor
95.661,152.581,67.518,17.105,2.504,13.194,20.161,30.491,96.0,5.659,Poor
86.363,116.875,77.058,30.991,1.958,28.866,28.719,28.277,63.322,4.696,Poor
27.176,52.994,69.953,20.349,2.071,49.031,9.199,32.39,54.163,2.499,Moderate
44.32,85.018,63.39,34.873,1.854,25.206,29.075,28.167,52.046,5.598,Moderate
51.234,63.681,40.932,30.422,1.828,50.416,39.697,33.568,34.328,3.624,Moderate
57.026,87.325,49.615,16.746,2.325,17.481,32.273,35.215,73.01,0.3,Poor
77.479,119.483,80.813,29.286,1.211,51.564,38.811,39.409,58.505,3.717,Poor
60.94,88.266,66.605,34.902,1.856,24.189,25.952,37.81,35.111,3.034,Poor
96.178,157.598,45.336,33.258,2.574,37.538,40.011,34.373,55.317,0.598,Poor
103.971,135.502,37.508,11.853,2.714,22.65,28.437,18.324,59.808,5.783,Poor
54.408,80.315,46.71,40.005,1.589,56.264,40.569,32.208,63.286,2.893,Poor
42.878,67.976,69.443,12.937,1.75,33.464,24.592,19.663,34.23,0.3,Moderate
115.273,147.707,54.13,22.742,2.36,27.386,36.844,22.485,75.188,1.881,Poor
112.227,214.844,59.184,22.174,2.762,23.639,50.309,35.29,45.388,4.247,Very Poor
62.987,77.408,49.029,5.366,1.352,38.666,16.626,31.365,30.784,4.95,Moderate
57.382,70.783,48.587,29.827,1.471,57.996,34.746,17.591,52.263,0.997,Moderate
46.556,71.553,32.07,18.376,0.985,50.003,37.639,32.136,62.916,5.521,Moderate
32.515,48.884,76.11,25.627,1.223,36.079,34.545,21.113,68.566,2.769,Moderate
71.381,104.125,48.995,21.49,1.945,47.584,48.907,29.765,35.167,3.469,Poor
37.822,55.744,38.021,23.801,1.743,8.683,37.522,27.493,36.503,2.631,Moderate
80.552,67.231,22.191,32.524,2.403,54.634,29.743,19.791,64.344,3.084,Poor
33.444,51.445,72.43,33.897,1.677,31.908,35.193,18.071,60.219,2.489,Moderate
101.009,171.019,49.546,43.124,2.692,31.183,32.425,24.463,36.414,2.235,Poor
91.268,115.595,53.254,12.794,2.051,11.82,44.25,27.579,65.627,3.739,Poor
67.229,85.154,40.541,13.345,1.704,35.873,23.362,21.57,36.895,4.623,Moderate
23.448,56.849,37.707,30.033,2.335,36.1,36.022,29.249,39.425,1.67,Moderate
49.015,78.692,65.475,41.084,1.515,16.861,13.328,20.956,38.564,3.149,Moderate
84.004,110.747,46.476,32.691,2.529,52.599,35.471,32.764,59.846,0.488,Poor
44.484,73.147,32.363,16.982,1.673,5.717,42.165,34.016,81.154,2.722,Moderate
35.112,46.6,35.68,19.419,1.655,47.781,24.119,21.242,50.527,4.231,Moderate
95.697,172.783,23.511,11.743,2.38,37.875,17.178,39.296,56.5,1.718,Poor
38.846,46.247,64.072,17.868,1.647,24.234,16.3,32.293,67.191,4.643,Moderate
9.444,27.985,68.908,29.238,1.368,27.718,31.643,36.788,72.78,0.3,Moderate
12.741,48.179,61.671,13.643,1.473,18.886,22.94,27.287,61.97,3.463,Moderate
42.993,70.709,37.839,18.739,1.23,29.018,33.891,15.349,68.934,2.873,Moderate
50.895,98.401,53.018,26.73,2.14,33.332,33.795,24.931,52.83,4.4,Moderate
94.741,111.647,31.127,26.122,1.815,16.936,14.73,38.611,35.582,3.613,Poor
31.502,42.593,41.981,2.0,1.731,35.415,32.913,33.066,36.185,3.225,Moderate
47.79,56.894,37.605,43.548,2.209,49.03,16.526,29.97,64.592,0.789,Poor
24.486,55.768,7.806,22.969,1.736,32.296,23.505,33.167,77.679,2.098,Good
74.513,117.265,46.374,21.729,1.524,20.169,15.146,33.372,49.316,2.481,Moderate
58.229,86.971,54.07,45.145,1.12,56.689,34.249,23.414,68.37,3.739,Moderate
46.165,58.19,41.706,5.704,1.524,17.101,29.521,36.489,59.139,2.547,Moderate
59.082,66.753,33.73,26.364,1.452,37.393,35.668,33.161,81.184,4.463,Moderate
91.099,126.985,39.006,24.062,1.863,58.495,45.189,29.373,57.685,3.817,Poor
34.72,44.215,42.961,28.544,1.367,11.014,39.785,29.236,61.799,4.39,Moderate
111.704,191.907,33.705,14.455,1.945,29.056,22.943,34.607,68.889,3.026,Poor
140.717,168.432,49.369,16.729,2.86,15.254,14.973,25.02,65.626,0.603,Very Poor
25.158,45.543,30.313,8.658,1.829,18.678,4.599,25.306,79.355,4.771,Moderate
39.826,71.532,39.908,40.913,1.312,42.36,36.821,31.783,69.962,0.441,Moderate
69.462,147.917,53.538,47.835,2.384,28.753,40.242,22.552,58.153,3.905,Poor
81.829,116.638,40.073,31.018,2.047,23.448,27.728,24.03,58.279,2.519,Poor
62.501,81.147,49.814,15.142,1.314,5.0,12.667,27.613,62.911,0.3,Moderate
82.056,147.046,35.892,34.314,2.34,46.301,35.488,23.808,72.546,1.985,Poor
152.077,207.363,61.449,17.835,2.725,10.86,59.143,23.586,54.934,1.916,Very Poor
32.631,57.964,76.751,22.636,1.631,21.119,34.876,30.748,68.601,6.456,Moderate
43.53,87.332,81.448,54.661,1.603,11.391,35.456,30.782,59.382,0.3,Moderate
81.04,117.482,67.996,40.532,1.308,12.77,34.05,35.011,58.458,3.009,Moderate
78.388,125.737,42.466,24.519,1.732,16.782,35.122,17.942,18.0,0.641,Moderate
75.783,154.081,19.239,40.94,2.423,37.506,21.793,29.684,73.999,3.456,Poor
75.341,77.108,28.59,39.511,1.126,60.567,7.159,39.717,93.997,3.167,Poor
66.244,94.482,67.897,22.159,1.329,50.303,39.503,26.703,54.671,2.767,Moderate
65.75,122.307,47.514,27.703,3.018,22.872,36.428,27.77,64.563,4.569,Poor
22.751,29.855,57.404,2.0,0.882,26.207,41.833,23.455,82.983,1.762,Good
39.141,86.794,40.781,19.562,1.737,44.872,10.831,27.708,62.525,3.326,Moderate
73.891,94.255,58.669,20.836,2.489,31.556,23.627,33.804,66.634,5.028,Poor
60.789,45.108,84.201,13.113,2.054,32.622,27.544,23.787,60.319,5.814,Moderate
100.509,142.004,58.361,29.541,1.594,33.873,44.707,25.118,63.108,3.683,Poor
122.147,86.98,61.277,40.903,2.779,41.085,40.412,40.999,62.078,5.365,Poor
60.703,82.695,71.638,16.313,2.424,22.819,14.057,31.523,53.184,2.389,Poor
105.921,125.164,27.118,9.973,2.229,35.314,34.812,26.795,91.948,1.822,Poor
62.901,89.092,41.616,27.878,1.918,45.194,18.848,24.924,46.606,5.879,Moderate
118.836,129.352,46.572,11.54,1.81,60.59,20.068,28.167,66.509,2.713,Poor
51.245,60.678,43.039,46.548,1.527,23.905,14.046,31.947,40.863,2.747,Moderate
60.82,92.149,49.227,39.935,1.755,8.53,37.134,33.956,47.52,2.978,Moderate
54.621,89.036,67.717,29.228,1.841,23.925,17.699,24.499,71.195,3.13,Moderate
63.76,113.259,21.915,17.493,2.256,38.791,17.103,44.0,68.21,4.026,Poor
26.472,41.003,13.894,33.397,1.639,18.782,39.838,26.272,69.221,5.964,Moderate
23.109,36.81,36.287,19.013,2.138,6.242,42.858,26.536,48.425,1.079,Good
46.864,76.251,71.219,13.974,1.271,5.0,35.442,34.09,46.952,1.625,Moderate
38.6,49.859,38.171,2.0,1.918,38.595,25.106,23.934,49.314,3.154,Moderate
38.309,38.837,29.015,26.475,0.844,36.802,27.598,22.632,60.168,4.015,Good
48.747,68.26,44.671,37.019,1.845,16.864,18.924,32.965,74.748,0.411,Moderate
68.884,100.392,48.789,30.705,1.651,27.349,51.028,28.692,77.984,3.443,Moderate
59.181,50.46,51.907,34.152,1.676,43.802,42.451,28.56,73.846,3.128,Moderate
14.809,20.0,69.346,24.056,0.981,31.083,20.313,35.204,62.798,1.983,Moderate
22.806,40.157,46.613,31.957,1.806,34.564,19.205,29.523,32.479,5.07,Moderate
44.959,84.985,16.389,18.803,1.435,38.706,19.992,33.03,28.609,5.986,Moderate
50.559,97.407,52.431,46.229,1.894,29.479,31.709,22.117,41.157,4.141,Moderate
78.309,101.234,18.186,36.143,1.653,35.713,35.093,18.405,44.74,6.941,Moderate
68.814,114.053,70.6,44.815,1.717,35.188,9.966,15.293,44.629,4.254,Moderate
58.384,87.952,55.42,24.589,1.233,30.51,31.709,31.137,34.372,1.573,Moderate
42.737,63.426,71.641,6.922,1.969,34.574,8.28,29.083,35.533,5.655,Moderate
73.003,118.368,48.811,17.191,2.395,19.527,21.968,38.198,82.728,2.553,Poor
22.253,39.944,34.917,29.542,1.698,36.041,20.024,25.765,91.383,3.715,Moderate
47.401,65.522,33.576,37.762,2.08,18.532,23.635,27.188,30.238,1.512,Moderate
45.191,62.164,18.967,2.316,1.027,16.009,28.143,27.13,45.183,3.003,Moderate
42.754,65.875,6.0,28.481,0.527,43.888,49.185,26.922,66.656,3.001,Good
44.406,59.634,59.787,22.213,1.697,31.603,35.028,34.146,76.172,3.795,Moderate
115.856,184.907,33.482,17.551,1.907,5.0,25.519,39.075,59.786,3.608,Poor
16.682,49.369,56.832,30.94,1.318,41.738,15.878,28.744,74.304,3.225,Moderate
56.874,90.871,25.005,31.333,1.477,44.442,36.641,23.19,76.897,1.963,Moderate
140.755,163.39,62.33,32.252,2.228,29.723,34.273,27.17,61.378,3.884,Very Poor
30.976,36.902,30.039,28.499,1.739,41.255,5.995,41.918,44.38,3.477,Moderate
38.498,68.633,51.741,31.268,2.285,33.36,28.523,32.463,25.431,1.96,Moderate
43.958,63.634,67.409,14.785,1.556,44.907,39.072,28.843,67.108,4.245,Moderate
37.75,56.832,32.293,24.419,1.692,40.282,21.888,30.768,52.668,1.678,Moderate
64.053,91.382,47.73,23.967,2.326,70.35,25.801,21.647,48.503,2.203,Poor
146.881,196.401,47.092,45.18,2.151,44.555,46.191,38.543,75.643,3.11,Very Poor
16.592,42.875,23.986,18.479,1.051,24.42,30.492,33.787,84.856,2.675,Moderate
67.999,105.971,75.85,19.738,2.644,32.263,39.797,43.198,76.591,4.154,Poor
18.311,20.0,49.788,34.578,1.475,37.126,24.842,17.193,40.411,6.034,Good
75.046,135.874,69.21,37.363,1.217,31.304,23.611,25.462,58.333,2.383,Poor
56.897,85.511,70.023,46.737,0.628,33.956,37.452,31.48,21.87,3.421,Moderate
29.216,41.433,56.919,33.139,1.752,43.248,45.488,30.09,81.577,1.375,Moderate
64.809,94.592,63.918,22.472,1.725,62.416,17.016,32.178,70.487,4.58,Moderate
73.604,135.877,87.985,33.466,2.324,45.415,55.101,41.084,61.205,2.877,Poor
37.571,78.468,49.624,26.821,1.52,27.686,21.102,23.959,93.221,3.445,Moderate
10.329,20.0,21.332,20.14,1.879,53.264,53.993,29.343,53.594,0.3,Moderate
144.758,288.431,66.911,29.006,2.348,38.81,28.341,25.889,75.634,2.445,Very Poor
66.255,92.983,39.526,32.014,1.625,23.43,30.692,32.679,22.516,0.3,Moderate
61.33,70.183,43.405,26.919,1.704,28.656,45.142,39.848,64.867,3.946,Moderate
25.023,40.493,40.857,9.444,1.259,41.773,26.861,31.095,45.135,2.746,Good
99.444,100.716,52.551,24.143,2.159,18.886,39.532,31.047,75.194,1.372,Poor
12.879,29.177,14.972,42.151,0.413,27.023,28.601,29.395,65.055,3.486,Good
114.073,173.415,56.891,26.7,2.084,36.552,40.016,41.48,44.58,3.266,Poor
56.327,61.695,71.851,29.079,2.22,44.945,17.561,26.004,57.765,3.467,Poor
47.684,64.442,6.0,17.7,1.477,52.27,28.277,36.271,62.947,5.945,Moderate
116.913,162.66,65.254,43.629,1.166,20.206,24.386,14.119,53.039,2.354,Poor
8.849,23.157,29.08,36.77,1.055,42.952,24.832,21.607,83.38,1.634,Good
104.6,123.358,58.186,27.302,1.677,44.227,32.458,36.49,57.717,3.506,Poor
34.847,88.748,46.493,27.462,1.404,30.243,33.843,29.596,27.679,4.535,Moderate
51.601,62.129,75.601,5.799,1.672,47.046,39.585,20.224,63.592,4.007,Moderate
134.327,243.316,51.985,22.285,2.009,10.308,26.79,28.833,62.541,3.672,Very Poor
33.783,55.467,43.612,8.998,1.781,43.316,39.462,24.217,43.32,0.519,Moderate
30.886,51.13,52.688,21.368,1.263,36.585,39.22,27.363,35.957,7.898,Good
54.322,64.932,53.031,17.044,1.96,49.657,21.982,36.583,67.916,3.048,Moderate
138.604,186.154,34.926,28.598,2.719,50.635,54.121,29.426,57.88,2.415,Very Poor
43.118,50.057,31.841,30.921,1.915,51.396,34.829,35.072,63.474,1.62,Moderate
81.705,137.807,48.952,28.845,1.537,28.029,4.264,32.467,50.954,4.574,Poor
141.209,201.892,32.59,35.552,3.14,38.113,23.374,28.299,78.097,0.3,Very Poor
12.051,27.083,53.458,32.839,1.963,36.884,32.997,31.307,35.677,2.751,Moderate
12.584,20.0,27.809,32.517,1.17,18.164,15.116,20.612,66.491,3.189,Good
59.928,86.644,29.624,19.232,1.187,46.685,17.566,22.996,91.828,1.168,Moderate
80.35,114.591,44.438,8.118,2.383,62.532,28.383,33.858,51.292,2.291,Very Poor
94.317,117.022,55.415,37.814,1.636,26.735,36.747,24.132,64.434,4.92,Poor
45.913,49.728,85.18,16.398,1.709,53.165,22.09,18.227,48.154,0.3,Moderate
85.201,147.621,35.097,16.224,1.7,24.483,30.781,27.831,80.982,3.839,Poor
53.582,82.739,53.961,44.311,1.751,35.114,38.646,28.394,69.292,0.508,Moderate
13.526,27.478,10.209,19.659,1.794,30.801,27.223,23.828,60.624,2.121,Moderate
28.067,32.713,18.386,14.147,0.748,42.815,14.211,32.412,35.778,0.819,Good
24.486,64.865,36.852,26.203,1.397,45.711,28.313,28.576,18.0,0.3,Moderate
89.959,180.282,27.484,25.868,1.942,14.369,42.817,33.368,57.95,0.971,Poor
89.875,178.441,49.172,30.025,2.272,28.755,36.891,24.316,73.563,4.274,Poor
65.981,109.005,35.719,21.676,1.313,68.023,25.251,26.745,61.753,3.978,Moderate
31.961,47.966,40.07,26.696,1.946,45.407,8.795,26.098,66.574,0.906,Moderate
19.798,39.052,40.7,17.047,1.339,14.391,14.146,12.623,63.779,2.481,Moderate
105.41,150.031,37.302,41.165,1.848,39.767,52.123,36.142,57.925,3.541,Poor
22.242,27.426,69.375,22.321,2.22,43.71,41.963,40.071,55.545,2.958,Moderate
55.517,55.053,66.568,35.499,0.794,8.54,34.525,28.217,64.088,3.26,Moderate
82.059,72.266,15.955,31.472,1.534,42.73,39.896,29.626,50.955,3.975,Poor
35.823,68.537,33.502,22.242,1.369,43.071,37.605,36.65,38.817,4.748,Moderate
29.628,70.663,18.34,18.41,1.741,34.68,14.035,19.647,60.947,5.253,Moderate
54.797,24.353,30.259,24.285,1.265,32.307,58.928,33.879,95.791,5.1,Moderate
59.614,94.179,51.768,49.332,1.386,12.803,30.195,21.926,42.247,2.665,Moderate
80.882,65.179,66.85,8.949,2.035,8.251,59.809,22.129,58.819,1.663,Poor
46.279,69.172,6.0,12.452,2.029,33.103,26.489,31.161,69.278,6.098,Moderate
82.368,154.067,12.855,40.35,2.46,38.926,20.546,37.733,58.621,2.55,Poor
82.836,155.693,51.57,34.987,1.831,53.6,38.077,42.99,62.587,5.351,Poor
29.101,48.882,53.121,22.733,1.429,64.81,41.3,33.407,69.311,1.51,Moderate
30.244,71.578,78.708,25.573,2.056,34.318,29.669,24.337,38.486,3.449,Moderate
98.107,124.282,48.737,31.432,2.444,31.831,37.402,33.548,83.922,3.451,Poor
60.016,102.646,32.544,13.655,1.545,43.509,50.704,32.932,71.772,2.605,Poor
42.343,68.157,65.411,10.302,2.485,32.493,10.89,33.327,85.5,1.069,Moderate
15.226,25.545,6.0,25.849,1.747,7.966,41.878,35.686,59.754,6.062,Moderate
102.543,124.981,45.471,20.839,2.602,13.406,40.693,44.0,35.315,1.329,Poor
36.661,48.357,66.118,37.498,1.386,63.812,36.586,41.858,79.535,4.054,Moderate
120.297,214.494,50.74,36.465,2.164,23.206,40.644,31.172,39.334,2.206,Very Poor
131.327,172.891,76.775,35.619,2.385,30.79,10.661,24.474,60.818,2.243,Very Poor
56.577,98.885,67.554,33.707,1.882,26.503,56.541,24.487,58.625,0.784,Moderate
14.428,20.0,41.931,36.985,1.04,16.683,5.259,30.64,43.329,1.663,Good
54.476,40.699,63.663,18.0,2.259,44.679,22.792,16.218,71.069,0.3,Poor
14.281,20.0,58.887,44.0,1.072,50.236,34.561,23.688,74.126,3.499,Good
44.682,105.627,66.795,29.45,2.01,58.568,55.417,30.011,78.423,5.525,Moderate
53.44,75.573,35.57,35.374,2.511,31.61,14.814,22.042,55.972,5.315,Moderate
47.435,98.61,55.445,41.425,1.852,18.586,22.573,24.12,67.606,3.675,Moderate
40.41,87.025,39.142,41.775,1.534,9.476,26.011,16.65,87.476,2.399,Moderate
21.436,52.85,25.187,19.235,2.166,13.918,32.581,22.395,52.568,6.01,Moderate
104.071,142.83,6.0,28.462,1.915,41.092,36.371,31.536,38.674,1.273,Poor
43.091,67.093,45.371,31.06,2.456,30.475,27.17,35.784,66.725,4.028,Moderate
56.034,57.602,61.714,24.706,1.443,19.641,27.063,22.169,64.127,2.455,Moderate
28.54,50.669,23.734,20.86,1.389,24.247,30.13,30.53,82.892,3.31,Moderate
53.451,92.388,55.968,13.827,1.414,40.015,32.621,25.567,22.417,1.523,Poor
81.082,104.095,55.822,24.698,1.245,55.596,50.115,36.626,84.477,3.018,Poor
71.109,96.522,55.844,29.819,1.858,38.519,29.331,32.856,45.654,6.111,Moderate
80.425,114.162,47.33,22.933,2.128,7.44,44.554,28.571,74.103,3.16,Moderate
76.098,91.816,24.957,17.147,2.125,54.316,23.019,25.246,40.632,3.972,Moderate
26.037,40.75,29.471,26.453,1.718,48.616,34.504,29.825,65.194,5.335,Good
34.053,42.167,73.639,12.261,1.909,18.68,28.533,24.123,70.38,2.526,Moderate
35.635,61.575,33.647,36.122,1.998,49.503,31.284,30.573,76.067,2.143,Moderate
76.938,105.126,50.787,16.745,2.609,35.875,46.783,24.221,63.378,4.373,Poor
101.711,144.809,57.372,25.596,2.736,40.24,29.969,29.532,96.0,4.949,Poor
32.247,52.961,81.334,29.746,1.666,34.364,46.245,27.504,74.085,6.523,Moderate
14.031,39.852,27.597,16.854,1.879,34.58,39.809,26.933,32.862,1.479,Moderate
52.73,107.662,57.704,21.719,1.653,26.914,39.659,33.267,49.719,1.074,Moderate
64.017,90.628,59.276,17.518,1.445,37.298,23.83,37.872,34.233,3.521,Moderate
13.765,31.079,53.994,42.032,1.288,31.737,20.467,41.492,73.829,0.427,Moderate
60.384,59.362,33.161,32.121,2.361,42.554,34.12,26.325,42.062,1.176,Poor
127.455,244.961,54.119,32.053,2.692,59.086,35.299,27.016,87.513,3.01,Very Poor
71.576,120.684,40.99,33.137,1.705,22.658,22.794,29.751,56.681,2.69,Moderate
69.022,80.956,72.302,22.035,2.198,32.159,37.819,22.762,26.733,0.683,Poor
35.518,53.292,72.274,20.18,2.277,63.666,31.184,30.474,51.599,4.638,Moderate
96.514,121.38,79.901,22.356,2.477,18.904,27.666,34.764,66.838,4.521,Poor
49.723,73.176,54.123,11.942,1.484,45.223,19.777,22.048,59.965,2.487,Moderate
81.672,118.844,42.401,25.99,3.388,41.539,26.398,33.902,56.599,2.643,Poor
37.508,75.689,40.316,19.927,1.516,22.877,38.31,42.258,75.307,4.081,Moderate
37.529,47.901,26.187,26.75,1.058,5.0,17.189,27.253,60.891,2.484,Moderate
73.022,129.588,27.78,2.0,2.688,51.147,55.111,33.605,60.15,0.3,Poor
39.012,69.222,60.055,26.373,2.076,13.089,48.305,22.927,87.149,5.755,Moderate
50.838,76.552,53.935,26.341,1.818,35.644,26.823,24.488,58.199,2.825,Moderate
19.755,28.685,42.436,7.031,1.889,37.043,41.274,28.155,33.521,6.618,Moderate
47.504,63.106,21.058,23.017,1.632,49.13,32.21,25.996,66.052,3.274,Good
41.735,36.625,76.577,25.716,2.239,52.312,9.664,42.408,37.952,5.386,Moderate
25.677,63.205,21.278,28.556,1.735,46.679,38.033,25.936,92.938,3.369,Moderate
63.047,78.216,29.923,52.526,2.205,46.897,31.365,34.874,51.341,2.335,Moderate
51.695,81.122,68.758,21.726,1.622,36.154,34.116,30.768,60.561,5.572,Poor
100.772,153.628,27.963,24.511,2.733,62.069,7.274,22.586,51.059,4.498,Severe
106.535,90.54,9.412,28.439,2.793,65.02,11.995,25.593,31.718,4.329,Poor
71.298,146.8,8.967,31.579,2.191,5.0,28.913,26.649,31.712,3.903,Moderate
38.312,51.948,42.765,27.991,1.087,62.248,26.936,30.899,20.668,3.87,Moderate
41.972,58.568,40.727,41.7,1.488,30.746,40.512,31.298,49.677,0.837,Moderate
47.251,69.543,70.164,10.687,1.767,42.074,23.677,34.301,37.056,0.421,Moderate
74.234,103.125,34.593,20.783,2.1,18.177,29.996,33.584,54.621,0.3,Poor
24.368,80.667,72.31,6.519,0.437,46.289,28.009,23.847,18.0,6.462,Good
49.083,100.73,32.498,35.028,1.303,33.755,45.354,38.433,56.614,2.173,Poor
71.446,86.676,18.189,30.823,1.864,16.869,33.914,29.958,34.463,5.271,Moderate
101.873,154.391,93.645,30.623,2.747,14.149,34.521,29.525,58.592,1.964,Poor
16.329,44.5,14.995,30.995,1.769,18.352,20.113,30.218,21.069,1.031,Moderate
35.675,71.682,72.392,30.627,1.711,37.08,48.291,33.375,58.036,2.839,Moderate
93.119,94.959,51.518,21.561,2.27,49.261,27.212,30.255,75.34,2.832,Poor
154.296,200.235,42.88,41.3,2.591,13.701,27.599,31.62,50.148,1.706,Very Poor
28.152,38.257,30.296,22.413,0.646,23.904,16.733,31.917,33.562,1.726,Good
23.386,40.306,30.319,13.833,1.787,50.728,2.0,29.47,72.906,3.729,Moderate
70.454,99.127,55.711,4.915,0.699,19.211,42.713,35.462,96.0,3.863,Moderate
86.899,126.843,37.575,23.744,1.943,68.452,23.073,18.307,52.585,4.292,Poor
19.147,20.0,38.334,2.0,1.743,24.399,29.856,26.898,29.341,4.311,Good
35.595,64.984,45.147,28.025,0.965,52.044,17.897,28.614,67.295,3.452,Moderate
41.094,65.298,68.398,21.684,2.088,36.464,34.325,34.153,47.488,0.3,Moderate
132.117,187.817,61.677,32.373,1.695,41.427,39.894,39.272,48.249,2.16,Very Poor
24.086,34.259,53.434,28.34,1.27,17.639,16.026,25.69,49.801,2.351,Moderate
56.455,88.219,46.757,31.849,2.285,38.786,26.157,24.922,62.715,4.429,Moderate
73.964,79.757,34.818,31.369,1.849,33.093,28.662,12.0,41.435,3.808,Moderate
24.263,54.582,43.587,45.656,1.492,39.822,63.684,33.499,88.95,3.051,Moderate
57.726,77.366,34.207,42.487,2.13,40.613,22.818,24.916,45.939,4.995,Moderate
65.223,114.006,58.411,28.789,2.343,31.741,42.052,26.593,51.025,3.83,Poor
136.25,194.574,46.518,22.612,2.902,5.0,52.207,32.658,45.0,1.495,Very Poor
122.631,136.69,46.881,23.422,3.176,47.891,19.022,21.289,84.091,2.766,Very Poor
16.234,32.504,40.039,13.028,1.008,20.672,35.895,31.772,74.764,3.182,Good
21.481,28.79,21.178,10.053,1.125,47.771,22.358,23.195,32.902,1.962,Good
75.575,122.291,50.377,18.842,2.25,7.616,56.679,29.256,42.407,0.3,Poor
35.612,44.098,47.618,31.931,1.864,32.368,10.494,30.68,45.325,4.109,Moderate
85.185,125.084,58.607,30.73,1.283,14.317,32.399,19.333,20.921,3.705,Poor
20.356,24.709,44.615,21.016,1.943,24.648,22.988,40.4,72.067,5.29,Moderate
64.741,100.331,40.955,27.212,1.016,42.682,31.637,23.619,43.207,6.053,Good
23.928,45.846,34.631,10.314,2.022,31.139,21.049,30.638,94.146,2.867,Moderate
44.797,71.301,41.702,25.99,2.25,30.888,42.683,34.593,72.518,5.233,Moderate
55.745,50.159,28.447,23.81,1.832,27.726,41.57,35.57,66.142,6.309,Moderate
88.985,146.686,67.244,43.886,2.025,48.322,19.581,22.381,81.313,2.49,Poor
50.437,54.61,26.064,23.343,1.902,27.336,27.892,31.772,25.808,0.519,Moderate
60.622,95.876,31.673,21.77,2.295,43.595,45.432,24.75,35.041,3.741,Poor
13.894,20.0,33.418,28.065,0.961,44.242,26.682,20.339,75.837,6.703,Good
20.934,33.135,17.105,12.851,0.954,36.921,43.339,31.675,79.456,1.329,Good
91.178,140.01,66.585,23.19,2.23,20.835,27.224,38.23,47.815,5.438,Poor
28.142,47.927,27.13,31.048,0.922,16.573,27.44,24.861,72.478,4.77,Good
64.744,109.951,46.783,32.403,1.286,29.963,13.693,33.847,79.285,3.542,Moderate
64.465,96.063,52.029,27.684,1.576,33.402,41.308,30.748,72.904,5.385,Moderate
96.21,99.085,64.045,21.106,1.999,36.735,53.55,36.025,73.86,0.3,Poor
86.008,106.888,49.72,30.367,2.214,63.879,23.143,31.111,53.741,2.879,Poor
16.256,38.028,41.659,17.52,1.523,11.282,33.648,32.941,78.833,4.291,Moderate
22.746,25.907,31.057,20.646,2.204,16.896,9.671,31.068,75.438,0.3,Moderate
95.516,169.785,42.626,25.453,2.306,44.145,39.317,35.733,58.674,3.6,Poor
18.545,26.31,74.028,24.251,0.691,48.486,44.243,33.464,83.551,5.453,Good
78.557,110.725,25.487,20.88,2.591,37.788,10.784,31.313,65.612,4.656,Poor
101.623,111.683,46.913,31.395,2.279,35.65,41.319,30.74,57.102,3.529,Poor
50.56,70.28,37.988,29.175,2.037,41.343,30.103,31.315,72.924,0.3,Poor
47.55,53.952,40.695,32.679,1.26,50.936,42.647,18.763,32.924,3.968,Moderate
50.044,55.769,67.89,13.328,1.785,6.891,32.023,31.522,59.691,3.681,Moderate
44.885,87.017,87.236,32.202,1.764,21.98,17.232,37.075,55.296,0.3,Poor
42.582,87.852,40.346,21.481,1.7,26.319,31.474,23.548,72.241,2.122,Moderate
96.043,111.402,43.107,19.118,2.107,5.0,12.12,19.086,35.557,4.17,Poor
51.386,99.982,34.421,16.716,1.356,47.295,39.144,25.737,88.105,4.952,Moderate
61.425,121.534,29.056,53.89,1.559,40.852,39.182,23.394,41.367,2.169,Moderate
63.193,81.534,48.214,29.13,2.045,71.285,7.406,24.178,84.168,5.816,Moderate
8.061,20.371,71.87,16.074,0.774,39.383,24.037,39.154,80.364,2.193,Good
87.067,150.163,54.81,23.64,2.407,38.015,52.955,31.718,60.718,4.148,Poor
87.339,128.007,56.651,23.884,2.326,26.006,49.957,36.054,56.631,5.403,Poor
125.924,180.751,85.69,33.332,2.075,38.46,18.803,32.936,49.302,5.391,Moderate
24.16,20.0,51.128,23.958,1.186,26.262,40.974,29.28,71.063,0.3,Moderate
97.859,162.37,47.519,31.645,2.19,42.531,47.436,27.235,65.012,5.587,Poor
83.318,105.069,62.658,32.881,1.903,30.867,32.321,24.626,54.392,5.925,Poor
46.721,71.357,57.691,12.167,1.883,22.067,39.849,37.37,58.516,1.147,Moderate
31.514,35.754,43.218,11.394,1.861,51.536,22.18,30.291,55.182,3.03,Moderate
27.59,40.022,81.568,30.133,1.826,60.845,50.034,33.09,63.267,2.556,Moderate
98.68,157.529,78.907,35.303,2.23,5.0,25.405,19.425,71.051,6.236,Poor
13.294,20.0,36.219,29.899,1.594,41.344,27.091,25.564,54.635,5.392,Good
36.936,43.347,44.474,11.221,0.907,29.786,20.386,31.065,60.15,5.558,Moderate
15.39,20.0,81.366,21.555,2.123,26.844,30.69,43.527,58.347,3.681,Moderate
55.829,106.07,52.803,23.824,1.596,63.965,45.954,35.777,62.606,0.3,Moderate
75.619,126.595,32.684,19.437,2.223,61.096,12.845,19.327,85.225,2.093,Poor
92.597,154.351,41.505,35.157,2.249,59.516,8.492,30.365,57.241,2.265,Poor
52.425,90.196,43.835,22.494,2.003,46.319,24.911,29.53,66.731,4.078,Poor
24.05,44.421,52.159,31.675,0.859,29.868,26.614,26.713,33.331,4.376,Good
57.204,103.214,30.856,8.533,2.183,35.807,12.949,30.831,76.725,3.522,Poor
73.633,109.162,31.609,23.072,1.605,51.328,14.701,21.132,41.857,1.894,Moderate
61.023,116.399,56.816,26.158,2.297,64.896,37.999,34.469,63.893,1.45,Poor
74.683,125.555,27.886,18.216,0.831,7.661,33.149,16.022,49.995,1.46,Moderate
8.0,20.0,83.293,34.092,1.451,39.145,19.276,37.997,69.141,3.566,Moderate
56.266,68.261,60.925,34.241,1.35,55.292,13.015,23.091,41.886,5.114,Moderate
29.454,34.129,25.629,29.106,1.057,46.258,30.83,23.156,52.214,1.945,Good
40.931,76.418,32.93,14.794,0.367,23.26,41.894,26.27,46.404,4.683,Good
13.034,22.465,19.713,17.12,2.183,31.83,15.303,27.61,77.973,1.152,Moderate
76.184,101.053,27.085,12.408,1.441,50.131,45.134,28.896,75.656,3.938,Poor
21.897,40.093,59.345,24.748,0.942,43.19,58.756,39.286,40.485,3.018,Moderate
49.958,112.935,59.317,14.165,1.983,42.222,30.62,35.582,84.103,1.979,Poor
18.399,42.932,15.731,29.315,1.121,33.19,18.623,37.346,70.014,0.664,Good
26.454,39.285,18.679,29.809,0.906,30.041,13.174,16.933,43.969,5.046,Good
84.427,151.123,71.168,24.972,1.976,28.058,35.47,21.445,81.511,2.543,Poor
75.688,112.844,38.872,16.376,1.79,48.144,25.613,38.301,59.362,5.514,Moderate
53.508,53.813,46.723,31.201,1.761,25.516,16.515,25.76,30.75,4.193,Moderate
33.083,46.89,67.841,18.735,1.286,25.251,2.935,25.2,45.881,1.63,Moderate
37.195,70.475,39.849,20.661,0.2,35.485,34.933,32.391,41.986,3.633,Good
34.339,65.042,62.883,43.901,1.425,29.22,9.777,16.016,31.856,4.212,Moderate
42.291,37.573,33.858,32.784,1.208,18.24,22.751,26.227,58.225,4.291,Moderate
42.396,81.132,34.065,21.482,1.316,38.464,26.113,14.429,40.86,5.22,Moderate
85.47,107.177,15.412,25.842,1.197,37.428,11.063,28.056,66.942,2.89,Moderate
56.677,46.949,25.027,27.589,2.042,51.146,36.929,22.239,78.946,2.862,Moderate
80.245,140.797,63.535,27.275,1.683,30.675,40.713,27.44,61.106,2.922,Poor
33.905,51.923,70.419,21.281,2.673,31.246,16.981,25.068,37.823,5.39,Moderate
44.559,35.191,61.54,26.844,1.262,29.713,26.186,27.065,43.901,1.443,Moderate
54.956,94.026,42.987,30.097,0.652,17.222,23.05,29.775,54.425,2.389,Moderate
56.71,95.213,32.973,16.93,1.548,54.426,50.335,28.746,28.753,2.199,Moderate
65.546,106.564,60.338,25.393,1.939,6.857,33.246,26.647,68.493,2.104,Moderate
48.789,109.469,53.799,39.983,1.801,28.911,13.68,24.677,46.504,5.935,Moderate
74.331,118.404,48.034,31.681,2.117,45.322,27.414,41.637,51.233,3.323,Poor
85.697,99.72,25.733,21.797,1.619,15.299,22.605,44.0,78.239,0.3,Poor
28.726,44.197,31.338,21.207,1.379,5.0,40.479,24.427,51.778,1.355,Moderate
58.496,106.712,58.918,13.09,1.018,10.094,49.323,33.013,45.862,3.124,Moderate
69.898,112.38,48.839,27.179,2.261,53.839,8.945,38.373,76.284,4.08,Poor
158.212,236.142,36.097,33.948,3.063,34.08,25.645,29.055,43.313,2.055,Very Poor
108.292,127.951,34.917,39.986,2.178,28.985,27.266,30.429,64.881,7.006,Poor
81.802,95.438,51.912,39.805,1.743,29.166,21.27,23.694,46.022,3.824,Poor
42.464,71.834,51.062,53.582,2.312,23.652,13.556,31.015,49.705,6.212,Moderate
17.285,39.038,70.418,30.603,1.835,49.751,22.442,19.077,27.616,2.545,Moderate
103.032,174.625,48.554,17.306,2.385,51.661,22.965,21.429,39.732,0.3,Poor
30.895,48.925,58.726,19.088,1.682,18.461,25.813,29.281,61.375,2.888,Moderate
73.768,86.992,51.23,29.912,2.159,25.614,34.912,32.574,61.673,3.059,Poor
63.576,85.962,63.115,26.123,2.507,51.492,40.345,38.674,59.771,4.904,Very Poor
23.548,32.426,58.594,13.077,1.684,32.613,29.942,23.732,64.398,4.401,Moderate
42.391,62.501,40.422,12.479,1.819,39.046,32.916,26.237,51.742,1.95,Moderate
51.47,47.719,53.243,4.21,2.216,57.878,35.941,29.567,59.633,1.86,Moderate
65.052,84.854,42.453,35.532,2.148,5.0,17.551,35.052,42.53,0.773,Poor
40.553,57.004,47.72,34.94,1.177,13.85,21.341,37.254,49.279,4.155,Moderate
40.243,59.766,43.2,37.477,0.904,40.482,38.965,40.19,39.795,2.146,Moderate
20.021,20.539,40.919,21.473,2.198,43.136,19.946,20.76,64.501,1.724,Moderate
76.243,61.866,51.311,30.924,1.978,49.064,13.466,37.493,51.596,2.788,Poor
29.492,41.674,52.161,19.671,2.256,23.889,27.432,36.074,51.461,2.22,Moderate
49.82,77.442,41.804,40.828,1.368,5.0,26.132,33.235,24.528,2.854,Moderate
62.04,99.118,64.846,7.826,1.396,26.049,13.558,28.104,48.692,7.309,Moderate
101.285,135.862,59.234,30.667,1.863,21.294,41.84,30.213,77.033,4.266,Poor
105.212,115.475,31.829,31.962,2.16,32.883,48.742,31.603,56.224,3.378,Poor
49.771,53.317,22.148,15.71,1.769,26.367,42.569,32.775,49.805,4.988,Moderate
44.843,42.787,55.901,25.792,1.833,48.592,29.879,36.339,58.698,3.505,Moderate
35.392,52.771,66.027,17.304,1.108,9.032,31.497,40.284,80.22,5.725,Moderate
56.819,60.534,57.048,27.973,1.048,34.637,39.479,25.801,64.41,3.001,Moderate
24.606,47.58,40.95,41.514,1.447,39.349,38.166,28.483,66.589,2.884,Moderate
63.886,120.301,44.976,26.73,1.658,50.796,34.787,31.345,36.691,1.466,Moderate
84.516,128.092,43.141,23.436,1.517,7.852,26.116,22.684,48.182,2.64,Poor
17.945,21.13,60.248,34.481,1.043,46.863,12.691,38.15,50.508,0.907,Moderate
13.85,20.0,49.03,13.359,1.817,15.047,40.746,35.015,43.274,4.501,Moderate
43.624,48.51,49.524,24.496,1.265,17.83,21.446,31.899,56.441,0.878,Moderate
38.193,67.231,49.461,38.813,1.401,5.0,15.282,20.931,51.645,2.591,Moderate
88.314,108.6,67.053,4.681,1.592,19.936,26.796,20.752,18.0,2.773,Poor
28.909,80.289,41.578,26.694,1.538,51.28,47.397,24.667,34.228,3.164,Moderate
63.295,92.449,48.542,26.465,2.042,36.371,43.563,24.251,51.912,4.767,Moderate
54.005,71.923,83.451,35.85,0.942,51.857,36.519,29.045,82.571,0.408,Moderate
74.362,96.642,71.833,25.45,1.468,39.412,30.684,22.555,63.592,3.738,Poor
38.613,45.697,45.036,17.004,1.757,22.692,40.513,19.808,57.734,2.088,Moderate
26.674,36.421,38.957,42.235,1.562,34.435,23.062,37.568,54.164,3.407,Moderate
23.18,43.712,60.779,30.516,2.09,18.791,22.699,22.967,50.271,1.333,Moderate
39.084,45.483,36.392,27.022,1.684,43.139,34.984,27.881,67.586,1.606,Moderate
71.567,83.427,64.47,19.409,2.148,19.926,24.465,26.51,77.094,1.396,Moderate
8.551,20.0,48.29,22.58,1.652,21.772,6.002,28.898,22.062,2.846,Good
32.784,64.4,62.425,18.313,1.194,51.736,28.491,38.502,72.904,2.99,Moderate
77.93,180.299,41.595,21.745,2.129,35.716,45.156,23.184,55.387,5.5,Poor
114.309,144.287,24.068,31.689,2.725,40.892,31.47,21.232,59.039,0.92,Moderate
21.117,20.0,77.679,2.0,1.226,28.201,42.869,16.558,70.279,7.187,Good
82.854,138.121,46.82,12.261,2.418,7.627,33.533,18.505,59.988,3.806,Poor
69.315,89.278,36.495,23.817,1.817,5.0,36.813,24.754,64.8,6.312,Moderate
134.808,187.291,36.377,26.44,2.003,29.278,25.872,26.369,67.839,1.064,Very Poor
51.864,69.425,68.122,20.137,0.914,32.359,20.176,30.947,55.719,3.902,Moderate
76.77,79.336,35.568,22.658,2.041,46.551,33.407,38.804,41.991,2.656,Moderate
17.244,35.638,72.562,9.5,1.818,46.827,31.603,26.076,60.21,5.376,Moderate
22.877,27.449,23.453,21.751,1.163,36.458,38.385,27.49,63.369,2.046,Moderate
27.307,26.279,52.099,17.361,1.207,13.836,13.73,26.478,50.749,2.969,Moderate
10.895,27.586,52.222,9.587,1.543,26.33,21.93,19.42,74.625,3.302,Good
81.516,63.06,43.782,25.997,2.559,44.657,48.259,20.07,64.761,2.119,Poor
52.909,122.236,13.169,16.146,1.756,17.63,50.477,26.354,86.54,7.199,Moderate
39.114,70.93,60.219,38.23,1.054,40.728,29.273,22.396,85.807,2.578,Moderate
96.101,141.598,54.261,21.932,1.671,29.212,39.917,24.426,48.039,1.73,Poor
94.448,112.641,45.804,42.474,0.705,38.043,18.129,27.932,93.598,3.924,Moderate
125.01,203.891,62.775,28.522,2.123,37.324,12.907,16.821,46.397,3.013,Very Poor
59.678,93.989,52.314,24.476,1.375,42.206,50.067,20.699,37.191,3.281,Moderate
155.288,142.358,52.17,13.406,2.842,36.729,27.729,18.217,66.806,3.54,Very Poor
25.819,38.456,48.834,21.971,0.897,31.818,28.381,33.74,43.767,6.122,Moderate
53.798,96.365,64.593,39.803,2.187,45.42,16.074,38.311,55.976,1.958,Poor
58.589,95.864,62.836,9.971,1.041,46.239,30.224,26.83,49.524,3.36,Moderate
47.17,62.527,44.9,9.955,1.544,54.727,35.241,26.683,56.04,3.458,Moderate
29.851,64.131,50.295,18.969,1.831,72.433,29.044,16.015,31.0,1.974,Moderate
35.722,30.256,61.937,34.42,1.889,5.0,28.085,19.482,48.962,2.002,Moderate
37.178,33.022,28.948,23.708,2.208,28.634,40.106,33.108,75.964,4.063,Moderate
26.399,44.596,19.577,2.0,1.113,18.867,55.336,31.196,27.0,5.5,Good
68.22,110.107,57.382,16.146,1.891,38.418,45.05,31.738,53.15,4.58,Poor
93.458,86.919,83.84,27.605,2.567,21.141,31.674,22.818,89.752,3.379,Poor
67.658,82.918,53.815,2.882,2.396,5.0,31.495,31.772,89.729,5.61,Poor
91.533,152.04,36.959,19.797,2.066,39.06,33.729,33.13,43.772,2.711,Poor
74.036,116.264,43.699,16.786,1.771,36.179,41.48,34.473,62.877,2.4,Poor
56.808,69.273,71.339,19.403,2.605,27.475,28.288,34.286,62.065,1.019,Poor
103.18,110.462,28.81,16.16,2.24,26.904,32.923,31.455,92.267,5.571,Poor
69.662,96.655,56.632,9.761,2.142,42.533,44.23,37.286,59.586,2.945,Poor
49.305,76.554,43.287,30.676,0.913,44.241,7.728,35.719,56.304,5.575,Moderate
28.843,50.862,70.707,39.882,1.789,53.282,29.999,29.899,62.787,1.192,Moderate
76.766,110.243,54.817,25.1,2.529,39.641,24.241,23.295,41.22,3.687,Poor
55.401,108.291,54.992,18.276,2.184,36.391,31.918,24.604,44.802,4.437,Moderate
50.213,75.829,92.776,27.89,1.546,23.394,19.759,34.975,67.295,3.441,Moderate
42.59,56.646,29.699,24.984,1.24,41.232,39.75,29.612,72.968,4.123,Moderate
46.347,73.46,10.671,34.891,1.518,33.83,39.908,24.858,43.386,5.478,Moderate
44.123,76.088,70.02,22.446,1.472,40.769,27.172,34.992,75.479,1.135,Moderate
69.57,69.199,59.378,23.138,1.496,30.402,32.443,19.81,71.94,3.007,Good
41.271,69.895,30.36,31.169,0.953,22.482,33.147,29.641,72.07,4.682,Moderate
42.931,87.045,17.004,19.839,0.508,18.753,31.337,29.236,68.271,4.135,Moderate
84.221,112.344,15.845,35.117,2.369,10.513,47.889,33.074,46.988,4.904,Poor
37.68,69.009,17.635,16.051,1.269,53.424,24.982,21.955,52.561,3.58,Good
23.778,55.388,30.767,8.935,0.973,28.389,19.623,18.694,58.601,3.659,Good
25.469,35.635,44.016,14.934,0.786,48.959,31.498,26.573,30.33,4.444,Good
73.469,104.718,19.649,35.113,1.934,47.638,41.252,27.151,81.855,2.066,Poor
37.1,81.19,32.967,22.08,1.037,26.516,23.218,17.49,22.428,6.473,Moderate
38.735,51.579,18.785,46.521,1.279,23.101,41.12,33.407,53.523,1.646,Moderate
113.336,157.283,33.64,26.281,2.525,29.821,37.428,35.677,31.106,3.552,Poor
59.585,93.007,54.984,20.717,1.111,59.814,27.688,21.466,66.694,3.189,Moderate
18.788,23.199,55.801,13.355,1.715,53.564,30.068,35.678,64.977,1.353,Moderate
36.601,80.774,65.571,19.139,0.272,45.419,44.209,24.222,37.142,0.506,Moderate
69.427,90.947,31.417,29.624,2.098,60.271,23.901,29.16,71.001,4.178,Moderate
52.993,86.493,47.514,14.871,1.555,20.844,44.242,25.509,86.77,2.56,Moderate
23.973,28.563,52.821,24.92,1.105,17.995,9.303,31.431,64.89,0.41,Moderate
78.4,105.105,49.248,41.014,1.787,43.532,38.917,29.182,70.298,2.512,Poor
37.84,68.453,34.159,29.153,1.731,33.511,37.926,29.584,75.019,2.056,Moderate
40.993,72.283,63.725,16.445,2.363,51.741,26.62,23.677,20.829,6.276,Moderate
36.643,46.774,41.549,14.174,1.698,44.524,53.742,26.244,80.828,5.687,Moderate
64.966,92.764,52.682,23.212,1.69,17.16,40.092,34.892,52.088,2.733,Moderate
25.116,63.55,59.31,25.578,1.188,26.346,35.624,22.919,29.846,4.33,Good
62.783,127.864,17.782,32.506,1.858,33.549,15.663,29.688,56.467,5.509,Moderate
63.464,64.074,39.135,11.3,1.118,5.0,34.689,25.91,79.134,4.246,Moderate
54.703,100.981,55.597,29.194,1.945,36.671,24.423,40.103,18.0,6.226,Moderate
18.529,34.721,46.822,21.699,1.465,40.305,29.209,34.015,58.506,3.508,Moderate
84.569,116.469,56.099,2.0,1.199,5.0,36.416,29.094,35.391,0.3,Poor
35.01,76.808,53.537,15.505,1.523,21.28,29.484,26.094,54.032,4.194,Moderate
46.274,100.128,21.265,25.024,1.686,42.719,33.45,21.811,46.883,2.061,Moderate
132.509,154.68,23.067,19.689,2.128,29.46,27.492,24.635,36.283,0.3,Poor
24.541,35.821,49.642,20.989,1.957,33.466,37.293,40.752,76.066,3.422,Moderate
98.363,158.986,39.836,23.554,2.207,30.204,17.986,34.424,18.0,5.011,Poor
73.953,100.742,58.412,29.996,1.924,30.758,35.572,20.795,47.781,2.772,Poor
46.383,83.446,50.547,28.103,1.767,25.809,53.861,37.402,88.368,4.955,Moderate
51.963,57.888,11.098,46.979,2.589,37.079,37.418,30.425,44.815,4.055,Moderate
21.65,54.276,46.209,21.923,0.433,43.94,26.095,25.375,70.418,0.3,Good
31.425,70.869,35.416,35.326,1.295,34.593,53.308,41.248,35.378,2.628,Moderate
43.385,110.906,68.339,16.452,2.408,24.473,36.912,23.699,55.15,2.663,Moderate
57.458,77.022,37.617,16.829,1.331,5.46,2.0,30.245,48.487,3.728,Moderate
68.827,81.943,59.392,36.229,1.6,36.268,2.0,24.748,55.254,2.023,Moderate
54.181,89.694,41.138,30.543,1.744,27.733,50.159,26.694,96.0,2.154,Moderate
116.27,169.747,72.527,47.199,2.332,24.304,52.04,40.606,55.659,2.361,Poor
9.361,20.933,48.64,48.026,1.243,24.949,34.869,21.586,43.667,6.907,Good
67.505,66.725,48.195,17.381,2.025,37.596,30.078,19.529,63.384,2.228,Poor
59.541,58.94,57.889,14.762,2.159,53.69,19.408,38.932,52.038,4.334,Moderate
56.508,92.202,44.862,27.135,1.484,26.991,46.802,23.024,63.027,3.726,Moderate
67.325,90.293,33.429,15.684,1.527,30.644,46.016,26.878,66.497,2.575,Moderate
35.92,33.25,42.839,43.132,1.658,52.916,44.312,44.0,67.379,1.093,Moderate
123.828,182.582,45.077,36.582,2.039,17.572,48.649,30.778,77.671,7.357,Poor
68.706,75.908,29.602,39.936,1.74,12.187,29.158,30.543,84.165,6.821,Poor
41.799,103.735,66.087,40.575,2.201,32.999,16.317,32.238,37.088,2.94,Poor
23.089,34.419,16.993,37.493,1.724,44.83,11.382,32.26,68.5,5.627,Moderate
27.42,20.0,42.29,15.19,1.951,34.548,26.424,19.024,86.005,5.809,Moderate
32.614,81.323,72.384,14.774,1.119,12.497,13.608,20.866,72.999,4.361,Moderate
31.46,68.35,56.169,21.418,0.773,49.344,22.102,26.274,47.204,3.218,Moderate
16.47,20.0,31.212,22.239,1.03,20.587,25.977,28.649,50.721,3.841,Good
74.808,130.991,61.771,16.18,1.767,28.638,26.512,24.917,66.023,2.526,Poor
36.229,52.492,56.132,20.056,1.183,9.579,46.484,28.597,80.743,1.985,Moderate
103.45,169.783,66.665,35.926,1.571,35.267,25.929,17.413,26.775,4.597,Poor
42.662,61.862,46.405,22.852,1.871,11.264,47.969,34.668,30.577,5.964,Moderate
97.281,143.899,84.079,26.34,2.445,51.789,25.937,19.907,67.229,2.668,Very Poor
35.209,50.337,38.405,29.507,2.409,20.868,40.362,30.02,35.975,2.412,Moderate
36.55,53.855,19.651,33.127,1.359,30.397,4.561,32.086,63.887,3.345,Moderate
16.239,51.577,23.578,7.186,1.314,34.873,32.933,42.981,42.185,4.524,Poor
44.09,55.024,45.857,23.309,1.838,33.072,31.701,44.0,96.0,1.678,Moderate
39.893,79.412,58.433,27.474,2.02,31.734,46.811,22.112,46.217,2.494,Moderate
43.913,58.238,44.838,26.692,0.804,37.137,53.686,28.552,42.396,6.037,Moderate
58.153,94.113,67.577,10.506,1.941,20.498,39.833,23.185,68.167,4.394,Moderate
18.123,57.422,27.22,31.116,1.224,35.448,18.668,14.439,41.076,3.192,Good
95.809,114.35,32.064,26.865,2.345,40.338,31.305,28.609,52.194,3.845,Poor
67.081,99.027,30.609,28.9,2.173,67.537,27.894,39.089,67.072,5.537,Moderate
96.55,117.174,70.713,21.344,2.646,24.849,50.754,30.885,66.304,2.341,Poor
17.528,54.957,32.25,45.21,1.658,34.414,21.315,19.125,73.011,4.492,Moderate
82.352,134.624,24.772,28.791,2.237,41.044,35.165,23.905,50.25,2.866,Poor
52.633,71.878,42.055,22.288,1.8,27.958,19.33,24.674,40.616,2.141,Moderate
27.832,36.589,56.534,2.0,1.622,40.345,36.864,28.141,60.069,3.345,Moderate
19.985,37.922,51.586,13.506,1.881,9.81,29.668,25.907,72.775,2.376,Moderate
37.228,59.619,65.084,17.579,1.645,32.345,23.037,21.506,56.652,5.435,Moderate
28.503,43.552,64.645,31.364,0.583,28.918,25.042,38.909,67.401,2.463,Moderate
85.087,128.643,28.94,23.035,2.748,48.73,13.165,33.129,82.649,3.265,Poor
47.279,62.712,45.852,18.048,1.823,34.284,19.45,28.896,18.0,4.32,Moderate
31.608,46.717,27.517,10.052,2.154,19.264,25.552,33.206,83.04,3.214,Moderate
30.418,73.683,38.002,21.421,1.949,13.675,33.952,26.062,65.965,2.105,Moderate
33.229,80.542,43.416,15.804,1.323,40.586,21.06,32.538,58.282,2.488,Good
49.617,65.622,33.658,31.31,2.273,54.95,24.925,27.817,63.048,1.338,Poor
39.697,72.532,42.937,15.203,1.707,36.672,13.439,17.611,66.944,5.565,Moderate
47.486,84.025,33.275,2.0,1.389,42.512,32.617,25.107,86.985,2.279,Moderate
38.247,59.751,44.183,27.283,0.682,27.026,23.514,38.841,75.359,3.268,Moderate
55.51,108.812,33.039,14.9,1.39,34.443,27.853,35.454,73.825,3.979,Moderate
56.338,103.032,52.555,35.162,1.819,34.954,28.599,15.054,64.241,6.527,Moderate
20.099,53.494,51.315,17.825,1.283,33.458,19.412,30.523,35.849,1.666,Good
26.249,55.078,66.236,23.684,1.126,30.857,29.625,28.097,63.659,3.466,Moderate
66.679,79.498,29.712,29.388,2.379,57.725,29.962,24.097,45.301,1.074,Poor
57.496,56.17,50.764,15.011,1.131,36.082,21.354,26.12,52.041,3.746,Moderate
136.703,199.328,46.816,30.408,3.884,31.555,46.715,23.937,55.382,2.424,Poor
39.065,45.025,54.339,35.758,1.387,15.271,49.738,25.783,41.928,5.047,Moderate
12.9,20.0,81.161,14.707,1.972,62.187,33.185,30.265,50.676,4.001,Moderate
31.324,55.165,58.054,30.303,1.459,30.64,13.326,33.426,43.201,4.164,Moderate
45.742,97.565,58.675,30.75,2.12,32.046,26.215,29.185,52.147,1.392,Moderate
49.355,65.951,55.411,29.094,1.28,24.398,36.762,29.014,31.655,3.833,Moderate
46.38,61.933,53.062,10.168,1.697,36.167,38.365,31.43,49.756,5.006,Moderate
64.569,93.594,75.209,26.218,1.813,60.759,46.809,25.189,18.0,4.398,Poor
59.976,112.157,71.18,7.763,2.125,50.28,36.101,44.0,44.868,4.855,Poor
61.421,74.766,47.76,13.383,2.066,36.92,45.258,34.904,93.218,0.408,Poor
58.86,113.346,39.595,14.8,1.168,56.732,39.893,28.949,86.691,2.63,Moderate
64.954,106.938,68.006,21.538,2.012,45.547,41.073,30.159,79.234,2.755,Poor
55.603,90.061,52.724,27.876,1.986,5.0,20.388,20.841,54.165,2.171,Moderate
91.588,116.631,49.374,36.402,1.66,23.048,33.75,23.642,65.399,2.413,Poor
8.0,20.0,39.639,25.286,1.571,36.41,27.323,35.68,54.457,2.564,Good
94.759,159.383,34.876,30.464,2.54,57.368,32.435,44.0,44.701,2.055,Poor
56.411,127.495,28.642,29.034,1.556,36.159,2.0,30.19,67.558,6.622,Moderate
73.088,91.386,43.647,12.889,2.376,29.835,33.139,25.546,48.633,0.326,Poor
125.219,260.114,38.207,28.556,1.617,29.278,47.598,30.007,33.333,5.171,Poor
57.907,85.113,60.746,19.612,1.931,13.312,20.088,42.913,65.126,4.167,Poor
73.648,80.177,46.926,36.172,1.99,24.212,20.216,33.172,71.553,1.762,Poor
9.322,20.0,22.878,2.0,0.582,62.291,40.355,27.882,26.098,2.051,Good
55.616,53.618,53.113,30.877,1.621,45.62,28.26,25.612,49.148,3.406,Moderate
59.377,54.186,46.418,31.282,1.626,5.0,39.964,26.493,71.898,4.319,Moderate
34.275,85.136,47.466,11.598,1.833,31.169,44.753,23.596,39.022,4.068,Moderate
59.719,77.651,28.748,34.365,0.691,40.635,41.498,32.969,42.016,5.457,Moderate
55.259,64.441,69.265,19.06,1.232,66.177,24.719,25.991,58.749,2.011,Moderate
58.292,88.823,69.155,18.695,1.528,50.965,34.052,40.106,56.612,5.165,Moderate
18.48,40.892,46.171,27.944,1.925,36.757,28.079,24.054,44.192,3.9,Moderate
38.346,68.66,34.759,13.847,1.973,32.465,5.639,34.444,56.232,0.3,Good
70.841,102.579,39.636,40.948,2.352,34.383,29.319,29.536,43.143,2.97,Very Poor
66.879,96.729,51.279,28.457,2.295,18.941,7.239,28.988,39.651,0.616,Poor
57.891,87.302,27.066,20.42,2.464,45.724,27.74,29.053,24.989,2.513,Moderate
13.493,20.0,69.453,24.099,1.004,24.588,28.187,25.767,53.528,0.3,Good
104.061,158.216,53.899,27.903,2.101,29.292,61.497,35.916,19.161,3.115,Poor
67.352,85.723,32.942,29.453,1.589,9.724,24.181,35.848,55.158,0.3,Poor
97.489,94.21,31.05,28.728,2.222,24.135,51.02,27.636,62.948,1.059,Poor
65.31,88.176,43.17,25.386,2.223,45.795,24.944,30.438,96.0,1.939,Moderate
100.743,193.998,31.875,39.336,2.554,22.97,40.82,25.104,65.675,2.423,Poor
54.877,51.76,41.417,19.146,2.244,23.119,21.741,30.421,48.17,3.83,Moderate
39.807,74.308,19.416,33.646,2.121,61.43,33.601,29.723,64.062,1.135,Moderate
50.287,94.307,36.733,21.007,1.655,42.31,31.687,39.407,51.262,2.346,Moderate
12.792,42.535,59.346,40.729,1.959,44.335,7.589,31.104,50.849,2.262,Moderate
51.945,81.6,55.075,10.418,1.265,19.805,31.479,37.457,44.678,4.175,Moderate
17.558,39.653,48.474,29.311,0.837,47.989,25.524,38.064,69.828,3.484,Good
50.176,96.53,68.554,52.382,1.681,25.276,45.922,24.714,57.999,3.57,Moderate
90.07,131.168,63.033,21.132,1.427,17.303,32.958,20.165,51.975,5.206,Poor
54.171,83.116,36.571,10.76,0.899,59.665,39.249,40.579,52.435,2.438,Moderate
75.334,108.041,39.979,20.856,2.649,17.679,35.892,39.15,64.431,2.818,Poor
33.602,53.678,32.08,40.802,1.684,50.226,46.568,19.238,31.279,4.082,Moderate
105.455,164.293,24.384,36.007,2.328,5.0,19.853,44.0,78.679,1.376,Poor
37.864,50.705,46.516,27.625,1.964,46.692,25.655,25.132,86.175,0.321,Moderate
95.241,168.143,37.805,23.202,2.203,52.653,42.111,18.215,68.974,2.077,Poor
121.559,200.524,33.598,22.614,2.986,30.564,39.497,34.367,67.638,2.017,Very Poor
35.142,30.042,24.709,31.814,1.522,27.585,39.057,37.191,74.763,2.857,Moderate
49.498,60.97,55.323,40.319,1.868,12.483,24.83,23.483,57.904,4.499,Moderate
31.056,45.265,49.033,22.759,1.791,41.623,25.155,29.454,49.168,4.072,Moderate
41.486,56.22,55.616,15.537,2.191,34.111,21.785,24.858,39.528,2.42,Moderate
33.395,43.845,36.713,14.617,1.884,36.734,21.645,35.313,39.948,2.843,Moderate
53.237,88.122,50.553,13.829,2.185,21.377,34.354,27.1,40.995,1.943,Moderate
59.193,84.944,46.754,28.788,1.995,45.259,38.735,26.401,37.801,3.697,Moderate
40.82,47.994,17.687,38.697,2.157,5.0,31.841,30.211,39.436,3.392,Moderate
71.957,119.73,81.483,35.46,1.644,37.002,11.541,19.233,82.309,1.021,Poor
72.379,114.451,65.876,47.674,1.505,60.757,23.978,36.244,69.067,3.849,Poor
81.396,133.773,84.826,36.931,1.908,13.819,52.92,24.386,53.211,4.77,Poor
63.941,134.033,62.446,10.819,1.82,63.01,51.739,29.171,54.008,2.153,Poor
66.188,103.116,23.759,17.974,1.259,37.29,38.424,25.649,51.934,0.764,Moderate
36.717,66.125,37.059,15.784,1.775,24.641,10.136,25.802,50.343,4.378,Moderate
8.0,20.0,43.879,21.899,0.695,47.635,37.094,21.683,87.859,2.371,Good
45.887,80.919,76.448,12.391,1.415,40.821,18.911,22.054,64.776,4.17,Moderate
21.52,51.426,53.075,9.419,1.27,49.238,39.064,19.255,68.156,2.12,Moderate
103.342,134.84,48.184,11.371,2.21,59.359,17.983,37.353,48.328,4.418,Poor
40.317,72.481,38.724,33.042,1.591,41.196,18.933,33.839,73.235,6.942,Moderate
62.735,75.771,58.443,14.296,1.944,24.45,39.076,18.611,50.376,4.468,Moderate
69.453,99.708,25.502,18.067,2.025,18.014,51.774,24.71,48.615,4.745,Moderate
78.791,95.64,67.41,27.516,0.799,21.053,43.473,37.77,96.0,5.822,Moderate
41.108,58.705,22.92,30.715,0.911,55.567,42.047,26.666,54.718,2.291,Moderate
84.797,118.084,67.085,48.639,2.543,5.0,24.198,32.001,19.477,3.933,Poor
89.527,142.827,51.894,43.389,2.468,40.324,44.116,32.923,74.057,3.821,Poor
90.548,123.571,66.64,31.604,1.426,31.719,45.03,20.138,50.599,2.812,Poor
17.142,25.984,45.205,30.047,1.749,39.984,33.837,23.525,87.581,4.282,Good
76.369,149.138,13.405,17.31,2.678,40.507,36.092,34.364,71.255,2.603,Poor
21.98,32.138,55.457,16.72,1.425,56.477,25.647,28.559,68.009,4.494,Moderate
151.646,140.368,55.253,29.99,1.967,5.0,40.664,26.072,52.731,6.276,Poor
67.335,68.006,38.043,24.18,1.339,50.916,45.425,28.667,36.21,1.482,Moderate
146.748,217.952,38.124,39.271,2.52,37.548,26.539,36.762,66.305,5.957,Very Poor
79.029,108.89,56.025,30.468,1.896,47.624,23.128,39.337,75.132,2.554,Poor
64.867,92.595,33.047,18.803,1.57,33.262,27.567,30.601,64.355,6.437,Moderate
36.768,64.097,37.06,22.951,1.964,37.706,39.843,26.729,66.588,5.497,Moderate
76.965,158.927,58.739,29.697,2.182,29.839,39.542,25.347,33.374,1.129,Poor
27.297,30.772,41.958,20.318,1.629,42.768,37.215,26.61,48.421,0.3,Moderate
85.071,101.815,81.687,5.952,2.923,32.315,18.355,29.418,47.831,4.422,Poor
113.22,181.479,37.898,32.199,2.3,40.751,33.163,27.857,87.554,4.897,Poor
26.61,46.981,72.308,14.016,1.479,8.362,15.336,24.775,36.592,3.663,Moderate
36.695,58.153,54.15,18.884,1.539,14.59,31.667,35.428,48.573,3.817,Moderate
48.283,50.354,29.71,13.025,1.737,17.657,37.502,31.848,38.358,1.299,Poor
78.76,78.221,83.394,22.075,1.959,24.812,29.815,25.044,59.843,4.288,Poor
74.689,82.486,23.97,34.375,2.238,13.813,60.197,26.333,25.749,4.843,Moderate
33.109,67.28,63.272,46.436,1.438,51.704,33.514,36.383,56.697,0.745,Moderate
64.806,82.88,32.357,19.263,1.991,49.611,47.358,26.809,56.434,3.449,Poor
32.943,49.788,49.534,2.0,1.604,10.179,28.629,35.7,67.765,0.3,Moderate
71.647,98.96,34.815,24.868,1.302,31.76,35.788,26.649,55.89,0.727,Moderate
34.471,59.945,46.324,2.096,0.738,20.376,35.024,38.059,80.706,4.526,Moderate
8.979,20.0,48.104,11.507,0.249,30.845,37.117,25.679,40.373,4.114,Good
61.333,85.036,56.206,12.509,2.642,16.924,59.343,19.958,45.251,3.931,Poor
15.384,20.0,57.643,18.062,1.786,23.205,16.295,35.255,25.812,2.949,Moderate
53.31,71.364,6.0,40.133,1.88,27.804,48.31,29.295,80.445,1.878,Moderate
43.461,107.708,7.032,18.52,1.757,33.574,38.109,29.157,79.52,5.162,Moderate
120.006,182.361,90.96,34.294,2.433,38.719,24.384,31.204,83.771,6.047,Poor
61.9,94.097,26.583,20.672,2.254,29.343,35.509,28.38,73.439,3.789,Moderate
46.554,88.38,39.086,4.934,1.748,22.578,36.301,33.506,62.445,2.456,Moderate
52.272,91.025,32.418,26.102,2.491,34.319,22.48,25.013,77.549,3.376,Moderate
88.61,123.843,50.209,24.705,1.389,15.754,7.136,25.829,50.195,0.3,Moderate
75.344,96.233,46.062,20.195,1.454,20.898,31.136,26.264,49.707,7.191,Poor
51.383,80.937,65.191,37.651,2.323,7.942,28.196,22.888,36.395,3.705,Good
147.911,204.912,39.311,17.913,2.781,45.033,29.534,17.427,50.802,2.729,Very Poor
97.797,146.654,57.25,25.32,2.407,25.736,27.516,33.037,18.0,5.084,Poor
88.721,87.787,28.22,23.812,2.462,35.028,28.164,34.594,78.706,6.453,Poor
55.615,41.011,26.612,17.894,2.271,54.416,17.734,29.045,42.532,4.939,Moderate
59.749,95.279,50.011,16.247,1.888,74.942,37.735,36.268,60.151,5.838,Very Poor
46.543,67.873,65.945,36.35,1.295,25.888,16.375,41.426,58.646,1.951,Poor
78.389,70.406,80.437,20.475,2.433,54.72,52.685,34.276,60.033,5.061,Poor
57.946,74.642,42.878,19.097,1.923,48.562,27.984,28.41,48.882,2.197,Moderate
21.642,50.728,45.961,40.873,1.743,23.856,37.01,25.344,46.751,0.986,Moderate
14.666,36.684,38.519,22.366,1.032,33.5,45.464,22.305,75.643,1.0,Good
57.49,93.011,81.216,23.199,1.679,36.223,26.062,23.412,39.516,4.878,Moderate
69.858,97.618,37.16,26.783,2.501,38.609,19.511,18.158,86.651,3.506,Poor
43.548,56.572,34.236,19.072,1.803,47.334,46.872,21.283,29.674,1.711,Moderate
57.253,89.793,40.059,2.631,1.906,27.734,39.291,22.193,69.162,4.558,Moderate
9.25,20.0,6.0,21.017,0.983,15.191,33.783,27.659,51.951,4.793,Good
51.592,74.8,76.122,11.494,2.112,40.925,64.756,34.973,54.219,4.803,Moderate
109.09,184.175,52.396,19.499,1.903,30.759,48.998,28.789,49.182,4.077,Poor
31.195,60.761,42.919,25.35,1.034,41.07,20.675,32.449,84.355,4.31,Moderate
39.707,76.859,61.392,24.847,1.626,27.601,21.046,39.932,56.318,6.037,Moderate
8.0,22.561,57.27,30.722,1.182,41.758,28.968,21.91,76.337,0.3,Moderate
70.727,104.231,18.448,42.278,1.612,19.989,33.479,35.476,57.393,2.679,Poor
67.013,95.878,57.948,37.15,1.841,36.237,36.163,25.683,39.505,3.592,Poor
27.515,57.696,48.557,13.313,1.496,58.442,11.478,33.445,75.307,4.631,Moderate
36.682,42.403,33.984,29.344,1.903,52.395,20.66,30.998,42.272,2.917,Moderate
50.043,99.682,64.795,27.193,1.296,7.715,43.874,29.015,31.514,3.011,Moderate
8.0,20.0,55.104,21.642,1.127,35.375,43.099,32.632,62.222,4.411,Good
73.344,96.508,48.551,42.385,2.256,39.098,40.561,16.142,24.514,2.865,Poor
35.622,38.043,49.534,11.898,1.376,22.736,13.569,22.912,34.736,0.393,Good
36.066,71.38,65.333,10.819,1.977,18.016,26.737,34.716,60.522,3.204,Moderate
52.552,83.408,41.214,20.713,1.032,28.133,39.519,36.232,46.199,2.992,Moderate
70.82,91.969,69.139,42.927,2.288,17.19,13.856,26.679,56.343,3.145,Poor
51.967,80.905,86.864,26.889,1.263,24.64,18.989,25.306,77.961,4.765,Moderate
20.32,42.009,41.729,26.036,1.954,5.35,44.026,28.938,51.233,4.692,Moderate
62.59,108.732,58.32,20.55,1.866,20.611,30.965,21.164,68.734,2.174,Poor
18.943,55.842,46.562,33.226,1.598,45.922,35.351,27.368,56.224,2.53,Moderate
54.44,62.162,58.768,23.89,1.589,37.28,29.267,36.099,28.072,4.611,Moderate
35.556,53.404,49.612,15.188,1.224,47.094,8.406,25.477,96.0,3.765,Moderate
28.633,50.834,52.656,30.481,1.653,26.52,2.0,42.659,72.294,0.943,Moderate
32.918,45.09,81.794,33.487,0.881,47.302,23.597,37.153,44.525,2.965,Moderate
29.726,51.799,47.5,19.981,1.572,5.0,26.509,31.383,75.521,1.726,Moderate
73.539,133.233,42.163,27.963,2.018,52.098,30.378,25.249,71.633,3.147,Poor
74.964,92.251,48.117,21.169,2.196,51.084,27.8,30.939,78.982,1.46,Poor
108.103,192.737,35.734,34.821,2.615,29.818,17.209,29.14,49.371,5.229,Poor
60.817,78.395,34.49,13.455,2.05,36.436,18.849,16.634,68.418,2.036,Poor
61.992,67.101,30.219,31.557,1.899,29.557,36.828,26.296,64.091,4.711,Moderate
30.304,67.262,56.246,3.137,0.638,57.564,30.097,30.61,34.166,1.741,Good
43.245,54.39,6.0,11.815,1.695,5.0,35.101,43.191,52.112,4.942,Moderate
46.888,70.863,59.848,31.799,1.716,28.979,36.517,32.66,42.299,4.8,Moderate
62.2,115.572,39.403,40.464,1.199,46.067,28.465,35.832,54.565,2.821,Moderate
68.511,92.85,77.844,25.314,2.312,6.585,44.641,29.589,62.596,1.203,Poor
83.878,137.99,58.737,35.436,1.872,35.087,26.479,32.95,49.21,4.657,Poor
73.21,134.206,72.528,16.824,2.199,32.28,35.703,26.889,80.094,3.621,Poor
59.031,69.091,35.653,25.24,1.809,28.365,21.063,31.849,96.0,4.463,Moderate
8.0,20.0,50.091,25.105,0.411,14.478,29.474,38.337,96.0,4.521,Good
164.29,215.993,73.315,30.665,3.425,44.032,15.215,32.351,49.775,4.38,Very Poor
49.77,69.472,23.948,28.963,2.9,46.889,25.815,14.119,29.836,2.982,Moderate
63.884,81.576,54.731,28.967,2.253,45.778,22.205,25.75,47.356,2.877,Poor
105.503,103.541,48.968,36.913,1.404,33.427,27.667,26.67,36.59,4.953,Poor
12.515,20.0,40.978,23.038,1.184,29.704,4.53,38.311,25.508,2.722,Good
67.646,79.207,46.105,31.504,2.084,55.219,32.038,30.622,75.653,2.998,Moderate
53.527,94.62,67.679,24.283,2.105,14.722,18.141,20.381,18.498,0.3,Moderate
36.377,22.626,19.364,25.568,1.675,36.164,27.277,23.346,69.773,3.908,Good
73.468,36.291,23.077,35.737,1.868,24.096,14.904,36.792,64.945,4.396,Moderate
29.712,24.394,56.321,18.248,0.894,30.438,22.149,19.66,49.74,2.437,Good
72.916,113.403,37.187,10.583,1.859,35.667,18.681,32.045,80.218,1.926,Poor
52.575,82.778,6.0,44.111,2.756,19.496,42.941,32.908,80.599,5.098,Poor
16.021,37.526,52.932,25.548,1.796,12.12,29.598,26.509,56.885,1.237,Good
60.134,89.788,55.758,13.113,1.462,5.0,38.304,29.465,36.605,1.431,Moderate
117.537,145.831,22.639,16.975,3.069,32.274,42.341,25.567,63.119,0.362,Very Poor
79.55,123.342,101.783,28.088,1.412,40.458,29.389,31.31,45.597,5.493,Poor
105.397,171.731,32.853,21.479,2.327,45.326,37.036,21.374,60.557,4.535,Poor
19.107,27.263,35.988,25.188,1.448,35.175,31.412,27.235,56.738,3.935,Moderate
53.571,79.437,77.346,36.645,1.823,36.437,25.485,23.937,60.813,2.469,Poor
46.285,87.595,17.066,27.576,2.169,48.017,24.453,18.701,58.516,1.445,Poor
64.534,43.86,68.474,22.322,1.821,59.887,36.495,18.059,59.255,3.157,Moderate
29.501,48.392,42.932,30.228,1.225,16.742,37.036,32.748,54.05,4.018,Good
42.65,75.909,54.224,14.472,1.109,32.076,28.762,31.533,74.337,1.841,Moderate
75.766,142.685,48.602,40.605,2.8,34.003,27.453,31.82,43.178,4.756,Poor
42.944,56.983,44.485,20.483,1.452,26.785,29.997,25.197,71.926,4.34,Moderate
20.339,20.0,44.302,17.886,2.338,38.962,34.324,27.591,80.683,3.577,Moderate
35.364,52.274,31.238,9.024,1.438,13.438,17.634,24.013,52.95,5.217,Moderate
29.514,66.778,86.315,30.694,1.542,30.832,26.328,31.224,40.363,3.943,Moderate
68.912,98.026,33.126,18.522,2.416,55.672,30.122,41.118,62.871,4.602,Poor
54.919,83.922,88.897,31.324,1.608,29.887,17.78,24.827,57.722,2.22,Moderate
78.595,133.097,44.43,12.425,1.651,39.845,34.067,24.636,59.679,2.822,Poor
50.952,73.08,74.432,33.607,1.398,34.74,37.893,16.405,88.955,2.414,Poor
52.058,103.293,46.205,19.725,2.382,33.042,28.546,24.254,77.533,3.908,Poor
54.412,111.232,45.625,3.631,1.599,56.212,20.36,30.987,77.573,0.3,Poor
79.37,107.709,35.63,22.477,2.031,49.753,14.671,19.434,20.577,3.176,Poor
39.205,55.688,50.248,34.578,2.09,45.821,26.613,26.553,69.351,2.702,Moderate
40.004,30.759,21.132,25.008,1.018,20.063,26.133,31.071,36.045,3.53,Good
8.0,20.0,20.451,2.0,1.309,41.848,16.085,32.195,41.858,4.197,Good
100.912,167.797,35.212,24.796,2.208,21.479,35.734,44.0,78.696,4.931,Poor
54.352,49.543,72.71,17.419,1.616,5.0,16.695,23.287,60.004,3.417,Moderate
80.991,151.365,54.784,41.141,2.117,12.032,42.116,20.806,57.611,4.354,Poor
23.811,47.327,59.069,24.505,1.611,34.698,68.802,24.666,43.462,6.357,Moderate
96.592,115.608,82.734,29.79,2.534,40.399,36.943,21.789,50.237,4.416,Poor
106.977,164.939,56.82,29.774,2.312,47.175,48.277,41.018,67.53,5.519,Very Poor
25.396,51.273,71.777,11.607,0.542,40.545,40.405,30.363,62.31,4.046,Good
47.699,46.193,24.439,26.336,1.429,33.058,18.365,43.021,75.117,2.647,Moderate
53.588,78.946,84.429,26.88,1.444,7.53,40.825,27.362,63.356,4.071,Moderate
63.907,67.034,42.519,38.175,1.68,21.53,35.202,36.023,69.149,2.091,Moderate
31.626,43.186,40.887,28.846,1.72,34.732,8.309,28.987,57.007,3.461,Moderate
33.328,49.765,77.623,10.863,1.579,20.356,23.634,44.0,51.699,1.884,Moderate
45.822,96.251,59.109,8.27,0.946,31.878,37.726,30.604,64.097,3.424,Poor
66.047,114.163,44.447,18.955,1.775,23.26,21.56,34.628,43.079,2.062,Poor
40.719,97.89,24.657,31.599,1.276,40.41,6.821,29.906,80.998,0.3,Moderate
37.343,75.387,53.4,54.984,1.718,46.286,22.834,27.586,31.691,4.581,Moderate
61.067,76.393,48.795,13.364,2.165,29.56,27.73,23.945,77.462,2.24,Moderate
61.768,75.928,61.914,19.565,1.252,44.538,27.169,21.678,18.0,1.029,Moderate
41.631,84.219,39.207,15.953,1.412,40.569,36.908,29.927,41.24,2.421,Moderate
65.408,131.177,56.597,26.496,1.812,26.505,45.517,27.994,20.974,5.451,Poor
67.792,67.019,50.705,34.958,2.209,34.221,38.257,30.658,57.78,3.331,Poor
69.849,67.692,38.752,20.853,2.071,21.238,20.5,20.362,61.077,1.935,Poor
51.147,33.553,54.952,5.852,1.512,20.063,34.086,25.742,36.684,0.524,Moderate
34.553,61.857,32.686,35.866,1.949,18.433,29.649,32.783,67.394,2.843,Moderate
42.014,24.34,20.239,32.205,2.3,52.77,34.449,18.475,36.287,2.539,Moderate
90.178,136.935,20.796,16.651,2.735,27.837,20.556,30.973,77.356,2.271,Poor
41.727,66.817,16.642,2.0,2.146,28.08,21.804,25.723,89.253,4.383,Moderate
58.232,77.067,50.648,23.653,1.602,22.057,38.378,32.388,46.884,3.204,Moderate
64.795,92.516,47.489,36.335,2.21,20.847,16.256,28.273,38.597,3.479,Moderate
82.056,82.078,72.446,6.038,2.515,40.681,49.293,33.415,40.685,3.971,Poor
94.705,136.527,60.035,22.171,1.626,36.666,42.661,32.789,68.454,3.529,Poor
21.14,52.75,68.036,25.777,1.877,31.944,45.112,30.24,63.246,4.89,Moderate
63.749,122.915,55.649,26.0,1.998,35.545,45.082,18.069,78.495,0.336,Poor
26.298,34.474,58.236,21.594,1.618,50.214,19.426,34.085,70.736,2.319,Moderate
122.724,187.049,48.347,35.316,2.941,15.773,33.074,31.473,38.068,2.566,Poor
66.538,117.047,95.052,32.034,2.33,28.153,26.399,18.352,74.026,3.429,Poor
74.112,101.471,22.218,27.799,1.513,29.441,28.621,26.41,40.785,2.143,Moderate
48.706,90.981,63.443,22.928,1.548,40.692,29.588,25.87,67.303,1.096,Moderate
19.009,45.338,38.47,19.371,1.114,42.708,25.89,42.404,58.17,2.195,Good
42.908,44.985,37.957,17.92,1.966,33.457,34.116,30.87,70.791,3.378,Moderate
60.954,64.193,46.187,31.547,2.241,13.863,19.691,24.744,39.089,5.985,Moderate
31.511,42.68,54.208,2.0,1.122,30.399,42.85,23.317,58.646,4.549,Moderate
52.298,74.307,48.736,27.428,1.324,42.492,39.074,31.357,59.634,2.4,Moderate
21.036,36.985,37.179,18.692,1.193,26.863,28.612,28.411,40.298,0.77,Moderate
24.548,62.478,17.838,26.973,1.685,29.193,35.983,27.828,47.424,6.791,Moderate
90.425,181.273,39.413,28.956,2.154,48.423,15.255,13.415,61.021,0.979,Poor
29.851,60.891,46.766,17.927,1.68,61.099,27.04,26.177,44.47,1.995,Moderate
63.462,99.866,41.874,33.594,2.064,42.466,50.579,22.285,40.207,3.067,Poor
132.801,224.143,60.893,30.633,3.053,9.454,25.347,30.543,44.194,1.011,Very Poor
77.193,140.333,64.004,35.11,2.659,60.971,27.428,33.688,49.975,5.616,Poor
53.401,69.733,53.524,13.822,1.103,29.205,39.585,28.092,57.47,0.3,Moderate
18.363,24.733,39.375,31.838,2.05,44.888,19.689,37.176,31.926,2.371,Moderate
35.977,52.4,42.1,27.404,1.789,30.584,33.103,35.046,50.449,3.055,Moderate
94.097,152.649,40.623,5.484,1.469,54.288,23.4,30.458,49.165,4.423,Moderate
25.126,44.847,16.858,31.299,1.772,39.955,17.333,32.101,72.157,0.831,Moderate
59.909,84.176,6.589,10.419,1.537,5.0,36.271,24.791,47.284,7.03,Moderate
67.924,102.14,34.864,17.388,2.173,38.652,35.901,20.23,30.31,1.035,Moderate
30.934,52.556,6.0,7.365,1.184,28.65,34.76,31.552,94.659,4.705,Moderate
51.526,74.786,32.503,31.711,1.579,34.101,43.116,32.488,44.383,2.015,Moderate
105.815,191.241,25.495,31.544,2.105,30.272,34.454,24.908,40.051,0.949,Poor
40.187,62.48,48.257,12.3,1.597,42.584,39.467,26.094,72.148,1.546,Moderate
32.128,35.282,65.706,25.817,1.136,39.467,34.148,30.31,63.496,2.001,Moderate
40.549,63.806,47.855,8.716,1.368,20.319,9.299,44.0,59.466,4.423,Moderate
115.139,159.67,37.166,23.097,2.043,28.875,13.412,25.742,75.142,2.199,Poor
131.114,192.989,44.025,31.059,1.636,28.054,41.456,23.636,75.236,3.034,Poor
63.545,114.23,40.438,16.799,2.011,17.433,31.938,19.776,64.288,0.3,Poor
36.734,68.724,44.089,32.884,1.836,28.75,27.429,23.07,49.709,2.733,Moderate
86.157,157.442,74.011,15.111,2.116,48.072,42.413,33.867,39.408,2.926,Poor
49.275,57.686,65.305,17.228,1.743,28.399,31.308,27.573,52.674,4.311,Moderate
178.825,252.485,37.255,32.337,2.805,37.524,14.895,21.423,31.569,0.3,Very Poor
36.028,39.928,55.52,11.46,1.521,45.684,36.637,34.406,43.588,3.361,Moderate
95.036,150.049,42.568,30.227,1.896,44.251,38.197,26.295,86.589,1.719,Poor
54.9,66.669,53.89,17.879,2.848,17.892,23.613,24.041,83.474,3.325,Poor
134.529,156.733,57.555,44.666,2.464,13.046,40.73,29.94,53.395,2.054,Very Poor
77.768,118.108,26.81,37.797,1.378,39.566,49.56,37.991,83.299,4.631,Poor
36.625,47.272,24.121,4.001,2.323,32.838,24.079,25.058,73.59,2.308,Moderate
91.953,146.358,14.363,20.343,2.432,56.319,45.09,23.997,66.458,3.474,Poor
78.597,106.883,60.015,38.757,1.838,46.913,24.359,28.153,54.446,2.305,Poor
21.503,20.0,69.556,12.463,1.745,40.542,31.038,24.777,68.712,1.433,Moderate
48.668,67.522,41.41,23.358,1.725,44.899,24.172,19.402,18.0,1.511,Moderate
38.229,84.177,77.355,20.887,1.413,34.215,39.8,35.858,74.61,4.372,Moderate
39.69,67.381,70.015,25.296,0.786,23.548,67.88,31.392,54.062,5.12,Moderate
67.803,94.615,30.62,24.788,2.258,32.143,21.625,28.698,64.151,3.237,Poor
42.923,50.996,45.507,30.31,0.53,39.841,26.497,22.462,68.534,7.572,Good
21.046,46.58,55.661,30.703,1.152,42.96,24.391,33.761,60.677,3.452,Good
43.033,79.161,76.035,45.739,1.675,53.908,47.22,32.15,70.816,7.318,Moderate
54.119,61.898,42.065,20.545,1.633,28.24,33.24,16.633,56.735,1.743,Moderate
47.451,69.443,28.86,18.35,1.331,26.579,36.064,20.468,46.736,0.3,Moderate
39.796,41.955,51.371,24.39,1.726,60.37,35.346,26.179,18.0,3.284,Moderate
71.689,110.317,76.218,17.933,2.063,48.002,41.223,22.309,61.81,4.672,Poor
36.044,73.448,45.028,14.085,1.512,49.285,48.419,23.988,44.367,1.208,Moderate
28.409,37.267,44.591,21.31,1.596,46.717,42.472,25.403,58.766,2.271,Moderate
62.094,66.588,22.22,31.517,2.067,32.767,34.604,24.346,30.366,4.121,Moderate
45.549,51.922,34.579,35.544,1.618,58.697,24.178,25.598,69.209,1.86,Moderate
24.33,33.442,59.244,34.526,1.344,13.322,29.798,26.658,40.7,3.233,Good
8.0,43.284,37.626,33.936,0.4,35.521,7.476,34.911,78.275,0.3,Good
81.528,116.198,71.638,32.225,2.091,45.579,23.046,41.274,87.988,4.978,Poor
88.385,115.563,25.076,30.287,2.729,47.931,36.477,27.48,77.548,3.979,Poor
18.411,37.676,66.03,32.074,1.12,29.444,12.608,26.285,34.297,0.3,Good
16.277,20.0,28.215,23.104,1.987,28.473,30.332,31.371,19.323,4.555,Moderate
46.499,54.81,74.019,26.533,2.087,43.819,27.372,24.685,48.125,1.786,Poor
55.337,63.026,47.934,42.106,2.248,30.187,11.267,24.541,48.932,3.888,Moderate
40.86,81.132,73.336,42.924,1.869,26.67,31.689,27.573,55.599,2.168,Moderate
46.184,44.795,31.561,24.436,1.335,22.147,10.642,30.613,57.643,4.081,Moderate
21.54,48.304,41.161,11.947,0.903,49.703,25.467,32.24,85.347,1.766,Moderate
64.505,124.517,60.748,41.379,1.476,51.74,27.006,34.878,83.045,2.221,Poor
96.849,147.81,59.166,20.336,2.447,15.185,15.409,24.633,48.523,1.907,Poor
86.733,95.085,35.506,24.391,2.106,42.4,35.874,23.676,63.343,5.584,Poor
99.402,100.189,47.706,19.484,2.416,37.632,38.532,33.871,56.724,2.409,Poor
81.46,110.364,45.895,2.0,1.955,43.001,27.548,27.932,46.171,6.154,Moderate
35.558,61.263,22.584,16.305,1.71,42.237,9.773,36.065,96.0,2.671,Moderate
47.473,59.472,18.409,20.852,1.336,21.469,19.991,35.178,31.536,5.439,Good
32.381,49.856,53.58,21.516,1.737,57.13,31.08,12.0,56.554,2.849,Moderate
8.0,20.0,45.114,24.991,0.33,16.317,42.416,22.68,86.703,4.689,Good
44.407,90.866,47.424,22.088,1.807,43.318,10.948,22.434,57.188,1.365,Poor
56.761,96.565,34.21,10.53,2.643,13.12,21.221,30.74,69.1,3.306,Poor
17.406,20.0,30.209,17.271,1.991,41.443,30.388,25.182,73.67,4.214,Moderate
75.536,147.136,35.92,15.829,1.856,43.235,54.49,17.527,58.474,4.195,Poor
40.368,63.598,48.623,30.449,1.307,55.805,48.028,27.194,67.238,3.746,Moderate
24.019,42.056,29.821,17.077,2.098,41.58,22.235,34.613,56.233,2.617,Moderate
14.2,20.0,32.484,13.006,1.46,15.365,27.678,37.967,63.961,3.67,Good
100.897,131.538,56.831,24.34,1.39,16.85,18.839,24.899,44.043,4.787,Moderate
38.902,83.457,54.269,37.135,1.323,43.97,31.858,18.263,96.0,1.881,Moderate
31.841,61.511,31.556,38.086,2.237,13.146,16.319,31.937,79.83,2.511,Moderate
112.953,138.957,67.477,34.168,2.446,35.724,45.964,16.957,39.005,5.717,Poor
80.768,136.406,17.767,31.626,2.344,31.53,53.798,26.649,57.778,5.435,Poor
144.767,184.853,46.467,12.625,2.667,39.321,35.149,36.846,61.91,2.566,Very Poor
48.379,42.795,47.821,20.912,1.545,5.0,39.338,21.673,50.382,1.712,Moderate
54.628,83.235,47.158,23.393,1.709,50.559,27.266,22.51,40.28,0.3,Moderate
62.812,108.019,38.224,27.008,1.56,22.546,52.757,29.957,82.451,2.073,Moderate
117.803,206.094,84.005,46.451,2.541,44.537,33.63,24.765,54.606,2.902,Very Poor
80.456,122.898,20.663,17.879,1.919,5.0,49.511,30.611,45.641,0.3,Poor
58.998,104.818,20.13,24.008,2.548,23.207,63.679,38.893,63.064,2.708,Poor
55.207,102.757,38.096,2.0,1.479,16.426,21.7,36.275,50.417,1.876,Moderate
50.386,78.64,51.306,43.429,2.006,63.535,28.616,31.297,69.19,4.423,Poor
39.648,63.191,27.267,20.58,1.964,45.713,25.73,27.277,57.05,3.017,Moderate
99.902,186.641,45.677,40.272,2.783,36.706,43.2,37.558,77.94,3.807,Very Poor
82.463,112.9,28.741,20.205,2.011,12.063,27.424,27.233,90.432,4.759,Poor
136.232,219.746,27.205,40.414,1.926,104.156,11.266,29.011,56.408,5.084,Very Poor
33.57,53.131,52.203,22.362,1.404,31.581,24.096,22.461,58.658,5.255,Moderate
26.679,44.264,37.292,20.689,1.599,46.98,29.827,26.298,72.719,3.888,Moderate
32.776,61.639,52.821,19.601,1.612,26.678,8.468,31.429,67.978,1.784,Moderate
80.937,86.132,37.536,10.177,1.614,18.943,28.846,25.793,60.662,1.857,Poor
63.068,102.157,50.991,13.421,1.843,16.963,2.0,29.483,26.314,4.097,Moderate
153.068,220.585,40.3,27.44,2.809,40.859,38.533,28.934,74.176,4.357,Very Poor
39.673,55.636,41.463,24.214,1.573,28.279,28.174,31.292,60.067,5.158,Poor
144.112,212.078,30.609,26.643,3.23,26.405,51.742,27.365,41.125,3.145,Very Poor
41.526,84.213,44.848,12.137,1.701,13.48,37.169,34.798,76.089,3.978,Moderate
75.993,86.955,56.14,25.521,2.391,28.948,44.112,39.027,29.06,2.446,Poor
57.098,96.043,67.382,14.151,1.631,53.52,42.932,33.317,80.06,3.914,Moderate
48.602,74.733,27.472,20.858,0.829,11.322,46.914,25.21,53.724,2.537,Moderate
28.791,31.758,61.635,21.187,2.107,59.183,39.409,34.37,56.975,5.131,Moderate
16.528,23.987,27.899,31.21,1.281,23.167,49.276,33.675,29.709,5.834,Good
46.402,64.415,56.027,40.795,2.101,47.621,27.361,33.993,32.953,3.861,Moderate
23.149,51.193,59.647,42.376,1.611,55.715,17.04,21.005,31.17,3.287,Moderate
58.483,74.624,57.01,13.558,1.099,31.329,32.254,32.112,73.284,2.811,Moderate
79.962,144.126,52.808,11.242,1.457,49.449,28.458,32.242,66.693,0.3,Poor
61.71,82.847,30.864,20.809,2.03,56.865,17.6,30.4,78.237,5.407,Moderate
37.994,62.976,58.096,26.78,2.148,34.974,31.411,19.862,63.587,1.317,Moderate
44.093,76.006,83.909,16.851,1.319,14.089,24.202,24.171,32.454,3.488,Moderate
47.09,98.447,27.118,23.334,1.796,5.0,19.21,28.954,43.365,3.914,Moderate
