power_usage,water_usage,gas_usage,temperature,humidity,usage_score,anomaly
102.93,74.52,37.16,16.84,41.46,33.23,0
124.38,55.69,26.85,39.74,47.59,43.12,0
137.89,41.3,34.37,25.75,39.45,38.75,0
87.88,18.0,24.21,12.0,40.47,17.13,0
94.26,53.28,21.76,27.06,86.15,27.87,0
103.93,44.99,31.27,22.82,64.98,29.67,0
147.06,28.39,42.11,32.8,51.29,43.39,0
149.48,75.13,19.58,33.74,33.85,46.3,0
132.06,51.56,27.62,24.11,69.82,35.18,0
134.87,41.99,36.47,26.22,84.29,36.8,0
111.68,57.69,21.52,25.42,22.84,33.91,0
99.15,53.69,30.73,30.46,62.02,33.87,0
135.49,54.31,34.06,12.0,64.49,31.94,0
141.58,38.96,35.04,14.55,51.43,33.05,0
123.06,61.53,19.85,30.44,54.7,37.01,0
81.48,50.27,24.89,25.75,56.98,26.7,0
130.7,40.78,32.97,29.26,75.07,37.02,0
127.71,63.24,30.14,25.76,66.82,37.61,0
108.2,60.33,26.32,35.27,50.02,38.37,0
142.33,28.92,24.11,23.78,67.71,32.96,0
156.76,52.94,17.11,19.69,32.55,36.95,0
143.56,65.1,10.0,39.08,57.23,43.03,0
127.78,57.42,36.77,21.81,20.0,38.77,0
112.16,43.55,19.56,29.77,72.68,31.23,0
136.61,53.14,29.79,33.77,30.51,43.54,0
96.73,55.21,29.79,22.81,75.19,28.94,0
143.45,71.89,13.13,24.47,50.29,37.76,0
141.53,42.16,26.64,22.1,73.58,34.14,0
126.73,47.81,38.02,22.78,58.84,36.08,0
146.9,54.63,37.63,34.98,43.27,47.45,0
114.4,30.83,26.09,23.35,53.85,29.15,0
142.97,29.19,19.96,26.24,38.05,34.83,0
135.69,60.41,26.86,29.36,37.71,41.12,0
123.5,61.87,28.06,28.53,55.37,38.12,0
141.2,43.15,29.95,15.56,64.6,32.2,0
110.53,42.68,31.26,34.85,45.2,37.54,0
117.78,70.95,25.92,22.68,57.68,34.81,0
90.54,70.2,36.47,36.81,34.92,40.54,0
126.26,53.31,45.57,26.59,24.55,42.2,0
138.13,27.66,20.29,34.17,42.6,37.56,0
140.38,46.65,26.29,29.3,69.27,38.3,0
134.23,55.09,40.87,18.64,51.08,37.45,0
139.89,68.05,21.55,36.74,86.15,42.94,0
145.31,59.22,26.57,22.28,81.39,36.9,0
92.42,55.87,27.7,31.31,62.35,32.64,0
116.63,46.02,20.76,31.97,70.27,33.89,0
106.31,31.38,36.76,26.48,92.28,29.98,0
116.21,58.14,41.81,36.79,20.0,45.49,0
128.52,46.38,23.32,12.0,72.02,26.62,0
147.32,49.39,38.4,16.82,36.35,38.24,0
115.14,55.7,30.98,21.61,74.26,32.05,0
109.32,50.45,24.32,23.82,39.87,31.49,0
79.53,71.55,13.29,24.73,50.92,26.34,0
151.38,75.7,28.14,29.92,48.49,46.13,0
112.52,60.01,21.65,24.19,69.76,31.46,0
154.03,56.2,22.6,35.82,22.54,46.8,0
134.66,51.87,43.96,17.67,34.16,38.18,0
111.26,75.15,25.53,31.07,72.0,37.61,0
90.37,52.63,30.19,24.18,49.3,29.51,0
111.26,67.85,36.91,12.0,44.88,31.14,0
121.01,71.68,38.93,24.03,54.77,39.44,0
125.41,37.23,21.79,26.45,61.68,32.16,0
139.98,47.92,34.36,21.83,65.43,36.79,0
97.98,55.94,19.25,31.75,25.71,33.67,0
115.52,36.4,23.85,22.73,37.51,30.11,0
118.12,33.87,34.03,40.14,39.22,41.28,0
148.0,54.18,33.89,33.43,64.4,44.85,0
136.59,42.71,29.78,33.06,55.42,40.47,0
125.86,70.91,24.16,26.87,64.98,37.57,0
121.02,18.0,31.86,28.39,95.0,30.39,0
98.66,48.5,46.8,38.49,56.62,41.2,0
125.66,48.04,30.13,33.72,38.56,40.51,0
73.18,70.06,25.6,30.33,45.47,31.02,0
93.14,55.99,23.69,27.61,54.74,30.36,0
105.16,55.43,11.9,32.76,55.54,32.15,0
131.25,44.05,21.39,29.26,54.81,35.81,0
132.49,64.93,44.76,43.47,34.14,52.71,0
132.88,54.34,39.34,26.06,61.6,39.92,0
139.1,21.42,26.6,30.02,67.89,35.03,0
109.8,38.71,15.95,35.64,48.0,33.43,0
117.49,52.11,24.88,33.18,95.0,35.26,0
102.61,62.64,26.7,13.29,67.6,25.92,0
130.53,40.75,37.02,26.63,65.97,37.1,0
98.47,34.88,35.68,40.54,36.16,38.64,0
131.21,55.6,33.19,35.2,56.05,43.16,0
180.48,54.07,21.35,32.09,52.72,47.59,0
163.08,51.61,32.38,35.53,73.94,47.42,0
116.79,49.78,36.27,18.6,62.84,31.85,0
107.12,48.78,37.78,43.73,42.25,43.93,0
131.72,66.93,24.71,43.75,64.85,46.64,0
113.91,49.14,20.29,31.04,32.98,35.12,0
115.6,35.05,22.99,29.97,37.38,33.35,0
168.89,58.79,14.88,28.51,44.29,43.24,0
105.45,58.81,10.0,23.75,71.24,26.93,0
130.3,54.38,27.91,34.66,38.74,42.16,0
120.31,68.85,30.52,23.9,56.39,36.75,0
157.06,42.66,34.16,45.0,91.46,49.37,0
132.84,61.85,25.98,18.95,76.2,33.47,0
110.02,44.32,26.57,20.24,79.21,27.55,0
149.73,28.09,16.1,25.19,70.51,32.82,0
129.83,82.99,21.65,22.53,46.51,38.13,0
104.27,73.59,47.83,29.49,72.7,40.66,0
108.62,34.62,23.51,20.73,20.0,28.41,0
84.11,35.24,29.47,27.5,54.84,27.15,0
113.46,67.17,26.75,29.73,47.86,37.72,0
123.95,44.68,16.55,27.47,54.47,32.55,0
115.86,63.87,41.11,33.4,61.16,42.3,0
106.07,58.21,29.32,24.96,95.0,31.01,0
123.13,45.91,36.3,31.82,48.03,39.81,0
115.33,22.67,32.54,25.91,62.51,30.57,0
125.76,33.31,40.71,29.5,51.47,38.25,0
135.74,51.06,22.23,34.48,54.48,40.43,0
125.29,39.12,31.9,26.91,62.85,35.0,0
108.81,49.02,35.62,22.88,46.82,33.1,0
105.33,25.34,22.75,35.61,56.33,31.96,0
131.1,52.94,33.36,30.5,20.0,42.27,0
86.23,60.9,30.4,16.15,62.41,25.3,0
128.45,44.8,20.64,32.67,32.54,38.06,0
126.75,55.7,25.22,30.64,55.77,38.2,0
60.0,58.0,26.61,32.78,46.74,28.36,0
87.68,72.19,33.51,12.0,46.42,26.61,0
118.4,42.9,34.3,25.9,41.69,35.42,0
88.4,54.1,31.2,26.23,55.62,30.31,0
135.76,84.83,38.24,21.73,37.51,43.48,0
139.19,54.24,43.99,21.22,20.0,41.81,0
125.25,53.06,30.25,35.14,61.13,40.75,0
121.79,31.45,24.62,26.3,95.0,29.63,0
130.47,40.88,35.24,36.78,46.31,42.74,0
136.59,49.09,32.37,30.62,37.21,41.68,0
133.58,49.81,40.6,15.53,93.78,32.84,0
128.31,39.49,37.11,27.96,82.08,36.41,0
138.3,64.54,28.86,22.85,24.32,40.07,0
138.35,56.24,22.37,18.72,42.56,34.38,0
111.82,53.06,29.76,31.28,67.48,35.96,0
159.95,62.3,26.89,27.06,32.81,44.85,0
93.28,58.57,24.52,30.98,73.98,31.67,0
137.52,52.39,23.43,35.96,71.89,41.1,0
108.16,63.7,26.4,18.6,61.65,29.94,0
134.13,35.48,26.3,27.2,59.9,35.03,0
133.32,44.71,23.34,32.62,55.71,38.38,0
142.07,46.95,18.31,28.74,57.59,37.03,0
136.93,33.48,26.17,27.92,56.23,35.76,0
143.75,33.18,25.08,27.9,59.15,36.53,0
175.19,42.78,45.79,37.07,79.83,52.06,0
113.15,82.43,39.02,30.05,77.09,41.45,0
65.51,54.85,15.92,27.09,71.37,22.27,0
160.18,61.09,40.51,41.43,39.39,54.85,0
148.91,44.94,29.99,23.65,46.19,38.8,0
116.54,24.56,26.17,39.33,57.45,36.49,0
117.01,59.0,37.42,23.15,65.5,35.6,0
106.46,59.61,10.0,30.01,52.3,31.3,0
118.58,56.21,25.44,32.09,68.87,36.92,0
104.36,21.27,28.09,20.66,51.52,25.26,0
142.76,55.09,44.09,27.6,44.08,44.59,0
134.46,62.48,33.98,36.7,22.2,47.35,0
134.42,30.96,14.59,37.5,39.67,37.8,0
115.67,55.92,30.7,35.58,62.62,39.67,0
157.77,49.72,24.12,17.76,69.97,35.53,0
174.1,35.02,31.87,21.21,57.73,40.61,0
128.0,38.09,22.99,36.5,21.67,40.06,0
114.79,29.8,17.48,14.58,40.51,23.29,0
122.41,37.2,32.75,36.8,48.23,40.09,0
102.96,18.0,43.57,29.26,40.29,33.12,0
122.11,51.01,33.87,41.56,40.26,45.02,0
117.53,61.7,29.64,17.57,55.31,31.93,0
137.46,30.95,27.67,36.92,75.57,39.4,0
131.86,53.24,26.11,30.3,61.05,38.55,0
145.14,52.21,27.28,30.38,78.08,40.27,0
112.49,52.92,33.66,25.79,51.77,35.04,0
81.28,55.24,36.47,38.48,54.56,36.63,0
158.66,62.09,43.45,45.0,82.48,55.05,0
161.08,84.89,31.31,18.5,20.0,45.64,0
121.82,81.67,31.38,33.12,43.17,44.29,0
126.39,52.88,41.46,22.26,39.82,38.24,0
184.15,61.38,21.63,30.47,48.24,48.76,0
158.09,25.87,18.31,35.69,57.66,40.44,0
117.96,52.16,10.0,45.0,37.22,40.57,0
96.62,39.62,25.72,25.46,63.04,27.69,0
129.64,73.4,35.02,24.73,65.64,40.1,0
130.46,48.57,38.71,34.05,64.14,42.39,0
140.63,50.79,33.6,32.02,86.72,41.17,0
138.43,23.26,34.27,30.57,73.78,37.0,0
178.87,44.7,28.43,29.15,20.0,47.85,0
119.73,41.57,20.52,28.2,55.77,32.61,0
98.95,55.05,35.23,23.99,57.81,32.08,0
119.93,48.38,26.41,31.46,64.03,36.23,0
119.34,75.25,10.0,30.6,60.37,35.7,0
115.75,62.17,33.8,26.44,58.43,36.95,0
125.85,41.78,12.01,33.14,47.02,34.6,0
137.55,44.57,13.15,45.0,34.39,43.94,0
117.5,38.93,19.21,38.56,63.64,36.31,0
138.24,57.13,16.99,35.54,39.47,41.76,0
123.44,48.91,23.16,31.16,67.91,35.81,0
73.57,30.37,26.71,15.55,59.3,17.71,0
120.39,60.97,50.04,38.51,41.69,48.38,0
127.25,73.1,30.95,28.77,61.42,40.88,0
141.57,18.0,31.31,23.26,41.07,34.09,0
111.92,56.47,41.74,36.82,32.01,43.88,0
158.43,18.19,34.71,20.08,45.06,36.18,0
91.08,29.35,14.91,33.58,33.09,28.21,0
106.81,49.21,45.31,26.49,47.01,36.88,0
114.48,67.3,24.15,12.0,66.79,27.49,0
161.04,40.89,25.75,22.59,53.2,38.53,0
140.55,31.19,18.11,33.1,54.77,36.82,0
131.28,53.29,34.88,37.06,36.74,45.16,0
159.41,37.99,38.23,30.1,61.66,44.16,0
98.06,38.55,28.49,33.59,83.73,31.5,0
117.52,49.35,36.84,26.69,49.4,36.78,0
133.87,54.93,21.18,28.8,79.23,36.31,0
121.4,51.48,28.05,22.61,51.27,33.53,0
87.47,50.53,27.85,17.85,47.14,25.07,0
125.19,46.44,37.96,13.55,24.16,32.72,0
142.32,50.93,36.82,34.02,47.71,45.21,0
156.87,52.83,42.43,29.4,70.77,45.98,0
146.3,44.69,31.14,31.46,60.83,41.75,0
102.77,47.18,22.22,35.99,76.78,33.59,0
130.36,67.27,33.28,27.54,50.07,41.13,0
123.45,70.51,32.81,14.85,60.45,33.37,0
146.85,53.73,28.64,28.5,81.88,39.99,0
112.79,27.9,31.93,31.87,40.13,34.8,0
143.48,37.23,43.02,20.44,61.88,37.49,0
127.95,40.45,27.52,32.38,52.0,37.89,0
133.93,46.46,11.49,21.98,51.71,30.78,0
61.46,82.43,10.0,34.32,95.0,26.41,0
118.7,39.06,16.96,33.25,59.77,33.54,0
144.71,62.07,15.69,34.71,61.99,41.76,0
130.16,42.06,25.75,21.39,74.9,31.45,0
154.24,43.28,35.85,18.63,53.78,38.05,0
117.8,71.8,42.3,24.34,30.67,41.05,0
139.36,34.06,30.63,21.33,20.0,35.87,0
163.89,59.49,13.91,24.16,86.98,37.9,0
162.68,42.47,19.37,32.23,20.0,43.99,0
132.65,28.31,28.37,31.7,36.9,37.65,0
149.79,53.88,35.09,34.68,21.2,48.21,0
125.22,76.66,31.11,20.98,55.73,37.44,0
151.43,37.81,17.47,30.55,47.78,38.63,0
115.51,44.22,25.55,17.76,34.72,29.26,0
111.6,55.12,23.99,20.23,82.5,28.55,0
134.91,31.54,29.58,33.34,57.4,38.6,0
108.66,58.41,19.72,35.18,50.61,36.53,0
145.46,55.6,26.0,23.96,54.43,38.46,0
121.17,43.79,39.53,26.04,67.13,36.09,0
102.13,83.02,28.25,21.98,51.91,34.18,0
129.51,44.95,25.75,24.24,73.32,33.24,0
137.27,32.92,35.01,24.36,38.78,36.96,0
140.08,31.54,10.0,20.19,49.39,28.66,0
107.68,69.67,35.78,24.12,55.24,36.02,0
96.89,48.1,49.45,16.44,73.52,29.59,0
120.14,25.17,29.01,37.85,58.03,37.13,0
118.12,50.02,17.93,22.12,26.37,31.31,0
105.69,44.19,37.22,23.04,54.72,31.93,0
87.63,50.52,31.39,33.87,39.45,34.35,0
102.14,68.22,37.92,28.18,40.18,38.12,0
145.3,58.13,38.09,31.39,47.94,45.73,0
126.0,52.73,22.68,32.29,62.3,37.53,0
105.92,55.23,20.77,30.76,86.8,31.82,0
76.87,55.68,24.17,38.34,51.23,33.04,0
92.91,46.56,22.98,44.27,40.07,37.89,0
128.36,55.35,27.34,25.34,48.72,36.65,0
145.84,32.53,32.73,32.47,41.43,41.83,0
167.27,22.79,15.83,30.22,41.09,39.15,0
92.69,34.44,10.0,27.84,55.72,24.04,0
114.38,40.02,32.24,28.56,68.78,33.77,0
106.12,58.77,23.2,30.82,36.93,35.46,0
101.96,47.45,25.51,25.02,36.42,30.8,0
99.33,39.59,31.93,13.2,58.09,23.78,0
151.64,45.59,32.66,28.65,78.04,40.94,0
112.76,39.95,21.86,19.9,59.93,27.09,0
121.74,59.35,29.48,40.43,64.74,43.27,0
182.85,65.32,28.55,40.53,34.6,56.44,0
158.34,71.66,24.3,33.93,68.44,46.91,0
114.84,70.99,27.0,36.71,39.46,42.47,0
92.06,49.2,27.78,25.06,55.54,28.88,0
132.46,45.43,28.82,30.53,82.55,37.26,0
130.71,57.86,10.27,35.12,52.9,38.01,0
111.65,58.37,27.24,38.2,76.3,39.09,0
165.67,54.75,23.12,41.92,48.18,50.59,0
122.23,47.12,34.28,32.76,20.0,41.21,0
116.45,42.19,32.7,27.84,41.19,35.58,0
136.49,70.44,23.44,42.57,51.48,47.76,0
150.03,56.04,34.9,33.94,67.28,45.83,0
135.28,38.39,29.01,31.87,95.0,36.87,0
130.93,60.79,50.45,23.66,63.55,41.84,0
111.62,31.5,27.91,32.63,20.06,35.51,0
130.24,39.57,37.08,35.55,54.41,41.94,0
84.74,53.92,42.02,28.44,50.08,33.6,0
137.68,72.77,31.86,39.08,52.54,48.53,0
117.85,58.45,30.53,18.05,46.54,32.42,0
110.02,55.36,34.07,29.3,52.24,36.77,0
133.57,37.41,27.74,25.74,39.96,35.81,0
126.36,47.25,26.38,17.5,66.63,30.11,0
94.0,44.8,26.55,32.16,61.1,31.59,0
114.48,47.8,17.76,31.27,76.76,32.36,0
101.95,56.58,24.83,16.38,22.6,28.29,0
137.31,54.16,20.08,30.87,38.35,39.63,0
120.41,55.86,32.19,20.32,61.31,33.32,0
109.11,38.93,27.61,15.71,51.92,25.97,0
125.91,46.69,27.22,21.83,80.76,31.61,0
114.55,48.89,27.3,30.55,74.11,34.58,0
111.52,41.46,25.36,16.48,51.51,26.63,0
118.61,60.76,27.49,23.98,37.16,35.58,0
116.87,50.09,30.64,26.85,62.71,34.69,0
159.83,47.57,16.86,32.1,34.76,42.79,0
127.57,64.51,26.82,23.26,23.08,37.91,0
186.03,43.68,28.6,20.49,32.01,44.11,0
151.58,71.97,24.67,19.08,69.94,38.32,0
118.1,68.29,23.23,27.35,63.33,35.9,0
121.59,51.78,25.68,29.19,52.23,36.28,0
139.55,47.88,20.38,34.24,61.38,39.77,0
117.29,29.89,39.02,19.68,46.45,31.18,0
95.05,55.0,28.82,27.66,45.91,32.26,0
114.22,57.37,38.59,30.74,54.62,39.49,0
157.69,48.62,22.12,32.66,51.62,43.25,0
123.95,60.54,29.07,24.62,73.02,35.42,0
102.16,53.28,32.73,37.58,54.77,38.76,0
134.86,67.55,35.92,36.39,34.66,47.81,0
152.28,58.58,31.2,23.13,81.22,39.6,0
161.91,41.53,36.66,27.04,75.62,42.49,0
139.59,64.36,10.13,28.69,55.69,37.12,0
130.89,42.77,25.07,40.93,70.17,41.52,0
97.79,41.39,25.18,26.3,85.75,27.3,0
139.34,21.6,25.26,30.02,61.7,35.09,0
130.84,74.93,36.59,26.62,44.81,42.89,0
142.51,47.33,20.39,17.41,57.78,31.98,0
129.57,60.19,26.7,40.02,80.01,43.16,0
119.0,29.6,34.07,32.67,49.06,36.62,0
143.65,41.34,36.16,23.99,80.39,37.3,0
140.2,70.2,19.98,22.12,89.67,35.44,0
121.79,51.11,21.94,29.24,42.64,35.83,0
98.38,21.08,29.13,25.29,58.67,26.36,0
128.58,44.31,20.6,21.0,63.34,30.63,0
94.2,55.65,27.23,24.44,34.39,30.78,0
106.92,63.37,24.17,41.58,41.31,41.64,0
136.15,29.71,28.53,16.16,75.49,28.82,0
125.66,40.47,35.59,17.86,54.55,32.03,0
115.22,39.38,23.5,34.46,31.27,36.56,0
144.42,38.84,24.91,28.31,61.79,37.48,0
108.17,46.94,14.36,37.46,90.5,32.69,0
110.77,42.35,34.42,23.97,58.3,32.2,0
139.45,53.65,22.56,24.92,60.03,36.49,0
125.55,67.2,29.09,28.33,37.22,40.29,0
126.14,37.69,37.1,28.19,42.27,37.87,0
127.95,48.96,26.58,21.76,59.99,33.14,0
124.87,57.67,23.75,22.48,87.53,32.11,0
114.69,36.72,42.03,21.88,48.56,33.38,0
136.17,58.41,19.92,33.2,55.47,40.3,0
142.48,46.92,30.35,28.78,32.26,41.28,0
118.8,54.35,18.39,28.18,75.14,32.74,0
98.65,54.44,18.01,33.0,55.01,32.45,0
101.28,41.43,19.93,45.0,53.72,37.63,0
174.85,20.38,40.85,32.95,84.45,45.38,0
174.8,63.06,33.76,19.92,27.61,45.98,0
91.8,46.75,23.2,35.77,38.47,33.6,0
92.11,50.55,10.14,29.72,31.41,28.38,0
128.44,61.75,16.95,27.5,44.47,36.36,0
144.91,60.91,31.78,24.75,54.55,40.88,0
137.88,20.18,31.8,32.15,38.49,38.43,0
116.16,46.5,20.53,31.02,74.44,33.13,0
112.92,44.98,20.67,18.35,46.06,27.46,0
98.92,31.88,25.74,21.26,77.5,24.2,0
119.01,67.38,11.85,26.0,54.94,32.95,0
142.4,43.9,30.93,20.21,54.12,35.6,0
110.27,52.79,16.57,28.65,68.63,31.11,0
90.33,51.89,37.18,30.28,43.0,34.44,0
110.93,63.08,36.61,20.15,34.37,34.94,0
132.39,43.06,22.92,27.53,46.07,35.82,0
130.21,52.66,27.61,26.68,68.11,36.37,0
113.22,56.56,15.98,32.73,71.05,33.95,0
112.08,43.27,33.88,33.25,26.15,38.68,0
157.09,64.91,21.19,22.26,49.31,40.11,0
102.13,66.86,31.9,29.06,78.55,35.0,0
129.04,56.93,19.24,33.88,37.15,39.89,0
116.75,30.26,41.86,37.73,40.7,41.12,0
116.61,61.46,33.39,37.97,67.48,42.22,0
101.94,35.07,20.61,16.89,38.05,23.75,0
119.72,61.29,39.56,31.41,70.06,40.83,0
125.55,39.01,42.93,29.22,47.22,39.61,0
80.43,56.8,30.53,17.47,54.36,24.77,0
132.85,77.71,23.9,38.64,91.48,44.27,0
118.35,60.79,31.79,34.01,27.62,42.07,0
116.45,50.98,33.61,14.25,95.0,27.54,0
87.88,72.18,27.73,22.43,66.75,29.46,0
139.09,62.17,24.66,41.46,54.78,46.65,0
156.95,55.58,45.31,38.86,65.67,52.05,0
93.02,38.99,31.86,28.59,58.13,30.24,0
108.11,58.54,39.63,31.22,48.94,39.33,0
120.23,45.99,10.0,29.75,42.33,32.24,0
135.13,54.62,25.24,37.36,71.43,42.14,0
135.3,41.77,30.04,25.56,31.73,37.61,0
113.05,50.03,25.23,20.86,45.49,30.56,0
115.5,85.74,33.88,36.89,82.19,44.26,0
104.16,56.86,29.97,28.53,35.28,35.4,0
111.3,44.99,32.94,19.34,61.87,29.81,0
117.01,52.18,33.4,18.23,50.12,31.99,0
136.44,46.39,25.52,27.18,41.11,37.71,0
113.82,47.43,27.63,26.22,70.48,32.34,0
118.51,62.18,19.94,20.64,72.2,30.53,0
60.21,44.73,23.01,31.93,67.22,24.23,0
91.61,43.89,20.61,32.12,95.0,27.89,0
110.42,81.33,23.25,28.59,81.27,36.07,0
150.42,54.92,29.74,28.95,38.97,43.43,0
140.84,73.55,24.9,23.46,27.42,40.98,0
125.84,58.36,33.76,18.45,46.08,34.84,0
125.14,66.06,27.18,37.06,68.43,42.41,0
125.27,49.85,20.12,23.99,65.61,32.07,0
131.27,56.67,25.47,31.63,55.2,39.73,0
91.19,56.87,30.43,20.57,50.34,28.45,0
143.46,37.36,29.84,33.57,72.3,40.38,0
125.83,52.8,24.49,22.93,36.62,34.55,0
102.81,66.42,40.55,27.14,63.97,36.91,0
100.55,55.27,20.2,31.79,56.81,32.74,0
137.41,54.4,24.27,12.0,52.52,30.55,0
137.16,40.86,29.23,30.77,64.57,38.58,0
161.04,45.4,43.99,32.33,57.73,48.18,0
91.21,51.93,26.13,27.87,62.97,29.74,0
103.2,44.14,26.31,21.95,22.45,29.93,0
140.26,56.89,36.51,33.84,55.06,45.14,0
87.48,47.77,24.76,28.27,29.34,30.04,0
134.0,37.56,21.9,35.19,54.84,38.49,0
129.83,66.56,32.45,36.86,58.87,44.96,0
137.67,66.63,34.43,37.87,52.44,47.68,0
142.35,50.07,29.5,16.82,91.87,32.53,0
124.77,34.02,34.0,23.82,24.9,35.05,0
133.16,44.14,24.46,39.62,42.44,42.71,0
139.23,46.03,34.26,33.26,78.18,41.45,0
134.37,51.9,26.78,24.15,78.54,35.03,0
113.31,51.94,30.34,37.89,57.68,40.01,0
108.29,45.25,27.05,22.47,43.07,30.4,0
135.16,46.39,22.42,31.22,61.38,37.74,0
142.12,51.61,27.22,27.29,71.01,38.44,0
126.6,79.87,35.79,33.26,26.43,46.87,0
116.72,39.66,35.3,30.98,56.22,36.71,0
80.26,50.75,25.54,31.8,60.04,29.58,0
138.9,61.28,29.18,24.09,68.84,38.19,0
88.5,37.22,35.2,33.06,58.54,32.19,0
112.2,37.9,33.02,45.0,45.48,42.65,0
137.16,51.97,20.36,29.64,62.9,37.52,0
86.66,52.77,25.69,44.32,91.92,35.72,0
89.83,23.23,33.7,41.71,47.46,34.99,0
156.21,40.96,26.95,34.6,47.12,44.26,0
100.73,45.05,24.44,20.34,91.51,24.9,0
118.03,38.36,32.91,28.6,55.72,35.03,0
184.56,66.78,43.36,35.12,66.76,56.2,0
136.45,46.24,24.97,23.92,45.38,35.72,0
87.68,31.04,44.77,33.29,75.14,32.76,0
113.64,41.23,23.83,23.18,64.7,29.3,0
137.35,41.57,39.92,12.0,57.1,32.27,0
142.94,46.42,30.62,20.27,66.25,35.4,0
143.93,49.32,24.76,25.99,44.34,38.53,0
105.99,51.93,31.63,39.34,71.9,39.01,0
125.56,54.91,22.17,27.62,45.37,36.15,0
146.84,30.94,22.75,38.38,20.0,43.42,0
94.56,46.6,33.57,34.17,38.37,35.77,0
131.6,35.76,27.46,30.52,63.3,36.38,0
124.42,44.11,21.25,35.34,76.06,36.54,0
128.64,65.43,27.46,25.28,32.59,38.92,0
135.85,51.08,31.31,19.05,24.25,36.43,0
128.03,70.16,22.48,28.49,35.24,39.74,0
131.09,49.26,18.72,30.37,62.37,36.05,0
121.87,53.21,31.81,35.03,59.55,40.56,0
135.36,65.29,35.7,44.25,51.72,50.61,0
150.87,43.91,33.93,27.03,41.52,41.89,0
134.84,50.11,25.71,26.0,68.61,36.03,0
72.29,74.26,37.87,25.7,40.21,32.34,0
161.96,28.72,23.32,24.89,39.29,38.25,0
119.03,51.49,31.32,33.93,56.72,39.28,0
126.36,70.48,36.7,34.15,38.42,45.57,0
95.59,32.37,36.99,27.43,40.82,31.29,0
108.21,47.23,26.03,35.19,42.23,36.82,0
120.45,52.13,30.06,22.44,70.84,32.87,0
86.22,28.59,25.89,34.67,34.75,30.33,0
146.82,63.55,27.37,30.74,37.46,44.39,0
123.65,49.4,33.46,26.36,89.61,34.9,0
190.45,29.35,26.21,18.74,90.78,38.51,0
155.53,59.65,30.1,29.26,54.61,44.47,0
149.83,35.8,35.23,31.22,84.78,40.81,0
167.73,58.35,24.09,35.67,23.47,49.8,0
140.1,61.59,29.8,34.71,54.77,44.61,0
110.68,37.99,34.94,32.12,79.56,34.71,0
124.28,35.79,10.0,33.09,47.0,32.98,0
104.65,38.25,29.68,34.12,67.38,34.01,0
100.11,60.3,31.87,35.27,74.41,37.03,0
125.95,45.95,42.78,23.76,20.0,39.25,0
124.2,73.13,30.87,38.35,83.14,44.02,0
118.89,59.18,37.68,36.4,54.89,43.18,0
90.22,66.15,23.35,35.24,47.62,35.34,0
114.6,49.76,19.85,33.98,55.85,35.56,0
140.81,49.04,35.99,21.85,36.28,38.96,0
131.36,30.04,23.53,18.09,55.46,28.77,0
128.43,45.62,20.33,31.27,78.0,35.12,0
126.1,58.19,10.0,24.76,52.94,31.98,0
123.69,57.17,14.4,30.83,58.97,35.19,0
149.75,43.04,28.37,30.82,55.81,41.41,0
119.46,47.56,28.9,18.78,65.76,30.2,0
130.0,61.41,20.08,24.56,26.48,36.77,0
117.74,52.37,23.79,31.3,20.0,37.89,0
132.65,41.01,10.0,27.72,54.18,32.17,0
143.43,37.5,10.36,38.7,70.45,38.38,0
116.16,48.47,15.09,40.65,67.12,37.29,0
93.2,29.97,35.19,24.13,38.27,28.57,0
135.0,40.68,29.69,32.24,87.04,37.89,0
121.3,69.84,30.59,43.71,89.48,45.33,0
138.82,45.68,37.76,30.18,56.99,41.69,0
110.73,24.55,26.83,21.03,31.47,27.75,0
94.19,19.45,16.92,36.7,47.67,28.7,0
130.7,73.21,27.88,34.27,32.19,44.99,0
98.28,35.17,18.58,18.32,49.36,22.76,0
131.37,36.99,19.77,27.51,63.92,33.13,0
116.02,45.93,27.56,31.97,77.86,35.02,0
92.18,42.91,10.0,32.38,23.02,29.04,0
155.29,45.18,37.94,29.05,21.52,45.83,0
144.73,20.11,10.0,20.99,26.35,29.44,0
109.81,62.14,22.71,33.56,55.99,36.9,0
143.17,53.61,11.8,30.23,63.56,37.05,0
119.24,49.2,24.15,30.82,56.32,35.74,0
145.79,35.99,28.79,12.32,53.23,30.69,0
108.97,18.0,31.86,35.82,20.0,35.69,0
125.77,71.13,33.3,28.13,27.43,42.28,0
133.16,57.42,22.97,21.6,38.19,35.41,0
115.4,43.12,19.12,36.17,51.56,35.9,0
144.74,51.08,27.45,31.73,20.0,43.66,0
133.46,70.86,33.97,23.4,95.0,38.05,0
85.9,61.47,13.29,22.4,25.76,26.17,0
141.95,50.41,16.01,29.33,92.05,35.51,0
107.85,49.71,21.95,29.53,69.84,31.91,0
95.5,77.16,38.69,27.31,46.58,37.61,0
90.36,53.66,39.0,22.95,86.94,29.26,0
101.53,59.83,23.27,30.02,56.75,33.41,0
116.74,59.1,22.4,23.78,86.37,31.23,0
123.9,58.1,25.55,26.99,54.12,36.36,0
120.63,37.69,22.77,21.36,30.5,30.61,0
125.26,76.49,24.57,29.76,83.31,38.87,0
109.12,43.44,29.18,20.44,37.2,30.09,0
125.81,36.52,35.32,26.95,77.37,34.84,0
101.22,43.76,23.35,27.27,63.34,29.42,0
117.82,35.11,12.73,24.81,53.13,27.92,0
132.15,24.8,20.16,23.79,64.76,29.75,0
141.41,22.85,29.51,38.93,66.57,40.87,0
145.34,49.71,28.51,23.48,74.84,36.96,0
113.34,40.45,23.19,38.75,76.28,36.19,0
71.74,42.72,31.76,18.64,62.52,21.71,0
114.25,47.87,38.27,33.82,72.15,38.75,0
145.84,66.39,19.01,33.0,67.19,42.25,0
83.01,49.43,22.15,37.08,68.97,31.27,0
129.49,60.47,44.67,24.93,70.9,40.42,0
125.43,75.37,10.86,30.82,42.28,38.03,0
139.5,71.41,32.67,21.76,43.7,40.65,0
98.65,65.91,40.51,22.1,35.95,34.96,0
131.59,37.19,27.66,30.87,66.9,36.62,0
118.42,60.61,36.86,21.14,58.56,35.29,0
137.09,53.43,37.89,29.96,62.4,42.11,0
136.92,56.69,47.19,24.44,59.82,42.14,0
130.51,65.62,11.16,33.73,61.38,38.15,0
71.42,44.24,20.76,33.44,66.11,26.45,0
119.41,48.49,51.59,26.39,59.84,39.87,0
154.47,63.79,41.06,25.95,48.01,46.17,0
137.02,54.47,18.15,39.98,55.22,42.87,0
128.62,46.08,24.11,21.04,55.95,32.11,0
152.31,40.26,17.86,35.67,34.95,42.42,0
116.72,49.08,27.24,24.41,20.92,34.58,0
137.24,74.85,14.34,21.98,20.0,37.62,0
138.67,59.94,31.29,31.84,57.35,42.92,0
118.12,54.62,37.52,36.85,20.0,44.34,0
130.03,58.99,34.85,26.67,79.08,38.41,0
128.79,68.45,25.65,12.78,65.07,31.06,0
105.33,59.28,25.21,30.46,39.36,35.57,0
130.22,41.9,20.3,32.3,65.56,36.05,0
89.54,69.86,40.73,14.61,54.67,29.24,0
144.06,67.96,22.76,41.78,33.98,49.1,0
124.72,46.45,40.34,20.79,79.48,34.06,0
158.49,50.7,24.23,27.43,95.0,39.4,0
118.72,42.46,35.15,25.99,50.87,35.2,0
112.13,34.79,24.99,30.52,60.66,32.28,0
138.48,48.39,23.81,28.2,52.18,37.9,0
105.16,65.45,44.67,33.28,73.22,40.79,0
136.93,59.35,40.25,23.8,53.09,40.86,0
174.45,54.51,37.09,29.27,58.28,48.65,0
97.05,82.17,24.64,32.69,83.04,36.08,0
92.76,31.95,18.57,25.41,57.45,24.46,0
115.6,32.38,24.88,22.77,49.12,29.24,0
153.18,43.04,34.08,22.06,72.79,38.17,0
139.36,49.82,34.44,22.48,68.58,37.14,0
133.87,30.12,38.46,27.6,60.26,37.33,0
113.01,65.53,32.07,33.12,46.43,40.45,0
138.71,40.26,26.38,31.79,72.02,38.23,0
150.41,27.68,40.17,31.89,50.28,43.02,0
146.59,47.17,16.5,37.51,59.7,41.72,0
149.98,35.12,29.08,26.19,45.17,38.73,0
127.27,58.53,36.5,32.48,42.41,42.98,0
132.21,27.91,37.08,30.06,20.1,39.63,0
94.48,59.11,46.73,24.84,48.27,35.5,0
150.08,44.93,39.88,21.73,72.82,39.1,0
150.84,54.72,25.51,32.09,63.76,42.79,0
117.18,50.36,18.77,21.1,63.66,29.01,0
105.27,60.7,45.42,38.81,33.13,45.1,0
106.53,23.33,24.35,28.99,49.04,29.33,0
135.02,57.17,35.07,44.24,26.44,50.52,0
112.69,58.58,37.43,26.54,43.19,37.58,0
130.37,58.12,42.84,29.66,23.78,44.53,0
155.27,61.63,20.56,29.16,79.46,41.12,0
123.09,71.9,24.85,45.0,80.0,45.69,0
115.95,55.96,54.85,41.69,34.17,50.01,0
121.96,53.24,43.82,32.51,54.08,42.47,0
124.93,39.42,29.95,39.92,75.09,40.4,0
173.29,50.19,23.3,36.91,52.19,48.65,0
123.48,32.49,49.97,30.74,52.76,40.5,0
132.05,61.27,15.86,29.62,41.72,37.88,0
123.08,49.05,24.77,16.14,52.47,29.41,0
129.35,76.84,40.52,33.89,72.66,46.08,0
105.35,34.71,29.14,36.06,85.59,33.57,0
162.54,43.25,10.0,35.63,66.21,41.22,0
119.4,55.58,22.41,22.09,67.71,31.31,0
79.52,46.55,47.53,22.91,43.04,30.54,0
118.2,52.93,40.17,26.83,34.16,39.03,0
102.27,38.26,36.34,19.05,44.49,28.79,0
113.15,69.57,55.08,35.14,60.05,46.89,0
170.4,59.32,17.79,31.46,50.84,45.43,0
118.76,56.49,45.8,17.0,48.2,35.36,0
118.21,46.08,14.93,27.6,78.22,30.2,0
120.47,57.36,35.61,21.01,49.21,35.31,0
152.73,33.79,27.47,24.8,85.54,35.94,0
153.65,26.53,18.69,26.03,39.02,35.92,0
149.8,54.53,31.64,42.91,30.57,51.12,0
102.78,54.86,20.49,21.41,89.33,26.34,0
108.4,58.43,32.38,29.06,58.01,36.09,0
126.55,64.49,42.83,23.67,39.84,40.93,0
136.99,41.02,19.56,27.74,36.64,36.13,0
106.19,52.23,20.0,32.69,46.33,34.26,0
142.13,22.42,10.0,25.66,30.49,31.43,0
149.31,41.12,30.81,21.31,79.68,35.7,0
160.97,58.19,10.75,32.44,77.87,41.03,0
139.44,64.46,11.43,26.56,44.76,36.91,0
119.0,59.69,34.6,28.98,53.6,38.89,0
139.85,64.18,16.58,30.51,42.99,40.24,0
92.79,44.89,26.69,26.01,51.2,28.83,0
100.84,50.06,36.64,12.0,50.99,26.4,0
128.29,57.18,16.88,28.72,64.01,35.31,0
154.95,58.88,28.4,23.55,50.62,41.2,0
133.9,38.96,13.33,27.01,45.7,32.97,0
119.63,47.24,28.6,34.24,81.72,37.04,0
114.34,48.26,23.26,26.24,81.07,30.99,0
133.54,48.54,22.5,19.43,46.17,32.64,0
146.35,45.0,25.27,35.43,45.65,43.14,0
138.31,68.56,42.44,35.65,93.03,46.85,0
156.73,62.76,23.08,22.68,20.0,41.88,0
71.6,41.72,22.51,35.3,41.55,28.7,0
126.31,46.96,40.07,25.03,32.08,38.84,0
119.58,52.36,32.95,26.47,61.66,35.91,0
128.85,60.65,17.07,28.96,66.51,35.93,0
140.02,53.5,29.29,25.93,60.99,38.64,0
93.46,62.98,21.42,27.25,85.33,29.14,0
120.2,31.85,41.92,37.3,60.36,40.79,0
136.12,70.37,22.83,22.01,43.8,37.65,0
95.36,42.28,17.05,25.6,39.94,26.98,0
163.95,31.4,29.95,30.51,58.52,42.42,0
131.59,52.43,10.0,38.38,64.72,38.38,0
104.89,66.98,34.34,24.51,51.73,35.17,0
120.5,47.87,36.1,26.76,65.91,36.14,0
117.2,60.29,20.27,30.71,39.9,36.76,0
130.93,37.85,32.94,33.63,25.22,41.32,0
131.45,65.6,34.38,22.98,69.51,38.11,0
114.52,60.54,10.0,29.66,46.06,33.02,0
85.6,33.91,29.59,27.04,57.27,26.92,0
79.55,54.61,22.66,26.19,73.27,25.83,0
84.25,56.71,22.97,15.91,42.43,23.45,0
90.99,38.24,35.18,21.54,70.84,26.4,0
63.72,60.97,10.0,20.54,32.35,20.06,0
149.86,29.8,31.11,27.05,74.32,37.42,0
137.71,47.48,25.64,34.84,40.73,41.98,0
139.39,52.44,24.62,41.06,47.66,45.49,0
114.59,43.1,16.32,33.46,69.72,32.82,0
128.33,50.16,32.42,24.9,48.88,36.91,0
142.95,64.07,23.0,33.83,56.04,43.33,0
161.67,61.63,30.16,27.87,58.24,44.99,0
121.74,31.93,19.56,30.79,51.91,32.87,0
143.13,40.56,50.39,21.28,64.41,39.95,0
100.86,36.56,27.49,24.15,56.19,28.13,0
148.4,39.14,25.19,27.96,30.32,39.7,0
124.24,71.87,22.86,29.09,48.7,39.02,0
100.54,82.49,32.75,23.33,68.56,34.74,0
125.49,54.19,29.81,25.51,43.94,36.89,0
117.76,67.26,20.51,32.42,54.55,38.01,0
125.64,46.63,35.94,28.11,72.21,37.21,0
131.56,41.69,29.42,21.01,70.47,32.56,0
90.49,44.51,25.66,29.91,68.85,29.19,0
107.49,56.93,23.82,38.52,63.55,38.12,0
154.47,42.83,19.06,28.05,53.98,38.7,0
142.88,63.74,25.38,22.74,61.57,38.02,0
154.6,63.8,37.94,27.64,71.77,45.1,0
146.89,45.01,30.19,38.3,56.3,45.32,0
133.61,57.76,17.32,28.18,71.71,35.8,0
139.36,58.37,11.14,28.27,42.77,36.93,0
127.43,64.09,26.6,18.32,33.7,34.77,0
107.11,78.93,21.31,21.07,45.98,32.68,0
125.41,67.73,35.65,37.34,43.68,46.1,0
126.32,22.65,35.1,29.24,33.18,36.3,0
93.0,40.13,32.87,33.84,41.61,34.08,0
106.12,55.95,42.67,36.95,52.76,42.02,0
132.17,40.28,21.8,25.36,77.13,32.49,0
125.49,43.5,34.85,25.72,64.05,35.7,0
119.17,73.33,35.21,21.68,89.2,35.55,0
136.5,27.29,29.37,30.27,70.54,36.05,0
102.3,54.03,54.11,21.42,51.61,36.1,0
158.84,46.24,10.0,15.79,53.71,31.67,0
122.42,32.3,30.23,22.3,64.99,30.72,0
113.61,37.72,33.47,28.52,47.73,34.64,0
120.67,51.94,34.79,34.74,56.13,40.9,0
122.76,60.49,51.79,31.19,45.67,45.31,0
126.0,55.41,27.46,33.57,56.38,39.99,0
98.43,43.14,24.99,32.09,55.13,32.05,0
134.87,62.37,24.56,31.21,64.26,40.29,0
99.78,52.76,30.08,32.73,61.96,34.83,0
125.05,44.72,26.12,32.23,20.0,39.15,0
106.56,48.43,39.18,35.15,66.97,38.59,0
128.42,61.49,29.14,40.19,56.56,44.99,0
120.57,38.63,25.76,36.38,84.29,36.27,0
125.35,53.62,16.74,30.81,86.67,34.16,0
136.18,43.49,25.31,26.71,20.0,38.03,0
156.74,55.17,33.83,29.81,31.13,46.4,0
135.94,30.46,31.6,33.07,51.94,39.26,0
110.6,51.96,22.45,34.81,31.9,37.38,0
158.34,60.54,34.21,33.73,68.41,47.63,0
147.6,32.13,26.07,30.73,69.71,38.21,0
136.51,39.21,28.33,26.48,50.5,36.58,0
114.73,56.12,21.79,29.63,76.57,33.73,0
108.82,45.26,22.36,35.29,20.06,36.93,0
117.86,59.94,27.94,28.95,39.04,37.84,0
111.35,45.18,37.91,28.54,36.47,36.92,0
155.4,22.14,36.46,22.76,43.85,38.01,0
102.86,69.56,31.13,28.75,58.38,36.18,0
149.45,58.26,26.96,26.08,73.06,39.91,0
132.44,51.35,31.58,35.51,52.9,42.71,0
112.69,37.94,19.52,32.72,59.62,32.66,0
123.23,45.9,23.56,33.42,36.82,38.13,0
154.88,66.68,25.46,29.3,43.38,44.81,0
147.52,67.51,22.64,25.45,44.28,40.95,0
104.57,55.27,40.09,25.86,66.75,34.77,0
138.29,29.64,17.48,43.28,73.54,40.2,0
114.66,66.3,26.43,42.13,60.89,43.28,0
129.31,60.17,22.1,18.92,40.4,33.45,0
63.93,34.34,25.28,21.9,76.12,18.53,0
166.15,53.71,20.34,24.61,65.89,40.32,0
128.0,55.53,29.51,18.88,47.92,33.94,0
140.69,54.2,30.63,24.96,72.72,38.11,0
135.7,63.07,46.37,23.45,47.53,42.74,0
104.98,35.91,37.33,27.1,69.51,31.95,0
153.57,54.22,10.46,32.92,45.0,40.95,0
131.33,53.59,17.17,23.73,44.97,33.88,0
149.54,46.84,30.99,32.04,34.49,44.2,0
155.85,36.31,24.35,12.0,67.64,30.6,0
74.28,55.11,35.03,34.59,40.39,33.77,0
105.1,57.56,41.45,13.82,91.38,28.26,0
131.56,66.26,27.34,38.76,54.9,45.15,0
128.17,71.24,25.3,29.58,81.54,38.83,0
127.17,50.21,21.84,45.0,73.11,43.01,0
85.84,48.68,27.25,38.84,68.87,33.78,0
115.36,44.73,21.08,22.83,65.66,29.21,0
110.06,56.16,32.74,23.33,22.32,35.08,0
144.37,49.6,20.39,18.95,64.0,33.1,0
113.43,60.41,48.56,45.0,62.51,48.9,0
139.09,62.42,40.62,31.42,73.52,44.56,0
116.37,18.0,20.4,43.01,54.7,36.13,0
104.32,70.76,53.08,29.07,44.54,42.73,0
121.82,66.94,17.11,34.32,34.5,39.84,0
103.41,30.64,16.76,29.76,44.49,28.58,0
127.33,45.71,38.17,35.02,43.23,42.83,0
132.01,63.34,25.16,32.67,49.82,41.51,0
169.15,52.36,28.66,30.05,36.7,46.84,0
120.04,65.18,26.26,28.41,64.54,37.01,0
143.74,36.99,32.54,21.56,82.15,34.53,0
145.27,53.4,24.93,28.68,40.37,40.93,0
163.14,56.21,19.89,35.89,50.86,46.41,0
129.4,65.8,26.34,27.63,48.54,39.21,0
67.33,33.74,32.54,31.93,68.45,26.2,0
129.27,42.99,29.02,35.48,77.61,39.11,0
144.24,66.1,33.12,41.17,40.35,50.73,0
189.72,28.61,18.87,40.15,50.65,49.23,0
88.15,79.46,36.41,28.98,68.34,35.81,0
116.58,53.66,40.09,24.77,20.0,38.5,0
106.6,58.2,40.86,21.55,75.37,33.15,0
110.43,30.09,35.07,22.8,51.05,30.35,0
140.42,50.87,33.42,22.43,73.42,36.96,0
135.39,33.08,29.03,18.94,54.69,31.71,0
137.54,62.3,25.43,24.87,67.91,37.62,0
114.73,51.75,31.09,20.57,42.55,32.52,0
94.14,52.74,35.2,36.1,58.81,36.89,0
142.66,58.11,10.0,27.71,48.04,36.67,0
94.76,45.37,12.74,31.77,74.34,27.63,0
110.61,39.86,26.0,31.14,56.09,33.49,0
141.51,44.69,24.8,29.65,63.67,38.32,0
117.86,49.68,24.05,31.26,55.48,35.8,0
117.99,36.48,21.07,18.96,50.15,27.38,0
156.29,69.4,27.79,30.39,32.5,47.09,0
154.9,56.03,24.31,28.89,75.57,41.23,0
138.6,67.83,27.48,29.91,57.4,42.12,0
128.59,53.41,16.68,22.57,25.88,33.61,0
106.12,37.02,33.02,23.46,59.44,29.97,0
88.73,58.29,47.76,42.17,63.41,42.51,0
190.52,47.2,52.8,36.94,20.0,60.04,0
155.41,48.46,37.76,31.34,34.23,46.78,0
112.09,37.78,11.02,21.54,85.57,23.6,0
90.52,68.0,22.17,20.37,72.67,26.69,0
129.17,34.56,42.41,28.5,41.29,39.45,0
124.37,56.99,32.29,28.2,52.02,38.61,0
110.66,58.56,15.36,36.58,57.08,36.24,0
137.79,33.01,26.47,21.86,77.82,31.82,0
118.01,52.65,26.39,25.55,58.85,33.78,0
117.18,44.26,20.28,23.96,57.69,30.25,0
138.14,23.37,17.45,36.4,50.05,37.02,0
95.47,61.22,28.85,27.84,31.17,34.04,0
151.71,29.79,15.7,24.27,81.17,32.32,0
144.07,25.97,17.54,30.68,66.2,34.81,0
100.48,54.99,30.47,43.0,43.56,41.42,0
137.95,24.93,27.34,34.92,32.85,39.7,0
109.19,50.46,34.11,28.94,57.34,35.51,0
128.2,52.62,21.1,29.78,67.31,36.03,0
129.08,54.85,35.5,24.32,38.94,38.64,0
137.13,52.95,34.52,24.38,74.17,37.86,0
122.35,69.29,11.78,31.9,37.53,37.63,0
167.99,38.68,35.0,12.1,64.85,35.86,0
113.23,56.53,26.75,29.22,58.31,35.41,0
151.47,58.21,36.96,18.2,71.41,38.82,0
119.86,78.6,35.15,24.64,82.76,38.2,0
121.66,38.66,23.82,35.25,75.98,35.85,0
107.38,56.43,37.78,34.46,22.95,41.38,0
103.96,57.42,34.88,25.19,64.21,33.51,0
151.35,46.71,38.33,31.9,53.43,45.26,0
129.33,53.32,32.14,18.64,59.63,33.8,0
135.74,55.71,35.99,32.95,80.36,42.33,0
123.05,29.9,13.03,28.28,28.9,31.15,0
140.21,73.79,21.78,20.38,20.0,38.99,0
162.03,67.45,33.84,44.57,71.83,54.42,0
136.65,46.57,23.42,31.6,75.99,37.74,0
126.77,53.82,18.99,39.32,64.08,40.37,0
114.5,81.96,37.06,31.15,52.21,42.94,0
102.74,36.94,29.07,27.48,49.47,30.91,0
87.28,45.62,24.95,22.1,58.32,25.22,0
112.38,64.38,43.47,26.33,51.1,39.28,0
94.35,55.35,30.49,38.18,37.64,38.26,0
111.44,48.66,10.22,29.87,61.08,30.2,0
120.34,55.48,28.28,33.64,70.08,38.53,0
124.65,42.82,11.19,27.05,70.09,30.14,0
84.47,63.99,30.6,29.04,38.31,33.11,0
121.24,49.66,17.4,28.23,62.7,32.93,0
147.16,67.03,33.53,19.53,55.79,39.89,0
103.37,74.56,50.49,28.47,39.89,42.41,0
140.71,85.8,16.3,20.83,58.12,37.76,0
124.89,55.29,28.63,16.26,46.57,31.89,0
110.08,44.28,47.08,25.01,76.22,35.01,0
169.85,51.96,51.22,30.08,35.21,52.42,0
128.92,74.15,24.37,43.49,59.1,47.23,0
102.22,61.51,34.25,26.12,55.61,34.51,0
147.19,51.14,18.74,39.44,95.0,42.12,0
132.26,62.45,39.11,26.91,76.85,40.55,0
102.22,82.21,33.71,22.62,52.45,35.69,0
166.49,61.31,32.47,33.25,87.77,47.58,0
109.49,41.14,25.08,35.82,27.83,37.01,0
104.41,49.63,30.23,21.6,66.61,29.47,0
114.33,49.64,39.31,28.89,68.39,36.99,0
63.31,47.81,28.36,12.0,54.57,17.17,0
154.38,32.89,32.12,25.8,20.0,41.0,0
74.7,40.68,16.11,17.15,94.83,15.84,0
96.36,57.32,23.18,32.14,45.86,33.71,0
119.77,54.84,21.14,33.93,72.72,36.64,0
118.15,59.82,19.39,31.1,35.1,37.09,0
111.1,70.91,26.47,22.77,58.98,33.71,0
131.21,39.76,25.38,22.73,63.18,32.48,0
154.87,61.38,38.45,22.66,87.97,41.63,0
97.01,58.36,10.0,31.69,36.0,31.08,0
89.88,58.46,16.47,32.1,80.51,29.34,0
106.06,60.57,10.0,31.63,69.4,31.32,0
166.57,44.97,33.42,33.52,35.96,48.26,0
125.89,44.71,34.81,12.0,65.39,29.01,0
135.94,44.15,28.0,29.13,44.85,38.69,0
123.66,43.23,14.75,26.95,48.22,31.91,0
120.8,70.52,20.31,24.82,26.54,36.57,0
106.94,47.82,38.51,36.37,34.49,40.65,0
92.86,46.69,32.76,29.35,69.84,31.3,0
164.46,35.54,37.64,28.78,55.26,44.24,0
121.47,53.81,31.42,38.85,47.64,42.98,0
121.18,43.47,17.54,30.31,64.75,33.02,0
139.08,52.97,20.33,31.48,53.08,39.42,0
126.21,58.54,30.81,27.58,58.73,38.16,0
72.14,31.84,25.94,26.21,69.91,22.28,0
174.06,50.85,10.0,15.17,43.34,35.27,0
147.4,57.0,39.54,13.26,75.3,35.87,0
117.91,53.82,20.21,32.42,39.14,36.86,0
143.14,67.73,10.0,16.05,47.99,32.28,0
119.34,75.5,33.52,34.69,46.7,44.11,0
104.08,38.33,26.39,36.24,35.31,35.79,0
120.25,74.82,45.03,20.19,50.88,39.48,0
147.49,40.26,24.21,29.27,64.01,38.43,0
169.4,37.97,18.57,21.89,47.53,37.83,0
101.58,33.2,34.2,26.42,54.18,30.64,0
111.76,60.04,24.94,23.64,91.26,30.77,0
104.77,75.56,30.83,35.39,72.18,39.92,0
115.67,52.45,32.53,15.9,40.76,30.88,0
133.98,41.81,19.32,30.58,64.77,35.66,0
144.98,75.75,22.38,19.45,24.26,39.59,0
123.5,44.6,30.05,17.94,60.54,30.63,0
103.47,44.63,28.84,24.73,59.94,30.16,0
138.34,54.69,10.0,29.37,51.2,36.08,0
130.55,39.8,27.89,22.08,67.65,32.43,0
123.43,60.31,27.7,37.17,69.77,41.4,0
101.06,56.5,24.89,33.43,92.04,33.19,0
101.22,37.95,15.08,23.94,56.29,25.31,0
82.05,54.5,49.03,26.01,64.93,32.93,0
60.0,34.81,21.51,35.39,66.23,24.22,0
151.6,43.78,15.26,25.82,56.73,36.15,0
108.99,58.97,18.23,35.37,26.61,37.6,0
121.86,64.11,28.26,29.22,44.73,39.07,0
139.73,57.26,16.91,30.57,64.18,38.3,0
148.96,52.81,15.75,33.03,30.16,41.99,0
104.74,41.91,30.87,30.5,67.64,33.0,0
103.64,64.42,20.91,27.58,72.2,31.87,0
115.35,48.17,23.25,17.81,51.88,28.4,0
112.8,58.91,16.85,30.73,50.75,34.42,0
126.3,49.47,25.78,27.82,72.39,35.14,0
127.01,71.78,20.43,15.11,41.84,32.28,0
140.21,64.97,28.33,35.14,95.0,42.95,0
135.22,57.33,20.85,37.57,59.25,42.19,0
133.9,66.05,16.08,39.86,69.85,42.64,0
70.07,48.51,30.94,26.89,49.26,26.82,0
114.84,60.72,26.9,27.69,36.96,36.62,0
121.68,61.18,26.22,36.1,51.35,41.24,0
121.81,35.48,36.66,28.87,31.57,37.55,0
168.48,39.99,12.53,18.21,67.12,33.68,0
138.23,27.05,10.51,32.33,41.85,34.26,0
86.86,46.61,56.59,31.79,42.29,38.53,0
145.31,49.54,36.62,27.79,67.45,41.4,0
164.44,39.95,33.96,29.98,62.34,44.21,0
188.02,46.1,24.95,25.48,44.74,45.79,0
140.72,66.19,25.18,28.49,66.88,40.54,0
149.33,61.4,19.43,23.7,73.95,37.29,0
139.48,69.68,27.96,27.58,33.71,42.68,0
164.77,30.61,29.05,35.09,32.2,45.85,0
77.0,53.35,29.61,28.99,64.01,28.73,0
153.3,53.73,43.63,32.42,61.37,47.73,0
82.62,39.5,29.91,33.4,77.6,29.4,0
127.08,39.9,20.22,27.65,33.42,34.47,0
177.81,58.05,33.05,31.76,46.59,50.61,0
126.12,50.43,39.2,28.5,52.96,39.77,0
163.5,74.82,10.0,29.79,55.22,43.44,0
115.61,93.42,27.81,33.2,73.46,42.49,0
142.44,36.0,32.42,34.75,49.79,42.35,0
105.13,58.38,34.96,29.89,53.08,36.77,0
110.98,46.63,34.25,37.54,48.79,40.06,0
90.81,73.26,32.46,25.22,69.13,32.55,0
145.53,64.13,36.26,21.54,59.25,40.68,0
144.89,54.5,24.24,28.96,50.6,40.48,0
108.93,64.68,25.01,25.8,20.0,35.57,0
123.54,51.91,10.44,34.85,51.9,35.84,0
147.67,36.5,41.54,24.0,46.62,40.33,0
125.1,72.4,36.59,24.64,20.0,41.75,0
81.32,42.35,18.87,16.55,23.72,21.18,0
153.8,74.85,39.83,28.52,72.17,47.37,0
96.71,55.35,17.61,24.35,35.5,28.78,0
132.11,59.14,24.34,34.92,66.62,41.03,0
91.97,54.16,38.39,25.13,50.03,32.41,0
92.25,65.35,19.78,22.38,86.27,26.38,0
115.96,62.62,28.06,24.72,54.2,35.03,0
93.09,43.55,30.77,29.65,52.8,31.42,0
117.46,35.44,20.69,35.63,70.28,34.37,0
144.87,37.55,20.87,31.83,38.93,39.31,0
111.91,71.69,28.34,35.97,83.61,39.79,0
115.4,46.27,34.47,25.82,70.15,33.93,0
109.87,46.6,23.75,28.27,61.42,32.07,0
122.32,48.43,38.03,34.24,40.12,42.04,0
141.57,46.68,34.53,39.62,41.46,47.04,0
118.72,68.25,24.83,38.16,50.69,42.43,0
143.44,52.45,24.69,36.95,50.68,44.03,0
125.75,46.59,24.14,43.56,46.47,43.41,0
135.83,68.38,28.72,29.99,29.72,43.42,0
118.92,38.35,21.16,21.4,36.98,29.7,0
142.99,64.15,25.55,19.8,37.38,37.88,0
79.8,45.92,27.89,42.15,74.27,33.85,0
143.66,54.31,38.7,38.25,89.79,46.39,0
125.2,63.06,31.53,28.83,66.23,39.04,0
130.9,46.69,27.63,27.2,37.66,37.45,0
188.65,39.62,44.19,23.95,66.87,47.74,0
124.17,56.22,29.51,22.67,33.19,35.98,0
116.97,69.82,31.65,27.42,83.25,36.97,0
105.5,67.41,14.97,31.14,44.77,34.35,0
120.69,42.17,10.0,28.5,47.69,30.89,0
99.83,68.11,36.01,30.24,72.7,36.64,0
130.69,44.65,29.46,35.26,37.67,41.59,0
98.55,34.09,27.87,28.16,58.28,29.37,0
106.24,36.93,37.01,37.38,43.64,38.68,0
90.29,38.13,32.9,30.33,65.44,30.38,0
103.76,49.12,33.51,26.59,70.04,32.39,0
126.31,33.63,35.31,25.88,43.41,35.69,0
140.9,34.03,18.66,33.44,46.98,37.98,0
123.99,64.19,33.59,13.13,52.02,32.33,0
131.91,49.13,46.32,20.14,73.45,37.14,0
145.05,43.82,12.98,20.42,31.92,32.97,0
178.67,26.97,33.74,38.33,46.24,49.89,0
120.96,55.4,13.18,36.7,43.97,37.84,0
93.53,49.56,28.0,35.67,48.71,34.9,0
104.59,55.14,38.93,23.8,59.84,33.8,0
103.78,54.05,36.35,16.74,77.18,28.49,0
144.97,36.27,46.76,24.51,58.58,40.72,0
133.82,43.6,45.37,17.85,85.72,34.72,0
146.89,41.27,25.36,12.91,66.21,30.45,0
132.85,68.8,27.18,26.01,64.62,38.85,0
118.79,52.91,22.84,21.71,61.83,31.03,0
151.13,50.19,32.84,23.76,70.63,39.46,0
131.0,20.61,24.56,29.89,31.17,34.74,0
125.47,24.58,16.99,16.15,65.86,23.89,0
139.08,39.86,26.44,32.48,31.31,40.63,0
103.99,55.86,26.39,33.33,52.13,35.93,0
150.94,76.31,15.46,21.22,79.68,37.19,0
102.02,59.17,24.94,27.84,74.35,31.83,0
133.54,44.34,20.53,20.63,58.33,31.57,0
131.79,49.66,30.49,16.6,87.66,30.91,0
154.32,29.51,27.84,19.36,63.32,34.11,0
124.89,55.85,23.83,35.07,47.46,40.18,0
156.33,24.57,13.13,34.63,62.84,37.91,0
128.21,45.84,29.4,31.15,63.62,37.94,0
98.92,66.15,23.15,33.68,63.4,35.29,0
164.07,45.45,24.14,32.77,44.63,44.84,0
147.68,46.47,23.45,23.32,78.84,35.44,0
180.5,53.96,41.6,19.82,46.79,46.6,0
148.56,25.01,10.0,36.87,52.82,37.44,0
116.62,37.03,28.53,25.2,36.19,32.82,0
93.27,53.37,12.45,22.58,58.02,24.64,0
154.34,66.56,39.14,21.14,42.88,43.92,0
109.55,61.37,24.75,31.54,55.52,36.25,0
139.64,27.67,45.93,37.59,35.46,46.05,0
146.05,48.83,39.69,26.07,20.0,43.69,0
153.56,53.85,21.01,37.59,66.31,44.7,0
153.6,63.87,30.62,31.0,26.47,47.11,0
166.22,65.91,44.23,38.18,63.77,54.67,0
128.31,38.81,10.38,35.24,57.2,34.78,0
107.72,65.69,22.64,24.79,52.19,32.81,0
92.35,74.52,30.65,38.63,24.71,41.49,0
117.45,67.21,15.33,37.51,62.12,38.88,0
108.76,55.57,32.96,32.32,57.82,37.54,0
91.18,51.67,31.66,35.77,59.45,35.16,0
101.98,57.07,19.14,40.82,51.81,37.76,0
148.96,38.61,17.31,30.29,82.98,36.37,0
138.92,56.0,27.23,16.48,63.84,33.43,0
155.45,61.48,22.01,17.02,71.85,35.79,0
107.67,35.18,18.98,37.8,24.91,35.51,0
101.59,45.09,36.24,34.92,90.29,35.24,0
136.81,41.47,32.28,12.49,24.37,32.21,0
140.38,36.3,33.27,23.8,37.08,37.38,0
110.29,62.9,33.04,14.3,26.48,31.41,0
96.96,63.06,32.03,40.17,60.46,40.03,0
135.02,40.0,24.39,32.26,78.74,36.95,0
104.32,95.15,19.1,31.68,52.73,38.88,0
136.87,51.23,28.84,30.49,39.33,41.01,0
103.35,45.31,34.13,31.2,43.69,35.55,0
124.93,46.86,24.74,25.76,74.37,33.15,0
126.94,55.36,29.6,31.4,69.62,38.92,0
91.39,61.0,27.61,40.62,67.32,37.56,0
101.08,59.88,25.69,30.64,44.63,34.83,0
100.39,80.74,22.01,25.08,43.98,34.0,0
106.08,60.57,34.66,25.0,52.26,34.78,0
106.44,48.91,18.23,34.19,61.67,33.4,0
122.83,41.2,27.1,30.73,51.96,36.15,0
125.28,50.79,31.16,42.29,48.53,44.86,0
124.31,44.38,50.69,35.92,61.44,44.64,0
172.92,63.53,11.99,25.66,30.55,43.2,0
118.17,53.34,47.09,44.91,54.54,48.77,0
114.38,41.69,41.19,17.12,60.11,30.87,0
152.32,45.06,18.4,20.77,75.86,33.73,0
102.41,32.1,17.43,17.0,66.6,21.28,0
164.37,58.23,22.13,33.86,33.77,47.29,0
131.42,43.5,25.85,24.48,75.72,33.41,0
101.99,69.41,22.27,35.62,64.06,37.03,0
117.36,55.44,25.48,27.45,39.24,35.76,0
89.77,53.81,25.95,31.48,90.03,30.16,0
134.21,46.74,18.61,35.29,44.77,39.57,0
129.03,52.32,33.73,26.57,93.23,36.27,0
114.12,47.63,22.02,36.03,55.16,36.75,0
126.93,71.93,30.55,44.83,71.92,48.07,0
120.42,31.8,30.98,25.12,79.87,31.13,0
147.26,52.93,37.17,28.86,64.25,43.06,0
106.24,26.07,24.13,21.25,34.11,26.48,0
149.25,47.05,23.48,27.21,45.08,39.44,0
156.24,66.66,16.0,22.88,50.96,39.19,0
137.01,51.32,39.05,13.89,63.39,34.0,0
105.88,40.21,19.4,31.47,46.59,31.75,0
140.72,49.02,25.68,21.58,30.59,36.62,0
146.36,67.04,22.46,15.3,37.91,35.87,0
130.98,52.21,30.86,30.57,53.81,39.88,0
89.76,61.52,33.16,24.56,20.0,33.01,0
96.76,43.27,21.72,34.78,65.48,31.8,0
117.51,47.05,10.0,34.0,58.94,33.19,0
109.85,47.17,37.11,31.65,48.05,37.71,0
139.52,54.9,29.35,23.11,42.78,38.26,0
126.53,75.31,30.77,21.97,67.68,37.3,0
153.91,57.09,26.19,36.54,69.99,45.75,0
99.98,55.84,22.33,31.31,69.11,32.37,0
121.16,57.28,28.06,34.0,40.0,40.56,0
108.29,18.0,27.73,27.51,72.5,27.8,0
114.94,48.44,41.82,38.08,76.4,41.73,0
127.03,18.0,36.06,36.98,44.75,39.29,0
82.41,46.83,17.83,44.37,20.0,35.85,0
149.41,49.05,21.72,29.96,86.77,38.62,0
120.39,65.61,22.25,36.56,51.38,40.91,0
108.51,57.35,18.58,31.12,58.89,33.64,0
156.45,50.86,35.04,25.59,71.71,41.9,0
107.55,35.5,12.49,26.85,47.51,27.38,0
139.66,39.46,27.3,45.0,32.91,47.07,0
105.38,43.68,39.4,25.36,31.34,34.65,0
137.38,64.63,20.97,26.95,57.42,38.42,0
116.78,60.01,31.25,43.02,20.0,46.43,0
142.64,31.52,28.73,21.35,43.46,34.49,0
173.0,35.93,27.43,38.71,33.88,49.41,0
75.17,71.32,26.8,31.09,49.74,32.0,0
164.82,52.74,39.37,22.95,64.05,43.77,0
127.33,60.14,30.29,29.9,70.15,39.05,0
107.41,62.54,42.14,21.12,84.89,33.52,0
147.71,50.23,16.01,24.09,35.24,36.75,0
116.63,65.09,35.68,34.82,53.71,42.39,0
139.92,40.15,46.24,27.92,74.39,41.14,0
103.55,39.91,25.97,26.92,48.17,30.51,0
119.14,43.24,27.13,28.12,47.93,34.67,0
132.45,61.34,32.77,36.74,46.23,45.35,0
144.82,58.96,37.97,17.76,39.89,39.32,0
121.03,66.93,29.21,31.79,45.52,40.79,0
130.0,55.83,24.43,20.18,67.81,32.78,0
110.88,35.54,31.26,26.26,46.17,32.26,0
113.92,76.59,22.95,23.45,20.85,36.42,0
144.44,40.17,14.97,12.0,54.59,27.49,0
81.58,68.51,21.36,23.38,45.8,27.8,0
99.18,47.75,20.47,18.79,48.09,25.44,0
112.69,44.69,22.91,21.77,46.9,29.58,0
116.98,49.58,33.02,29.75,48.97,37.35,0
143.16,51.84,20.64,35.72,50.18,42.33,0
108.92,61.15,26.25,27.82,54.29,34.66,0
108.73,40.0,30.58,28.89,58.0,33.06,0
131.2,47.13,10.0,26.93,46.74,32.74,0
162.81,28.51,20.72,36.61,84.63,41.34,0
100.56,44.34,10.45,30.57,57.86,28.21,0
147.63,30.15,27.34,40.72,42.67,44.58,0
137.91,54.19,39.1,33.26,67.98,44.03,0
93.24,59.87,23.61,28.46,20.0,33.06,0
110.38,56.48,34.0,19.4,61.9,31.54,0
106.49,69.91,27.38,28.02,45.63,36.26,0
108.8,49.41,20.74,24.97,95.0,28.21,0
120.01,46.92,25.31,31.1,23.62,37.61,0
112.93,43.9,36.75,14.11,78.94,27.4,0
144.23,46.9,43.9,33.6,52.67,46.23,0
90.09,45.57,10.0,36.31,52.04,29.55,0
101.99,30.8,35.91,24.71,52.72,30.01,0
138.27,54.6,34.22,23.59,38.08,39.63,0
134.82,32.95,28.35,35.02,75.12,38.44,0
111.7,39.18,21.7,20.95,64.33,27.06,0
113.85,49.31,29.55,42.27,59.08,41.67,0
102.74,52.71,25.68,25.85,61.67,30.88,0
157.72,65.29,28.51,19.69,46.92,40.87,0
79.78,44.65,24.14,20.85,24.24,24.61,0
148.87,36.3,31.49,18.56,37.02,35.87,0
104.7,75.76,24.63,29.64,71.07,35.63,0
146.89,39.56,28.01,27.62,49.34,39.04,0
149.13,56.72,26.68,34.9,22.1,46.53,0
102.77,66.8,16.74,12.0,33.87,25.18,0
126.09,38.36,40.21,34.53,51.07,41.43,0
169.41,75.31,36.08,34.87,77.41,52.26,0
114.75,23.75,44.13,35.63,59.93,38.39,0
113.23,56.13,24.58,38.45,67.17,39.0,0
118.22,43.29,20.3,23.07,27.01,31.4,0
113.71,35.04,26.15,30.09,61.48,32.62,0
106.05,36.8,37.46,21.78,41.87,31.03,0
125.44,45.62,19.1,24.39,36.67,32.91,0
171.3,43.1,13.81,26.25,35.69,40.52,0
94.18,47.93,24.3,34.12,37.96,33.65,0
149.2,65.23,16.21,27.72,95.0,37.99,0
103.03,52.26,23.11,31.59,41.5,34.13,0
120.67,68.09,15.36,25.64,48.53,34.33,0
118.28,52.43,25.1,28.92,57.92,35.22,0
85.25,42.11,30.88,37.23,38.58,34.34,0
132.17,69.14,41.65,21.26,42.45,40.97,0
121.41,44.46,10.0,26.91,60.53,29.91,0
91.79,49.49,45.56,34.21,43.71,38.3,0
144.67,47.62,25.08,36.85,39.81,44.16,0
116.61,44.57,47.17,32.54,56.34,41.01,0
115.04,35.04,16.65,24.86,55.85,28.25,0
152.05,25.81,18.45,25.73,67.53,33.9,0
112.42,84.06,45.52,18.42,52.45,38.52,0
183.44,61.37,41.12,36.49,54.81,55.99,0
146.39,51.57,10.0,34.65,52.25,39.68,0
115.94,30.1,13.88,17.72,52.06,23.67,0
101.61,28.81,15.84,23.83,62.69,23.91,0
124.62,25.69,20.05,26.96,55.63,30.54,0
145.99,55.69,29.3,27.07,76.74,39.81,0
97.34,66.6,32.19,41.14,61.06,41.09,0
89.46,50.58,33.65,27.22,59.9,30.87,0
150.27,33.03,30.45,36.36,55.19,43.4,0
120.05,61.39,37.53,31.61,45.56,41.73,0
129.08,65.57,33.61,24.9,35.5,40.16,0
121.5,58.53,33.61,30.09,77.65,38.29,0
136.57,40.86,11.91,35.05,54.72,36.95,0
131.8,38.53,34.9,35.83,69.31,40.94,0
142.27,48.11,23.85,26.89,61.07,37.46,0
109.69,61.96,36.26,28.16,20.0,39.2,0
115.15,60.83,35.21,24.95,30.95,37.62,0
150.82,58.66,19.59,36.78,57.09,44.6,0
118.75,42.31,14.02,30.56,30.88,33.4,0
103.66,50.64,39.22,26.19,37.26,35.39,0
122.99,49.29,27.92,34.21,60.67,38.81,0
146.45,53.11,24.89,37.95,76.79,43.91,0
126.18,64.36,13.67,34.51,36.89,39.41,0
133.0,45.09,25.82,34.93,72.51,39.29,0
134.82,52.57,37.69,16.24,60.54,34.77,0
79.1,29.9,23.26,33.05,51.8,26.94,0
137.02,18.0,45.01,24.72,64.52,36.12,0
111.55,29.81,17.89,25.0,35.68,28.26,0
149.94,71.1,33.16,19.36,39.75,41.6,0
145.38,69.75,22.68,29.96,42.45,43.23,0
103.94,50.19,29.15,23.85,36.19,31.85,0
134.86,58.52,30.88,33.71,68.62,42.3,0
142.9,57.83,13.27,20.1,57.01,33.2,0
108.43,28.82,36.44,32.98,80.4,33.77,0
154.29,43.96,42.59,28.88,64.98,44.34,0
119.27,45.69,25.83,23.27,56.45,31.88,0
137.09,46.25,31.55,30.13,32.48,41.16,0
120.71,60.8,44.29,27.48,59.66,40.63,0
116.4,49.71,14.13,34.75,44.39,35.46,0
150.93,62.99,15.42,30.34,49.35,41.39,0
119.88,34.17,28.41,26.41,72.31,31.77,0
96.49,58.71,44.92,32.65,69.93,38.2,0
123.51,45.67,18.88,37.31,47.41,38.44,0
141.84,50.78,18.8,29.72,78.75,37.07,0
122.84,42.81,44.41,30.12,49.03,40.37,0
167.94,47.3,46.53,29.52,37.04,49.93,0
124.82,40.92,28.02,23.57,87.95,31.31,0
156.24,71.15,33.32,29.79,23.85,48.79,0
80.16,49.39,25.43,36.54,55.42,31.95,0
132.8,51.35,33.71,29.06,40.01,40.71,0
92.06,21.67,33.91,27.68,59.55,27.61,0
90.53,40.62,19.4,32.9,49.48,29.61,0
119.44,39.82,25.85,36.16,55.29,37.59,0
118.15,40.91,47.5,30.07,79.17,38.47,0
118.53,42.15,36.04,19.7,53.44,32.06,0
98.79,20.75,13.78,27.19,82.48,22.47,0
115.95,65.45,10.0,30.48,20.23,35.66,0
123.85,53.91,10.0,27.95,65.32,31.95,0
110.6,43.23,12.91,21.57,43.5,26.67,0
103.0,52.04,27.96,23.57,58.56,30.39,0
100.69,68.14,19.57,28.22,67.32,32.1,0
128.26,61.09,26.65,29.97,38.87,40.08,0
88.92,27.88,39.46,23.85,44.66,28.07,0
118.12,43.24,18.68,25.63,62.16,30.51,0
140.86,45.68,23.23,28.16,57.83,37.51,0
60.68,50.46,36.83,36.62,52.55,31.51,0
169.6,56.56,28.55,20.55,67.41,41.2,0
109.19,64.43,30.35,22.66,63.89,33.09,0
116.88,56.74,25.64,21.28,39.8,32.79,0
105.1,39.89,22.26,26.31,82.21,27.89,0
97.68,18.0,22.54,32.57,59.42,27.82,0
130.13,43.98,30.71,25.89,61.78,35.81,0
119.05,53.77,14.24,40.6,43.48,39.5,0
140.32,48.29,12.31,20.42,61.67,31.1,0
122.92,55.29,27.7,21.22,53.07,33.47,0
132.39,63.83,26.21,24.93,83.26,36.36,0
113.65,76.34,21.05,35.69,37.61,41.16,0
155.58,55.26,29.76,22.7,46.41,40.91,0
131.16,49.6,16.96,34.3,38.22,38.86,0
95.05,50.04,16.98,24.47,85.91,25.13,0
123.83,32.57,13.53,43.62,44.03,38.71,0
153.22,45.47,21.53,23.77,38.75,38.06,0
131.94,51.89,36.37,34.23,92.03,41.25,0
169.76,32.89,34.59,30.93,53.12,45.27,0
115.34,32.43,16.36,41.45,83.59,34.78,0
126.09,58.76,35.11,25.11,68.4,37.48,0
142.94,66.18,34.22,26.34,42.52,43.25,0
130.3,60.69,45.42,34.51,77.45,45.23,0
76.65,46.84,28.98,20.33,94.93,21.73,0
130.83,60.59,22.27,28.38,35.32,38.8,0
124.34,44.8,40.15,25.38,69.44,36.51,0
126.91,72.39,34.52,30.12,54.39,42.61,0
127.92,52.04,32.4,38.06,52.51,43.49,0
136.14,44.77,24.51,32.55,70.35,38.41,0
133.87,58.42,33.33,37.4,53.97,45.28,0
142.64,48.87,10.0,29.95,84.8,34.65,0
102.52,70.55,26.51,40.08,73.9,40.04,0
91.7,48.44,10.0,24.56,36.94,25.12,0
133.05,56.33,30.88,22.23,54.24,36.65,0
157.48,62.06,49.72,31.4,20.32,52.65,0
134.7,35.86,15.48,30.37,90.65,32.64,0
79.28,48.38,17.27,36.48,56.89,29.58,0
97.66,55.87,28.13,35.18,46.56,36.41,0
140.18,38.83,26.42,26.58,53.78,36.61,0
133.26,71.45,25.79,25.98,38.85,40.23,0
88.93,34.71,35.77,28.41,80.57,28.63,0
108.36,54.54,33.72,29.64,74.6,35.32,0
157.25,40.85,27.97,27.93,47.33,41.33,0
100.52,52.64,30.87,29.31,36.21,34.71,0
164.64,46.78,29.08,29.1,47.92,44.32,0
133.08,77.11,22.74,32.53,44.78,43.23,0
128.01,73.23,25.65,22.15,54.47,36.8,0
122.69,53.47,46.1,33.01,36.5,44.31,0
111.75,46.58,10.0,25.82,26.47,29.62,0
152.53,67.51,27.69,38.65,55.35,49.11,0
77.36,56.61,34.51,15.36,57.09,23.96,0
129.74,47.24,32.14,32.34,32.45,41.23,0
106.56,73.76,29.32,33.37,37.23,40.37,0
141.3,63.66,21.8,33.35,60.19,42.24,0
134.02,55.93,37.47,40.92,72.88,46.76,0
139.78,51.19,10.0,34.77,56.16,38.3,0
106.95,67.64,18.82,22.64,81.73,29.47,0
91.14,24.47,38.31,38.87,50.34,34.94,0
121.92,54.83,22.24,31.82,74.1,36.16,0
136.18,61.95,26.4,35.22,20.0,45.13,0
155.69,76.5,24.69,28.59,70.41,44.44,0
126.49,33.25,41.27,19.21,45.01,33.68,0
117.33,50.18,21.35,40.81,54.61,39.94,0
110.02,43.68,46.78,23.64,51.52,35.39,0
116.18,69.48,26.84,25.51,56.84,36.0,0
127.55,44.27,32.58,36.98,62.34,41.35,0
124.11,50.9,28.56,15.39,31.91,31.42,0
106.26,47.51,11.0,41.75,79.9,34.3,0
165.12,59.63,42.39,24.81,27.75,48.26,0
135.93,44.43,25.05,17.38,95.0,29.64,0
158.72,68.16,11.8,32.5,59.75,43.21,0
136.25,47.13,46.21,25.56,76.48,40.17,0
123.69,61.09,35.03,28.45,75.43,38.68,0
104.61,59.39,28.44,14.3,64.85,26.88,0
105.18,18.7,35.32,33.38,58.96,32.77,0
138.12,38.44,26.68,33.58,23.93,41.24,0
136.5,35.0,34.12,39.81,80.03,42.56,0
104.64,43.44,14.5,28.29,44.07,29.34,0
148.69,38.56,33.41,19.99,56.51,36.35,0
105.53,62.51,26.17,26.75,47.15,34.04,0
84.59,26.23,27.56,27.66,40.02,26.34,0
103.08,42.29,27.71,37.28,61.65,35.69,0
86.89,49.94,21.84,26.5,83.48,25.95,0
155.75,68.46,33.45,19.48,58.65,41.46,0
129.93,45.09,38.85,22.81,55.18,36.67,0
96.94,57.34,29.76,27.34,34.49,33.57,0
110.7,44.39,26.59,25.31,90.05,29.67,0
189.37,52.87,12.58,33.55,35.97,48.48,0
102.62,70.31,20.63,32.05,82.43,34.17,0
105.62,25.88,23.22,38.44,72.06,32.82,0
149.86,31.73,25.88,45.0,30.21,47.62,0
115.77,45.87,27.97,27.86,54.53,34.18,0
171.73,56.97,10.0,41.61,69.76,47.6,0
147.35,65.13,25.89,24.86,29.89,41.79,0
173.21,49.76,24.88,34.71,73.84,46.78,0
147.28,57.49,14.43,21.8,57.22,35.06,0
129.48,29.03,22.74,25.51,88.14,30.17,0
172.63,50.29,37.87,16.21,59.79,41.32,0
133.91,47.98,23.38,25.84,65.8,35.06,0
135.06,50.3,31.67,38.04,38.86,45.03,0
116.93,52.9,13.66,35.67,54.51,35.84,0
60.0,54.89,24.22,27.51,50.34,24.54,0
133.17,33.85,26.73,30.39,52.95,36.67,0
141.09,59.45,29.23,26.17,59.81,39.83,0
123.84,31.93,25.62,33.78,42.71,36.67,0
126.1,57.05,34.86,15.78,92.21,31.33,0
110.58,59.01,27.68,19.83,78.46,29.8,0
99.05,59.09,34.42,33.67,90.3,35.68,0
135.01,55.9,28.47,29.18,72.35,38.93,0
111.41,35.73,41.77,29.68,54.81,36.18,0
127.59,57.87,28.42,35.0,84.63,40.16,0
134.79,36.64,34.59,41.5,86.0,43.15,0
160.57,57.67,29.54,38.15,44.45,49.92,0
134.5,59.92,21.13,15.95,49.92,32.15,0
105.75,52.81,19.68,38.17,68.67,35.8,0
94.51,42.62,26.36,36.09,56.52,33.52,0
168.86,65.77,37.23,25.18,74.83,46.38,0
105.37,57.81,33.53,31.37,79.37,35.82,0
128.02,18.0,29.75,18.92,80.23,27.15,0
120.38,72.23,12.92,28.69,45.42,35.96,0
128.28,41.21,31.92,27.45,27.61,37.86,0
98.69,45.75,40.75,30.25,61.87,34.98,0
124.47,40.06,15.49,24.34,48.78,30.46,0
148.76,56.58,33.63,27.08,58.2,42.4,0
122.52,73.61,22.37,33.14,51.93,40.7,0
166.56,46.83,27.99,35.7,57.2,47.24,0
149.32,37.6,41.58,26.97,58.66,41.67,0
108.29,35.34,22.12,27.52,56.52,29.69,0
139.55,53.58,10.0,36.49,27.58,40.89,0
98.8,42.14,23.16,29.5,31.18,31.44,0
105.33,31.17,28.84,36.97,59.58,34.75,0
117.04,42.62,51.73,30.0,64.23,40.24,0
114.89,39.25,28.47,20.42,77.27,28.36,0
88.09,55.05,24.22,26.53,53.93,28.94,0
145.57,50.08,20.15,17.42,27.13,34.4,0
121.1,60.8,38.39,24.14,47.6,38.21,0
136.67,51.93,30.64,18.65,34.04,35.85,0
113.19,55.06,40.78,34.06,69.74,40.41,0
114.74,53.05,18.25,20.26,58.44,28.67,0
91.97,67.78,25.25,24.66,63.62,30.25,0
131.12,48.05,19.38,14.69,45.06,29.07,0
140.14,18.0,10.0,30.41,71.67,30.77,0
134.41,54.84,38.48,23.12,67.0,38.32,0
116.92,39.69,31.1,26.02,43.29,33.91,0
116.36,26.06,32.09,39.88,68.41,37.81,0
107.43,48.04,22.1,30.66,65.14,32.44,0
149.21,50.27,28.13,25.99,81.72,38.55,0
123.95,55.06,34.22,31.65,44.01,40.86,0
122.6,35.93,39.67,31.47,50.18,38.85,0
122.11,46.79,34.9,21.31,41.8,34.47,0
110.93,37.63,28.39,33.93,62.57,34.89,0
110.46,36.27,28.32,43.01,56.32,39.45,0
105.77,54.84,23.14,40.28,80.3,37.4,0
109.34,48.33,35.89,22.59,64.18,32.15,0
109.55,51.65,40.26,38.02,41.07,42.57,0
122.31,34.19,27.07,39.4,67.32,38.64,0
140.72,41.14,35.93,37.47,75.68,43.67,0
88.21,18.0,17.92,32.65,88.97,23.58,0
151.55,32.57,20.89,19.19,33.96,33.75,0
94.82,47.26,48.38,24.98,58.68,33.85,0
124.17,28.99,33.92,22.38,62.56,31.61,0
154.45,49.53,36.96,31.51,68.87,44.92,0
121.43,69.88,16.67,34.59,38.8,40.0,0
130.99,55.99,43.61,15.61,88.9,34.24,0
119.12,56.88,33.7,27.47,67.31,36.86,0
158.31,55.64,42.16,20.91,81.93,41.76,0
160.55,41.24,25.12,41.05,33.46,48.56,0
129.46,62.33,27.19,28.27,37.08,39.84,0
155.15,38.97,34.56,30.26,61.77,42.72,0
180.92,33.13,11.19,18.68,67.23,34.87,0
126.51,28.98,31.63,28.22,58.33,34.62,0
134.65,51.66,34.6,32.46,41.37,42.94,0
138.9,42.29,28.7,37.53,53.95,42.88,0
104.85,66.9,30.48,27.72,75.08,34.66,0
112.32,63.47,34.32,24.15,65.03,35.16,0
143.72,73.1,14.56,38.56,76.2,44.07,0
137.25,32.14,28.42,23.85,56.04,34.15,0
123.06,57.26,32.72,36.41,81.74,41.14,0
125.25,65.56,43.27,38.18,41.76,48.11,0
156.56,53.26,18.33,30.68,32.01,42.77,0
157.17,44.75,32.15,30.33,47.35,44.07,0
118.74,52.76,36.89,32.95,26.47,41.76,0
96.98,48.76,28.93,36.5,36.5,36.65,0
100.75,67.54,36.43,45.0,76.46,44.01,0
132.29,48.95,25.28,16.42,53.44,31.27,0
136.63,44.76,38.17,30.58,51.43,41.74,0
112.3,60.55,34.26,28.81,67.18,36.96,0
78.32,65.87,21.32,35.15,65.46,31.74,0
129.04,54.71,30.41,25.21,48.96,37.34,0
98.95,27.44,26.33,27.28,35.24,28.85,0
127.7,54.63,30.57,31.75,52.0,40.25,0
133.11,50.96,35.62,35.55,72.03,42.82,0
156.53,60.2,21.97,32.73,40.46,45.22,0
92.45,41.33,37.13,14.36,67.74,24.13,0
164.97,44.26,19.34,38.04,61.24,45.49,0
144.26,43.46,26.83,27.85,63.69,38.23,0
137.52,45.76,28.81,37.34,79.79,41.75,0
96.17,20.57,32.61,19.66,52.46,24.23,0
134.5,48.76,27.52,27.23,60.68,37.22,0
144.55,58.69,10.83,29.81,45.91,38.44,0
160.17,35.02,16.08,26.5,68.55,36.42,0
98.26,65.55,21.0,35.49,53.07,36.0,0
175.65,37.98,16.75,43.85,52.61,49.24,0
87.39,69.89,31.59,27.91,26.98,34.7,0
75.31,53.33,28.22,34.23,58.0,31.01,0
105.78,36.84,18.61,35.12,48.9,32.78,0
123.93,30.94,37.91,27.13,47.72,35.92,0
148.96,58.76,39.04,33.77,62.29,47.18,0
112.75,74.11,50.32,36.59,65.3,46.78,0
135.75,54.86,33.31,28.83,44.69,41.29,0
105.38,68.45,22.55,28.43,95.0,32.43,0
117.87,33.82,27.06,28.07,89.09,31.02,0
115.69,40.92,31.75,27.18,47.96,34.37,0
128.02,66.97,30.47,20.36,43.34,36.75,0
103.12,35.17,27.1,23.85,77.3,27.05,0
124.05,43.25,21.77,30.78,38.63,36.06,0
144.5,49.56,22.14,23.49,87.61,34.62,0
133.13,39.25,21.23,31.98,37.42,37.67,0
137.3,41.93,25.98,31.13,46.17,39.07,0
169.77,48.36,26.22,31.29,53.11,45.61,0
123.53,60.39,25.19,30.12,50.06,38.29,0
152.35,55.56,10.0,27.47,43.89,38.14,0
123.86,60.7,27.25,28.9,40.99,38.74,0
119.75,49.48,10.0,35.84,61.2,34.74,0
135.29,50.98,32.82,18.68,40.73,35.67,0
108.82,54.13,24.14,19.49,70.9,28.16,0
118.37,37.37,25.95,17.0,27.72,28.88,0
147.53,55.25,36.76,38.72,36.28,49.65,0
147.96,28.3,21.88,26.5,68.04,34.69,0
148.99,46.58,22.93,23.17,54.55,36.7,0
139.85,27.35,26.84,30.76,63.42,36.65,0
127.9,53.15,30.06,30.79,34.28,40.36,0
133.37,35.41,25.54,23.33,37.78,33.87,0
95.19,52.66,24.43,25.58,65.5,28.89,0
115.77,39.8,22.37,31.84,54.3,33.98,0
108.19,22.25,28.46,20.33,69.25,25.12,0
147.86,22.97,26.29,30.99,47.1,38.28,0
150.99,41.26,15.59,30.97,56.99,38.33,0
152.55,69.17,24.44,36.03,59.69,47.04,0
118.58,58.93,10.0,32.87,45.69,35.14,0
121.29,50.73,23.38,30.84,83.14,34.81,0
137.39,50.62,30.35,25.3,95.0,36.0,0
160.18,69.39,38.04,28.81,58.25,48.17,0
150.69,38.34,24.36,34.87,52.08,42.17,0
92.96,18.0,22.79,36.72,45.29,29.82,0
175.23,46.41,30.66,16.52,85.96,38.36,0
145.32,28.16,36.93,30.07,55.82,40.21,0
134.12,79.28,36.99,18.37,54.9,39.56,0
176.0,57.68,28.26,28.77,42.38,47.8,0
141.94,43.17,34.1,26.66,40.49,40.08,0
123.93,49.18,34.96,36.17,27.84,43.28,0
141.09,48.98,21.9,19.84,35.91,34.64,0
151.12,46.24,38.72,27.75,25.03,44.59,0
108.81,41.67,28.57,26.98,58.12,31.86,0
158.16,52.87,37.71,19.36,20.0,42.6,0
123.62,37.46,28.82,32.27,70.37,36.03,0
115.27,47.33,29.23,24.44,57.04,32.76,0
131.85,61.74,30.11,21.87,29.59,38.06,0
104.55,35.67,35.26,28.0,32.69,33.64,0
93.13,36.68,32.82,26.54,67.64,28.66,0
142.03,39.36,38.07,35.65,51.05,44.49,0
78.08,44.85,29.12,41.61,50.65,34.6,0
136.56,70.61,31.57,25.92,42.81,41.86,0
119.28,46.97,16.31,29.04,56.73,32.64,0
92.59,58.37,24.71,32.6,34.38,34.35,0
137.82,47.92,26.92,20.84,49.88,34.91,0
113.2,58.28,50.23,28.06,64.88,40.38,0
125.68,47.35,41.68,27.14,37.63,39.95,0
113.19,59.14,25.15,30.41,82.77,34.76,0
127.95,44.12,33.64,28.8,41.43,38.61,0
107.55,37.93,32.25,36.01,63.6,36.23,0
114.44,46.0,23.31,29.21,57.93,33.34,0
97.08,58.34,49.24,19.62,65.43,33.0,0
147.91,40.08,29.94,38.25,41.33,45.48,0
131.95,37.08,33.11,24.26,63.39,34.85,0
142.89,27.77,10.0,39.27,53.06,37.99,0
77.99,60.61,36.49,25.09,61.97,29.73,0
115.96,32.98,10.0,27.14,20.0,29.46,0
122.51,38.51,24.65,17.95,37.09,29.48,0
151.76,50.6,21.89,34.37,42.2,43.73,0
127.79,37.31,35.67,28.92,20.0,39.25,0
152.3,50.27,25.59,29.32,65.24,40.99,0
135.63,61.81,37.57,33.85,51.59,45.43,0
112.57,45.3,41.99,34.1,38.24,40.82,0
133.75,46.77,35.69,43.31,70.76,46.31,0
114.72,60.1,30.29,15.82,71.12,29.69,0
123.18,37.38,30.61,42.76,76.08,41.33,0
135.3,34.8,28.51,22.62,64.54,33.15,0
148.08,23.82,24.55,44.6,40.19,45.17,0
156.87,27.74,11.31,26.0,36.93,34.99,0
118.05,58.74,18.41,20.5,55.68,30.35,0
124.29,62.9,22.83,25.29,48.85,35.86,0
121.11,54.57,35.26,39.96,46.45,44.56,0
114.35,35.68,30.54,25.62,51.53,32.14,0
141.97,54.04,39.08,27.14,30.5,43.54,0
113.85,62.12,42.92,28.57,90.37,38.26,0
109.66,52.61,25.58,18.22,65.87,28.06,0
134.27,49.06,31.66,39.7,50.88,44.94,0
114.71,55.55,35.57,42.54,56.58,44.4,0
130.58,47.09,33.48,29.45,66.18,38.55,0
147.82,50.17,28.24,27.69,68.26,39.84,0
76.28,61.67,41.83,30.49,53.29,33.98,0
101.46,40.25,21.98,29.24,52.05,30.19,0
136.6,61.17,15.75,15.99,21.78,32.84,0
134.39,49.59,31.97,17.93,58.87,33.83,0
148.42,44.86,24.51,39.63,59.26,44.73,0
144.13,65.31,27.86,36.06,36.17,47.0,0
137.79,75.23,25.32,28.41,53.22,41.95,0
150.88,31.26,26.59,24.3,95.0,34.32,0
144.72,44.06,48.11,30.75,26.82,46.8,0
162.42,40.18,29.79,24.94,30.79,41.94,0
153.92,29.26,18.61,34.74,91.02,38.09,0
136.98,60.45,14.82,18.01,41.91,32.59,0
126.59,53.56,38.85,29.14,51.62,40.59,0
107.83,38.53,31.09,36.08,95.0,34.55,0
123.2,66.91,25.76,29.77,20.0,40.61,0
75.54,46.84,10.5,34.76,80.51,25.03,0
145.76,31.12,32.02,16.38,36.57,33.64,0
146.44,37.1,29.51,21.53,75.55,34.62,0
149.28,56.27,39.48,15.9,54.03,38.47,0
138.24,72.6,27.11,19.8,71.3,36.89,0
162.49,51.74,42.17,38.61,44.18,52.71,0
121.97,47.16,14.02,33.73,49.71,35.3,0
135.91,50.06,22.79,31.93,35.56,40.13,0
128.76,33.04,18.76,25.16,50.38,31.36,0
90.65,47.6,24.95,37.4,50.95,34.12,0
131.41,38.81,34.75,36.54,59.72,41.71,0
110.74,52.69,29.23,27.2,64.21,33.72,0
144.45,48.39,32.9,38.64,76.65,45.16,0
123.25,48.38,30.74,23.87,27.21,35.91,0
142.02,48.2,34.0,28.97,30.19,42.45,0
113.37,57.85,43.03,33.05,78.03,40.45,0
118.75,39.53,19.57,30.65,56.24,33.12,0
109.41,47.45,29.37,25.46,49.36,32.64,0
149.26,44.89,15.42,24.13,46.49,35.59,0
130.99,34.48,20.11,24.74,46.47,32.28,0
119.53,57.96,29.67,32.13,38.07,39.91,0
119.01,53.51,23.49,32.35,20.0,38.73,0
104.83,45.98,25.98,34.78,42.29,35.82,0
109.17,62.66,32.34,30.62,43.03,38.35,0
123.84,66.84,32.46,41.43,20.0,48.15,0
146.09,52.41,11.06,25.35,69.12,34.51,0
99.46,59.9,14.98,24.46,65.17,27.86,0
130.44,37.87,35.23,32.38,45.98,40.13,0
146.95,58.16,36.34,26.97,35.5,44.02,0
134.07,42.41,29.87,32.97,62.78,39.59,0
150.09,69.06,41.68,45.0,73.07,54.53,0
159.11,52.86,18.78,26.74,34.64,41.19,0
125.03,51.26,25.98,25.5,20.0,36.67,0
138.87,39.39,35.16,42.87,79.18,45.43,0
123.87,48.98,11.15,34.73,50.96,35.65,0
116.05,49.68,26.0,12.97,67.86,26.18,0
127.83,33.26,39.18,21.41,29.76,35.29,0
86.74,34.79,25.6,25.64,42.93,26.3,0
129.23,47.98,19.07,32.93,38.2,38.11,0
81.39,31.1,46.64,34.63,48.57,34.08,0
137.52,46.98,35.18,31.77,73.26,40.99,0
117.1,24.62,20.95,22.95,48.92,27.58,0
114.79,48.08,35.94,34.36,49.5,39.72,0
114.41,68.19,41.05,38.38,52.56,45.56,0
159.96,57.68,10.66,35.22,77.4,42.17,0
149.84,45.9,33.87,14.89,51.87,35.38,0
93.63,50.05,32.53,33.47,49.63,34.92,0
129.68,63.52,25.96,36.27,53.87,42.91,0
96.3,49.76,30.93,31.47,74.31,32.74,0
173.7,41.83,29.96,27.74,75.22,43.42,0
132.29,60.88,31.71,40.56,53.03,46.58,0
119.59,53.59,23.98,18.33,37.68,31.06,0
145.79,30.49,30.87,22.79,64.43,35.09,0
136.27,23.7,25.63,14.73,34.89,28.62,0
126.93,57.28,25.74,42.22,71.07,43.6,0
115.31,77.31,24.93,28.86,49.07,38.54,0
132.83,61.63,33.14,33.98,58.55,43.55,0
96.94,53.56,37.05,32.45,55.52,36.29,0
128.53,53.57,24.32,23.83,65.85,34.09,0
148.19,53.47,42.68,32.42,29.02,48.16,0
96.62,61.06,29.73,31.84,67.63,34.61,0
123.52,58.22,16.29,17.48,70.72,28.5,0
116.11,41.71,20.77,24.01,63.64,29.55,0
135.9,56.96,30.99,22.99,52.07,37.76,0
130.96,37.66,34.52,31.73,33.67,40.31,0
117.22,48.89,25.45,23.43,44.62,32.53,0
142.13,50.71,34.84,22.21,57.73,38.26,0
105.31,46.91,40.44,12.46,34.85,28.71,0
127.62,58.97,20.36,26.13,37.15,36.32,0
133.52,45.92,23.44,12.5,65.26,28.08,0
119.73,57.76,18.22,33.25,46.11,37.33,0
120.32,56.28,37.76,18.6,65.69,33.61,0
139.57,43.74,33.65,31.51,49.78,41.59,0
116.36,39.71,29.09,33.83,54.33,36.69,0
108.41,55.85,30.02,20.05,58.84,30.62,0
110.42,76.08,26.78,33.16,81.63,38.45,0
137.61,61.28,22.83,25.76,52.03,38.11,0
125.14,37.42,17.47,32.86,47.06,35.03,0
145.43,56.93,17.65,43.49,48.06,46.73,0
135.81,78.17,40.74,22.17,67.62,41.87,0
68.62,54.1,14.48,26.96,43.23,23.72,0
141.19,55.46,23.79,37.06,62.11,43.31,0
126.69,45.87,24.88,25.59,70.26,33.48,0
102.34,44.81,23.27,31.38,60.45,31.95,0
94.63,60.69,37.05,17.74,64.38,29.07,0
150.45,33.52,28.77,34.77,59.03,42.11,0
84.06,33.0,23.96,24.12,53.51,23.89,0
113.04,65.58,31.28,23.91,72.09,34.39,0
112.85,36.62,28.91,33.84,47.25,35.94,0
105.25,54.64,33.18,26.59,92.8,32.21,0
169.3,82.32,24.97,12.0,88.04,38.59,0
102.44,41.04,30.44,31.42,72.95,32.55,0
95.93,38.31,15.88,28.78,57.8,26.94,0
129.71,38.51,43.43,18.25,53.04,34.64,0
95.33,42.73,21.15,19.56,41.07,24.95,0
139.17,37.79,35.21,21.13,50.33,35.84,0
148.56,57.03,34.11,19.53,49.86,39.18,0
139.61,46.68,20.32,28.61,74.5,36.12,0
117.71,40.69,40.15,35.75,74.95,39.65,0
102.35,49.15,31.23,34.09,74.64,35.11,0
138.21,43.57,42.02,34.51,32.46,45.7,0
145.67,50.03,26.08,23.21,37.66,38.21,0
158.55,25.88,27.36,30.78,74.57,39.39,0
103.25,37.88,27.85,26.74,20.0,31.94,0
116.92,56.12,21.06,26.67,41.48,34.22,0
150.48,48.29,15.35,23.12,74.53,34.36,0
119.32,55.99,39.09,33.68,41.38,42.47,0
115.76,51.67,14.55,30.03,39.5,33.6,0
111.3,37.58,20.14,22.38,58.74,27.38,0
101.3,40.1,25.53,22.8,28.89,28.93,0
140.15,55.32,17.86,27.57,78.1,36.14,0
78.38,75.16,27.65,30.07,62.07,32.2,0
142.76,50.12,41.11,28.81,31.02,44.43,0
135.11,69.44,34.84,23.94,91.41,38.8,0
153.29,45.68,21.58,22.17,85.18,34.99,0
105.9,44.44,28.7,19.53,69.85,27.45,0
89.05,62.13,40.03,22.66,55.39,31.9,0
108.58,76.67,35.63,35.05,56.91,42.51,0
142.83,51.79,27.24,36.16,75.41,42.81,0
113.97,51.33,34.5,25.5,33.28,36.07,0
141.2,48.49,18.79,31.22,73.36,37.66,0
83.59,56.87,27.54,23.78,65.89,27.21,0
137.93,31.88,36.16,28.53,61.55,38.15,0
128.32,43.9,15.81,33.02,60.92,35.5,0
123.7,45.45,28.73,33.63,26.89,39.99,0
106.44,54.31,35.49,24.79,62.69,33.54,0
113.29,67.57,27.23,25.88,76.2,34.52,0
108.44,61.94,30.36,24.06,52.49,33.88,0
142.68,59.85,30.12,29.0,33.76,43.1,0
124.46,63.99,13.68,32.16,46.64,37.39,0
97.15,60.09,17.61,29.48,59.43,30.89,0
123.18,48.58,42.59,12.0,20.0,33.2,0
126.76,65.93,27.93,22.89,76.81,35.36,0
140.16,34.37,16.6,27.18,70.21,33.1,0
116.49,23.09,16.41,23.98,64.44,25.91,0
91.21,42.03,26.23,20.44,37.4,25.95,0
115.34,51.94,21.83,24.15,29.65,32.87,0
147.26,39.24,29.3,33.47,72.27,41.15,0
101.54,46.25,29.44,23.01,27.79,30.93,0
134.94,38.47,46.85,20.95,56.19,37.58,0
111.09,62.4,29.65,35.26,34.56,40.75,0
124.62,30.59,26.31,41.24,20.0,41.65,0
144.51,37.37,40.79,30.24,65.82,41.86,0
102.02,49.3,20.11,28.25,54.77,30.48,0
151.95,61.98,52.32,28.36,47.97,49.37,0
120.81,46.92,29.37,18.46,71.79,30.0,0
97.27,70.08,40.29,22.29,25.66,35.85,0
102.47,59.62,28.01,24.66,58.56,31.92,0
136.52,48.54,10.89,34.6,40.99,38.24,0
121.44,63.42,53.37,25.18,68.25,41.73,0
120.88,47.48,41.3,20.7,35.94,35.87,0
116.74,53.69,28.62,19.26,86.08,29.72,0
112.61,54.12,32.9,25.25,20.0,36.37,0
91.37,70.38,21.93,38.18,37.34,37.79,0
102.02,72.74,15.61,34.83,55.13,35.95,0
144.96,51.96,36.58,24.09,37.31,41.33,0
146.55,31.3,23.49,25.47,59.8,35.14,0
131.16,47.22,20.99,35.15,79.31,37.87,0
112.39,63.47,43.13,23.65,50.14,37.78,0
140.6,53.98,41.9,42.84,39.27,51.38,0
130.08,42.42,29.52,21.71,35.34,34.53,0
145.73,63.24,28.13,24.69,31.61,41.6,0
143.84,53.82,24.25,36.86,95.0,41.93,0
134.94,58.13,41.35,30.61,57.69,43.77,0
112.39,38.19,25.89,36.11,49.26,36.38,0
89.0,43.02,28.25,27.68,56.49,28.84,0
103.77,75.54,23.85,30.43,53.95,36.5,0
116.25,42.79,29.93,19.9,52.99,30.4,0
81.62,59.13,42.68,22.93,68.67,30.24,0
122.11,26.57,30.32,35.47,39.6,37.73,0
121.4,59.24,22.34,39.45,28.11,42.83,0
105.9,46.32,20.64,12.81,47.06,23.55,0
118.66,47.11,33.59,30.17,43.88,37.9,0
149.25,70.47,37.94,37.34,53.63,50.83,0
170.21,52.16,22.15,41.67,66.18,49.78,0
95.22,58.06,25.69,18.91,52.86,27.25,0
120.41,57.68,20.09,42.0,20.0,43.57,0
106.93,69.3,30.89,26.01,40.42,36.35,0
113.91,49.57,14.6,33.87,39.93,34.89,0
119.95,66.35,25.44,38.32,60.72,42.11,0
131.61,56.37,36.1,34.17,54.28,43.62,0
97.83,61.89,31.37,39.21,37.01,40.56,0
123.99,38.12,23.81,25.19,48.83,32.52,0
123.95,63.58,30.42,21.28,84.35,33.94,0
119.27,48.63,19.0,36.35,50.08,37.51,0
148.49,36.66,33.72,12.0,51.84,32.36,0
113.04,56.88,22.56,37.9,35.17,39.92,0
127.5,41.36,31.19,38.14,41.42,42.22,0
119.3,53.92,28.72,21.62,49.87,33.23,0
124.98,62.56,43.14,36.0,42.03,46.51,0
94.53,74.82,32.05,29.33,47.86,36.45,0
105.06,30.65,14.75,37.92,56.53,31.87,0
108.42,43.51,19.5,31.11,58.26,31.93,0
166.53,54.92,36.49,12.58,65.73,38.43,0
168.47,56.02,26.43,33.48,67.44,46.88,0
99.66,36.37,26.99,15.0,63.09,22.85,0
133.86,52.19,26.47,18.62,78.78,32.12,0
79.17,75.87,17.67,32.37,66.71,30.96,0
145.12,48.5,32.84,24.6,40.35,40.08,0
124.51,38.91,25.18,28.47,41.79,35.05,0
151.5,47.44,13.19,34.6,26.78,42.04,0
125.69,57.03,31.26,23.04,64.14,35.42,0
112.22,62.24,18.26,34.05,44.62,37.09,0
118.21,50.02,21.05,21.2,67.01,29.58,0
132.47,63.97,29.83,27.39,24.74,41.42,0
103.03,45.62,23.55,31.39,76.64,31.45,0
131.63,75.6,43.4,37.94,44.93,50.42,0
97.37,43.26,27.88,26.46,46.23,30.19,0
135.69,32.01,16.34,21.31,43.72,30.3,0
127.7,47.2,39.11,20.83,41.86,36.3,0
122.28,57.67,22.37,24.87,47.1,34.53,0
111.85,48.28,34.06,36.84,32.68,40.85,0
157.78,63.88,25.98,22.93,72.63,40.41,0
93.02,27.2,28.12,32.73,42.27,30.55,0
140.18,55.36,39.93,16.53,61.76,36.74,0
165.43,32.12,17.98,21.85,43.88,36.32,0
108.38,18.0,28.37,27.83,62.11,28.65,0
159.34,42.95,14.01,32.12,54.19,40.41,0
191.14,37.86,15.41,23.8,20.0,43.3,0
120.1,62.56,36.3,22.7,65.2,36.18,0
123.03,65.82,24.32,13.5,61.55,29.87,0
113.39,38.1,18.07,27.16,43.59,30.48,0
81.63,58.71,13.84,26.71,75.98,24.79,0
134.48,38.5,26.9,34.96,57.57,39.65,0
121.86,57.78,39.88,31.81,58.43,41.58,0
126.09,70.01,39.9,28.28,62.91,42.07,0
137.93,39.9,36.89,30.56,20.0,42.55,0
95.54,63.75,43.95,28.04,46.99,37.34,0
100.52,36.56,16.75,36.81,52.34,32.02,0
90.56,51.55,29.82,25.44,45.55,30.12,0
154.62,56.74,37.78,43.78,20.0,54.73,0
139.56,63.5,22.5,28.08,40.79,40.41,0
85.67,44.72,16.38,32.79,54.45,28.28,0
113.84,47.26,13.1,31.26,55.17,32.12,0
128.76,41.56,33.31,25.81,94.31,34.18,0
137.38,62.34,17.81,12.0,69.94,29.23,0
141.23,37.37,38.78,23.99,71.41,37.39,0
101.05,54.7,26.96,30.82,54.47,34.01,0
100.68,41.84,26.65,32.04,83.95,31.2,0
159.92,49.86,15.59,35.74,34.32,44.66,0
127.14,47.59,26.76,41.62,44.53,43.56,0
143.02,29.14,33.14,18.1,46.5,33.5,0
134.51,47.78,28.39,33.74,58.46,40.66,0
157.04,69.89,18.44,30.72,80.84,42.8,0
138.18,45.35,27.97,34.51,56.74,41.35,0
79.08,22.07,10.0,19.47,65.67,15.17,0
117.35,30.13,35.22,36.29,80.7,36.9,0
140.02,33.29,31.13,31.66,46.43,39.84,0
129.54,48.44,18.6,24.71,30.8,34.38,0
99.53,33.07,28.22,32.23,72.44,30.81,0
131.14,41.73,17.93,24.96,41.48,33.16,0
111.04,37.75,15.83,27.18,67.18,28.3,0
116.21,63.53,26.21,36.01,67.61,39.73,0
111.82,44.05,41.43,23.51,62.6,33.86,0
150.7,63.35,27.89,26.42,52.88,42.25,0
128.35,45.56,26.21,30.1,78.4,35.9,0
101.45,72.02,22.88,31.71,20.0,37.69,0
103.64,45.12,43.5,35.53,95.0,37.43,0
129.41,43.1,29.68,32.81,58.5,38.93,0
111.1,50.33,20.72,31.82,62.85,33.78,0
151.78,43.2,18.68,30.31,49.86,39.52,0
136.34,49.01,39.21,40.42,46.87,47.68,0
105.72,48.82,26.59,20.11,20.0,30.3,0
139.77,54.48,24.01,26.67,36.06,39.08,0
138.46,41.55,35.08,33.52,48.69,42.49,0
130.4,44.92,27.09,35.15,47.19,40.48,0
131.69,51.24,10.0,24.82,32.08,33.08,0
141.59,53.01,27.87,26.74,70.6,38.44,0
134.54,73.04,36.51,16.28,95.0,35.6,0
121.04,59.66,34.61,34.89,53.48,42.22,0
118.59,52.12,23.9,38.0,60.87,39.33,0
131.4,64.52,27.59,31.49,54.12,41.34,0
135.44,41.7,32.05,12.0,45.73,30.62,0
112.45,63.14,14.09,27.95,46.45,33.11,0
145.19,43.71,28.45,33.2,74.02,40.98,0
122.24,45.42,16.88,24.72,56.15,30.96,0
116.07,49.87,25.31,31.9,63.97,35.7,0
175.21,38.05,31.7,30.56,51.65,46.17,0
121.89,48.87,28.65,19.4,44.19,32.15,0
106.29,27.93,36.55,41.96,27.01,40.44,0
105.84,44.05,31.12,30.9,27.42,35.77,0
145.07,29.88,38.29,29.91,43.52,41.26,0
111.36,52.9,19.48,35.99,58.57,36.19,0
134.18,26.03,39.44,41.53,59.56,44.05,0
118.7,55.11,32.1,34.2,63.06,39.73,0
133.04,40.03,33.66,33.33,52.55,40.67,0
126.43,57.73,32.92,30.89,38.05,41.29,0
81.05,30.3,31.6,32.83,86.65,27.5,0
142.0,29.04,22.31,26.06,69.07,33.56,0
126.7,49.68,34.18,35.58,53.96,42.06,0
131.71,65.36,27.21,32.07,38.58,42.5,0
139.65,54.95,26.85,33.26,55.64,42.12,0
118.73,51.76,37.07,19.48,48.3,33.84,0
141.01,70.45,29.58,33.3,92.68,43.36,0
118.28,68.85,37.35,26.33,46.69,39.72,0
103.55,31.92,38.83,24.93,55.38,31.12,0
81.75,39.92,33.05,21.34,41.64,25.82,0
123.01,68.41,21.88,29.66,80.24,36.79,0
127.22,48.26,34.03,23.36,46.59,36.17,0
137.82,57.82,15.89,37.85,68.55,41.21,0
81.47,43.39,39.14,38.75,37.2,36.65,0
121.66,74.25,17.57,28.12,22.81,38.43,0
128.14,68.3,20.27,23.52,74.48,34.53,0
121.92,58.63,27.93,21.14,46.68,34.09,0
104.86,44.93,32.4,26.11,71.85,31.4,0
126.19,61.31,27.25,38.3,57.5,43.11,0
102.16,62.33,33.13,29.37,46.27,36.44,0
116.1,60.26,28.43,36.18,57.42,40.38,0
139.29,64.15,32.83,32.13,60.84,43.96,0
123.75,55.52,30.23,29.9,95.0,36.5,0
112.22,36.47,36.9,31.64,56.57,36.15,0
114.31,68.7,30.27,37.96,47.92,43.04,0
166.69,68.64,19.66,34.96,79.55,46.84,0
128.04,46.79,26.92,34.27,68.72,38.76,0
105.92,35.24,28.43,34.08,44.91,34.62,0
81.45,38.88,14.99,31.69,58.29,25.63,0
150.49,63.29,31.31,30.14,86.82,43.19,0
131.7,44.57,10.61,29.63,57.61,33.42,0
105.9,61.16,21.47,31.62,62.44,34.47,0
96.14,27.94,38.62,16.6,47.82,25.39,0
118.28,26.32,27.29,30.31,32.07,34.07,0
130.35,52.38,26.53,33.79,39.38,41.09,0
124.41,38.79,33.74,34.66,45.92,39.96,0
135.95,68.23,24.46,27.45,28.67,41.18,0
114.12,58.13,29.21,17.14,75.64,29.48,0
116.67,44.86,25.59,33.49,38.22,37.26,0
96.21,55.13,24.03,39.69,22.51,38.52,0
116.58,51.37,26.51,34.44,58.57,37.83,0
113.6,39.06,29.6,24.41,89.78,29.74,0
115.0,31.65,32.34,40.29,44.3,39.82,0
130.7,44.42,32.57,27.28,49.49,37.72,0
133.91,46.31,28.42,32.53,95.0,37.92,0
94.95,65.89,32.52,20.75,67.71,30.11,0
95.72,71.36,29.09,22.22,47.76,31.92,0
111.13,55.18,33.38,38.18,49.11,41.37,0
85.76,27.78,29.39,36.6,45.75,31.39,0
98.45,62.87,17.41,42.79,54.73,38.36,0
95.84,55.01,38.16,30.53,35.25,36.61,0
125.96,64.8,24.27,29.77,37.93,39.56,0
121.89,37.57,22.86,29.8,62.86,33.44,0
157.45,66.61,35.71,19.29,48.73,42.44,0
101.75,65.34,34.12,27.08,73.53,34.52,0
116.09,39.2,39.25,33.02,52.43,38.69,0
89.65,41.85,31.17,19.32,54.74,25.4,0
116.04,50.34,20.89,36.47,46.55,37.85,0
131.22,35.98,28.16,29.0,31.26,37.35,0
116.97,62.52,34.67,24.13,46.61,36.86,0
97.96,46.27,46.27,17.77,53.1,30.44,0
145.44,62.51,32.47,27.7,43.77,43.39,0
97.98,64.39,37.49,25.48,68.65,33.96,0
119.66,36.91,10.0,35.91,66.12,32.76,0
105.97,49.37,31.09,37.1,53.25,38.33,0
101.26,42.98,39.16,33.13,67.11,35.85,0
88.65,38.61,29.04,29.74,41.46,30.13,0
121.16,47.08,24.75,31.88,46.94,36.93,0
127.57,45.14,26.07,30.33,47.47,37.33,0
139.81,42.15,35.71,19.49,61.19,35.33,0
93.04,61.94,22.73,13.03,46.56,24.06,0
144.57,49.51,25.65,26.82,68.03,38.12,0
159.04,45.6,25.85,34.02,60.45,44.2,0
117.86,50.78,29.82,25.18,58.04,34.17,0
169.39,62.51,27.97,31.15,52.61,47.9,0
156.28,55.66,26.94,31.89,57.82,44.44,0
118.34,39.55,40.95,25.47,78.94,34.45,0
130.17,49.31,33.1,27.81,58.44,38.26,0
124.61,45.69,29.49,33.72,72.29,38.15,0
119.64,66.51,33.13,25.46,20.0,39.53,0
148.08,28.2,10.0,22.2,95.0,28.35,0
125.94,37.29,15.84,31.04,68.0,32.81,0
134.23,69.67,16.51,33.42,69.63,40.1,0
111.65,61.29,43.79,26.84,70.89,38.06,0
143.26,57.06,20.36,35.79,52.59,42.93,0
123.7,52.77,35.59,35.27,32.46,43.2,0
120.13,45.55,19.57,32.76,53.73,35.39,0
127.99,56.79,27.56,25.17,39.07,37.23,0
106.42,70.51,33.1,40.98,30.08,44.96,0
110.54,60.98,32.74,39.19,59.82,41.9,0
156.31,51.79,17.95,36.15,32.4,45.15,0
116.11,39.01,17.71,30.4,69.98,31.32,0
155.73,41.01,24.6,18.88,65.95,34.82,0
139.91,43.7,15.17,30.82,33.77,37.67,0
146.28,37.4,25.6,33.4,63.71,40.23,0
128.45,48.69,14.41,29.5,61.7,34.06,0
139.45,60.15,15.24,19.75,35.72,34.27,0
115.56,59.85,17.5,34.09,95.0,34.68,0
115.6,46.79,28.11,26.69,74.99,32.7,0
111.01,57.95,24.41,22.04,61.01,30.92,0
122.4,66.89,33.76,29.98,56.07,40.68,0
161.01,49.97,18.76,23.43,46.21,38.88,0
112.18,73.72,33.76,31.67,44.47,41.23,0
98.68,39.55,23.32,34.32,20.0,34.06,0
108.54,80.62,29.22,14.45,47.62,31.68,0
106.85,26.88,31.95,18.21,88.21,24.36,0
123.84,44.2,39.3,24.8,57.79,36.42,0
138.72,43.12,21.69,25.12,49.04,35.32,0
145.21,74.03,22.76,22.8,83.19,38.21,0
145.19,63.24,36.44,25.46,76.53,41.64,0
111.52,35.43,33.37,33.17,39.42,36.66,0
100.07,28.56,23.38,18.3,30.82,24.23,0
126.76,49.59,33.21,23.46,43.16,36.3,0
126.47,38.17,28.5,26.06,36.55,35.15,0
131.19,59.11,24.38,27.18,35.98,38.53,0
147.7,34.19,16.12,29.61,58.96,36.1,0
118.49,44.69,27.1,28.94,24.71,36.32,0
125.85,50.62,24.02,35.15,52.53,39.45,0
161.09,53.36,37.51,33.38,66.93,47.82,0
118.48,42.72,46.39,31.46,84.74,38.93,0
135.12,48.14,27.92,41.56,95.0,42.79,0
104.66,66.94,23.49,27.05,43.7,34.19,0
109.97,38.14,35.87,16.42,37.49,29.08,0
113.68,50.28,26.67,32.56,63.81,35.99,0
79.81,36.46,28.59,33.01,29.23,30.37,0
108.38,50.96,11.86,34.9,47.33,33.57,0
146.46,63.61,24.29,26.63,65.59,40.14,0
126.09,57.84,23.96,21.29,39.48,34.22,0
108.67,38.88,24.65,28.68,69.16,30.8,0
145.83,61.91,35.14,35.13,79.47,45.94,0
164.16,46.95,18.54,36.58,33.85,46.17,0
110.23,35.98,31.57,23.59,22.39,32.13,0
140.47,35.36,35.04,25.52,37.91,38.51,0
121.91,65.23,29.51,38.93,42.41,44.5,0
144.76,46.45,19.53,18.59,61.08,32.49,0
135.97,52.48,18.33,29.88,50.34,37.64,0
141.54,46.64,40.34,22.4,59.84,38.9,0
142.16,69.91,36.02,26.55,78.11,42.39,0
136.47,71.78,35.99,30.37,79.94,43.44,0
97.66,32.9,37.71,42.85,24.54,40.43,0
112.88,57.14,33.72,30.92,61.21,37.81,0
87.76,55.08,33.33,26.9,35.04,32.21,0
151.21,54.27,32.09,12.0,47.35,35.15,0
141.57,45.58,40.5,26.56,53.96,41.17,0
113.59,51.52,25.37,25.32,26.18,34.1,0
164.88,43.04,33.87,27.88,61.67,43.69,0
139.25,55.18,35.89,29.78,60.48,42.27,0
110.0,58.35,18.86,17.17,24.96,28.83,0
130.38,51.37,20.85,24.46,81.6,32.82,0
120.39,54.23,37.26,38.41,28.83,44.97,0
145.71,58.65,38.09,35.95,38.36,48.64,0
171.5,31.52,37.83,33.23,54.12,47.27,0
72.45,53.81,34.42,31.54,87.98,29.21,0
102.08,58.75,24.0,39.84,50.13,38.77,0
101.64,40.86,27.92,34.58,62.41,33.89,0
82.6,41.25,20.76,27.2,92.53,23.6,0
96.76,27.01,30.31,31.3,70.03,29.62,0
141.22,40.36,27.85,26.12,76.22,36.0,0
114.39,55.31,23.87,32.37,71.47,35.67,0
141.17,54.04,38.0,30.23,53.59,43.53,0
96.13,38.37,26.78,35.0,50.3,33.09,0
118.77,34.41,29.91,37.19,50.85,38.43,0
157.97,49.34,17.62,34.58,85.8,41.57,0
118.89,33.13,26.64,33.68,56.64,35.44,0
105.87,44.6,29.78,12.0,57.19,24.59,0
189.81,59.87,30.62,27.15,61.58,49.39,0
119.04,22.24,26.44,27.35,55.55,30.78,0
117.2,47.24,22.57,32.47,78.11,34.46,0
97.78,56.9,49.42,27.95,59.22,37.44,0
134.46,66.79,25.84,30.59,39.54,42.07,0
116.31,52.21,25.38,30.67,48.9,36.22,0
111.53,39.89,19.76,30.65,31.3,33.16,0
132.43,37.95,30.13,38.53,39.01,42.7,0
168.37,55.36,33.41,36.65,65.02,50.15,0
149.03,53.13,16.5,23.09,67.87,35.38,0
132.67,61.15,14.97,33.28,86.46,37.35,0
130.09,33.95,30.7,31.62,60.31,37.33,0
68.11,29.68,33.6,39.88,65.84,30.13,0
94.78,52.35,13.84,18.13,83.16,21.62,0
88.39,59.53,23.89,36.35,39.4,35.19,0
152.43,29.53,35.23,26.61,38.75,40.4,0
130.48,78.09,24.16,45.0,62.08,48.61,0
122.54,41.51,10.0,12.0,60.04,22.27,0
95.69,39.56,46.4,35.51,78.56,36.73,0
114.69,47.0,22.02,22.23,55.83,29.83,0
106.66,56.91,44.27,28.72,32.08,39.55,0
108.66,57.8,19.72,30.56,40.09,34.66,0
133.67,37.1,32.91,14.73,61.27,30.45,0
133.14,46.06,25.3,23.09,50.61,34.5,0
126.16,50.21,30.38,28.49,64.04,37.07,0
142.63,39.29,32.33,33.17,42.64,42.39,0
129.74,42.38,19.16,31.33,68.2,35.14,0
126.48,29.23,25.14,33.85,51.5,36.24,0
136.55,46.06,32.45,39.84,55.78,44.94,0
176.42,44.8,27.84,43.2,40.7,53.27,0
129.99,61.83,37.68,30.15,63.95,41.97,0
113.41,47.14,24.34,25.23,63.05,31.32,0
118.96,35.13,27.93,29.13,42.86,34.46,0
104.46,57.4,35.75,24.69,33.75,35.07,0
115.75,67.18,35.81,24.42,37.73,38.16,0
119.91,36.81,35.98,27.13,58.47,35.02,0
120.0,38.14,39.11,22.48,39.94,34.57,0
148.37,53.31,30.64,42.61,42.08,49.72,0
120.54,57.44,27.86,30.14,46.9,38.15,0
112.15,49.38,31.48,24.9,46.16,33.8,0
134.01,45.92,17.95,22.48,26.07,33.8,0
127.27,39.63,51.2,34.88,78.04,43.29,0
98.36,42.63,38.83,24.48,39.54,32.25,0
122.41,54.3,42.21,35.27,55.59,43.62,0
128.22,69.88,39.4,24.66,81.54,39.57,0
152.51,45.6,29.8,36.49,24.6,47.0,0
142.79,40.43,22.25,28.16,75.16,36.03,0
98.22,61.81,28.69,26.95,20.0,34.69,0
85.96,59.02,27.83,32.98,66.05,32.6,0
136.33,55.69,32.82,29.69,29.82,42.57,0
139.45,64.81,31.4,37.36,45.13,47.14,0
135.45,70.61,27.5,27.91,44.51,41.6,0
126.66,71.01,22.13,30.41,79.2,38.3,0
154.17,78.39,43.72,28.43,46.49,50.11,0
132.15,50.41,28.21,14.7,52.43,31.35,0
113.45,58.48,14.98,24.58,67.28,30.13,0
74.02,54.75,20.29,19.53,45.07,22.37,0
120.3,35.82,34.98,36.1,53.2,39.45,0
123.66,57.6,23.55,30.05,67.1,36.64,0
128.77,73.72,23.75,33.91,27.21,43.79,0
145.91,46.85,37.01,27.32,42.58,42.24,0
103.42,48.87,38.21,38.31,95.0,38.03,0
154.02,40.92,28.26,12.69,57.03,32.73,0
123.18,27.75,36.45,28.47,23.57,36.86,0
119.07,32.38,31.7,35.13,20.0,39.14,0
112.23,58.77,30.9,29.55,74.41,35.9,0
134.51,28.15,22.3,20.53,45.64,30.49,0
120.88,46.3,26.77,16.63,93.85,27.29,0
127.26,55.97,31.24,12.58,83.47,29.35,0
147.88,81.26,30.98,17.4,43.76,40.94,0
133.91,18.0,38.6,31.42,38.27,38.68,0
115.52,71.4,30.05,12.0,48.75,30.56,0
135.78,34.93,43.4,20.79,29.13,37.69,0
99.72,44.65,20.89,14.32,41.43,23.3,0
139.0,52.2,43.64,29.43,78.84,42.57,0
109.55,48.45,26.13,21.68,37.18,30.75,0
129.86,67.97,21.68,15.13,65.13,31.4,0
124.45,34.26,29.87,24.29,43.19,33.35,0
143.27,52.06,33.48,38.16,54.69,46.46,0
144.81,76.51,16.93,36.03,56.64,45.02,0
156.14,50.68,25.32,30.09,20.0,44.32,0
145.98,44.1,21.23,21.8,67.65,34.07,0
125.91,40.4,41.46,24.04,61.67,36.21,0
109.18,64.11,10.0,37.33,56.9,35.85,0
137.2,35.51,34.36,15.97,79.89,30.91,0
77.97,50.35,18.39,24.88,50.3,24.43,0
120.92,44.22,34.96,34.3,34.24,40.79,0
140.26,69.6,10.0,13.49,40.27,31.12,0
89.97,57.52,23.16,36.66,58.74,34.2,0
140.97,33.71,39.97,34.71,54.94,43.3,0
152.54,52.95,32.01,30.69,43.91,44.7,0
117.03,43.36,37.15,37.33,29.92,42.22,0
109.55,19.16,25.37,27.16,72.27,27.45,0
108.91,47.86,33.15,27.0,35.53,34.98,0
130.66,51.99,35.69,22.71,25.84,38.43,0
95.46,46.36,38.55,36.32,67.34,36.72,0
113.48,37.51,31.35,22.89,28.83,32.2,0
131.88,73.02,18.63,23.47,66.82,35.83,0
110.63,55.35,13.55,28.27,56.21,31.24,0
128.7,37.86,23.33,22.14,59.49,31.16,0
165.63,32.66,15.87,29.03,71.25,38.15,0
130.58,55.22,31.37,24.69,41.3,38.04,0
146.92,66.38,10.0,31.35,51.41,40.24,0
155.16,53.96,39.06,29.31,65.46,45.24,0
125.74,54.61,22.97,38.73,51.86,41.56,0
131.25,49.03,10.71,28.41,84.16,32.06,0
118.67,60.22,21.29,20.97,69.86,30.89,0
108.93,60.49,20.55,31.34,41.27,35.61,0
141.3,71.56,28.13,32.16,46.57,44.96,0
127.99,72.93,17.11,26.32,48.42,37.09,0
114.91,53.39,40.48,22.67,53.92,35.51,0
128.55,33.81,15.24,24.92,49.31,30.52,0
100.18,56.04,21.35,37.07,49.57,36.06,0
97.89,51.46,26.56,23.14,87.0,27.42,0
123.51,38.96,36.11,17.95,70.94,30.78,0
138.47,30.14,24.0,17.67,41.5,30.66,0
115.4,32.53,24.71,29.02,57.22,31.91,0
112.37,47.08,35.8,32.47,75.17,36.89,0
140.87,36.76,25.61,33.15,47.53,39.85,0
125.61,44.32,19.2,25.53,70.18,31.68,0
120.92,51.23,48.29,22.94,21.56,39.92,0
122.77,52.29,16.03,28.8,49.21,34.21,0
115.33,66.46,26.49,22.32,42.25,34.47,0
107.96,51.96,28.39,29.4,78.65,33.29,0
127.79,44.55,38.64,22.2,26.78,37.27,0
98.44,36.51,35.04,34.16,44.27,35.11,0
123.1,48.95,23.58,29.58,76.15,34.65,0
127.96,51.75,31.25,40.37,35.6,45.18,0
117.53,31.86,23.42,25.35,60.4,29.89,0
102.17,43.13,41.04,40.78,87.58,39.29,0
146.81,55.98,41.88,16.92,27.19,40.41,0
113.33,44.79,40.48,18.49,51.55,32.06,0
111.44,57.27,38.26,26.79,37.75,37.77,0
118.99,49.86,34.91,23.82,42.25,35.58,0
149.81,60.28,23.28,32.95,68.57,43.04,0
137.16,53.82,22.1,29.29,65.82,37.88,0
149.72,32.48,23.4,27.88,35.93,38.26,0
138.24,36.82,37.17,36.8,28.33,44.94,0
173.04,42.26,14.93,33.08,75.71,42.4,0
114.27,23.34,29.8,22.12,43.63,28.87,0
156.35,37.92,20.49,33.72,92.03,39.63,0
153.68,51.78,29.12,23.63,56.8,39.88,0
123.65,46.4,32.6,32.18,45.17,39.41,0
117.42,57.0,32.24,19.22,64.78,32.22,0
101.58,44.65,28.98,32.17,48.74,34.14,0
115.65,23.27,34.71,40.05,74.26,37.72,0
122.17,48.74,17.74,34.73,43.61,37.25,0
97.88,22.86,10.0,35.21,32.68,28.19,0
96.47,58.76,22.02,30.79,40.45,33.25,0
123.52,57.1,29.19,33.13,23.24,41.64,0
131.75,44.58,23.35,32.55,44.88,38.59,0
150.72,62.17,36.86,23.98,61.43,42.6,0
97.59,54.96,27.34,32.14,75.08,33.14,0
152.51,60.86,28.93,33.36,44.17,46.39,0
160.05,39.82,26.74,18.83,83.61,35.04,0
85.81,42.25,43.37,31.45,26.18,35.19,0
154.23,32.24,20.57,26.82,45.42,37.35,0
111.64,54.18,30.99,34.37,36.83,39.46,0
114.65,54.4,28.48,23.64,43.35,33.74,0
107.8,62.53,32.13,34.79,71.1,38.71,0
119.44,38.06,36.1,20.41,70.96,31.15,0
164.03,33.47,46.36,38.21,20.0,52.44,0
174.81,71.33,17.77,27.31,36.42,46.55,0
109.75,40.48,28.38,42.59,41.19,40.47,0
200.88,76.8,20.96,30.72,36.54,54.47,0
159.65,18.0,19.08,31.46,74.58,36.84,0
98.78,55.64,18.15,32.24,76.89,31.2,0
143.73,51.41,24.46,26.59,20.0,40.24,0
143.28,34.53,10.0,30.8,38.88,35.48,0
98.82,50.74,14.65,28.53,62.57,28.54,0
160.21,59.83,32.63,45.0,59.22,53.59,0
118.95,44.44,37.38,28.63,67.36,36.55,0
155.3,49.37,29.5,34.0,47.34,45.58,0
126.72,42.53,44.06,38.72,64.97,44.45,0
104.42,35.36,24.31,31.68,25.83,33.13,0
120.54,37.66,11.51,40.33,78.58,34.97,0
120.79,53.55,30.29,43.7,48.96,44.91,0
107.67,31.48,17.23,27.79,57.68,27.93,0
115.27,42.98,29.95,28.9,37.28,35.54,0
81.35,48.01,18.68,33.98,25.13,30.58,0
143.92,55.9,15.0,27.73,61.58,37.12,0
128.05,42.86,28.24,30.89,44.57,38.04,0
93.29,54.2,37.32,27.51,49.21,33.63,0
131.07,43.51,22.55,23.32,70.5,32.23,0
103.88,39.84,29.31,35.28,50.62,35.42,0
136.39,70.64,30.59,21.33,26.2,40.13,0
101.11,54.64,24.48,34.14,52.21,35.18,0
135.25,28.94,22.2,20.6,55.64,30.24,0
101.45,30.71,42.57,26.23,40.4,32.87,0
81.9,55.2,22.18,26.96,49.88,27.78,0
125.6,50.75,10.0,29.23,81.04,31.68,0
125.21,48.8,29.59,22.82,55.32,34.12,0
158.48,34.41,23.8,27.42,66.92,38.42,0
106.7,31.93,28.77,25.17,90.07,27.66,0
131.97,56.99,29.42,39.57,61.87,44.49,0
131.37,53.74,37.62,25.62,63.56,38.83,0
91.13,57.63,29.32,30.11,74.73,31.82,0
144.4,64.96,42.37,35.86,45.45,49.91,0
107.05,52.53,26.34,29.92,61.19,33.84,0
108.68,48.57,26.8,29.13,69.67,32.87,0
102.69,49.89,24.4,37.65,48.74,36.71,0
156.71,57.75,34.36,25.08,33.84,44.39,0
131.58,59.8,34.41,27.24,50.05,40.43,0
128.75,51.38,23.23,25.11,30.58,35.97,0
114.75,64.86,34.42,37.06,75.1,41.77,0
94.94,44.39,41.62,26.65,33.04,33.96,0
135.47,39.54,38.31,29.54,69.26,39.42,0
131.91,35.61,13.69,39.0,54.44,37.79,0
100.82,30.15,30.31,23.17,50.84,27.68,0
77.79,63.92,39.01,34.42,50.83,35.98,0
169.1,37.6,39.62,21.57,72.48,41.37,0
78.08,57.05,36.78,31.01,64.91,32.13,0
142.15,58.86,22.18,23.61,40.05,37.95,0
140.69,67.46,28.33,37.26,29.23,47.74,0
130.27,32.06,25.89,24.48,68.02,31.99,0
104.17,25.67,41.25,27.32,23.98,33.71,0
128.68,56.63,27.83,37.36,86.35,41.14,0
119.37,59.42,19.82,30.09,81.06,34.56,0
111.53,48.78,34.9,31.12,58.16,36.93,0
83.82,57.37,29.47,33.48,50.74,33.4,0
120.02,43.46,41.26,39.78,27.15,45.12,0
155.91,34.15,21.46,26.44,47.31,37.85,0
123.39,46.45,37.06,35.66,78.36,40.52,0
128.14,64.27,27.14,23.26,39.29,37.24,0
88.2,45.44,26.16,14.89,87.03,20.61,0
127.14,39.43,41.21,33.26,59.47,40.96,0
133.63,46.57,29.78,30.02,42.63,39.6,0
137.14,65.12,23.7,42.02,56.78,46.66,0
125.02,60.44,30.56,29.6,54.38,39.38,0
125.71,45.65,37.61,15.03,30.52,33.04,0
95.8,65.81,33.62,17.43,20.0,31.24,0
146.77,42.93,25.74,24.51,20.0,38.86,0
126.48,57.62,24.4,25.0,71.06,34.64,0
138.69,39.32,10.0,20.46,39.51,30.13,0
136.09,67.46,23.1,16.81,51.87,34.3,0
154.54,46.06,24.76,30.29,82.4,40.23,0
120.31,66.42,21.56,29.69,46.99,37.62,0
130.34,34.05,32.97,23.86,56.62,34.24,0
125.57,42.54,34.11,27.94,49.13,37.26,0
129.22,51.03,20.49,35.06,73.62,38.17,0
147.77,54.82,20.25,27.04,81.01,37.6,0
130.21,37.27,34.25,30.34,49.99,38.55,0
117.95,51.34,37.84,32.14,84.57,38.34,0
167.75,71.62,23.23,20.76,74.69,41.44,0
108.07,50.01,21.42,31.68,20.0,35.44,0
98.94,43.66,54.07,31.13,64.24,38.25,0
127.26,62.78,19.7,16.27,95.0,28.81,0
110.44,59.71,24.1,25.2,54.0,32.92,0
121.01,55.91,21.01,28.3,27.64,36.42,0
137.51,55.7,20.92,39.15,70.68,42.61,0
118.71,51.71,34.41,33.07,45.47,40.13,0
123.03,67.1,37.62,33.71,78.32,42.51,0
113.54,40.11,17.2,26.01,87.61,27.8,0
140.92,44.82,41.52,34.48,47.71,45.46,0
119.71,26.91,18.86,25.72,75.54,27.93,0
107.67,71.07,41.3,22.97,57.46,36.85,0
125.62,46.98,19.44,36.45,83.01,36.93,0
162.96,75.23,25.17,34.36,64.97,48.84,0
154.93,55.22,31.51,39.06,56.05,48.91,0
101.99,48.19,42.79,14.49,51.85,29.03,0
109.37,68.1,15.12,26.29,44.55,32.77,0
106.24,51.82,25.92,27.3,29.73,33.76,0
149.83,26.13,25.06,32.38,27.33,40.46,0
122.08,54.55,27.71,24.19,74.02,33.66,0
105.77,57.24,33.92,20.84,75.42,30.84,0
134.93,50.3,33.39,17.58,47.73,34.75,0
126.39,58.94,41.19,18.43,85.16,34.85,0
151.32,35.45,18.81,26.19,29.19,37.35,0
94.69,42.64,34.34,44.48,47.46,40.12,0
121.13,48.53,21.4,20.98,33.03,31.57,0
116.27,42.28,37.94,16.24,59.42,30.1,0
129.64,57.51,48.2,40.4,31.55,50.58,0
135.22,49.91,27.58,18.9,70.94,32.85,0
97.38,51.33,37.87,22.72,42.42,32.04,0
153.1,81.42,34.87,32.52,76.26,48.77,0
103.41,46.92,35.68,32.32,57.59,36.03,0
136.7,57.36,32.86,32.04,69.01,42.09,0
167.48,38.59,21.36,25.69,63.32,39.35,0
149.13,21.04,29.92,39.12,60.89,42.49,0
67.56,50.76,31.83,30.92,70.47,27.84,0
130.01,46.56,44.63,28.57,58.21,41.01,0
99.62,24.34,32.45,42.06,64.98,35.91,0
169.75,56.76,27.39,28.97,57.01,45.71,0
124.0,71.1,30.2,28.02,46.25,40.22,0
124.77,41.67,29.06,30.75,41.46,37.56,0
159.01,55.41,22.8,26.62,60.77,41.12,0
139.97,52.67,33.4,32.27,53.62,43.04,0
107.8,48.9,31.91,22.83,73.4,30.65,0
176.93,57.13,17.59,28.97,70.87,44.01,0
107.92,41.43,22.08,12.38,27.82,24.33,0
103.61,64.99,37.79,36.14,74.62,40.16,0
167.72,50.18,43.29,35.78,72.03,50.89,0
102.7,40.65,10.32,31.34,20.0,30.32,0
135.97,33.7,25.99,26.0,73.59,33.75,0
103.19,46.96,12.02,19.36,37.99,24.81,0
153.42,66.32,32.17,24.8,31.3,44.45,0
131.35,57.41,31.46,21.19,47.85,36.43,0
108.17,57.52,25.82,24.51,24.14,33.77,0
123.31,71.19,10.0,29.73,49.65,35.95,0
168.99,52.49,10.0,29.94,70.59,40.61,0
127.7,55.0,25.74,12.0,57.99,28.97,0
129.18,28.63,32.4,28.34,40.71,36.17,0
169.93,40.41,22.61,29.34,67.64,41.96,0
117.61,50.0,35.26,16.77,58.42,31.1,0
114.82,53.46,40.43,42.71,93.22,43.55,0
119.42,39.23,37.68,28.47,85.12,35.01,0
118.4,57.71,21.97,20.21,71.01,30.22,0
132.65,76.9,12.89,31.43,51.73,39.87,0
89.15,43.18,21.92,33.81,50.8,30.72,0
132.16,51.86,22.65,19.75,31.3,33.79,0
123.98,36.72,33.66,26.49,43.81,35.59,0
60.0,67.17,21.06,23.94,42.94,24.08,0
98.97,51.35,35.33,31.41,93.99,33.49,0
92.45,34.79,36.1,26.12,63.27,29.07,0
141.31,42.55,17.5,24.92,64.5,33.83,0
105.44,40.0,10.0,26.98,72.59,25.84,0
104.91,50.72,36.95,23.95,72.53,32.2,0
160.13,56.69,37.52,16.66,20.0,42.1,0
158.17,55.45,31.73,30.78,23.3,47.07,0
146.04,43.35,27.17,37.89,62.16,43.72,0
143.72,35.47,35.03,33.3,85.87,40.6,0
100.35,60.04,29.22,24.67,49.82,32.32,0
148.5,30.03,28.79,29.17,56.36,38.61,0
120.54,35.62,30.47,34.6,60.3,37.28,0
99.37,31.21,20.45,32.46,74.65,28.66,0
151.91,24.98,12.96,34.24,49.36,37.6,0
104.76,54.14,31.91,39.11,43.78,40.46,0
125.18,54.04,34.19,21.35,39.15,36.02,0
136.65,77.06,14.05,37.67,75.47,42.82,0
114.48,45.25,30.93,22.85,67.17,31.43,0
167.81,60.27,27.22,28.99,42.39,46.55,0
123.22,44.84,35.95,28.26,75.35,36.45,0
163.69,25.19,14.99,34.67,29.23,41.46,0
135.57,57.16,30.61,37.51,61.39,44.43,0
124.87,49.76,35.9,30.34,58.34,39.31,0
112.14,44.99,33.54,21.53,75.34,30.53,0
102.16,62.67,26.05,35.31,31.57,38.49,0
112.63,44.68,35.2,38.07,95.0,38.26,0
158.72,69.75,31.07,22.89,60.98,43.19,0
133.0,61.96,29.81,15.17,28.99,34.9,0
143.76,67.3,20.64,18.4,38.18,36.55,0
76.41,18.35,36.13,39.7,63.87,30.65,0
134.65,54.79,31.19,40.23,92.19,43.9,0
93.13,50.81,26.72,38.53,64.97,35.31,0
146.91,63.66,22.96,44.03,52.37,49.26,0
127.41,58.58,33.41,16.83,32.93,34.92,0
133.73,74.39,26.46,20.13,50.48,37.38,0
132.08,41.79,44.91,27.01,71.92,39.31,0
112.37,42.4,32.16,24.35,53.17,32.39,0
93.99,72.6,18.62,37.93,20.0,38.51,0
141.64,61.56,27.42,29.36,70.21,40.86,0
140.42,39.48,24.16,35.04,33.81,41.43,0
139.69,53.92,22.67,33.75,69.27,40.55,0
148.46,54.93,23.6,36.3,48.42,44.81,0
126.57,27.79,45.76,12.89,89.5,28.63,0
133.73,57.66,45.33,25.77,81.69,40.82,0
145.95,61.41,37.49,39.58,20.0,51.66,0
106.46,63.68,35.26,32.47,88.31,37.36,0
93.57,54.75,42.04,25.4,53.39,33.63,0
115.9,36.67,27.39,26.78,32.85,33.32,0
107.78,67.66,32.0,25.18,61.66,35.06,0
98.55,32.46,28.44,28.97,78.12,28.69,0
121.39,37.38,23.88,24.14,48.46,31.46,0
105.94,58.88,26.28,40.07,63.14,39.5,0
162.79,30.73,49.89,26.95,77.6,44.18,0
120.31,51.56,34.25,25.31,44.54,36.52,0
134.03,86.78,36.96,32.11,56.55,47.37,0
97.43,68.54,30.98,20.74,63.97,30.74,0
160.49,64.33,30.81,31.85,70.74,46.67,0
116.07,32.58,22.41,27.85,52.06,31.15,0
153.98,25.62,17.98,20.82,50.2,32.52,0
113.92,52.88,27.52,21.06,66.61,30.71,0
134.07,56.5,25.91,27.88,83.95,37.01,0
135.78,45.23,33.15,30.01,46.38,40.41,0
108.92,56.14,24.64,37.63,58.82,38.25,0
141.19,43.76,23.27,31.96,73.63,38.43,0
101.0,65.63,40.63,25.86,38.31,37.13,0
161.81,41.03,30.08,33.36,30.38,46.25,0
90.96,49.36,23.27,40.51,66.29,34.81,0
146.36,58.72,22.32,37.04,95.0,42.69,0
137.58,83.65,16.76,43.0,51.92,48.4,0
104.12,47.75,28.87,26.38,47.72,32.16,0
100.16,61.25,19.75,28.95,51.04,32.27,0
160.97,31.27,15.48,44.25,74.94,44.45,0
139.14,56.67,29.08,40.63,67.52,45.9,0
114.14,44.13,24.81,23.9,37.27,31.76,0
98.72,66.2,11.36,28.12,44.14,30.62,0
144.19,57.8,28.89,36.22,50.72,45.55,0
128.32,73.93,39.8,28.04,30.94,44.47,0
89.07,52.32,36.99,28.93,61.62,32.62,0
140.72,61.13,40.85,27.81,20.0,45.6,0
94.22,47.29,17.0,21.24,87.26,22.92,0
143.76,53.69,41.86,25.34,43.9,42.92,0
163.02,64.07,24.24,41.92,70.42,50.57,0
60.0,71.35,36.66,38.49,58.2,34.92,0
130.42,56.85,35.44,32.0,44.94,42.7,0
106.44,69.45,12.19,28.76,61.61,32.11,0
135.04,59.36,24.74,33.29,55.3,41.44,0
132.06,25.64,34.3,25.55,73.81,33.68,0
150.44,39.05,24.66,21.68,69.29,34.84,0
142.01,45.24,30.22,37.45,35.53,45.1,0
137.03,61.11,29.37,27.28,21.94,41.81,0
107.25,46.02,19.59,41.94,58.63,37.49,0
116.66,48.25,28.46,38.87,20.0,42.02,0
120.55,68.86,30.47,18.81,83.44,32.88,0
151.78,51.95,28.52,24.26,39.51,40.59,0
97.87,48.43,26.76,17.24,77.66,24.56,0
138.1,49.92,27.39,27.16,52.75,38.36,0
139.53,58.59,42.18,22.98,31.71,42.35,0
117.21,48.51,41.48,34.79,68.47,40.82,0
141.09,44.54,24.84,23.24,66.44,34.89,0
115.39,59.15,33.29,28.77,45.08,38.17,0
111.74,48.57,25.65,23.05,40.27,31.58,0
128.03,32.45,40.51,18.62,44.59,33.39,0
165.2,56.04,38.85,39.55,21.46,54.61,0
112.92,41.67,30.28,30.27,33.2,35.9,0
137.58,56.05,42.28,35.21,70.82,45.82,0
119.74,35.61,25.76,17.51,42.35,28.36,0
122.91,48.22,34.18,41.49,79.63,42.84,0
74.79,43.32,24.01,27.96,62.34,25.15,0
158.27,71.26,23.21,17.19,39.45,39.66,0
162.71,58.29,21.21,15.16,59.05,36.17,0
116.23,68.45,33.76,25.81,65.88,37.22,0
188.03,34.81,40.18,21.96,44.96,46.09,0
121.63,65.92,33.68,16.26,95.0,31.59,0
141.92,41.07,41.78,38.66,57.6,46.77,0
105.72,35.08,25.66,39.95,95.0,34.33,0
80.68,30.42,15.93,37.48,95.0,25.59,0
91.99,54.14,30.97,22.47,65.27,28.54,0
149.49,34.63,21.29,18.5,39.74,33.13,0
127.02,47.83,11.31,18.0,86.66,25.94,0
162.25,66.54,22.54,41.32,62.02,50.49,0
136.6,43.83,41.22,31.13,80.35,41.16,0
131.38,28.19,28.6,35.48,77.25,37.34,0
93.78,70.2,29.98,32.43,37.51,37.24,0
135.39,72.31,14.91,32.71,55.23,40.66,0
105.1,65.21,15.58,27.45,71.34,30.94,0
97.61,40.82,42.59,22.17,55.65,30.81,0
102.84,49.51,26.85,20.97,47.02,29.02,0
78.61,66.27,26.88,23.75,90.83,26.21,0
110.06,59.02,23.93,35.2,46.26,38.1,0
95.65,36.82,42.42,31.52,73.42,33.64,0
148.29,56.37,24.91,27.09,38.64,41.18,0
155.18,47.5,16.82,30.25,45.84,40.45,0
166.34,48.42,18.26,31.52,57.37,42.99,0
157.23,39.73,34.12,36.69,83.29,45.24,0
129.43,66.35,27.61,24.45,36.09,38.64,0
125.1,48.17,41.46,32.2,89.75,39.83,0
115.06,48.44,21.94,29.03,28.59,34.84,0
161.82,34.91,35.33,34.38,61.15,45.62,0
111.8,28.84,32.8,37.67,66.09,36.56,0
129.61,65.53,46.02,25.88,65.63,42.21,0
150.86,76.33,34.36,32.92,31.62,49.96,0
104.29,69.73,34.8,40.13,38.79,44.01,0
139.49,69.13,19.85,36.81,53.9,44.26,0
129.12,48.01,24.77,43.42,89.1,42.16,0
85.01,82.59,31.44,35.92,67.97,37.97,0
120.92,51.12,10.35,25.41,20.0,32.11,0
85.17,30.69,21.83,26.16,61.41,23.87,0
130.51,77.64,28.68,27.12,53.19,41.14,0
134.29,33.76,22.55,36.69,38.0,39.75,0
106.92,59.91,23.29,26.94,46.26,33.38,0
145.0,49.13,29.21,31.69,29.65,43.35,0
115.22,32.82,34.47,20.71,46.5,30.64,0
147.85,40.57,41.84,26.34,54.89,41.76,0
151.67,21.43,26.7,29.72,59.56,37.59,0
158.44,46.49,20.43,14.36,95.0,31.36,0
60.0,66.33,26.78,28.81,31.81,28.33,0
92.8,72.18,19.7,40.17,61.91,37.53,0
139.22,46.55,22.57,30.59,56.65,38.46,0
128.53,37.72,43.24,33.93,57.0,41.91,0
127.04,65.86,33.11,20.96,55.66,36.73,0
130.21,37.56,32.74,22.88,57.12,34.14,0
168.17,57.54,22.22,26.24,95.0,41.03,0
160.6,68.25,43.91,39.54,32.13,56.17,0
125.98,54.24,35.52,25.33,42.6,38.33,0
154.32,72.94,30.39,30.96,28.42,48.34,0
120.22,39.0,25.67,25.49,61.75,31.92,0
99.85,68.26,29.44,23.11,56.01,32.35,0
114.69,63.68,40.84,38.65,33.59,46.0,0
101.76,42.73,39.81,33.22,74.47,35.74,0
132.42,43.9,27.16,28.16,58.35,36.66,0
104.51,66.16,18.46,31.25,66.29,33.82,0
119.57,46.95,17.23,33.65,40.41,36.03,0
101.48,49.84,18.67,30.72,62.74,30.95,0
124.4,70.89,35.19,28.08,47.27,41.44,0
118.09,69.5,23.63,18.32,32.52,33.19,0
111.23,26.0,35.62,30.77,53.23,33.93,0
149.64,29.35,24.01,37.69,52.47,42.03,0
114.62,52.76,35.13,26.77,57.47,35.96,0
110.07,73.16,28.11,12.0,76.45,27.98,0
121.97,39.27,26.45,34.06,84.55,35.6,0
104.29,25.6,22.99,27.63,50.81,28.15,0
178.19,49.78,25.02,34.15,58.05,48.22,0
125.34,76.09,36.47,29.24,38.16,43.68,0
105.87,37.87,34.54,18.08,72.95,27.04,0
80.07,67.31,31.97,38.72,29.07,38.41,0
162.47,64.57,35.94,28.17,41.13,47.94,0
126.01,49.82,34.03,22.8,62.4,35.11,0
151.3,43.66,18.72,34.85,68.58,40.83,0
136.79,43.04,23.59,23.52,53.06,34.42,0
143.55,45.92,29.27,16.46,63.95,33.32,0
131.54,45.29,40.02,19.17,67.62,34.83,0
121.54,38.41,57.18,25.54,30.18,41.24,0
128.57,42.01,24.55,15.76,26.68,30.46,0
93.73,34.41,41.45,38.07,54.53,36.94,0
113.05,58.36,26.94,32.78,20.0,39.38,0
105.92,72.75,19.66,21.86,77.72,30.01,0
94.56,30.61,23.78,32.45,50.37,29.72,0
88.57,38.76,10.0,24.45,61.76,21.91,0
121.18,48.91,29.48,28.41,85.03,34.69,0
117.79,64.33,24.3,34.43,45.52,39.98,0
94.16,41.31,10.0,30.68,52.64,26.84,0
119.62,39.49,43.2,35.81,44.96,42.09,0
136.63,46.03,23.14,37.18,59.43,41.21,0
118.15,46.98,14.39,35.87,51.75,35.64,0
89.48,43.2,19.1,42.52,27.47,35.62,0
105.63,45.57,24.0,31.98,21.86,35.05,0
141.14,74.64,28.56,23.54,68.74,40.04,0
120.46,53.42,29.77,30.57,49.12,38.13,0
120.3,42.05,37.73,34.01,87.81,38.21,0
136.82,32.79,29.11,37.17,46.24,41.48,0
102.94,40.77,38.45,25.71,67.61,31.94,0
158.68,48.75,32.72,32.76,51.12,46.06,0
132.18,48.46,25.19,35.58,43.84,41.22,0
148.91,46.35,30.2,27.75,47.41,41.05,0
128.23,43.68,43.7,22.93,52.41,37.53,0
125.64,28.88,36.15,32.65,79.27,36.7,0
139.96,45.08,26.8,31.37,41.48,40.55,0
108.25,28.45,22.19,33.03,51.2,31.75,0
158.04,71.0,28.7,12.8,43.13,38.52,0
112.25,70.46,19.37,13.08,70.09,26.75,0
145.67,38.3,32.48,21.78,79.83,35.27,0
132.4,27.65,33.41,34.1,36.56,39.95,0
141.46,42.5,20.66,25.69,64.38,35.0,0
148.32,38.64,31.16,31.38,51.95,41.68,0
119.52,42.39,33.07,30.46,51.99,37.02,0
124.03,46.59,25.26,34.89,63.25,38.19,0
119.79,31.11,10.0,45.0,95.0,35.07,0
141.02,46.19,34.06,37.55,59.95,44.8,0
106.08,43.3,25.83,38.18,75.36,35.68,0
121.86,38.83,10.0,18.37,36.96,26.11,0
97.12,61.33,28.16,32.97,56.43,35.49,0
150.8,37.86,33.94,33.18,68.44,42.75,0
131.48,47.89,20.84,18.5,43.18,31.46,0
132.84,51.7,23.2,37.59,73.59,40.83,0
133.57,48.25,37.37,38.95,75.97,44.44,0
123.38,41.42,32.99,24.36,50.96,34.56,0
165.22,38.06,22.03,36.42,41.02,45.51,0
122.56,52.88,39.97,27.04,89.04,37.13,0
105.31,64.19,29.65,36.2,74.02,38.46,0
127.92,43.95,15.49,32.02,39.52,35.93,0
140.18,52.83,25.8,32.65,66.17,40.84,0
122.03,53.72,35.77,26.34,68.45,36.82,0
137.44,54.49,19.42,27.31,57.67,36.8,0
106.89,41.06,24.18,13.73,20.0,25.66,0
133.66,75.37,38.38,38.85,55.62,49.47,0
123.29,35.05,19.92,16.01,57.42,26.01,0
162.52,40.35,24.64,35.67,49.15,45.19,0
99.61,45.99,20.54,23.95,28.38,28.85,0
94.43,53.6,10.0,30.97,48.22,28.97,0
118.13,42.96,29.32,28.58,56.94,34.76,0
154.4,69.15,44.94,33.45,41.66,51.9,0
145.6,54.32,36.47,32.15,56.5,44.82,0
127.27,54.46,34.27,31.74,51.21,41.07,0
182.37,43.37,13.04,12.0,80.78,32.99,0
99.31,59.66,45.33,31.63,52.35,39.3,0
118.03,41.13,34.8,36.68,60.29,39.68,0
116.77,45.12,35.23,22.9,90.37,31.72,0
124.06,28.93,18.71,22.62,65.86,27.89,0
87.5,47.51,36.8,41.64,51.57,38.48,0
146.33,49.2,27.08,24.16,57.58,37.93,0
106.72,62.26,36.79,26.99,49.44,36.78,0
121.33,55.12,33.85,28.48,85.38,36.65,0
108.11,59.11,38.12,29.09,20.0,39.43,0
146.88,35.83,11.83,28.25,58.35,34.5,0
129.54,49.7,28.88,31.94,67.26,38.81,0
103.99,46.9,34.17,26.75,51.58,33.28,0
122.69,32.81,14.82,12.0,23.38,24.07,0
157.32,37.25,19.87,29.05,39.14,39.87,0
132.98,45.67,49.58,35.18,53.16,46.16,0
127.98,66.6,21.54,35.53,48.81,41.85,0
128.52,37.92,29.98,29.03,48.18,36.75,0
139.33,53.14,25.03,32.79,38.42,42.0,0
132.56,52.5,37.28,34.47,46.0,44.09,0
111.27,40.81,27.01,32.59,78.37,33.6,0
126.41,25.4,26.97,24.97,54.0,31.57,0
134.13,37.41,33.13,36.03,62.0,41.25,0
131.25,45.07,26.02,43.67,20.0,46.01,0
84.06,31.59,34.3,30.27,65.82,28.63,0
142.43,62.64,39.8,39.64,39.67,50.8,0
116.29,50.83,26.94,37.82,72.37,38.81,0
156.73,51.27,31.66,30.02,57.29,44.13,0
88.96,69.67,28.6,24.8,57.94,31.13,0
130.56,37.49,39.06,22.34,60.51,35.27,0
115.24,63.4,19.31,35.84,46.93,38.82,0
116.24,30.47,22.97,37.82,31.72,37.02,0
138.89,59.63,20.05,44.61,34.92,47.72,0
142.67,65.29,12.72,29.61,51.58,39.1,0
122.14,40.06,17.38,26.44,41.07,31.93,0
148.2,18.0,30.08,28.53,46.38,37.36,0
157.32,51.34,17.43,28.18,39.51,40.8,0
146.56,55.69,25.32,36.56,91.27,42.97,0
129.21,43.38,36.04,29.15,89.01,37.1,0
168.42,53.49,15.06,30.09,50.36,42.94,0
115.81,32.17,18.96,38.5,70.95,34.6,0
156.51,52.5,24.44,17.0,38.31,36.98,0
124.91,39.81,30.9,20.62,22.52,33.66,0
121.36,57.95,33.1,21.18,44.4,35.27,0
112.59,56.52,37.78,24.69,52.56,35.96,0
124.6,61.52,32.69,31.92,64.52,40.62,0
149.79,50.33,11.67,39.4,80.34,41.49,0
154.21,30.57,31.27,21.34,40.91,37.17,0
107.23,66.3,31.74,28.77,46.84,37.24,0
122.63,64.95,29.13,30.82,67.82,39.17,0
145.27,47.31,33.21,40.56,82.22,45.91,0
154.15,48.0,27.78,32.98,59.12,43.67,0
126.16,78.25,40.79,27.11,40.78,43.97,0
131.91,51.37,42.98,19.49,65.23,36.74,0
135.05,57.93,10.0,31.93,41.55,37.71,0
95.36,39.52,20.15,27.81,48.34,28.02,0
77.66,31.2,37.24,23.07,52.12,25.21,0
157.53,52.38,33.34,28.14,39.56,44.78,0
112.73,45.34,25.61,28.35,54.4,33.24,0
122.78,74.42,40.64,36.89,73.9,46.02,0
138.1,25.69,20.37,22.54,39.11,31.66,0
126.25,57.76,21.74,26.86,42.02,36.36,0
125.07,37.67,32.26,34.27,37.52,39.79,0
139.33,44.22,46.37,35.24,77.96,45.12,0
73.41,58.15,33.44,27.48,75.7,28.33,0
122.47,57.76,34.11,36.64,58.21,42.73,0
127.56,57.25,35.04,25.14,70.58,37.43,0
109.21,63.44,25.13,26.57,49.66,34.37,0
133.47,59.3,17.84,39.41,58.65,42.38,0
110.12,49.5,39.39,16.99,75.52,29.92,0
126.56,56.17,21.42,35.42,33.7,40.81,0
118.02,44.35,27.69,30.24,61.46,35.14,0
106.8,49.68,26.16,26.73,22.54,33.69,0
99.01,42.14,31.4,25.72,59.47,30.14,0
114.28,37.33,39.24,37.44,52.66,40.3,0
142.4,56.99,41.05,30.7,46.3,45.5,0
112.94,72.96,28.26,32.15,44.93,40.16,0
119.99,48.22,22.28,32.63,20.0,38.01,0
81.73,60.18,31.75,35.49,38.05,35.6,0
114.23,66.01,21.57,15.38,42.49,29.55,0
123.53,46.82,44.92,40.08,66.09,45.3,0
123.84,72.47,30.63,33.02,29.25,43.84,0
151.96,52.4,21.87,42.41,39.25,48.18,0
128.12,39.33,27.24,41.45,41.13,42.78,0
127.24,54.9,20.15,25.22,44.95,34.79,0
106.88,38.74,29.51,28.96,25.87,33.93,0
169.97,41.85,25.75,31.65,33.73,45.77,0
122.72,44.7,26.12,38.14,61.16,39.63,0
119.56,52.69,26.52,14.57,91.05,27.0,0
132.62,55.32,34.36,31.14,66.55,41.11,0
101.91,39.78,18.77,37.73,51.25,33.72,0
101.55,63.54,10.0,25.95,39.81,29.56,0
114.69,74.4,17.69,29.47,54.05,36.34,0
131.95,63.78,48.87,23.16,63.29,41.82,0
145.16,74.3,10.0,26.25,45.95,38.76,0
108.37,70.51,25.35,26.27,31.79,36.01,0
128.78,69.14,43.24,25.55,76.1,41.21,0
177.77,58.88,29.43,12.0,53.83,39.61,0
120.01,48.94,10.0,38.06,65.26,35.62,0
132.99,32.04,40.48,16.93,56.75,32.77,0
103.04,52.19,38.92,20.7,33.5,32.87,0
105.79,56.54,52.73,15.41,36.74,34.48,0
103.06,70.26,45.96,34.45,64.77,42.41,0
119.69,55.3,27.4,33.8,56.2,38.95,0
143.3,69.03,36.74,28.42,52.91,44.84,0
117.17,45.0,36.22,29.58,20.0,38.87,0
131.65,24.22,26.03,35.41,54.53,37.32,0
97.52,69.17,23.62,34.96,60.76,36.35,0
109.83,72.06,16.93,14.54,45.24,27.93,0
153.78,62.46,35.24,37.03,46.74,50.06,0
108.67,58.54,13.14,34.45,65.67,33.85,0
159.95,68.19,25.4,28.23,64.53,44.32,0
136.68,56.53,22.2,30.44,60.18,39.05,0
97.39,64.6,13.19,30.09,72.99,30.14,0
151.9,59.36,28.45,36.51,82.63,45.6,0
115.61,64.87,35.14,32.92,42.17,41.68,0
134.8,46.88,32.73,27.64,78.69,37.57,0
100.38,48.88,15.7,28.88,67.73,28.73,0
131.61,67.11,23.31,35.81,65.19,42.32,0
133.1,55.39,35.62,28.19,48.89,40.91,0
60.0,54.26,35.04,23.84,50.96,25.18,0
128.36,58.48,17.01,20.05,80.84,30.35,0
91.22,54.61,28.6,17.35,58.62,25.67,0
153.53,66.92,31.11,39.7,41.29,51.26,0
131.07,59.71,30.75,43.42,89.46,45.57,0
102.86,49.0,28.34,31.22,62.32,33.67,0
98.55,27.07,21.38,40.1,72.64,32.08,0
124.26,57.57,10.15,35.84,39.22,37.82,0
105.52,53.04,37.99,27.54,72.79,34.67,0
107.07,38.78,14.71,22.61,46.13,26.23,0
103.72,63.69,22.29,31.47,43.53,35.5,0
185.69,38.54,40.41,25.75,71.15,46.84,0
147.82,59.04,22.77,32.32,51.44,42.93,0
121.97,62.82,37.88,35.6,48.11,44.24,0
140.35,32.63,43.69,26.45,50.92,40.0,0
128.45,43.0,15.88,29.13,53.76,33.83,0
101.9,59.74,27.89,35.49,66.94,36.8,0
155.52,46.24,33.33,28.35,78.85,41.7,0
120.01,52.53,31.19,32.51,57.14,38.84,0
113.47,60.68,36.97,28.51,40.94,39.0,0
139.95,62.62,27.74,32.07,63.16,42.49,0
106.23,46.51,28.16,32.77,59.35,34.81,0
76.46,59.75,24.63,29.0,53.13,28.88,0
132.88,55.58,37.46,25.34,72.96,38.71,0
143.73,56.48,37.62,39.65,65.19,48.37,0
115.25,84.49,15.62,22.88,37.63,34.88,0
88.71,46.62,24.78,28.52,54.65,28.97,0
116.71,61.25,31.14,34.14,44.26,40.91,0
145.59,30.56,18.01,34.44,42.03,38.93,0
118.68,43.28,15.1,28.19,44.88,31.9,0
123.42,62.87,37.93,24.64,42.8,39.3,0
95.87,72.54,44.49,30.29,61.24,39.17,0
99.19,34.23,31.06,22.23,95.0,25.47,0
132.42,36.93,39.38,29.83,25.92,41.08,0
108.34,51.44,23.44,37.02,74.12,36.13,0
102.98,32.0,42.23,16.38,49.52,27.87,0
124.52,55.49,37.08,37.14,48.94,44.21,0
124.78,32.37,31.16,29.26,57.23,35.24,0
159.04,39.49,33.54,34.77,61.35,45.52,0
147.54,66.51,43.07,34.22,44.91,50.07,0
145.63,35.29,22.71,31.46,54.44,38.61,0
150.94,47.97,39.31,26.87,56.87,42.91,0
119.21,40.65,31.54,32.49,55.61,37.18,0
135.2,40.43,23.47,21.35,22.72,34.17,0
143.49,52.21,24.32,31.18,39.48,41.59,0
132.06,26.28,29.3,37.31,33.55,40.46,0
80.68,47.82,32.03,22.76,46.32,26.97,0
117.51,18.0,24.55,32.71,65.03,31.66,0
143.53,53.76,48.66,17.65,75.47,39.09,0
106.53,42.65,39.22,22.5,20.0,33.81,0
145.14,32.9,20.42,29.01,46.95,36.79,0
154.88,57.1,32.68,19.11,55.57,39.49,0
91.94,44.59,21.73,19.17,56.37,23.77,0
145.76,60.85,27.16,37.7,86.87,44.78,0
108.04,50.98,34.15,41.02,52.2,41.68,0
127.77,53.0,18.27,26.51,53.46,34.38,0
146.47,45.33,15.98,24.61,51.31,35.29,0
92.63,51.89,37.83,31.3,58.26,34.75,0
119.52,59.15,30.33,23.62,79.76,33.9,0
156.63,59.27,18.03,41.27,66.25,47.14,0
130.74,49.94,40.5,20.94,41.78,37.63,0
127.25,58.45,31.81,32.82,76.54,40.31,0
145.4,40.86,24.57,26.24,61.02,36.86,0
87.66,35.07,17.72,39.7,59.68,30.81,0
111.72,55.93,28.82,42.09,64.61,41.67,0
143.56,43.38,33.97,26.08,20.0,41.11,0
136.69,57.41,41.93,30.66,50.14,44.53,0
100.0,62.53,28.13,30.5,77.63,33.87,0
118.74,67.52,14.23,21.71,51.77,31.51,0
112.63,71.38,27.9,24.32,64.58,34.9,0
80.04,45.55,30.91,34.01,73.2,30.55,0
121.62,39.71,35.33,25.41,26.82,36.29,0
118.32,61.89,16.78,28.57,82.05,33.17,0
123.67,48.32,26.98,23.39,29.73,34.71,0
153.72,57.95,14.56,25.88,59.18,38.26,0
112.99,47.19,22.95,22.11,31.96,30.91,0
141.2,18.47,28.96,35.02,47.28,39.1,0
151.29,50.48,13.61,25.59,55.27,36.6,0
121.48,51.82,39.26,28.22,60.15,38.65,0
114.11,31.68,19.48,28.98,48.01,30.74,0
136.07,61.8,29.95,25.74,63.14,39.05,0
122.7,22.32,30.52,34.23,69.12,35.19,0
100.62,45.29,10.0,37.37,69.05,31.09,0
131.75,50.69,27.24,29.45,50.9,38.53,0
170.21,36.58,31.61,24.75,34.28,43.01,0
162.54,52.25,39.99,18.53,67.43,41.06,0
145.96,73.43,29.52,30.47,64.37,44.65,0
91.98,40.27,18.56,27.21,51.82,26.67,0
126.83,59.76,27.07,18.93,78.19,32.25,0
148.24,53.42,30.76,32.35,32.91,45.07,0
101.9,50.9,32.13,35.85,56.1,37.3,0
153.26,61.27,39.39,26.61,63.84,44.73,0
105.38,65.74,19.37,28.46,45.52,33.77,0
136.16,27.46,25.73,45.0,75.14,42.27,0
109.73,39.56,31.24,23.9,44.32,31.52,0
135.15,45.87,30.89,31.5,56.1,40.11,0
124.21,36.39,36.04,29.8,78.55,36.07,0
88.24,78.82,27.44,14.91,72.65,26.33,0
141.03,34.75,21.84,40.66,22.91,43.68,0
136.41,51.41,33.23,24.72,20.0,40.09,0
143.81,30.79,16.06,37.13,43.42,39.44,0
111.5,67.14,19.67,16.02,57.28,28.34,0
132.05,28.99,18.43,16.64,24.51,28.35,0
114.97,59.17,31.36,21.96,71.52,32.91,0
129.58,64.16,20.6,33.9,41.71,41.12,0
111.06,66.54,18.87,22.01,77.71,29.96,0
123.63,45.7,21.55,30.93,76.17,34.48,0
149.66,55.32,45.33,30.23,88.27,45.26,0
143.29,48.92,33.1,35.01,69.28,43.63,0
131.58,73.1,41.06,27.36,64.32,43.24,0
101.08,42.55,41.78,30.33,51.82,35.75,0
123.97,23.03,33.61,30.14,60.51,34.65,0
139.22,68.62,21.45,28.17,56.33,40.08,0
101.38,58.49,19.81,33.19,57.95,33.89,0
158.16,18.0,31.65,27.95,66.34,38.24,0
81.41,57.26,34.07,44.05,56.31,39.05,0
107.07,47.84,19.26,24.3,65.46,28.47,0
124.73,47.41,23.99,25.83,81.09,32.7,0
125.91,71.81,25.41,26.81,63.51,38.04,0
106.48,38.96,39.75,36.09,62.28,38.09,0
114.86,42.88,34.87,31.53,74.83,36.07,0
132.5,47.82,13.16,35.01,61.27,37.15,0
149.82,45.34,10.0,23.51,41.41,34.4,0
110.32,75.11,32.99,29.82,38.87,40.26,0
120.99,53.93,39.66,19.68,20.0,36.68,0
86.42,55.19,33.97,28.86,40.77,32.82,0
130.12,60.29,29.22,26.52,65.07,37.88,0
109.57,25.68,21.61,28.81,50.87,29.37,0
164.22,28.29,15.59,26.84,58.0,36.78,0
162.61,30.95,13.79,32.3,61.73,38.98,0
133.16,44.0,10.0,26.77,30.34,33.4,0
122.28,57.94,28.76,30.48,45.7,38.98,0
116.73,53.54,26.65,22.0,77.79,31.01,0
90.17,52.13,26.99,33.5,55.12,33.0,0
126.09,40.6,35.23,20.85,35.85,34.47,0
100.1,74.09,30.86,34.27,95.0,37.18,0
134.83,49.59,18.74,27.71,41.86,36.47,0
115.95,55.44,23.74,26.43,55.38,33.78,0
107.57,51.63,14.41,42.33,39.43,38.24,0
112.33,47.61,36.2,17.99,41.35,31.5,0
121.44,41.79,32.54,38.33,50.91,41.14,0
107.9,62.75,29.88,33.02,56.76,38.05,0
80.82,74.12,39.62,29.81,34.56,36.61,0
101.9,27.33,24.16,20.91,48.24,25.01,0
139.52,58.16,28.88,14.03,52.65,33.57,0
164.84,57.64,31.45,20.44,82.44,40.39,0
172.43,40.34,24.13,27.39,40.98,43.12,0
138.75,37.21,29.22,32.07,55.13,39.47,0
159.6,45.61,26.17,27.16,42.54,41.85,0
113.84,71.33,21.67,20.57,38.7,33.03,0
161.64,56.37,33.5,25.9,74.14,43.27,0
122.03,39.82,39.83,27.62,48.97,37.46,0
100.82,59.48,33.28,19.4,47.03,30.81,0
128.79,40.66,32.71,19.53,37.74,33.6,0
117.2,48.66,18.1,30.39,84.81,32.21,0
137.69,39.98,21.81,23.86,72.13,32.94,0
102.62,59.93,30.5,26.16,27.52,34.88,0
68.0,62.03,41.08,37.38,51.26,35.91,0
109.17,44.01,60.21,28.2,36.09,41.56,0
127.34,38.76,25.74,12.0,46.2,27.21,0
132.3,54.84,30.48,22.84,82.67,35.09,0
131.47,47.07,35.96,31.04,49.34,40.94,0
112.73,94.19,31.22,33.96,84.32,42.73,0
143.42,37.95,29.24,24.74,78.42,35.6,0
131.94,43.84,12.91,23.79,39.87,31.89,0
126.13,66.34,11.3,20.8,65.37,30.83,0
135.21,51.01,11.22,28.79,80.88,33.52,0
126.3,40.74,38.37,30.36,54.56,39.1,0
150.02,70.85,23.64,28.15,62.95,42.52,0
103.95,40.69,15.53,34.17,55.52,31.44,0
109.5,29.16,29.63,33.67,40.27,34.73,0
156.38,53.0,19.19,25.53,64.71,38.7,0
126.47,59.16,36.11,17.36,39.37,35.42,0
121.68,46.86,32.16,31.45,75.69,37.12,0
134.26,68.19,34.43,26.37,64.6,40.93,0
161.22,51.41,26.4,36.06,21.74,48.5,0
121.48,42.53,24.25,16.32,52.24,28.19,0
153.11,49.24,30.66,28.2,62.94,41.76,0
146.33,61.33,10.0,29.8,63.77,38.04,0
130.17,39.99,31.25,23.87,43.28,35.3,0
142.71,51.57,39.51,16.02,65.34,36.14,0
106.93,42.19,31.66,34.93,30.97,37.67,0
123.4,24.09,40.67,24.54,58.7,33.68,0
113.85,34.96,13.22,20.08,20.0,26.6,0
107.94,65.23,29.92,24.02,69.33,33.29,0
125.43,33.5,10.0,29.47,76.37,29.59,0
99.19,55.63,27.88,28.0,64.36,32.12,0
130.35,31.91,27.76,31.17,74.86,35.44,0
153.37,60.28,31.66,16.97,46.39,38.81,0
139.14,56.71,30.67,22.13,42.72,38.28,0
137.53,63.75,22.93,27.96,52.14,39.55,0
122.84,43.53,23.94,13.24,46.9,27.22,0
102.27,46.52,18.92,29.19,75.11,29.3,0
160.3,28.04,26.52,35.44,61.39,42.79,0
164.1,51.85,31.07,22.84,66.79,41.33,0
119.82,40.89,36.38,26.27,60.73,35.12,0
127.06,55.15,29.61,40.24,28.24,45.41,0
122.87,35.81,36.56,14.61,73.87,28.52,0
156.52,44.76,12.2,34.41,60.64,40.54,0
134.99,44.32,26.64,31.41,86.45,37.28,0
112.81,54.89,12.21,30.16,37.92,33.11,0
130.81,55.94,24.5,27.92,70.11,36.71,0
105.76,54.19,24.57,33.8,33.75,36.73,0
155.37,53.36,29.18,25.21,74.17,40.34,0
119.91,47.84,17.55,42.76,41.34,40.81,0
107.36,42.38,10.0,32.42,45.39,30.6,0
103.59,18.29,10.0,38.48,50.45,29.32,0
107.98,47.9,21.06,31.52,76.65,32.13,0
133.39,55.96,18.22,21.13,66.83,32.44,0
114.69,44.64,43.58,27.58,57.82,37.25,0
96.06,52.98,38.25,30.04,87.86,33.51,0
135.22,32.72,30.28,26.39,95.0,33.63,0
123.51,34.26,35.81,31.11,45.49,37.91,0
170.67,51.86,14.48,25.02,48.66,40.53,0
133.7,53.27,19.93,34.86,53.8,40.05,0
81.18,52.82,25.71,36.93,51.48,33.07,0
116.38,67.09,16.02,26.51,52.34,33.82,0
124.07,41.32,10.0,14.66,60.86,23.8,0
164.82,46.34,29.89,25.71,29.93,43.68,0
131.25,89.19,21.45,19.34,48.82,37.49,0
118.76,49.7,10.0,19.91,42.8,27.55,0
132.46,60.23,17.4,17.05,72.72,30.34,0
130.51,55.24,43.52,38.84,46.52,47.76,0
153.59,40.59,21.25,23.55,31.49,37.63,0
112.14,46.37,37.78,29.19,54.84,36.6,0
106.16,43.13,18.52,23.57,36.64,28.55,0
118.97,66.29,27.47,22.57,43.43,35.4,0
138.79,23.26,26.6,20.36,23.99,32.6,0
129.01,60.86,36.13,38.83,62.5,45.71,0
109.03,54.47,10.0,35.35,63.4,33.15,0
161.55,61.92,37.91,43.45,78.19,53.66,0
115.64,58.52,28.3,24.86,33.26,35.57,0
168.99,39.6,21.14,36.01,59.35,45.07,0
140.65,30.99,26.35,34.69,66.07,39.02,0
136.5,52.87,18.52,30.1,46.19,38.16,0
110.85,40.11,10.0,27.4,42.48,28.55,0
66.27,46.08,37.08,25.97,57.71,26.38,0
109.85,53.61,20.03,38.45,37.64,38.43,0
113.65,44.71,34.21,21.57,37.16,32.85,0
115.1,44.86,41.2,24.26,41.44,35.94,0
123.75,67.88,26.92,32.41,46.71,41.11,0
149.43,21.08,27.35,22.42,54.33,33.9,0
138.62,36.41,17.17,35.12,44.09,38.53,0
122.5,59.14,36.64,33.51,66.02,41.58,0
72.52,64.2,34.35,35.55,82.26,32.94,0
133.73,69.44,16.94,29.72,62.01,38.62,0
128.62,49.68,20.09,34.69,47.86,38.88,0
122.24,32.81,28.66,41.99,20.0,42.47,0
139.73,30.74,21.7,21.92,71.64,31.04,0
119.99,69.96,23.7,30.07,79.67,37.13,0
117.87,38.5,44.07,28.93,67.84,37.26,0
129.23,46.57,34.54,25.44,43.42,37.62,0
134.29,61.76,20.06,27.05,58.25,37.25,0
115.07,43.41,34.6,29.88,83.17,34.88,0
120.83,48.69,10.0,30.08,68.17,31.6,0
113.69,70.64,35.87,23.63,73.05,36.12,0
145.8,38.29,35.81,22.34,51.99,37.77,0
161.8,55.94,30.2,21.62,56.71,41.18,0
147.76,32.68,34.13,22.75,59.44,36.76,0
136.93,32.72,35.99,30.84,41.52,40.21,0
136.9,57.27,39.2,27.28,42.18,42.6,0
130.81,48.44,27.83,25.81,47.12,36.55,0
146.01,53.39,10.0,27.66,20.91,37.94,0
114.7,54.72,24.35,25.99,48.45,33.72,0
110.62,28.99,41.9,39.37,34.68,40.98,0
174.6,41.96,37.69,41.9,36.28,54.49,0
97.15,43.81,27.34,39.82,61.69,36.01,0
87.75,49.15,23.56,21.52,51.95,25.49,0
144.24,65.61,38.2,20.4,30.57,41.99,0
153.44,48.49,43.04,14.78,54.72,38.39,0
109.79,45.21,33.9,25.63,59.39,33.07,0
90.53,18.0,10.0,31.99,38.37,24.29,0
90.94,42.49,33.67,39.05,37.62,37.05,0
60.0,57.41,13.02,28.03,78.74,21.04,0
83.5,76.35,46.44,31.08,53.77,38.72,0
143.84,69.0,34.85,23.9,32.64,43.23,0
121.74,39.71,13.84,40.55,52.83,37.43,0
100.8,50.45,21.67,41.28,73.85,36.35,0
150.31,49.42,28.32,20.07,49.98,37.31,0
121.38,29.47,26.49,36.42,60.83,36.5,0
159.89,54.26,41.98,15.07,27.47,41.62,0
140.89,55.13,53.16,33.26,53.09,48.81,0
134.26,60.4,13.25,18.7,53.91,31.46,0
128.84,33.97,12.66,19.13,52.93,26.9,0
170.24,68.25,25.81,30.86,54.05,48.12,0
145.4,42.15,22.77,30.09,53.31,38.92,0
137.73,50.15,33.51,21.82,36.81,37.93,0
119.01,30.13,30.78,27.45,38.62,33.82,0
119.73,42.67,27.1,26.57,55.04,33.56,0
97.03,54.72,26.6,29.86,67.38,32.07,0
133.08,57.47,34.74,35.56,68.6,43.69,0
148.26,44.64,15.0,27.95,40.58,37.48,0
138.01,35.54,33.51,39.96,80.22,42.83,0
107.47,59.64,21.6,26.26,79.82,31.02,0
97.08,83.4,21.26,31.04,47.35,36.41,0
166.15,70.6,10.0,27.83,49.11,42.65,0
158.13,36.06,26.58,27.45,43.73,40.43,0
156.65,46.65,31.16,29.15,51.72,43.19,0
136.91,27.18,25.64,28.7,42.6,35.83,0
130.06,39.61,26.42,42.92,65.59,42.48,0
99.42,53.5,17.7,27.14,59.16,29.24,0
131.7,36.38,21.83,13.89,67.46,26.61,0
145.23,55.67,27.64,42.6,68.52,47.44,0
127.8,60.85,22.04,42.65,54.66,44.4,0
130.78,56.55,16.74,32.58,61.85,37.67,0
128.43,64.0,31.41,28.03,36.66,40.8,0
144.06,43.53,30.81,35.3,52.24,43.46,0
156.04,74.71,37.16,27.64,71.0,46.73,0
126.99,70.42,28.9,34.12,78.16,41.81,0
60.0,28.73,27.83,24.85,35.22,21.17,0
139.11,68.03,23.38,22.56,57.59,37.58,0
129.36,58.03,26.82,31.31,40.19,40.49,0
142.27,54.7,30.01,12.0,59.18,32.51,0
88.67,49.75,25.35,20.5,54.98,25.51,0
140.54,37.61,30.18,32.97,56.34,40.47,0
133.83,39.56,12.32,40.24,40.72,39.67,0
117.84,47.13,34.01,38.67,56.09,41.5,0
134.04,43.42,29.36,24.98,53.31,36.08,0
99.85,52.22,22.06,40.17,44.59,37.43,0
142.66,55.65,32.65,33.21,68.76,43.47,0
159.96,76.14,10.0,26.66,44.68,41.95,0
127.57,59.11,36.15,33.54,66.99,42.34,0
130.7,38.29,11.55,29.48,38.4,33.48,0
102.78,59.13,40.78,40.98,59.53,43.08,0
87.75,44.64,19.99,28.25,57.82,27.08,0
102.71,59.51,26.38,34.05,39.59,37.19,0
134.72,65.69,37.15,30.19,36.88,44.61,0
108.94,62.43,35.02,34.31,64.14,39.7,0
112.57,27.96,17.46,40.93,59.58,34.86,0
106.39,38.62,42.07,27.66,28.32,36.07,0
142.29,72.14,30.47,36.09,57.24,47.21,0
146.03,58.3,31.03,19.48,59.63,37.65,0
148.36,48.66,44.3,32.8,95.0,44.8,0
111.68,53.55,44.86,20.93,69.26,34.37,0
113.27,57.97,30.19,31.27,55.32,37.62,0
75.18,43.02,33.85,24.92,75.1,25.38,0
161.87,53.11,17.31,26.41,53.72,40.25,0
115.23,37.22,17.59,26.14,71.4,28.68,0
124.84,50.34,22.01,45.0,62.9,43.16,0
92.06,59.68,20.59,22.07,55.2,27.14,0
119.47,74.92,16.26,21.13,65.96,32.16,0
104.51,33.29,34.31,20.85,48.32,28.71,0
125.44,63.7,28.61,26.56,65.21,37.38,0
104.37,53.33,30.04,21.34,72.49,29.51,0
116.47,53.96,41.29,24.62,33.39,38.07,0
118.52,49.98,24.36,30.68,33.22,36.86,0
130.43,40.84,34.19,29.12,49.82,38.47,0
140.35,57.16,32.63,26.06,45.12,40.87,0
117.57,48.01,38.34,31.67,21.31,40.85,0
101.93,23.89,19.91,32.28,51.8,29.02,0
111.19,56.4,20.84,20.69,71.19,28.7,0
125.05,56.3,27.64,28.7,44.76,38.14,0
118.91,53.28,23.81,28.57,46.26,35.55,0
155.7,61.23,25.14,15.87,47.08,37.21,0
114.51,55.7,21.39,30.7,54.17,35.18,0
98.5,36.86,35.06,27.5,47.35,31.68,0
160.59,24.25,42.79,29.31,61.8,43.14,0
138.06,71.48,22.28,21.28,36.4,38.02,0
93.84,59.92,19.67,23.03,71.01,26.97,0
133.69,69.32,34.96,26.85,41.79,42.5,0
136.27,30.68,49.08,34.47,72.18,43.23,0
125.09,61.26,33.51,32.77,64.3,41.31,0
86.57,51.16,46.32,34.45,80.06,36.08,0
136.53,38.78,36.39,31.25,39.41,41.39,0
108.92,52.44,37.86,40.31,67.83,41.8,0
140.18,31.96,29.24,33.85,36.22,40.84,0
114.3,61.05,28.92,21.75,74.85,32.19,0
155.82,28.39,22.96,22.88,76.33,34.16,0
111.72,50.94,34.87,41.46,47.62,42.96,0
125.11,43.48,21.43,18.41,20.0,30.95,0
121.16,44.93,36.66,31.58,46.66,39.35,0
144.18,60.09,27.45,26.88,52.55,40.77,0
114.82,41.73,36.51,19.53,49.72,31.55,0
105.23,47.0,36.32,27.39,65.22,33.67,0
157.06,38.29,29.06,32.96,86.44,41.76,0
130.17,52.91,31.0,34.32,63.76,41.25,0
114.98,23.25,36.47,40.18,65.68,38.51,0
131.97,43.79,21.7,26.47,42.15,35.22,0
114.39,49.98,21.68,32.84,66.88,34.87,0
114.4,45.09,49.13,20.36,69.78,34.39,0
84.11,39.14,40.21,44.68,54.16,38.9,0
116.1,23.68,29.7,45.0,35.92,41.05,0
118.38,61.32,32.53,27.51,67.06,37.1,0
141.7,60.79,29.37,35.9,58.7,45.08,0
109.28,66.94,23.76,16.89,41.56,30.11,0
141.18,45.83,24.3,22.67,55.33,35.23,0
120.91,37.79,12.01,38.42,57.78,35.26,0
129.86,53.11,13.43,37.73,36.47,40.07,0
153.89,79.48,40.27,28.12,40.0,49.55,0
131.72,50.87,20.6,18.99,47.49,31.9,0
143.92,59.21,14.45,34.19,41.16,41.7,0
124.17,51.1,11.83,30.8,30.57,35.22,0
140.13,63.36,24.62,33.32,87.08,41.31,0
112.76,47.35,38.78,26.09,67.08,34.93,0
117.92,41.18,39.57,29.32,49.53,37.67,0
155.17,42.82,42.75,31.23,77.45,44.93,0
146.26,38.31,21.88,34.66,81.32,39.2,0
121.24,76.19,22.26,38.57,60.74,43.08,0
132.7,64.43,28.6,20.2,31.01,37.32,0
120.3,48.01,22.09,23.18,63.68,31.08,0
96.77,37.26,34.32,29.37,64.34,31.34,0
120.04,37.39,28.09,28.79,65.69,33.69,0
113.84,42.77,30.37,26.07,20.0,34.8,0
104.37,71.59,26.86,33.85,67.8,37.79,0
160.36,38.44,26.07,22.85,69.18,37.47,0
135.19,56.03,31.16,22.2,57.59,36.88,0
115.46,71.2,41.32,23.29,80.6,37.28,0
98.55,35.83,33.53,43.78,46.89,39.35,0
146.31,31.29,21.68,28.25,43.86,36.85,0
77.14,60.3,31.69,21.31,79.6,25.61,0
119.88,56.51,35.08,22.41,59.24,35.15,0
85.89,63.53,31.41,22.54,90.15,27.65,0
82.65,49.58,23.32,37.63,90.12,30.72,0
102.29,72.64,16.92,23.68,78.89,29.54,0
154.3,85.08,20.97,26.01,78.59,42.79,0
131.74,57.19,46.43,20.15,20.0,40.94,0
106.93,66.17,31.49,27.34,34.58,37.01,0
136.46,56.41,45.92,15.67,20.0,39.32,0
105.35,45.91,25.83,24.14,46.94,30.31,0
112.57,47.34,22.11,27.96,91.58,30.59,0
106.14,59.93,26.99,40.9,73.04,39.77,0
103.35,43.8,22.29,31.37,50.19,32.26,0
105.89,38.37,23.2,25.61,67.3,28.44,0
127.53,51.07,14.42,31.05,36.18,36.28,0
164.28,48.09,36.28,30.13,47.67,46.69,0
130.55,44.16,28.34,36.93,52.75,41.31,0
116.38,31.0,18.74,16.91,77.94,23.34,0
94.68,57.27,35.45,27.0,44.57,33.84,0
94.74,44.91,31.72,25.71,62.62,29.68,0
100.66,44.52,30.82,30.63,40.07,34.06,0
118.47,57.2,27.25,29.92,68.2,36.42,0
139.9,33.93,29.86,34.91,72.84,39.91,0
146.14,59.22,12.4,24.37,71.35,35.19,0
109.17,43.97,32.16,33.18,61.87,36.02,0
89.21,18.0,29.21,27.49,36.28,26.52,0
125.24,52.97,15.01,27.56,31.25,34.78,0
115.56,52.24,32.76,34.56,62.91,39.11,0
129.04,54.63,35.32,16.42,51.2,34.0,0
74.4,65.16,28.62,30.63,63.93,30.5,0
138.0,64.2,19.67,31.76,42.83,41.29,0
140.08,58.68,32.59,31.33,54.79,43.17,0
134.74,71.3,30.68,12.26,33.47,35.05,0
114.4,46.37,19.35,23.12,25.34,31.02,0
112.63,39.17,38.21,12.42,61.36,27.07,0
148.57,62.48,22.22,35.76,72.43,44.08,0
122.81,49.89,41.05,24.36,45.03,37.87,0
139.43,46.42,21.83,28.29,74.87,36.24,0
121.44,45.81,38.59,42.71,51.95,45.29,0
162.01,35.43,26.77,31.21,95.0,40.4,0
120.12,41.41,35.05,32.17,88.66,36.48,0
77.1,60.0,25.95,35.24,25.95,33.83,0
107.55,95.57,47.24,28.81,55.49,44.71,0
128.82,62.2,20.9,30.32,42.11,38.97,0
105.9,60.93,20.29,28.23,37.31,33.71,0
180.03,51.25,26.02,30.59,36.35,48.3,0
157.08,51.32,17.45,35.14,67.18,42.86,0
134.05,57.47,25.29,31.27,74.62,39.15,0
150.85,57.88,20.64,23.04,95.0,35.98,0
155.54,65.23,24.73,23.03,88.16,39.17,0
117.52,50.42,35.05,23.69,63.33,34.3,0
107.15,31.61,24.64,22.8,38.18,28.11,0
131.13,56.43,37.03,22.92,44.33,38.64,0
125.75,59.61,20.47,23.18,43.06,34.33,0
156.67,40.6,34.44,19.38,32.71,39.21,0
89.28,18.4,24.53,20.49,86.15,19.47,0
116.6,56.19,20.99,31.11,34.85,36.71,0
117.49,53.57,23.25,28.15,40.24,35.29,0
135.53,54.36,37.55,27.93,63.87,40.79,0
132.69,43.96,16.69,21.39,36.04,31.94,0
136.83,81.27,30.88,42.98,47.09,51.55,0
149.01,63.76,31.59,20.61,51.88,40.04,0
120.35,56.0,28.41,17.83,44.95,31.99,0
100.3,55.11,38.31,20.96,72.99,30.8,0
120.32,50.15,28.47,27.83,61.45,35.35,0
128.61,67.6,19.61,24.43,34.83,36.79,0
142.03,41.82,10.0,27.08,86.95,32.01,0
102.01,50.47,31.44,21.18,31.02,31.02,0
118.48,61.07,32.94,12.0,69.04,29.33,0
110.16,55.64,17.28,34.02,72.53,34.15,0
140.18,49.9,27.81,32.13,30.57,42.43,0
144.76,45.53,19.26,39.86,32.47,44.36,0
118.1,55.48,37.01,27.32,77.38,36.7,0
183.91,68.84,25.01,16.9,54.85,43.45,0
120.52,45.62,34.72,32.3,60.14,38.56,0
119.03,57.41,34.45,32.73,49.23,40.64,0
136.2,49.58,37.19,31.07,56.76,42.08,0
85.66,52.8,29.19,19.8,35.74,26.93,0
149.52,66.36,38.27,37.79,20.0,52.29,0
81.97,34.62,29.42,35.08,69.91,29.71,0
119.9,52.93,33.23,31.24,48.73,39.15,0
141.12,37.16,38.66,29.47,36.02,41.81,0
138.13,57.82,18.86,33.72,52.24,40.73,0
163.48,50.66,28.88,29.5,24.93,45.95,0
134.16,58.61,29.62,34.02,42.43,43.35,0
151.24,39.98,28.23,16.03,48.26,34.2,0
117.46,58.54,25.37,30.17,72.07,35.91,0
110.35,63.83,15.96,18.84,48.47,28.63,0
148.07,30.6,23.86,28.42,76.85,36.03,0
146.96,56.59,34.35,21.94,77.09,38.74,0
151.88,43.74,34.58,37.76,91.06,45.09,0
104.78,57.82,34.22,45.0,95.0,41.92,0
145.54,61.85,37.17,24.71,42.7,43.0,0
123.2,60.23,32.42,33.76,45.58,41.99,0
107.78,49.2,45.89,31.87,75.87,38.44,0
103.52,45.46,13.02,38.3,36.57,34.44,0
112.15,40.52,37.6,29.63,74.85,34.96,0
113.39,57.5,39.2,27.24,73.33,36.82,0
147.07,52.7,42.87,25.38,50.22,43.32,0
102.05,43.29,21.44,38.67,84.27,33.7,0
126.27,52.51,15.26,19.46,52.45,29.85,0
111.94,39.84,40.05,25.3,49.82,34.5,0
121.14,46.51,16.16,31.38,49.22,34.43,0
148.87,49.8,34.23,26.09,36.49,42.21,0
176.25,69.17,27.31,29.03,40.06,49.47,0
130.84,59.04,24.59,26.36,50.57,37.37,0
111.27,48.07,14.95,33.92,68.12,32.9,0
140.14,69.69,29.9,29.62,69.04,42.52,0
132.47,32.56,30.07,28.76,68.42,35.58,0
118.04,62.37,27.52,32.02,90.9,37.05,0
131.95,36.01,10.0,28.83,49.17,32.15,0
149.2,65.14,33.29,33.77,66.32,46.54,0
117.48,18.0,22.61,38.19,66.21,33.88,0
172.41,66.78,11.79,28.47,72.75,42.81,0
147.25,57.49,20.88,30.13,69.7,40.14,0
127.93,41.16,28.78,24.96,69.33,33.71,0
93.22,53.77,28.65,21.75,53.42,28.39,0
128.55,45.61,22.41,30.06,46.99,36.58,0
108.88,49.55,29.67,24.82,42.82,32.93,0
118.11,48.43,16.84,38.68,59.48,37.45,0
128.64,47.61,24.39,31.06,58.23,37.29,0
135.28,43.11,22.48,26.92,44.82,36.0,0
119.41,50.05,23.99,25.53,79.16,32.06,0
119.21,42.71,26.22,31.75,73.36,34.94,0
97.93,44.2,25.33,38.2,76.99,34.15,0
128.75,57.91,29.74,32.01,91.74,38.84,0
160.19,19.8,11.9,31.26,72.67,35.46,0
116.93,55.31,14.13,29.34,56.42,33.03,0
139.93,75.29,43.34,23.22,57.14,43.88,0
128.79,50.87,21.05,25.29,52.06,34.4,0
114.95,56.83,44.76,28.76,67.63,39.39,0
152.81,45.98,27.56,24.9,43.83,39.82,0
134.71,74.09,26.66,24.6,56.82,39.48,0
137.97,42.22,30.76,25.04,51.74,37.06,0
131.35,39.19,10.0,38.06,33.01,37.91,0
140.43,37.66,37.39,21.54,56.22,36.49,0
119.34,54.95,46.54,29.0,42.33,41.73,0
92.27,37.71,18.63,34.61,62.81,29.52,0
104.19,31.52,15.23,28.26,48.49,27.53,0
150.1,55.29,38.56,24.37,51.5,42.62,0
147.34,42.17,24.28,22.41,24.14,37.25,0
144.91,67.75,18.26,35.34,95.0,41.87,0
169.95,58.75,28.39,16.91,44.96,40.83,0
99.7,43.84,31.27,29.5,51.23,32.78,0
73.95,57.25,23.37,33.78,33.68,31.14,0
150.82,39.63,32.76,28.69,48.4,41.48,0
158.72,50.77,20.88,28.89,88.2,39.73,0
107.8,31.58,33.23,26.87,45.3,31.97,0
131.29,33.21,43.33,25.8,39.84,38.59,0
97.83,45.98,21.44,29.65,44.37,30.8,0
147.91,39.91,28.73,35.45,56.45,43.01,0
126.82,49.24,32.14,34.59,67.51,40.35,0
123.3,48.68,17.2,33.78,45.02,36.77,0
138.82,48.65,20.65,29.85,54.7,37.95,0
129.2,39.58,21.21,18.54,62.31,29.04,0
138.44,45.32,27.98,27.36,66.61,37.33,0
121.43,74.12,29.01,24.04,56.11,37.41,0
165.97,24.82,15.87,33.11,62.46,39.59,0
137.96,42.44,10.0,32.35,90.8,33.81,0
103.09,55.09,29.47,21.74,79.11,29.25,0
93.06,41.04,27.92,28.11,59.72,29.27,0
123.61,63.81,14.15,18.31,40.5,30.71,0
107.38,46.68,24.13,32.53,30.07,35.42,0
114.92,47.52,10.0,31.86,58.0,31.77,0
128.65,38.48,50.17,26.9,50.68,40.5,0
139.45,44.65,19.26,41.56,37.94,43.86,0
99.39,47.87,28.92,27.55,53.14,31.65,0
107.79,49.44,29.36,22.3,56.47,30.7,0
122.15,62.42,26.67,28.19,46.07,37.92,0
116.39,35.53,33.36,37.28,60.78,38.53,0
137.95,49.84,14.43,17.65,48.26,30.68,0
123.03,35.62,35.75,27.09,66.73,34.92,0
126.92,33.2,29.48,25.17,71.44,32.58,0
116.33,37.09,30.4,32.21,49.75,36.04,0
118.48,56.92,30.0,12.0,44.3,29.28,0
129.87,39.42,23.66,29.37,65.57,34.98,0
120.63,69.7,34.99,23.74,53.31,38.07,0
65.69,36.85,33.11,29.65,57.75,25.87,0
145.0,56.25,32.56,25.02,95.0,38.55,0
135.97,70.15,11.51,26.65,45.38,37.11,0
141.65,60.74,19.62,28.88,51.63,39.57,0
118.16,59.99,15.86,24.23,71.87,30.99,0
105.08,54.93,14.66,30.4,58.93,31.38,0
138.39,52.52,19.92,25.81,30.7,37.42,0
149.91,55.82,16.99,30.29,53.59,40.34,0
176.12,57.96,24.71,12.81,53.69,38.47,0
136.27,33.0,42.96,34.61,43.63,43.58,0
138.36,62.66,22.18,21.4,48.29,36.29,0
94.62,57.99,32.44,28.61,55.43,33.47,0
141.38,32.05,19.9,25.14,72.61,32.65,0
129.65,58.96,23.9,27.76,43.69,38.02,0
127.61,50.48,44.87,14.23,91.41,32.35,0
105.27,40.39,39.06,22.47,61.09,31.16,0
125.35,62.02,17.04,32.55,68.5,37.18,0
170.2,51.21,39.77,28.83,30.58,49.23,0
115.13,58.62,26.0,33.99,72.95,37.52,0
137.12,47.38,27.5,34.5,68.82,40.72,0
167.69,32.72,25.74,22.27,41.35,39.01,0
137.92,50.29,31.98,17.83,69.5,33.98,0
133.59,23.61,36.26,24.95,50.89,34.98,0
102.38,74.63,17.47,29.31,43.1,34.57,0
140.82,36.67,23.32,21.64,69.64,32.41,0
146.92,58.69,47.41,16.08,25.83,41.79,0
100.26,46.54,32.45,27.87,65.21,32.02,0
91.6,47.33,24.65,32.43,81.97,30.15,0
139.72,47.68,25.9,20.44,64.11,34.05,0
179.39,41.84,20.37,14.92,20.0,38.5,0
151.8,50.04,43.52,35.57,75.99,47.76,0
109.43,51.34,38.84,34.34,55.18,39.62,0
88.96,32.66,32.31,26.67,49.24,28.21,0
104.13,36.07,27.61,34.66,91.98,32.15,0
91.16,41.5,48.74,40.49,72.75,39.52,0
148.64,44.41,23.12,28.08,46.02,39.26,0
141.26,52.44,11.05,36.12,60.55,39.45,0
114.6,46.2,25.34,31.03,47.3,35.32,0
148.41,50.48,13.85,33.78,51.79,40.41,0
140.8,25.63,17.82,34.12,44.55,37.04,0
109.17,56.64,19.6,37.89,95.0,35.48,0
159.05,61.85,38.33,20.28,95.0,40.88,0
173.27,61.9,25.45,32.4,41.72,49.07,0
117.43,61.84,33.81,32.74,45.38,41.01,0
125.92,81.8,25.68,24.83,67.7,38.31,0
79.22,42.6,35.24,42.62,60.75,35.95,0
131.98,43.4,30.26,25.74,42.65,36.83,0
124.87,46.46,44.39,37.54,54.18,44.69,0
106.46,55.37,10.0,22.84,62.69,26.6,0
117.86,60.62,36.53,37.32,73.78,42.44,0
110.32,51.44,32.93,24.34,52.55,33.5,0
85.52,58.41,18.69,32.42,69.79,29.78,0
135.97,42.87,30.4,30.87,74.83,38.47,0
132.85,46.9,10.12,26.39,20.0,34.1,0
117.25,44.87,37.49,26.09,49.28,35.96,0
100.75,45.96,41.19,35.85,20.0,40.38,0
112.58,51.29,34.77,26.74,68.49,34.74,0
150.07,53.25,34.81,23.78,85.73,39.42,0
99.14,76.44,10.0,14.82,25.09,26.1,0
137.76,42.26,17.71,23.54,51.34,33.17,0
111.98,54.09,35.1,26.34,62.44,35.2,0
140.48,47.04,22.37,38.93,25.7,44.42,0
129.09,76.89,28.44,37.12,48.94,45.94,0
83.1,39.73,31.31,25.96,52.13,27.41,0
136.35,48.47,47.11,35.21,53.04,46.59,0
148.98,43.93,32.37,21.98,20.53,39.7,0
128.27,55.68,32.06,29.15,66.29,38.84,0
97.18,57.89,16.18,34.34,44.65,33.42,0
158.22,60.34,44.51,16.26,35.53,42.96,0
109.2,18.0,24.11,31.49,41.93,30.61,0
119.85,34.15,43.01,31.55,24.5,40.22,0
109.53,52.05,13.19,31.34,69.21,31.38,0
125.66,50.25,17.94,24.07,42.98,32.85,0
60.0,37.48,14.5,23.23,65.26,16.88,0
150.74,42.37,33.32,26.51,42.44,41.19,0
140.04,45.87,22.47,21.84,50.25,34.43,0
97.76,40.02,10.25,43.96,77.72,32.75,0
146.39,77.88,33.89,45.0,58.46,53.96,0
106.46,53.72,16.07,30.63,79.8,30.87,0
113.3,37.3,26.61,29.02,39.99,33.51,0
146.94,59.11,10.82,28.29,60.91,37.42,0
108.01,35.29,36.1,27.73,78.16,32.0,0
141.37,47.5,28.64,31.69,75.74,40.03,0
136.35,61.14,35.99,37.28,45.32,47.12,0
104.35,46.02,15.77,28.19,58.17,29.2,0
97.92,74.86,43.09,30.46,58.32,39.76,0
142.79,34.6,25.09,28.08,93.2,34.95,0
153.53,47.74,28.71,26.06,55.93,40.44,0
100.82,48.13,28.15,36.1,49.21,36.23,0
172.96,49.41,23.39,12.0,35.23,36.9,0
103.02,56.23,35.78,32.47,61.94,37.14,0
114.15,58.18,15.58,31.92,53.46,34.72,0
123.33,69.03,29.0,32.07,50.42,41.34,0
60.0,56.38,24.17,25.77,84.36,22.16,0
122.87,47.13,31.75,27.7,66.32,35.87,0
60.0,45.79,19.6,25.29,41.76,21.47,0
125.47,46.34,26.16,22.99,65.13,32.59,0
114.57,47.84,24.92,35.66,56.99,37.28,0
89.87,70.54,18.13,21.84,66.45,27.0,0
115.19,38.27,23.59,26.05,42.22,31.66,0
148.15,51.75,29.41,22.54,49.22,38.78,0
88.07,47.81,13.88,31.51,79.35,26.66,0
104.55,40.17,34.02,26.95,60.99,32.03,0
89.86,65.39,43.05,18.67,95.0,29.25,0
150.62,44.18,24.87,41.53,53.69,46.34,0
132.11,39.79,24.47,28.43,20.63,37.41,0
136.29,54.1,37.39,26.65,74.44,39.68,0
134.14,43.79,28.6,25.0,52.28,36.03,0
103.37,48.49,31.64,29.46,75.6,32.94,0
173.64,35.56,25.68,26.28,92.16,39.93,0
112.55,60.81,15.23,28.83,71.18,32.28,0
147.75,67.84,15.81,44.24,65.58,47.73,0
94.34,32.05,23.58,28.65,22.17,29.35,0
93.05,55.54,28.44,32.34,60.14,33.51,0
151.98,62.84,50.71,22.71,46.9,46.33,0
101.46,59.61,23.31,31.23,41.53,34.74,0
114.07,54.45,35.8,31.51,79.43,37.53,0
142.52,68.07,37.76,23.92,53.49,42.53,0
114.85,76.64,42.21,35.52,75.46,44.52,0
149.74,55.18,49.48,33.46,52.99,49.63,0
143.98,46.06,20.72,26.71,66.48,36.37,0
106.72,54.77,42.68,29.51,42.62,38.75,0
111.22,56.97,26.54,25.41,69.72,32.58,0
127.37,45.77,26.93,30.14,68.23,36.46,0
111.28,70.57,51.75,26.97,37.15,42.96,0
155.72,49.66,17.37,26.23,61.04,38.21,0
145.68,56.93,14.64,13.41,60.22,30.4,0
136.24,46.84,29.92,13.28,39.58,31.92,0
126.35,37.8,22.9,22.21,54.69,30.9,0
78.62,48.01,24.67,21.51,46.35,24.23,0
103.8,71.62,24.26,45.0,38.88,44.09,0
148.62,82.09,29.56,33.25,80.71,46.93,0
60.0,52.9,31.39,35.07,34.89,30.53,0
155.3,42.01,38.14,21.64,71.43,39.24,0
132.68,61.72,24.73,17.71,73.57,32.64,0
109.98,54.11,29.71,33.38,20.0,39.19,0
135.74,60.55,10.0,22.3,48.6,33.03,0
135.73,56.36,25.97,38.84,65.4,43.7,0
121.58,43.63,29.82,33.17,26.68,39.4,0
113.11,52.06,24.24,26.0,55.96,32.66,0
146.59,47.65,35.62,27.44,77.34,40.46,0
134.32,41.02,27.6,35.04,59.23,40.1,0
119.25,73.62,26.33,18.97,58.45,33.65,0
93.11,34.69,23.45,40.26,61.01,33.32,0
117.17,45.37,30.82,23.83,82.66,31.62,0
98.09,49.39,22.92,25.54,68.06,28.44,0
132.15,46.13,37.13,30.81,41.55,41.49,0
103.66,55.99,41.7,31.18,65.88,37.8,0
124.4,66.83,34.74,37.37,48.1,45.37,0
60.0,47.37,18.44,33.87,63.42,24.62,0
129.85,71.09,19.95,26.52,60.2,37.36,0
109.71,48.1,38.67,31.64,58.99,37.63,0
135.07,53.29,31.79,30.58,72.62,40.06,0
163.62,57.83,27.3,29.75,46.54,45.65,0
121.28,40.78,40.14,23.76,68.41,34.63,0
144.43,49.94,37.3,31.46,73.24,43.01,0
120.28,59.87,13.89,29.1,49.66,34.43,0
130.02,51.54,41.55,27.12,53.07,40.5,0
131.58,58.11,32.03,26.93,52.38,39.35,0
128.84,65.13,30.83,39.04,53.54,45.55,0
119.59,27.55,39.0,19.38,53.18,30.77,0
141.88,51.38,48.58,29.79,54.86,45.54,0
102.44,45.24,24.93,36.42,78.56,34.04,0
91.47,56.27,45.55,24.09,45.65,34.03,0
100.16,23.11,13.22,31.71,39.67,27.31,0
119.11,27.8,32.1,16.66,77.11,26.51,0
76.69,62.88,24.95,27.08,20.0,30.13,0
152.26,56.09,20.84,33.72,50.15,43.62,0
137.42,42.95,17.48,25.17,60.55,33.5,0
133.57,35.26,26.15,21.72,45.82,32.82,0
188.0,43.77,47.43,15.68,40.64,46.16,0
112.7,55.72,25.24,23.85,59.26,32.11,0
132.03,36.71,16.83,38.39,31.17,39.58,0
183.19,50.19,25.83,35.46,31.63,51.35,0
115.31,43.4,38.09,20.33,66.84,31.79,0
109.17,32.23,40.11,27.92,69.03,33.3,0
108.97,49.48,16.42,26.11,65.58,29.26,0
113.87,64.0,34.74,35.89,41.7,42.66,0
156.65,45.31,35.7,35.59,77.5,46.03,0
80.66,21.54,29.3,25.76,60.99,23.4,0
125.82,52.55,24.19,34.31,46.64,39.63,0
138.5,39.66,31.81,33.64,43.87,41.74,0
137.24,39.45,28.63,21.77,66.55,33.66,0
140.02,58.62,35.67,37.11,48.29,47.11,0
88.14,48.25,34.42,23.71,56.08,28.93,0
115.11,76.88,20.06,29.15,55.34,37.11,0
103.44,59.52,17.32,33.27,57.16,33.89,0
123.45,63.17,16.62,16.97,38.61,30.61,0
158.98,33.68,26.78,36.26,54.71,44.15,0
157.95,39.71,33.2,30.33,63.93,42.93,0
136.65,44.37,11.02,25.43,38.93,33.22,0
89.37,66.26,29.57,27.12,65.14,31.76,0
88.78,39.43,16.49,24.14,55.06,23.78,0
132.03,46.25,14.43,45.0,52.04,42.6,0
117.31,51.18,33.71,22.16,81.42,32.38,0
127.37,53.54,36.01,38.51,57.23,44.46,0
129.77,56.57,34.41,24.05,48.61,38.13,0
134.81,38.33,35.18,19.75,20.0,35.95,0
154.92,72.06,26.85,36.09,85.74,47.18,0
67.94,56.17,20.88,35.67,48.84,29.5,0
108.88,62.09,31.64,34.41,28.84,40.65,0
133.6,52.3,29.46,24.14,72.51,35.89,0
131.75,54.66,38.47,29.65,23.14,43.27,0
112.9,77.68,26.32,19.88,32.03,34.85,0
127.88,30.53,19.31,25.73,39.53,31.81,0
132.95,49.79,38.16,31.15,49.58,42.16,0
147.95,72.03,32.73,28.42,33.9,46.09,0
103.21,42.14,25.12,37.76,55.52,35.61,0
158.59,49.47,30.05,39.1,42.88,49.09,0
83.61,50.52,30.65,37.01,20.0,35.98,0
109.61,60.85,13.98,19.06,34.07,28.43,0
128.35,63.94,22.11,13.31,41.64,30.93,0
152.93,28.62,17.45,28.7,37.83,37.18,0
131.91,34.01,29.0,23.23,90.71,31.54,0
111.82,51.86,25.53,29.62,76.4,33.51,0
149.89,41.94,21.14,27.62,60.42,37.72,0
109.23,49.36,19.89,26.04,45.96,31.07,0
116.46,54.72,18.34,41.13,61.74,39.5,0
80.37,22.5,25.79,37.91,65.08,28.5,0
128.29,30.81,19.83,42.12,70.66,38.69,0
162.34,52.01,22.8,29.77,60.4,42.83,0
135.79,30.85,21.37,19.33,80.12,28.55,0
136.18,48.18,45.68,22.31,65.07,39.12,0
132.88,80.52,29.91,40.73,45.16,49.48,0
160.78,47.17,24.3,29.88,58.82,42.38,0
125.04,71.53,35.28,36.13,37.6,46.17,0
118.0,44.29,32.44,28.99,49.87,36.23,0
111.09,61.76,51.29,25.21,50.65,40.02,0
126.22,45.18,35.29,26.37,57.29,36.84,0
98.84,47.61,29.17,22.39,22.73,30.52,0
91.73,40.71,33.32,22.88,31.9,29.05,0
113.07,62.2,28.16,20.65,23.51,33.97,0
142.12,45.49,33.74,26.85,74.62,38.74,0
150.75,69.94,30.21,23.94,56.99,42.3,0
144.7,36.84,33.84,36.32,21.34,45.42,0
126.76,46.63,21.0,36.37,84.67,37.34,0
102.91,64.74,21.62,26.8,44.2,32.97,0
111.78,51.5,23.56,36.02,51.43,37.42,0
131.25,69.32,27.64,35.31,50.44,44.1,0
70.49,67.17,39.67,41.74,68.9,38.04,0
106.93,40.33,30.04,31.31,60.41,33.74,0
120.64,71.6,20.85,27.27,20.0,38.38,0
116.03,54.57,25.61,32.65,37.56,38.12,0
115.35,58.87,40.1,27.95,53.44,38.93,0
147.2,59.73,17.14,20.09,71.5,34.44,0
94.15,68.28,32.26,25.02,70.04,32.26,0
159.76,58.73,35.72,24.51,73.69,43.12,0
105.56,69.34,10.0,25.05,67.75,29.25,0
144.16,43.9,25.33,29.16,36.04,39.95,0
172.04,52.38,35.3,22.55,92.98,42.4,0
127.11,44.37,29.81,21.24,28.4,34.45,0
120.8,60.88,21.84,32.51,65.0,37.51,0
138.16,74.56,29.37,36.72,60.56,46.69,0
128.21,30.52,19.0,19.72,62.92,27.62,0
109.13,61.7,29.91,26.47,20.0,36.69,0
97.59,39.9,23.72,42.37,55.9,36.23,0
122.95,44.03,39.95,28.8,59.17,38.32,0
117.11,41.03,31.62,17.1,26.63,30.63,0
126.52,66.98,33.19,30.0,53.93,41.42,0
118.47,63.5,25.28,27.59,62.03,35.98,0
151.39,46.51,14.01,30.15,20.87,40.16,0
162.9,29.59,10.0,39.98,39.26,42.89,0
129.06,44.18,16.37,39.13,80.97,37.86,0
165.34,40.32,21.03,22.02,54.59,37.73,0
134.57,54.11,28.26,25.45,55.29,37.54,0
118.65,49.45,23.97,30.99,57.3,35.66,0
101.56,46.99,26.42,24.72,46.28,30.25,0
142.89,41.37,21.46,33.67,51.47,39.92,0
142.41,60.72,33.48,19.4,58.12,37.96,0
131.96,41.85,46.93,21.1,45.24,38.16,0
150.54,52.11,17.73,39.63,89.5,42.99,0
138.27,64.01,18.96,25.95,20.0,39.38,0
120.38,51.68,24.62,34.13,54.49,38.16,0
142.09,50.19,23.55,40.01,72.86,43.62,0
121.45,64.83,19.46,29.7,43.71,37.27,0
106.94,46.25,26.57,30.27,70.88,32.69,0
113.02,46.0,30.96,41.43,64.88,40.69,0
132.29,35.12,32.81,32.61,47.07,39.55,0
114.75,47.24,47.41,41.33,39.88,46.32,0
116.53,45.66,26.3,28.78,40.68,35.04,0
114.12,33.43,37.44,45.0,71.37,42.14,0
138.2,42.32,30.59,24.85,92.01,34.96,0
175.85,39.29,25.21,24.44,26.91,43.08,0
139.12,50.84,17.24,42.55,48.13,44.16,0
120.79,31.23,24.53,42.08,52.46,39.42,0
138.85,57.28,38.12,36.05,65.8,45.9,0
138.11,59.74,27.44,33.12,30.05,43.86,0
158.94,61.88,49.12,23.82,30.29,48.46,0
150.46,45.68,40.97,34.29,29.77,47.97,0
164.97,87.91,19.09,35.46,35.02,51.56,0
112.64,40.13,35.4,24.57,49.75,33.19,0
113.44,56.62,30.86,31.23,20.0,39.37,0
140.04,50.22,18.74,28.86,64.64,36.93,0
152.96,56.06,38.56,27.18,58.01,44.32,0
118.78,64.82,16.16,31.63,73.67,35.46,0
136.12,56.08,34.45,22.89,95.0,36.31,0
113.5,47.71,20.66,25.45,95.0,29.04,0
143.09,48.56,30.59,35.92,52.81,44.22,0
124.66,46.95,19.53,45.0,66.29,41.88,0
150.31,66.0,40.13,38.03,55.1,51.19,0
144.88,18.38,21.35,27.38,41.09,34.41,0
129.93,46.8,31.52,29.47,67.57,37.86,0
103.67,41.38,37.06,25.67,20.0,34.19,0
102.85,67.54,21.86,24.71,66.27,31.26,0
161.96,37.3,28.7,17.62,50.6,36.54,0
98.01,63.74,24.76,33.66,52.03,35.74,0
177.26,24.19,32.11,39.41,60.93,48.66,0
82.4,57.68,28.38,15.3,68.96,22.92,0
111.4,62.85,31.05,36.6,60.75,40.56,0
147.7,75.36,30.42,23.92,31.73,43.81,0
119.38,58.4,26.45,16.44,64.91,29.99,0
122.98,70.15,21.34,31.27,41.54,39.64,0
169.19,46.34,23.76,30.99,50.29,44.62,0
136.78,56.22,29.69,32.75,57.18,42.13,0
163.95,62.47,15.23,43.56,59.43,49.72,0
143.53,53.27,16.28,32.39,20.0,41.4,0
120.69,43.6,15.45,25.16,65.5,29.84,0
73.26,53.25,29.33,20.62,42.21,24.88,0
103.1,40.82,14.86,23.11,39.09,26.44,0
109.26,47.18,32.45,41.62,68.15,40.46,0
162.24,30.56,35.05,33.19,20.05,46.48,0
133.96,78.35,26.85,43.87,71.49,48.89,0
111.49,27.24,25.5,29.37,59.74,30.7,0
111.08,48.67,38.2,27.69,45.54,36.55,0
130.79,35.07,28.9,38.68,76.6,39.89,0
168.79,55.51,18.4,37.92,60.09,47.53,0
90.51,22.37,37.1,41.83,49.14,35.79,0
126.74,47.02,19.45,26.35,56.2,33.43,0
142.01,33.02,31.3,38.22,58.38,42.88,0
131.28,52.72,23.46,29.18,45.92,37.94,0
83.92,39.22,31.69,40.47,43.07,35.29,0
123.44,56.07,41.47,31.97,59.28,42.04,0
147.53,68.63,19.6,34.67,50.89,44.66,0
119.41,74.88,25.35,21.38,59.85,34.76,0
91.65,28.05,28.33,33.55,23.0,31.85,0
121.06,51.94,25.19,27.75,61.64,34.9,0
163.06,53.22,11.18,31.13,34.77,42.31,0
141.88,62.48,39.27,23.74,20.0,43.58,0
162.59,64.85,40.37,26.93,79.03,46.55,0
160.64,48.6,10.0,23.0,59.16,35.66,0
137.23,37.99,18.83,27.74,53.82,34.72,0
146.67,46.12,22.7,24.18,40.83,37.35,0
107.94,30.39,31.99,15.34,65.56,24.75,0
125.04,37.11,24.08,34.44,33.76,38.01,0
96.5,63.56,19.49,31.76,47.54,33.45,0
120.12,67.56,22.32,31.43,45.69,38.87,0
134.55,62.42,32.73,25.44,64.33,39.32,0
131.69,73.95,42.9,19.4,53.57,40.38,0
153.77,61.12,33.45,26.02,39.9,44.28,0
127.04,27.85,42.26,36.37,55.13,41.34,0
60.0,45.69,24.59,45.0,43.85,32.4,0
122.49,60.66,30.36,28.6,83.37,36.96,0
108.23,54.63,29.89,31.51,80.12,35.05,0
148.87,40.97,28.81,14.54,55.8,32.93,0
103.64,58.84,34.58,26.07,54.79,34.49,0
107.24,42.02,29.39,22.77,81.59,28.55,0
123.99,58.88,39.11,32.54,63.23,42.06,0
116.38,68.17,32.76,30.18,66.69,39.11,0
181.14,49.0,22.97,30.42,65.91,45.89,0
129.93,64.29,31.63,19.03,54.75,35.76,0
159.58,63.47,43.42,20.06,53.87,44.37,0
96.77,61.62,16.84,21.22,55.8,26.91,0
187.79,73.82,28.74,17.4,31.95,47.14,0
120.48,54.21,32.25,29.76,72.42,37.28,0
121.89,36.54,55.61,12.96,36.72,34.05,0
102.34,50.23,39.6,25.49,29.53,35.23,0
129.58,27.9,24.83,26.28,66.06,32.03,0
145.61,40.09,11.74,29.09,49.73,35.7,0
157.71,51.39,40.87,23.77,27.96,44.88,0
138.84,49.02,40.14,42.21,58.13,48.69,0
137.71,73.73,24.08,34.34,58.4,44.14,0
157.89,31.45,18.75,22.84,62.92,34.6,0
131.16,50.71,17.88,23.2,74.91,31.86,0
143.67,48.56,22.62,29.77,73.02,38.32,0
141.07,44.12,36.97,34.64,32.56,45.14,0
128.13,56.47,26.49,29.72,63.3,38.02,0
107.56,34.4,48.53,43.48,45.65,44.28,0
150.27,18.0,33.88,26.52,73.43,36.29,0
153.28,39.24,23.2,31.16,60.47,40.21,0
122.39,47.33,21.36,26.56,63.44,32.89,0
78.39,72.55,17.91,39.99,52.98,34.91,0
61.76,60.55,33.13,29.92,62.72,28.37,0
129.45,32.9,23.0,33.69,92.49,34.65,0
95.92,42.95,28.2,24.48,62.91,28.14,0
85.77,50.04,30.61,28.17,55.72,30.09,0
117.84,31.02,29.29,29.1,77.62,32.25,0
141.27,45.7,25.74,25.17,60.43,36.57,0
145.92,72.5,42.93,39.17,55.76,52.52,0
78.34,54.38,27.58,23.91,46.91,26.94,0
142.93,61.33,26.2,29.24,51.4,41.65,0
142.24,69.87,19.38,45.0,70.05,48.03,0
98.22,68.99,38.7,31.66,53.64,38.77,0
115.43,31.07,21.63,26.11,76.96,28.53,0
133.23,51.43,26.07,20.13,36.87,34.66,0
159.15,48.23,25.39,27.33,63.66,40.97,0
131.75,46.13,10.0,28.19,20.0,34.67,0
129.63,57.51,40.64,34.81,75.99,43.74,0
95.19,28.55,24.49,27.41,62.62,26.58,0
125.55,64.23,35.42,40.98,69.67,46.1,0
103.42,61.38,21.25,42.4,45.25,40.25,0
99.25,70.55,31.08,32.11,73.3,36.59,0
70.65,50.69,25.71,27.97,54.43,26.25,0
132.8,49.28,19.71,26.85,51.3,35.39,0
143.86,61.4,32.46,33.1,59.29,44.87,0
112.17,43.06,29.01,26.49,62.65,32.3,0
116.59,45.79,28.39,24.73,45.63,33.3,0
123.64,29.2,27.34,36.93,44.09,38.16,0
85.14,61.42,31.73,32.44,37.85,34.87,0
149.57,43.89,11.44,24.74,23.45,36.01,0
89.59,47.57,24.8,26.08,68.99,27.33,0
131.09,68.85,38.98,23.46,32.04,41.72,0
160.37,63.49,33.65,24.59,63.92,43.93,0
88.38,53.35,31.35,19.62,32.46,28.09,0
122.94,52.15,40.52,22.85,36.14,37.78,0
114.32,45.77,17.76,30.19,20.0,34.34,0
174.36,50.86,13.69,18.65,61.94,37.02,0
144.86,61.42,19.21,30.35,54.89,40.72,0
130.92,47.42,18.48,21.74,63.73,31.32,0
115.4,60.71,24.54,30.22,65.4,36.0,0
107.13,47.8,25.62,19.68,64.41,27.74,0
74.51,61.2,22.34,30.56,48.65,29.19,0
146.71,66.4,43.39,28.14,53.71,46.5,0
121.43,50.24,34.31,30.27,43.1,39.11,0
131.06,30.54,20.84,31.52,84.31,33.41,0
127.21,38.27,26.31,31.78,48.53,37.03,0
97.15,33.15,22.14,30.28,65.6,28.3,0
122.88,28.99,28.56,24.65,62.84,31.22,0
108.67,64.6,21.21,25.35,52.52,32.74,0
124.95,58.56,29.01,17.98,59.53,32.66,0
127.33,49.67,19.94,20.75,67.17,30.67,0
131.2,54.35,26.38,33.43,72.52,39.64,0
104.29,44.25,35.34,31.5,43.34,36.03,0
86.56,53.35,25.83,24.77,39.05,28.68,0
148.26,57.92,37.65,22.36,24.2,42.8,0
133.22,46.52,17.65,45.0,45.79,43.94,0
151.62,44.44,39.31,32.14,81.11,43.96,0
115.76,75.54,33.11,27.64,82.81,38.03,0
131.13,51.63,26.52,27.41,85.7,35.62,0
151.5,58.38,28.38,25.88,88.94,39.75,0
144.4,55.35,23.68,22.74,46.84,37.45,0
93.21,41.83,31.77,39.96,43.01,37.09,0
114.48,70.55,12.01,43.87,83.4,40.13,0
143.44,59.31,18.99,29.09,49.38,39.75,0
116.76,38.74,39.62,22.59,62.07,33.14,0
127.22,57.53,33.48,29.21,54.11,39.89,0
130.98,68.67,28.23,28.65,54.36,40.57,0
156.72,60.24,34.86,26.89,29.36,45.99,0
146.77,24.25,11.17,31.56,55.31,34.51,0
133.18,47.62,26.07,33.29,32.68,40.91,0
127.73,44.1,40.96,31.07,47.5,41.16,0
101.42,67.27,43.59,30.24,44.23,40.04,0
131.53,45.33,33.49,21.95,65.97,34.74,0
122.91,59.83,29.89,24.26,89.23,34.34,0
107.32,64.83,32.16,36.14,41.38,41.11,0
155.44,77.65,20.32,29.29,37.11,45.52,0
157.81,80.74,26.71,30.72,33.93,48.78,0
149.02,46.49,31.91,33.39,77.51,42.81,0
126.18,39.19,36.46,24.97,31.41,36.86,0
92.45,61.95,33.72,26.82,47.99,33.42,0
134.12,46.41,22.47,27.58,20.0,37.82,0
116.02,47.18,15.12,41.82,39.72,39.04,0
150.29,49.74,25.34,32.56,71.59,41.8,0
159.23,47.42,35.34,34.74,45.8,47.86,0
102.54,65.09,30.23,19.97,51.79,31.22,0
90.2,50.71,27.5,30.01,74.07,30.24,0
167.48,28.55,10.0,34.27,58.68,39.75,0
104.89,69.08,27.52,24.43,61.64,33.29,0
151.66,60.32,21.84,30.33,56.15,42.34,0
128.7,63.89,18.07,30.4,74.01,36.94,0
119.44,53.76,33.12,25.85,42.7,36.77,0
102.49,56.71,20.03,30.47,53.73,32.74,0
111.79,71.12,27.72,27.89,52.17,37.07,0
138.48,54.52,22.96,36.79,85.29,41.2,0
147.87,55.16,31.62,25.17,52.44,40.89,0
146.65,34.85,19.24,25.05,85.19,33.16,0
79.28,39.36,19.05,26.08,55.83,23.6,0
134.37,60.6,41.71,37.59,52.04,47.88,0
99.09,44.5,42.24,33.15,41.89,37.69,0
130.24,41.2,25.72,35.33,47.08,39.7,0
173.31,39.51,25.19,27.39,62.18,42.36,0
112.6,49.46,27.59,36.91,51.89,38.67,0
97.4,58.37,31.88,45.0,42.43,42.73,0
120.09,31.93,33.43,33.76,76.37,36.17,0
133.11,73.85,25.72,12.22,53.16,32.92,0
128.93,45.75,24.24,28.17,26.78,37.18,0
140.67,54.71,42.56,23.79,60.65,41.06,0
137.52,38.58,40.4,19.53,62.57,35.49,0
157.24,24.81,22.49,37.67,56.98,42.16,0
141.66,46.0,34.97,25.08,59.24,38.91,0
123.36,48.14,33.57,38.54,39.23,43.31,0
123.22,57.2,21.42,32.55,45.28,38.34,0
113.83,35.32,32.22,28.79,44.47,34.34,0
134.26,53.3,21.27,26.76,49.42,36.64,0
144.81,20.92,43.62,32.01,48.42,42.05,0
115.95,37.89,25.0,36.13,60.64,36.21,0
169.8,29.75,29.38,28.08,22.67,43.69,0
166.5,46.17,10.46,34.6,58.44,42.32,0
156.21,33.29,23.13,28.85,36.0,39.95,0
138.41,48.22,29.36,31.41,90.29,38.9,0
130.44,51.26,26.8,37.66,53.49,42.24,0
114.24,54.36,25.47,30.81,40.62,36.66,0
93.63,75.12,22.98,25.74,49.56,32.27,0
163.77,59.87,31.01,34.51,52.46,48.93,0
135.9,45.34,47.92,26.63,61.36,41.56,0
137.73,47.76,29.82,24.89,48.66,37.65,0
149.04,56.23,28.84,28.91,49.42,42.6,0
159.02,54.38,24.13,25.49,60.62,40.74,0
131.38,39.4,23.66,26.41,59.36,34.08,0
99.8,58.77,21.9,26.8,51.02,31.3,0
129.05,37.85,19.4,27.92,39.13,34.19,0
139.07,69.23,33.03,31.85,76.27,43.77,0
87.18,44.4,27.17,32.9,28.16,32.47,0
151.45,53.88,25.25,31.41,57.55,42.69,0
120.44,56.38,25.78,25.97,55.63,34.96,0
152.46,26.36,32.96,31.88,20.0,42.99,0
117.0,62.91,26.17,13.06,75.46,27.91,0
129.17,50.1,26.48,26.02,38.13,36.72,0
122.28,54.26,38.3,34.55,48.76,42.63,0
138.0,43.37,18.32,19.91,52.98,31.62,0
86.6,52.94,35.53,27.98,78.11,30.61,0
142.99,63.85,34.99,38.49,51.46,48.75,0
138.46,59.45,29.25,28.67,62.44,40.48,0
132.18,48.61,31.83,39.52,86.97,42.65,0
136.22,45.87,22.52,28.52,82.94,35.46,0
116.22,67.27,27.21,33.47,56.83,39.76,0
135.0,65.61,13.55,31.58,95.0,36.78,0
90.15,33.62,11.22,30.95,63.14,24.95,0
125.53,42.37,37.15,25.33,95.0,34.36,0
142.33,31.39,34.98,17.83,74.29,32.61,0
111.85,38.27,27.58,25.9,33.76,32.37,0
134.34,46.34,30.49,21.96,95.0,33.21,0
104.97,41.74,12.5,31.56,60.78,29.48,0
91.86,32.84,33.89,43.31,38.84,37.98,0
104.08,56.74,33.97,37.65,29.66,41.18,0
145.11,57.11,36.23,34.97,50.17,46.79,0
122.94,31.56,36.36,13.1,72.91,27.17,0
123.36,41.99,27.79,37.46,55.4,39.71,0
90.61,59.94,41.07,18.55,33.11,31.18,0
122.31,67.01,36.58,23.79,28.32,39.66,0
99.87,34.6,30.74,28.59,60.22,30.48,0
162.49,63.22,32.99,17.39,67.38,40.34,0
87.98,47.55,34.23,17.2,40.37,26.29,0
109.23,29.44,22.18,40.94,38.47,36.65,0
101.42,40.13,26.8,38.29,76.9,34.6,0
146.91,41.59,10.0,36.11,46.73,39.38,0
89.06,44.19,29.2,25.09,43.13,28.61,0
95.81,33.21,38.12,29.35,72.27,31.11,0
171.6,52.58,19.01,27.36,40.42,43.47,0
96.35,38.24,28.08,22.05,47.87,27.07,0
131.74,32.14,42.61,33.58,72.07,40.62,0
129.12,29.83,28.54,29.17,80.02,33.85,0
84.09,37.66,45.35,32.42,38.41,34.58,0
132.88,55.95,25.43,24.82,82.36,35.15,0
123.69,50.72,19.42,31.52,60.08,35.78,0
106.72,48.46,15.48,36.88,72.26,33.54,0
98.8,69.45,46.41,28.87,50.71,39.55,0
102.92,44.95,24.88,28.05,75.9,30.02,0
167.11,54.78,23.67,32.75,63.67,45.62,0
129.93,55.37,23.35,21.14,75.03,32.56,0
113.86,47.6,27.4,24.34,64.34,31.69,0
92.12,48.98,10.0,33.97,27.5,30.45,0
112.61,21.5,38.17,37.47,95.0,35.43,0
106.83,51.03,27.65,40.08,67.1,38.69,0
104.32,57.01,34.97,13.5,79.0,26.95,0
159.74,46.12,19.73,26.1,53.77,39.31,0
86.53,36.66,24.49,16.08,74.04,19.93,0
120.82,85.96,23.03,31.13,60.18,40.87,0
106.98,42.33,40.29,38.22,76.94,39.11,0
154.86,60.54,46.29,32.08,34.63,50.77,0
136.53,42.53,10.0,29.7,45.42,34.51,0
105.36,57.48,35.78,23.22,65.8,32.92,0
156.09,40.54,28.54,25.97,72.36,38.99,0
131.18,30.3,24.58,43.99,50.1,42.25,0
117.76,62.14,17.34,38.77,53.43,39.77,0
115.7,31.86,34.89,24.43,68.55,31.45,0
151.98,54.19,17.09,23.74,58.72,36.98,0
137.91,45.42,24.97,21.59,58.81,34.03,0
98.64,53.75,28.21,29.7,53.03,33.25,0
127.82,52.3,28.36,25.78,58.72,36.09,0
145.94,38.74,28.77,30.1,45.7,40.36,0
144.27,49.28,35.29,26.92,60.91,40.75,0
95.98,63.61,45.66,34.72,54.53,40.77,0
116.93,45.58,16.05,23.47,75.47,28.24,0
115.37,67.03,30.79,41.23,50.19,44.65,0
160.17,31.35,31.86,30.37,37.22,43.19,0
149.76,67.78,40.22,31.52,63.13,47.7,0
132.77,37.21,28.71,32.13,70.36,37.54,0
141.65,62.97,10.0,28.31,63.75,36.68,0
106.96,42.76,44.01,24.53,35.93,35.27,0
108.11,58.39,37.11,18.57,75.07,31.07,0
145.26,25.76,10.0,30.96,42.25,34.52,0
84.5,48.56,16.11,36.5,33.21,31.47,0
114.87,63.27,31.2,12.25,35.38,30.38,0
111.91,64.93,31.12,42.81,23.11,45.95,0
90.76,41.33,27.14,19.61,59.53,24.46,0
101.3,29.21,28.48,36.71,43.7,34.33,0
142.36,63.56,28.34,33.64,59.91,44.15,0
82.43,56.13,29.69,30.24,63.35,30.78,0
139.31,52.92,24.88,21.24,47.44,35.7,0
146.01,57.99,30.07,30.48,76.38,42.04,0
89.95,70.14,19.92,32.22,71.02,32.35,0
158.78,75.93,38.93,24.69,30.41,48.38,0
95.82,48.98,27.83,29.23,72.37,30.78,0
94.22,44.78,16.22,19.61,35.85,24.13,0
126.7,51.08,37.52,25.53,32.57,39.1,0
136.04,55.0,16.94,17.77,54.54,31.41,0
122.99,37.01,33.88,29.59,67.71,35.86,0
133.02,65.78,37.58,17.86,60.0,37.1,0
116.76,52.99,31.46,28.18,60.37,36.06,0
137.09,58.83,17.2,27.95,95.0,35.27,0
117.34,32.63,19.69,21.27,93.97,25.35,0
139.1,42.63,32.78,45.0,95.0,45.62,0
158.24,49.14,34.83,24.29,69.89,41.37,0
114.79,64.83,32.06,41.23,55.47,44.28,0
116.89,42.12,27.54,32.53,44.3,36.6,0
109.22,68.87,28.48,33.29,92.38,37.17,0
107.18,33.36,48.44,24.6,41.23,34.83,0
67.48,68.55,12.38,28.31,61.33,24.8,0
126.28,37.52,26.5,31.28,48.17,36.57,0
111.01,47.09,38.43,26.89,87.73,33.86,0
104.67,53.53,30.55,30.17,70.73,34.22,0
148.29,54.88,15.63,29.58,46.57,39.59,0
140.69,63.59,40.5,31.63,50.6,46.23,0
123.72,44.12,26.78,22.48,66.28,31.8,0
130.78,87.64,27.79,22.81,87.12,38.53,0
172.1,48.31,21.83,31.22,50.31,45.08,0
135.16,43.61,10.87,38.13,48.31,38.69,0
140.04,65.41,20.2,32.66,34.57,42.81,0
138.59,33.4,30.49,30.7,45.88,39.0,0
90.12,18.0,16.46,30.03,80.22,22.7,0
110.0,52.62,15.98,42.89,56.89,38.6,0
137.41,58.56,23.49,33.87,71.46,40.93,0
141.59,67.87,27.69,43.1,30.98,50.64,0
132.05,62.99,37.67,40.92,92.11,46.48,0
132.19,44.52,38.05,31.23,46.37,41.45,0
111.04,77.54,29.07,29.07,31.25,39.79,0
119.19,38.33,35.51,33.42,43.62,38.87,0
126.76,33.81,32.97,25.71,40.3,35.31,0
130.83,64.89,32.04,22.77,40.41,38.69,0
138.4,43.42,38.75,26.4,58.65,39.56,0
137.1,48.18,41.2,38.67,78.12,45.74,0
141.32,51.11,26.49,26.23,29.04,39.61,0
131.75,49.45,17.38,26.11,68.57,33.43,0
146.07,46.42,25.69,32.27,52.4,41.47,0
148.18,44.34,36.72,35.14,61.06,45.21,0
145.85,67.84,28.05,28.92,52.82,43.3,0
185.54,66.05,21.79,12.25,20.0,42.0,0
114.32,39.96,31.41,24.71,87.1,30.71,0
159.23,29.72,19.71,31.13,40.06,40.12,0
107.34,59.04,26.34,23.0,38.26,32.5,0
85.55,30.64,20.12,26.43,77.5,22.86,0
113.58,38.85,18.02,17.91,91.19,23.6,0
121.99,73.26,26.65,33.86,35.93,42.75,0
169.31,36.89,25.75,25.11,90.24,38.86,0
105.7,63.8,28.93,26.68,49.17,34.78,0
120.44,67.97,35.91,12.12,51.45,32.3,0
95.31,59.88,22.49,13.61,44.58,24.51,0
121.17,35.09,23.9,25.33,36.05,32.32,0
120.64,28.95,25.61,39.08,86.1,36.15,0
118.0,52.96,27.58,19.79,84.63,29.94,0
115.48,57.15,26.84,30.72,47.13,37.23,0
148.33,41.16,26.41,31.2,40.61,41.37,0
109.6,57.84,29.7,27.59,82.18,33.64,0
110.08,48.7,29.94,35.91,30.64,39.24,0
104.0,51.26,26.23,41.49,51.4,39.37,0
121.45,41.94,19.98,28.19,43.98,33.42,0
111.85,61.9,26.92,30.27,22.51,38.27,0
145.44,55.05,15.84,24.53,20.0,37.95,0
134.32,52.89,40.1,39.23,47.9,47.43,0
154.31,81.33,18.44,27.65,32.28,44.8,0
119.04,29.96,25.1,31.25,28.09,34.87,0
148.7,53.13,23.82,41.16,20.0,48.5,0
176.3,59.65,20.74,18.79,76.69,39.62,0
127.21,38.01,39.86,38.36,57.55,43.09,0
83.98,56.88,34.67,20.76,39.46,28.81,0
108.45,71.83,33.07,28.98,75.74,37.21,0
120.1,48.03,26.35,36.06,62.8,38.55,0
141.46,60.67,24.26,30.19,95.0,39.12,0
140.17,76.84,37.88,23.96,23.73,44.87,0
104.67,58.47,39.98,31.05,54.41,38.43,0
82.13,42.58,30.85,36.13,65.98,31.92,0
110.96,69.64,35.22,21.2,49.8,35.29,0
139.06,64.09,32.26,33.55,37.79,45.63,0
130.95,57.78,28.7,33.24,88.06,39.76,0
133.45,31.85,17.24,32.54,48.27,35.47,0
112.52,73.03,15.07,40.88,66.22,40.22,0
91.81,42.07,33.58,28.88,32.91,32.27,0
101.42,45.44,23.99,25.04,28.47,30.47,0
122.3,44.79,39.95,38.05,52.3,43.28,0
128.69,59.93,21.51,28.81,41.38,38.06,0
103.56,65.74,39.65,27.06,65.57,36.61,0
87.89,18.0,29.05,33.48,63.44,27.88,0
125.84,54.35,13.02,22.67,64.49,30.49,0
143.56,55.13,34.48,31.88,53.52,44.1,0
103.96,36.67,26.36,29.88,37.14,32.26,0
100.1,26.12,23.61,19.33,75.1,22.25,0
151.11,38.05,26.67,37.23,51.35,43.97,0
146.67,68.38,17.07,28.61,46.88,41.03,0
101.35,45.18,20.91,25.86,30.04,30.01,0
142.68,52.14,28.25,29.89,38.48,41.78,0
116.54,57.04,23.65,17.56,31.23,30.85,0
130.19,20.74,32.08,32.04,46.14,36.75,0
157.41,34.21,40.22,28.65,36.29,44.29,0
147.54,70.19,10.0,34.35,48.92,42.51,0
146.75,41.45,32.59,31.49,65.16,41.53,0
108.36,48.72,39.68,30.86,40.22,38.27,0
129.25,39.33,29.79,28.78,43.52,37.14,0
135.52,44.67,30.28,30.57,38.29,40.28,0
149.63,72.0,11.71,37.66,37.19,45.79,0
150.26,64.3,25.7,17.16,60.43,36.78,0
169.6,57.82,17.84,25.17,53.32,41.83,0
95.23,64.39,20.97,32.11,78.04,32.34,0
122.84,45.72,37.17,24.8,64.93,35.58,0
104.93,54.88,30.28,25.99,54.94,33.08,0
114.67,65.08,31.37,26.92,63.93,36.54,0
167.12,66.82,41.66,37.52,50.28,54.68,0
109.4,41.31,27.57,25.01,25.63,32.31,0
99.62,52.54,24.89,31.31,46.46,33.59,0
132.09,40.13,48.54,30.76,49.09,42.97,0
136.42,50.63,33.26,22.15,52.42,37.08,0
150.05,57.13,38.02,26.53,53.72,43.71,0
158.04,24.58,38.6,35.28,46.79,45.45,0
135.69,50.82,24.93,16.14,53.82,31.9,0
136.84,38.39,23.05,33.06,61.62,37.99,0
114.05,36.64,29.16,35.37,64.47,36.12,0
132.37,49.93,28.45,28.29,40.24,38.78,0
151.5,84.14,28.8,45.0,49.34,55.0,0
163.23,37.42,27.28,30.47,70.3,41.88,0
116.45,58.36,34.74,30.39,65.11,38.41,0
109.42,40.41,28.78,29.59,64.42,32.84,0
116.16,42.81,33.39,19.46,63.35,30.48,0
117.33,26.14,10.63,26.03,25.96,28.05,0
128.82,39.01,36.54,18.54,28.88,34.24,0
140.93,59.08,37.79,23.99,86.67,39.37,0
106.15,65.82,15.18,28.08,34.75,33.27,0
123.84,62.31,10.0,27.05,79.04,31.99,0
127.0,36.05,15.64,26.52,40.12,31.92,0
156.14,61.37,29.16,29.88,62.69,44.5,0
123.92,49.06,30.62,45.0,37.88,46.13,0
107.61,59.86,35.34,21.33,69.67,32.41,0
117.26,52.46,27.7,20.69,49.56,31.97,0
166.16,56.63,25.7,31.68,60.94,45.8,0
115.15,52.63,23.73,31.44,30.34,36.99,0
104.34,32.57,35.89,36.27,78.11,35.19,0
125.61,27.07,30.34,27.79,60.2,33.56,0
92.98,61.29,15.81,17.42,60.9,23.78,0
101.88,52.71,25.53,38.9,59.08,37.34,0
137.55,50.86,35.45,25.74,69.55,38.78,0
103.26,64.81,32.8,23.86,84.13,32.25,0
128.71,30.41,31.37,29.59,46.63,36.42,0
134.4,66.95,17.06,27.59,62.14,37.35,0
107.96,51.5,38.46,31.16,48.68,38.02,0
133.8,38.72,33.17,25.57,56.92,36.4,0
165.11,53.27,19.11,29.17,81.3,41.28,0
124.52,46.28,25.77,28.29,45.59,35.95,0
123.28,42.73,41.36,15.61,41.09,32.85,0
91.52,54.58,37.69,37.44,74.23,37.17,0
146.39,77.19,36.48,28.15,56.19,46.18,0
138.48,61.65,30.48,22.74,50.02,38.75,0
127.78,62.66,21.51,32.34,56.35,39.29,0
102.73,72.66,42.7,31.38,64.4,40.38,0
132.37,57.4,30.62,28.39,71.05,38.85,0
126.11,54.8,39.25,40.46,33.54,47.34,0
110.66,53.5,40.85,17.69,49.79,32.57,0
144.78,49.63,13.89,28.67,60.79,36.64,0
107.84,48.36,15.75,32.63,74.74,31.54,0
99.94,54.39,16.12,28.93,90.82,28.39,0
118.49,50.27,15.47,40.17,48.56,38.74,0
108.4,69.04,30.57,30.2,63.11,37.46,0
141.88,67.93,44.82,22.85,60.28,43.21,0
111.42,46.37,34.64,32.27,36.15,38.19,0
98.98,52.8,33.29,26.42,58.55,32.48,0
130.3,45.64,32.21,37.02,80.89,41.04,0
135.38,40.95,35.48,38.62,28.88,45.48,0
74.77,55.69,14.31,30.22,95.0,24.05,0
141.31,45.73,17.35,34.13,30.13,40.56,0
100.0,48.79,29.16,34.76,82.59,34.08,0
126.03,60.67,47.29,22.52,74.81,39.05,0
97.3,35.96,13.99,28.47,41.77,27.05,0
155.18,47.85,35.71,33.78,95.0,44.34,0
119.0,40.19,26.69,20.88,47.6,30.51,0
117.89,45.99,24.33,27.74,57.03,33.52,0
109.93,41.82,16.25,34.85,61.56,32.89,0
116.09,44.59,38.11,35.25,66.33,39.59,0
78.67,65.83,30.85,32.92,70.0,32.74,0
145.25,57.66,42.75,35.05,64.33,47.79,0
120.55,62.39,35.74,22.33,75.82,35.38,0
97.76,68.21,44.36,33.58,39.75,41.6,0
114.65,36.94,36.14,23.46,42.39,33.09,0
119.99,48.37,31.24,38.0,54.64,41.13,0
129.59,57.6,14.61,37.17,60.05,39.48,0
90.07,48.01,20.71,34.15,49.47,31.5,0
111.17,61.23,23.43,24.49,95.0,30.7,0
124.28,42.78,16.78,21.92,39.34,30.38,0
126.77,60.05,16.54,36.05,66.42,38.9,0
118.74,47.07,22.52,28.4,49.58,34.09,0
109.43,40.02,39.72,26.28,87.29,32.6,0
71.41,39.5,16.97,29.38,46.4,23.83,0
104.71,46.76,30.66,34.32,31.25,37.35,0
126.83,66.89,33.42,20.47,34.51,37.72,0
137.21,58.36,27.77,45.0,38.83,49.09,0
93.37,46.73,48.36,25.14,33.77,34.84,0
98.36,63.2,31.29,29.6,64.85,34.62,0
127.31,32.57,26.75,34.25,95.0,35.27,0
118.0,21.57,17.96,27.4,22.14,30.17,0
146.26,46.05,22.85,29.81,73.73,38.48,0
80.33,38.67,31.73,29.2,46.64,28.76,0
121.37,58.31,34.16,28.73,63.05,38.42,0
107.28,44.98,29.76,34.6,92.53,34.42,0
124.63,67.52,19.68,33.57,87.26,38.03,0
91.31,23.5,37.13,24.0,55.92,26.84,0
113.32,63.83,31.33,26.9,61.8,36.21,0
149.35,39.71,41.06,24.93,20.0,42.76,0
146.58,44.06,24.6,19.68,20.0,36.3,0
128.61,62.75,23.95,17.83,44.72,33.36,0
117.96,64.5,20.45,17.19,68.04,29.36,0
142.73,59.73,25.16,29.96,39.31,42.1,0
143.99,45.08,23.3,40.64,67.38,43.77,0
102.77,65.19,36.1,16.39,54.89,30.74,0
152.02,64.01,28.63,31.99,85.44,43.92,0
143.62,41.14,37.28,36.24,43.55,45.5,0
106.56,29.74,28.93,35.94,65.95,33.96,0
148.25,38.36,24.54,31.7,48.34,40.38,0
128.54,64.2,28.09,33.28,56.51,41.68,0
121.39,73.16,26.16,33.28,70.07,40.51,0
144.01,44.09,34.26,23.36,70.86,37.46,0
103.0,69.87,16.12,37.54,71.63,36.38,0
116.19,48.46,42.94,36.27,84.65,40.91,0
100.26,59.94,28.59,40.37,20.0,41.48,0
104.85,46.04,35.29,35.63,52.69,37.97,0
130.31,71.68,28.41,22.64,50.24,38.11,0
163.04,48.73,10.0,31.41,54.01,40.57,0
105.11,57.73,29.21,25.51,72.96,32.12,0
83.26,33.33,30.22,27.1,61.59,26.38,0
138.74,64.74,31.49,26.2,56.59,40.86,0
131.75,40.07,48.61,31.53,55.48,42.98,0
122.64,41.94,36.49,27.33,76.28,35.55,0
143.91,64.29,20.22,34.12,70.14,42.31,0
106.76,59.07,22.76,22.06,32.79,31.34,0
133.62,57.11,25.47,26.68,33.38,38.83,0
111.56,40.83,31.77,36.52,61.8,37.59,0
147.18,52.4,41.27,35.69,75.11,46.82,0
129.66,35.89,35.41,45.0,21.77,47.27,0
98.6,58.21,25.96,34.8,78.17,34.62,0
128.56,62.4,26.15,31.73,55.29,40.26,0
128.53,52.77,14.93,25.85,68.74,32.6,0
148.39,42.55,10.0,18.85,40.43,31.47,0
142.66,41.34,26.78,27.57,70.2,37.17,0
101.72,52.68,31.99,36.27,40.7,38.46,0
119.88,49.79,18.85,23.18,63.98,30.46,0
117.59,46.83,32.97,26.03,74.1,33.95,0
98.03,56.22,29.9,25.7,22.65,33.41,0
141.3,73.95,45.28,25.86,58.48,45.66,0
176.74,18.48,34.88,31.64,57.14,44.74,0
140.01,30.29,10.0,29.67,56.45,32.85,0
137.45,21.2,34.5,31.1,46.38,38.22,0
175.87,56.69,43.12,27.56,55.02,49.97,0
90.34,60.13,26.53,28.11,51.89,31.51,0
162.25,85.21,11.71,25.94,20.0,44.91,0
126.95,53.82,20.74,37.49,48.24,40.7,0
128.42,58.27,23.72,38.25,44.25,42.88,0
115.8,71.05,24.44,25.13,74.79,34.48,0
102.17,32.97,24.94,19.56,50.43,25.25,0
99.47,61.26,27.82,25.23,49.54,32.3,0
125.72,66.98,29.02,23.2,65.08,36.32,0
126.11,67.0,17.39,30.28,25.74,39.11,0
98.86,69.07,34.5,31.04,52.85,37.62,0
137.44,55.67,28.15,24.99,35.11,39.03,0
106.17,45.55,34.72,37.29,69.51,37.99,0
155.82,48.74,29.13,16.96,50.16,36.84,0
121.14,43.8,23.74,32.57,27.96,37.52,0
127.15,49.73,13.58,31.9,30.6,36.53,0
167.04,47.65,36.06,41.37,48.36,52.66,0
96.46,53.84,20.62,23.1,69.47,26.93,0
125.61,48.64,20.12,28.45,25.33,36.21,0
115.09,47.44,26.25,23.67,69.88,31.0,0
115.21,41.25,29.7,27.21,37.45,34.38,0
148.56,40.76,19.34,42.98,46.38,45.26,0
117.28,33.85,31.19,21.48,28.68,31.64,0
106.69,39.79,37.17,27.31,42.26,34.24,0
141.14,63.29,43.01,32.61,23.41,48.72,0
117.77,66.61,28.39,20.14,61.7,33.32,0
122.57,58.34,19.5,42.85,59.79,42.35,0
122.03,39.32,41.1,22.09,66.79,34.04,0
85.44,51.77,33.11,24.74,56.8,29.1,0
170.3,43.67,20.84,27.01,56.75,41.44,0
90.75,47.78,33.6,32.79,54.4,33.76,0
97.77,32.34,25.81,33.19,39.79,31.93,0
113.31,43.35,35.98,28.04,46.76,35.78,0
105.12,26.55,16.06,18.78,46.13,22.57,0
147.1,79.36,19.62,29.04,95.0,41.07,0
100.73,34.48,37.63,24.96,69.28,30.01,0
116.77,19.56,29.37,24.68,72.72,28.51,0
112.76,65.57,29.6,24.67,67.61,34.54,0
137.56,49.77,29.31,12.91,75.08,30.47,0
120.03,49.77,25.24,39.87,37.97,41.67,0
122.4,24.78,23.56,37.02,76.96,34.82,0
114.03,34.04,32.83,27.51,48.58,33.5,0
127.62,65.17,12.29,30.48,56.54,36.46,0
139.5,53.72,40.87,26.72,54.58,42.07,0
123.65,32.93,23.93,36.84,76.98,36.18,0
107.53,48.43,30.51,39.73,50.25,39.81,0
115.13,55.18,26.79,23.95,49.86,33.36,0
106.81,48.54,43.13,32.36,65.04,38.3,0
95.53,61.25,28.3,25.88,52.5,31.88,0
190.26,72.02,36.15,34.06,47.76,56.65,0
164.75,46.8,16.23,36.73,57.35,44.6,0
134.32,49.71,30.27,32.09,48.5,41.02,0
143.77,44.64,27.57,12.0,37.83,31.85,0
101.62,39.84,21.78,20.18,40.84,26.14,0
116.48,47.93,36.55,25.51,91.03,33.65,0
142.58,51.03,20.27,25.81,95.0,34.83,0
83.68,43.37,38.3,28.27,81.52,29.39,0
136.37,53.3,29.73,30.05,51.19,40.61,0
148.6,40.5,21.03,26.84,71.75,36.3,0
133.62,21.42,12.41,20.19,49.47,26.65,0
136.45,51.23,25.59,38.64,59.12,43.24,0
138.33,41.13,24.87,37.24,60.06,41.24,0
137.79,59.58,27.21,18.66,79.47,34.03,0
141.16,46.35,41.21,19.82,49.86,38.2,0
108.27,52.27,34.23,24.84,73.55,32.77,0
111.36,37.28,29.15,28.41,56.27,32.65,0
98.0,47.54,22.46,32.29,28.35,33.41,0
135.48,56.46,20.3,29.82,32.83,39.43,0
148.41,54.06,36.87,28.31,60.44,43.26,0
106.75,39.07,27.49,33.84,20.0,36.21,0
120.11,49.22,22.71,43.82,55.54,42.1,0
151.6,45.83,15.45,21.69,86.51,32.93,0
105.69,54.52,14.81,24.09,51.61,28.68,0
108.24,53.18,29.59,36.78,27.15,40.06,0
121.0,32.91,14.48,22.5,61.85,27.02,0
174.8,40.25,34.65,17.75,47.34,40.92,0
134.91,64.22,31.55,32.0,60.17,42.84,0
111.5,25.79,23.68,22.73,68.51,26.3,0
99.01,69.28,12.07,44.57,83.26,37.54,0
106.46,62.47,32.58,22.2,53.19,33.17,0
114.69,41.7,37.17,30.06,44.39,37.21,0
145.48,39.09,35.0,38.43,36.92,46.43,0
118.23,67.03,35.51,34.42,57.4,42.53,0
140.24,54.51,33.76,27.04,49.28,41.03,0
113.18,41.6,34.34,30.01,85.91,34.15,0
111.23,58.66,35.53,26.23,49.98,36.38,0
149.06,48.79,28.53,40.75,33.7,48.2,0
109.24,42.24,21.0,27.39,64.61,30.08,0
134.53,59.51,41.34,29.6,34.62,44.54,0
156.84,54.71,10.72,36.28,72.54,41.98,0
135.08,69.91,24.4,26.68,40.59,40.27,0
119.09,35.7,47.21,26.36,85.09,35.69,0
122.4,79.48,12.96,29.69,50.55,37.59,0
96.54,62.53,31.97,34.35,59.23,37.02,0
107.08,46.68,23.87,25.33,51.37,30.64,0
108.44,69.91,36.33,30.91,20.0,41.48,0
100.25,61.7,18.82,27.43,20.36,32.9,0
104.33,57.13,13.74,33.25,44.99,33.45,0
116.33,59.04,29.57,18.89,40.49,32.72,0
109.1,37.77,24.19,28.36,66.12,30.6,0
121.59,46.07,20.01,22.78,78.75,29.59,0
130.19,47.07,46.61,33.34,56.94,44.04,0
93.21,32.78,14.74,21.55,58.08,21.77,0
78.94,31.47,42.21,29.8,47.08,30.29,0
133.96,41.88,13.02,20.98,33.78,30.9,0
110.34,55.14,23.65,22.06,86.83,28.94,0
85.48,54.36,15.42,17.15,34.8,22.53,0
116.22,41.68,23.29,33.4,49.22,35.59,0
162.15,64.32,11.9,21.87,80.04,36.98,0
85.78,51.39,39.37,36.07,78.49,35.19,0
77.55,33.84,26.71,36.69,56.87,29.61,0
142.67,43.57,19.31,15.26,46.72,30.71,0
145.34,56.69,14.52,28.82,64.45,37.77,0
149.09,48.4,42.64,30.58,61.64,45.05,0
132.51,51.5,14.0,31.13,40.85,36.95,0
138.46,49.76,30.62,27.35,39.29,39.95,0
135.14,46.77,15.3,30.41,65.08,35.49,0
102.57,56.91,35.57,23.3,77.6,31.74,0
103.73,47.27,28.75,30.19,61.01,33.24,0
132.02,36.67,33.43,35.9,33.28,42.21,0
161.34,44.7,27.89,39.1,20.0,49.54,0
125.13,51.83,31.54,35.06,77.13,40.02,0
103.55,65.95,29.37,33.27,61.24,37.49,0
129.66,38.04,27.34,28.22,46.47,36.01,0
120.04,37.11,31.3,34.06,55.89,37.55,0
119.94,37.62,36.07,18.71,92.1,29.26,0
131.2,32.42,34.21,16.86,44.77,31.56,0
157.1,56.0,31.24,27.59,43.78,44.22,0
135.71,51.81,16.98,35.47,53.04,39.84,0
129.39,57.57,23.27,41.43,67.88,43.26,0
78.26,59.6,38.46,24.34,40.79,30.79,0
115.95,57.3,34.56,26.62,73.37,35.83,0
105.8,61.86,22.97,33.6,79.49,35.04,0
148.28,36.54,42.94,24.52,71.38,39.8,0
134.44,35.39,11.5,19.83,40.03,28.83,0
108.59,43.77,30.95,21.11,49.14,30.2,0
133.45,35.25,19.1,29.02,60.1,34.04,0
116.2,46.24,24.17,28.65,42.43,34.4,0
154.03,57.9,21.7,26.65,73.77,39.67,0
94.86,55.7,26.13,27.99,53.07,31.49,0
119.68,59.37,16.68,35.48,58.0,37.7,0
150.69,36.82,35.17,24.03,55.93,38.94,0
119.98,59.89,43.54,37.29,29.59,46.59,0
147.97,47.59,16.25,12.75,50.7,30.04,0
142.04,34.25,30.56,29.58,73.58,37.81,0
133.52,54.75,10.0,23.43,82.83,30.67,0
112.34,42.77,19.02,36.53,32.57,36.41,0
109.9,40.36,40.88,35.21,52.61,39.22,0
94.17,30.94,28.92,26.2,70.48,26.8,0
167.2,31.02,23.06,27.33,57.13,39.78,0
119.89,56.85,17.26,26.23,67.92,32.4,0
121.18,39.54,21.99,32.79,59.31,35.06,0
144.51,47.56,17.25,26.71,53.14,36.51,0
116.92,44.04,16.62,30.11,22.87,34.11,0
102.81,50.49,26.92,33.96,20.05,37.01,0
113.23,53.98,21.56,32.89,77.56,34.68,0
155.4,42.68,34.78,42.58,81.34,48.52,0
164.86,48.32,24.64,34.31,39.32,46.54,0
115.81,73.13,44.1,27.51,34.63,42.69,0
129.46,45.65,10.77,41.69,64.04,38.92,0
134.03,56.95,23.33,29.69,29.36,40.08,0
152.76,67.34,41.74,25.04,20.48,47.44,0
129.54,55.25,10.0,26.45,34.81,33.94,0
100.34,37.76,29.14,30.04,95.0,29.61,0
89.67,56.39,28.5,31.09,54.58,32.69,0
138.89,27.68,35.27,27.0,62.95,36.69,0
139.96,37.62,38.8,35.07,43.72,44.12,0
153.59,38.69,36.49,22.14,95.0,37.14,0
81.89,62.9,24.4,31.13,59.0,31.02,0
160.11,50.2,37.94,28.74,82.61,44.19,0
149.02,45.4,26.98,28.11,64.65,39.48,0
122.55,69.24,38.12,34.41,44.69,44.87,0
78.75,52.51,45.94,27.59,20.0,34.35,0
119.37,47.41,19.19,31.35,43.77,35.22,0
120.03,50.17,12.55,16.93,35.94,27.31,0
123.51,51.72,32.71,31.86,36.48,40.43,0
108.98,64.58,37.03,31.49,26.09,40.99,0
93.33,33.99,42.14,44.29,33.62,41.14,0
119.95,39.06,33.27,18.48,64.54,30.06,0
109.64,38.89,30.85,32.5,84.79,33.59,0
149.97,65.96,26.7,27.36,83.85,41.12,0
157.36,53.28,33.53,17.2,63.95,38.23,0
136.43,54.62,45.21,12.0,85.47,33.78,0
112.12,53.62,28.31,32.52,67.88,36.35,0
110.62,46.49,31.24,25.16,68.58,32.07,0
121.01,51.37,28.33,23.07,42.84,34.17,0
124.58,56.74,16.53,41.04,68.11,40.45,0
147.09,68.79,25.64,27.17,45.66,42.56,0
93.06,60.49,10.0,21.3,45.25,25.01,0
112.45,44.53,42.98,37.57,71.1,41.02,0
107.59,39.6,30.68,41.65,27.84,40.71,0
110.76,54.83,13.44,31.03,49.72,32.87,0
149.84,41.26,39.33,36.29,46.91,46.99,0
111.12,59.6,26.71,33.31,69.26,36.95,0
117.06,57.3,26.69,30.0,43.65,37.31,0
104.72,29.39,29.39,44.44,72.32,37.62,0
122.05,62.6,30.51,25.71,40.04,37.91,0
134.45,47.89,18.31,33.08,67.61,37.46,0
123.9,47.97,39.43,26.0,40.51,38.46,0
111.14,41.04,12.92,26.4,79.68,27.07,0
112.23,57.05,45.05,20.27,20.0,37.14,0
122.3,49.49,28.7,34.16,33.56,40.23,0
113.77,46.78,37.52,27.47,51.52,36.19,0
154.78,79.84,22.29,26.06,52.35,43.8,0
168.03,54.03,25.26,42.96,60.3,51.34,0
122.65,30.68,31.17,37.01,64.67,38.12,0
127.01,49.91,25.16,33.73,85.58,37.47,0
101.67,53.22,20.89,24.44,48.02,29.58,0
109.92,60.5,26.25,27.21,56.19,34.35,0
115.56,49.12,20.84,33.44,42.45,36.28,0
139.63,48.76,36.27,20.79,43.42,37.89,0
99.93,48.57,20.19,40.79,34.8,37.29,0
119.88,64.87,23.49,45.0,56.82,44.96,0
113.3,37.13,37.89,33.38,91.78,35.78,0
120.57,68.17,26.39,20.47,73.85,33.12,0
95.76,37.33,31.07,17.74,56.95,24.94,0
91.05,65.55,30.87,36.66,53.59,37.63,0
156.21,56.03,43.11,20.3,94.63,40.73,0
145.09,55.55,26.03,35.69,49.71,44.5,0
135.41,64.65,28.59,24.83,46.93,39.36,0
114.44,51.39,32.84,38.75,42.29,41.93,0
125.33,52.65,34.9,18.12,33.91,34.67,0
114.36,47.04,16.3,43.73,69.15,38.49,0
135.61,40.51,16.31,34.52,86.64,35.93,0
140.51,24.62,15.8,30.12,20.0,35.59,0
126.83,47.37,36.27,28.31,35.92,39.53,0
119.02,43.71,30.14,36.64,68.34,38.68,0
148.98,57.72,36.9,25.42,39.05,43.51,0
150.65,54.29,31.12,38.99,47.14,48.32,0
151.48,61.38,28.66,31.9,79.36,43.72,0
81.6,41.09,15.88,39.32,54.52,30.18,0
119.75,59.59,16.07,30.67,32.75,36.45,0
101.43,65.23,48.86,32.74,21.43,43.42,0
107.89,33.84,30.32,26.09,59.09,30.52,0
126.74,62.04,24.95,33.9,70.83,39.89,0
134.71,53.94,14.59,25.0,47.5,34.43,0
131.53,50.34,11.46,18.18,20.0,30.57,0
90.25,72.02,36.97,31.68,33.46,38.37,0
130.39,55.18,38.72,14.07,20.0,35.52,0
127.96,64.68,28.9,33.08,20.0,43.56,0
158.2,58.6,23.26,24.35,57.04,40.59,0
106.22,50.97,19.52,32.97,63.45,33.25,0
118.82,46.56,32.44,23.08,25.55,34.96,0
116.95,38.02,34.15,29.39,73.19,34.61,0
158.85,36.5,36.18,19.02,78.13,36.99,0
136.74,49.02,26.91,16.19,51.91,32.44,0
145.68,47.3,40.8,32.62,67.92,44.55,0
100.05,30.84,23.44,35.37,66.84,31.29,0
122.13,42.24,38.29,28.75,38.35,38.54,0
100.8,50.68,10.88,31.93,34.22,31.1,0
121.08,29.97,13.87,17.05,67.53,23.47,0
130.12,56.87,29.64,30.43,71.95,39.12,0
108.89,50.18,26.67,20.66,20.0,31.36,0
113.14,57.55,31.36,43.27,63.46,43.41,0
146.47,45.01,26.62,33.77,80.04,40.94,0
118.6,20.39,30.7,26.42,35.69,32.0,0
135.15,72.19,45.09,33.5,36.78,49.16,0
144.74,56.27,43.91,36.76,57.4,48.98,0
128.4,55.18,24.52,19.03,73.59,31.56,0
93.59,61.2,28.98,26.67,80.05,30.7,0
119.19,43.34,31.59,18.1,20.0,32.15,0
130.17,18.0,36.97,23.65,33.18,33.99,0
145.87,49.18,34.48,25.96,20.0,42.4,0
90.48,38.54,34.67,26.62,53.6,29.63,0
121.42,56.2,37.5,18.84,55.55,34.36,0
132.1,67.26,25.54,21.69,36.74,37.33,0
114.89,31.8,21.59,19.65,68.02,25.74,0
126.82,57.97,29.43,31.95,51.86,40.39,0
141.86,68.0,46.74,23.96,55.96,44.45,0
114.2,64.23,28.85,34.03,93.67,37.8,0
152.18,30.29,38.8,39.99,54.47,47.22,0
114.81,63.63,33.39,27.9,72.51,36.92,0
97.25,75.64,20.7,27.39,38.28,33.84,0
111.76,39.35,22.54,18.15,87.24,24.75,0
94.97,47.94,25.23,28.38,62.32,29.94,0
84.54,51.24,21.1,22.0,20.0,26.46,0
144.79,73.35,20.55,28.22,64.07,41.17,0
120.7,58.29,27.38,29.84,62.44,37.26,0
100.04,59.72,15.04,31.16,47.51,32.18,0
129.45,63.22,10.84,30.53,35.85,37.23,0
91.08,64.98,33.59,21.25,66.15,29.87,0
140.7,39.87,24.51,43.44,52.95,44.86,0
127.72,61.54,32.73,23.13,20.0,39.03,0
170.55,40.27,23.79,22.86,56.34,39.66,0
118.6,38.33,41.68,42.57,50.47,44.48,0
87.34,38.85,36.63,29.02,44.29,31.25,0
116.29,36.24,27.52,32.7,37.77,36.07,0
114.09,38.33,16.81,20.96,42.52,27.29,0
127.91,80.16,46.65,41.4,30.12,53.63,0
135.37,36.15,36.55,27.66,82.62,36.9,0
118.19,60.05,16.69,25.45,73.85,31.72,0
127.61,52.81,12.73,24.68,47.34,32.39,0
160.84,38.1,35.47,28.37,61.77,42.89,0
134.25,38.75,27.78,35.27,34.09,41.19,0
80.38,66.41,33.92,36.51,71.02,35.61,0
145.64,41.39,26.1,35.42,66.4,41.66,0
143.26,82.12,13.27,32.22,50.72,43.04,0
136.73,44.73,25.13,23.95,34.49,36.16,0
136.77,53.97,23.13,26.11,87.48,35.41,0
136.3,51.76,40.1,24.69,62.69,39.61,0
173.11,34.77,11.84,34.12,50.18,42.42,0
96.8,51.74,17.92,33.65,34.98,33.04,0
109.97,59.82,19.92,39.68,77.74,37.9,0
152.78,51.02,22.9,34.78,77.44,42.66,0
129.84,27.25,50.19,25.08,30.73,39.23,0
148.9,28.37,29.77,28.31,95.0,36.32,0
86.48,58.07,36.21,25.28,35.61,32.25,0
131.84,59.04,40.79,25.53,53.46,40.88,0
131.34,45.04,20.56,24.93,31.56,34.77,0
152.39,54.28,31.99,36.59,23.46,48.83,0
140.55,44.27,28.0,36.38,68.29,41.99,0
148.97,50.41,11.86,24.19,56.74,34.98,0
130.84,59.61,37.59,33.43,34.4,44.91,0
121.98,55.43,33.07,36.26,46.61,42.45,0
108.11,46.05,35.62,25.08,74.46,32.27,0
61.38,47.62,30.46,37.12,90.8,28.04,0
154.28,51.72,23.35,24.04,24.98,40.39,0
144.59,60.16,17.64,17.21,55.3,33.52,0
123.86,42.85,23.23,35.09,60.31,37.4,0
145.22,46.26,18.1,28.13,55.77,37.24,0
130.97,44.72,44.85,25.76,44.03,40.27,0
113.27,52.92,33.84,35.2,33.54,40.84,0
137.12,47.17,17.74,32.78,63.84,37.74,0
171.05,44.88,24.71,34.23,77.14,45.26,0
150.9,65.31,10.0,35.8,20.0,44.6,0
160.17,44.02,23.11,33.53,29.59,44.82,0
114.45,62.46,36.14,18.48,71.23,32.7,0
129.57,61.11,17.22,19.9,73.58,31.28,0
123.79,56.65,13.04,29.1,69.04,33.44,0
144.19,59.86,28.94,33.68,48.18,44.71,0
97.2,44.0,36.5,28.03,80.58,31.4,0
143.71,60.81,33.13,33.7,51.9,45.59,0
112.02,58.23,29.9,14.75,41.14,29.81,0
131.35,45.19,17.2,32.93,37.83,37.67,0
83.69,44.93,25.66,33.12,55.33,30.31,0
136.14,39.84,21.05,37.51,38.32,40.97,0
108.74,51.35,33.56,29.2,55.04,35.66,0
114.03,64.49,34.77,29.59,44.48,39.47,0
108.75,68.7,21.74,19.69,87.88,28.86,0
128.74,43.54,25.67,27.72,31.09,36.74,0
119.72,33.56,30.63,32.52,66.14,35.55,0
143.57,49.44,43.45,24.72,62.26,41.44,0
112.42,58.65,22.3,20.12,47.14,30.5,0
122.4,34.48,13.61,22.49,69.26,26.91,0
99.43,45.13,15.23,19.11,73.55,22.74,0
111.51,38.39,24.16,42.77,31.11,40.07,0
141.97,37.41,16.2,28.0,57.07,34.83,0
104.69,35.02,27.05,36.68,58.04,34.68,0
101.21,29.75,33.59,37.03,40.67,35.93,0
170.57,55.36,18.69,34.29,44.62,46.85,0
142.0,40.27,27.74,17.69,47.39,33.33,0
134.54,62.22,42.46,14.11,43.4,37.0,0
100.98,53.9,57.52,25.81,49.07,38.98,0
144.87,23.8,27.4,28.72,49.5,36.87,0
109.63,50.42,14.81,27.43,62.39,29.94,0
144.9,49.67,14.24,28.18,61.56,36.47,0
116.61,45.29,32.05,13.82,56.1,28.13,0
157.1,44.12,29.9,27.45,63.09,41.2,0
118.24,64.19,33.06,24.59,70.23,35.99,0
140.65,47.21,49.71,33.17,45.8,47.15,0
130.39,62.68,27.28,31.51,78.35,39.63,0
114.73,44.69,23.42,26.97,80.99,30.96,0
115.63,42.68,19.98,33.58,57.42,34.5,0
126.15,80.98,36.1,28.88,63.24,42.98,0
114.53,53.89,32.78,41.92,86.75,41.65,0
120.99,42.71,42.85,30.28,35.48,40.41,0
137.58,52.95,23.42,20.47,69.37,33.56,0
106.55,26.55,49.45,29.4,68.04,35.06,0
138.72,38.07,32.93,39.56,55.42,44.21,0
89.94,67.23,49.31,22.27,55.38,34.8,0
137.04,39.3,24.25,29.82,47.26,37.54,0
112.84,36.04,25.27,32.13,46.67,34.16,0
123.74,49.29,28.42,37.12,38.66,41.62,0
125.98,47.03,35.26,39.94,56.28,43.88,0
135.92,47.71,23.38,44.58,71.4,44.48,0
123.35,54.18,29.31,19.76,63.49,32.53,0
145.89,47.33,31.35,39.68,60.74,46.21,0
129.66,50.29,34.72,34.78,65.29,41.84,0
124.44,51.25,24.15,27.31,63.98,34.82,0
114.73,67.03,41.28,22.68,76.78,36.44,0
130.66,64.28,36.85,24.36,72.52,38.92,0
145.15,39.23,27.72,13.58,69.86,30.57,0
129.69,61.56,32.44,34.67,36.69,44.25,0
139.22,52.29,37.56,19.87,56.82,37.49,0
102.96,51.78,33.4,17.96,84.07,27.57,0
127.13,54.24,22.75,19.34,37.52,32.73,0
149.56,34.36,36.64,26.53,65.96,39.49,0
110.08,61.74,28.84,27.13,67.79,34.55,0
112.67,51.2,10.0,27.59,45.94,30.34,0
159.94,57.56,30.7,37.23,70.16,48.32,0
136.73,51.93,29.27,16.0,70.14,32.4,0
109.76,72.8,33.19,25.48,34.45,37.93,0
107.84,50.73,19.53,28.5,82.36,30.33,0
123.72,60.64,32.13,40.87,43.93,45.71,0
157.98,53.78,24.89,36.75,95.0,44.56,0
116.99,18.0,33.0,27.56,61.67,31.2,0
142.52,46.31,12.21,31.88,71.1,36.45,0
106.38,71.31,31.02,36.35,37.56,41.87,0
149.6,41.02,11.14,25.17,56.59,34.1,0
110.35,45.32,36.44,25.54,90.63,32.19,0
86.56,39.77,27.25,33.5,46.06,31.13,0
126.17,60.65,22.71,27.32,35.03,37.56,0
88.7,46.58,32.45,40.84,30.05,38.2,0
75.99,44.57,28.14,31.81,75.3,27.81,0
85.62,56.64,21.08,23.11,79.79,24.96,0
119.47,47.96,19.04,15.56,35.74,27.78,0
173.49,53.1,43.33,34.35,53.97,52.54,0
173.05,37.64,21.76,24.67,77.7,39.09,0
124.67,59.33,29.92,31.01,58.64,39.5,0
120.21,39.06,34.75,25.87,68.75,33.94,0
116.54,42.83,46.83,34.41,20.0,43.42,0
124.32,61.95,32.36,19.95,49.77,35.3,0
127.04,68.81,36.66,26.7,59.04,40.7,0
134.23,62.18,16.91,23.2,58.8,34.58,0
151.36,39.41,30.85,26.83,90.34,38.06,0
109.05,31.1,38.9,25.42,84.6,30.8,0
120.92,52.41,31.38,30.02,58.84,37.7,0
107.0,56.32,39.68,28.77,91.19,35.5,0
133.8,57.38,33.72,36.59,41.87,45.41,0
98.65,47.95,20.28,12.0,82.97,20.19,0
112.27,41.41,30.71,27.57,85.61,31.88,0
137.06,63.0,23.62,36.77,62.6,43.42,0
148.83,41.79,33.96,26.94,28.0,41.86,0
73.32,39.55,35.22,39.9,72.9,32.49,0
135.33,36.45,50.38,14.36,26.58,36.4,0
130.72,46.75,23.26,26.46,95.0,33.14,0
100.81,43.93,20.18,26.83,44.34,29.34,0
99.61,62.89,35.54,27.38,70.54,34.43,0
149.56,64.31,49.46,20.55,68.78,43.63,0
89.68,44.63,15.33,27.13,95.0,23.89,0
114.67,42.66,10.0,30.67,50.15,30.84,0
126.15,71.4,39.55,36.06,46.93,46.88,0
122.4,64.7,28.41,19.78,57.9,33.91,0
123.44,38.86,26.95,28.46,20.0,36.36,0
131.97,38.51,20.37,24.0,20.0,34.03,0
103.98,41.48,36.55,26.68,27.51,34.26,0
96.41,72.42,26.42,38.12,95.0,37.14,0
119.66,30.43,25.46,38.66,53.82,37.55,0
157.69,52.34,12.27,28.79,33.35,40.38,0
127.59,42.12,29.56,23.61,52.78,34.12,0
86.43,47.45,35.71,29.39,41.74,32.38,0
111.84,57.39,37.47,39.99,62.99,43.0,0
99.41,42.52,30.48,23.97,62.12,29.04,0
126.55,40.19,43.17,14.73,89.91,30.64,0
127.37,57.86,16.35,31.17,46.92,37.19,0
105.94,57.86,25.89,30.1,41.88,35.34,0
60.49,54.61,24.81,25.07,29.66,24.54,0
110.74,50.28,41.12,39.43,63.82,42.36,0
105.51,25.98,30.32,31.98,39.4,32.92,0
83.22,34.02,17.26,37.31,26.29,30.23,0
151.04,40.53,18.28,28.96,44.08,38.52,0
121.75,60.51,21.1,27.88,74.2,34.68,0
129.65,50.31,20.94,15.07,45.22,29.68,0
93.43,53.14,28.49,23.8,50.93,29.45,0
127.58,67.94,18.62,24.56,62.61,35.09,0
124.55,48.08,41.75,39.67,20.0,47.01,0
135.68,45.84,12.51,19.98,83.59,28.65,0
122.81,38.02,26.53,12.04,55.55,26.04,0
112.99,37.13,41.19,34.54,81.09,37.64,0
121.96,58.41,16.9,28.12,38.19,35.34,0
111.9,32.54,32.95,24.95,48.58,31.65,0
132.17,39.89,21.31,35.85,20.0,40.41,0
145.34,62.41,45.0,28.62,38.84,47.07,0
119.39,22.14,46.42,33.62,62.96,38.4,0
135.63,44.77,41.81,27.01,61.45,40.15,0
142.14,55.97,24.84,45.0,64.48,47.66,0
138.72,56.45,13.73,30.16,62.26,37.13,0
136.97,64.59,33.89,24.61,82.93,38.99,0
148.17,45.49,46.34,34.31,89.19,45.86,0
97.42,43.45,33.24,31.65,78.69,32.49,0
90.58,48.77,29.39,38.13,41.09,36.19,0
106.81,42.82,37.86,20.35,69.59,30.0,0
114.59,47.92,33.41,31.8,56.08,37.45,0
97.27,34.83,27.68,25.15,58.33,27.69,0
101.7,47.13,29.57,21.87,23.29,30.77,0
138.54,42.26,37.57,31.62,20.0,43.68,0
148.46,67.37,20.6,27.12,67.1,40.3,0
124.76,47.19,24.73,27.82,25.46,36.64,0
107.45,66.98,19.17,37.69,31.5,39.59,0
130.66,43.17,38.94,30.39,61.9,40.01,0
131.61,38.76,30.77,24.42,29.3,36.25,0
132.29,42.5,27.1,23.77,38.31,35.23,0
148.34,61.3,28.99,38.11,68.72,46.86,0
134.13,47.7,31.2,26.81,61.01,37.66,0
84.32,43.41,37.0,25.63,37.96,30.05,0
136.96,61.66,21.51,18.74,66.2,33.51,0
108.84,43.7,10.0,36.59,64.16,32.2,0
105.59,70.03,35.44,38.46,28.99,44.09,0
126.09,63.7,26.74,30.97,71.28,38.96,0
121.44,37.59,34.6,30.86,43.35,37.68,0
127.71,55.18,27.47,32.24,35.9,40.63,0
162.45,24.53,28.27,21.2,65.08,35.81,0
119.01,32.94,33.63,32.33,49.25,36.81,0
108.11,61.52,34.2,39.14,64.65,41.62,0
122.24,38.23,25.79,32.06,65.96,35.28,0
159.13,34.26,22.06,26.54,61.64,37.92,0
128.54,58.66,37.79,22.46,34.78,38.91,0
109.81,52.45,36.81,23.4,20.0,35.64,0
133.85,58.75,15.68,29.32,76.35,35.92,0
113.68,46.79,26.88,32.53,82.59,34.6,0
164.75,39.97,34.37,34.09,52.65,46.91,0
142.62,45.49,22.8,22.23,52.22,35.01,0
129.01,37.52,28.8,39.18,87.06,39.62,0
147.58,52.33,36.12,40.54,69.59,48.35,0
158.05,59.75,21.31,32.79,36.78,45.48,0
155.1,46.56,41.52,41.96,49.98,51.88,0
133.12,46.2,37.24,34.52,63.2,42.47,0
115.32,57.15,10.0,34.26,24.33,36.07,0
89.63,39.68,32.8,36.4,39.71,34.78,0
152.85,64.45,45.22,28.78,51.6,48.2,0
135.4,52.53,32.59,32.75,34.51,43.2,0
95.0,57.8,33.41,27.43,35.28,34.16,0
92.45,49.26,16.15,30.41,45.5,29.34,0
123.47,48.05,28.82,37.23,51.91,40.89,0
122.67,57.7,12.27,35.3,69.29,36.29,0
123.44,52.5,36.22,32.51,47.69,41.13,0
128.6,48.42,19.48,26.4,62.92,33.66,0
97.81,63.09,30.23,24.33,75.0,31.11,0
134.52,55.89,40.65,36.5,71.73,45.46,0
125.26,50.99,27.54,25.0,63.98,34.59,0
124.32,58.38,18.74,16.2,78.76,28.21,0
148.92,44.66,34.22,12.53,78.52,32.61,0
152.87,41.12,39.79,28.81,56.25,43.42,0
145.29,60.99,39.41,30.59,77.37,44.58,0
119.17,44.86,20.88,31.09,48.03,34.88,0
171.08,34.75,26.26,26.8,95.0,39.61,0
125.8,43.97,33.18,38.79,31.79,43.57,0
170.99,59.42,30.18,29.61,39.79,48.16,0
144.42,19.13,29.09,31.79,30.61,39.02,0
102.6,52.78,37.87,29.1,20.0,37.5,0
102.65,47.54,33.47,26.2,64.84,32.02,0
115.87,67.64,18.99,21.98,42.81,32.73,0
111.1,39.17,14.08,25.01,51.5,27.79,0
151.6,48.98,26.35,28.7,67.3,40.45,0
168.38,53.79,30.58,32.9,65.37,47.36,0
123.84,31.85,26.25,32.89,74.99,34.75,0
116.17,54.01,24.35,23.6,36.68,33.28,0
176.0,34.82,38.94,30.0,45.44,47.63,0
116.62,35.25,33.88,20.93,80.2,29.51,0
103.08,51.98,37.24,17.64,71.38,29.02,0
136.1,68.33,29.41,14.31,60.9,34.23,0
93.98,64.21,27.12,30.15,52.63,33.86,0
107.78,36.78,35.49,31.27,59.25,34.74,0
109.42,37.04,19.7,27.1,76.62,28.33,0
100.22,48.29,30.41,25.71,49.96,31.46,0
148.16,51.43,29.83,36.71,63.82,45.19,0
102.05,70.53,38.0,26.13,20.0,38.43,0
114.58,69.14,42.73,30.25,74.22,40.97,0
159.93,70.88,13.15,31.05,48.66,43.96,0
144.42,46.73,24.21,45.0,70.66,46.32,0
107.18,53.56,19.96,29.37,50.95,32.72,0
168.84,60.46,29.34,13.29,57.93,38.65,0
135.39,54.09,33.76,35.06,51.1,44.02,0
112.54,60.17,30.29,21.97,70.96,32.38,0
107.48,47.76,18.71,26.4,41.94,30.63,0
140.73,66.74,26.56,15.25,41.85,35.58,0
111.7,18.0,24.07,35.13,80.18,30.96,0
111.67,80.61,16.0,45.0,76.41,42.91,0
151.3,37.01,27.34,25.69,42.93,38.67,0
156.23,59.48,34.01,20.18,69.0,40.25,0
112.25,63.01,32.34,45.0,86.14,43.98,0
126.62,36.26,26.11,38.99,51.44,40.06,0
127.72,54.12,28.27,32.4,67.85,39.16,0
141.02,28.71,46.44,40.37,58.93,46.79,0
74.85,40.06,33.09,39.54,74.59,32.07,0
134.01,33.02,37.06,26.8,56.08,37.23,0
99.94,58.0,39.27,42.51,56.68,42.95,0
150.52,44.41,27.37,35.39,75.01,42.82,0
139.06,48.54,29.21,38.59,20.0,46.13,0
114.78,41.04,36.49,14.15,24.56,30.01,0
105.7,51.18,31.11,39.61,53.17,39.81,0
105.85,37.0,30.13,13.13,56.3,24.22,0
123.1,39.09,25.65,39.44,35.28,40.74,0
85.86,72.32,39.86,37.35,22.11,41.72,0
158.77,42.04,32.12,30.85,60.22,43.59,0
162.49,56.62,29.34,34.05,50.34,47.73,0
172.9,95.93,19.02,32.42,60.49,51.3,0
88.0,52.33,22.03,12.0,49.21,20.99,0
104.29,51.56,31.97,25.94,67.61,32.25,0
121.15,32.17,19.32,27.75,32.83,32.18,0
125.47,49.39,33.13,33.45,95.0,38.43,0
164.53,45.78,27.77,22.31,52.48,40.22,0
162.69,43.09,27.51,22.98,67.72,39.02,0
160.03,37.53,29.95,15.13,27.7,36.43,0
145.95,60.2,38.06,22.3,52.63,41.35,0
125.59,50.03,20.55,34.15,53.5,37.94,0
133.69,58.41,26.24,32.0,32.04,41.93,0
120.09,40.46,15.66,35.33,69.82,34.21,0
94.2,42.95,23.51,34.31,40.23,32.76,0
146.55,47.36,31.99,28.06,66.04,40.42,0
120.05,43.39,11.59,40.86,37.77,38.01,0
99.09,52.06,37.04,19.84,74.23,29.22,0
104.05,46.23,38.52,18.52,50.84,30.16,0
85.71,64.95,14.38,19.06,51.35,23.93,0
118.73,46.07,40.03,28.43,53.45,37.97,0
137.27,32.77,27.1,29.65,41.47,37.55,0
120.76,25.48,42.66,33.44,29.79,39.77,0
84.31,59.96,25.37,31.7,71.31,30.94,0
104.44,56.0,33.31,34.1,44.88,38.44,0
126.74,38.95,31.42,39.4,52.48,41.88,0
135.28,52.25,40.54,39.09,58.94,46.99,0
147.68,60.5,23.42,23.44,66.45,38.07,0
153.31,49.62,30.32,27.7,67.06,41.32,0
135.88,33.05,21.94,31.76,51.01,36.68,0
109.32,50.08,41.1,30.39,25.45,39.48,0
127.06,26.02,21.33,35.63,71.24,34.88,0
152.12,75.16,29.73,30.97,44.1,47.32,0
136.22,36.08,22.95,37.86,67.5,39.63,0
154.74,44.9,28.44,37.76,63.14,45.69,0
115.56,57.12,26.12,45.0,39.29,44.6,0
116.23,40.84,24.3,32.96,43.27,35.79,0
146.81,43.58,36.91,26.42,50.61,41.07,0
113.98,46.18,13.54,26.11,51.02,29.74,0
111.82,57.73,20.78,20.24,51.95,29.72,0
128.88,42.96,18.4,37.21,40.71,39.2,0
93.05,43.55,23.44,29.18,60.75,29.03,0
117.99,28.87,34.56,22.42,30.37,32.27,0
126.29,58.09,33.02,24.13,58.29,36.94,0
135.56,21.7,26.8,37.51,37.98,39.73,0
131.31,51.58,35.15,27.15,38.01,39.97,0
187.07,49.15,26.19,32.26,62.86,48.82,0
122.51,44.33,19.59,24.65,60.01,31.28,0
126.76,35.35,24.69,31.43,93.8,33.72,0
68.66,66.36,18.02,22.03,59.61,23.01,0
100.63,35.06,43.09,22.1,43.43,31.24,0
153.56,67.14,14.03,39.44,68.25,45.72,0
108.67,40.63,18.69,37.95,32.94,36.06,0
144.5,64.54,26.54,15.41,50.46,35.6,0
148.76,69.72,35.1,34.11,20.0,50.02,0
129.31,62.31,14.86,37.32,59.64,40.24,0
119.23,48.03,29.12,43.58,40.89,43.92,0
148.85,53.81,29.44,40.46,61.43,47.55,0
135.6,46.65,35.57,38.02,24.01,46.29,0
142.95,41.21,39.82,38.62,57.74,46.48,0
108.17,25.74,35.83,28.0,20.0,33.68,0
122.53,51.58,22.07,45.0,52.38,43.46,0
133.0,51.9,21.87,26.45,52.13,36.07,0
124.33,52.41,22.24,27.13,48.63,35.19,0
97.34,61.65,36.83,33.84,49.76,38.42,0
159.09,51.25,24.16,31.55,52.13,43.78,0
125.01,45.86,33.16,19.32,68.6,32.11,0
153.99,50.44,39.15,31.61,42.94,46.84,0
133.56,28.94,14.04,29.83,62.46,32.25,0
160.39,55.85,31.0,29.6,51.41,45.36,0
134.61,68.84,35.91,22.14,61.79,39.47,0
121.43,54.48,10.0,19.97,45.42,28.6,0
150.41,49.23,24.87,29.97,71.11,40.37,0
108.85,25.6,29.94,29.95,65.82,31.04,0
102.69,34.88,17.7,33.87,50.42,31.03,0
145.72,58.34,32.27,32.72,63.01,44.35,0
150.63,43.81,33.8,21.82,48.41,38.85,0
122.25,37.63,19.22,28.01,55.21,32.13,0
117.48,44.93,36.05,35.2,67.51,39.31,0
104.39,48.82,33.12,14.88,81.39,25.95,0
128.29,47.96,33.17,28.66,79.69,37.11,0
93.99,62.91,23.42,24.89,26.15,31.48,0
125.77,52.08,36.77,21.53,68.76,35.08,0
110.09,27.71,42.39,45.0,62.32,42.25,0
115.66,25.63,37.0,37.18,71.04,37.32,0
130.08,52.35,39.58,26.65,48.14,40.16,0
91.78,62.23,37.34,33.29,42.28,37.73,0
103.29,18.69,26.74,25.06,53.94,26.46,0
125.94,76.43,21.42,26.11,59.95,37.57,0
96.4,42.04,35.44,29.44,56.38,32.64,0
102.34,50.57,37.67,26.71,56.86,34.05,0
87.73,22.16,27.8,33.2,40.43,29.15,0
126.07,43.6,21.44,36.04,31.94,39.37,0
130.28,70.34,27.35,34.35,57.63,43.16,0
123.29,24.82,35.05,34.39,72.31,36.66,0
150.77,43.57,26.08,32.37,49.66,42.2,0
147.12,68.07,21.9,25.18,95.0,38.11,0
128.55,46.76,30.91,19.45,70.12,32.32,0
117.7,61.3,25.91,42.65,66.61,42.98,0
127.96,59.43,41.06,29.01,55.22,41.95,0
130.98,49.09,25.17,25.66,52.54,35.69,0
139.91,66.55,18.06,28.18,69.3,38.46,0
131.76,49.42,27.58,25.14,20.0,37.82,0
133.3,36.25,28.52,31.06,61.61,37.36,0
98.84,69.8,26.87,27.23,63.36,33.46,0
148.85,48.16,29.44,35.02,58.63,44.18,0
137.93,50.44,32.73,34.52,68.69,42.57,0
107.1,42.71,29.49,25.71,28.89,32.75,0
104.47,37.33,20.47,12.37,60.94,21.08,0
106.75,47.03,33.48,33.97,75.31,36.05,0
115.7,71.83,12.65,22.72,63.26,31.12,0
154.46,63.22,30.95,34.65,48.69,47.97,0
119.87,51.65,17.4,36.16,20.0,39.07,0
83.07,43.1,19.75,32.29,66.01,27.57,0
107.44,50.95,24.95,30.4,86.66,32.33,0
137.92,51.07,51.02,34.17,47.88,47.91,0
104.4,58.65,40.08,19.36,69.44,31.83,0
133.99,58.24,27.49,26.78,91.02,36.71,0
79.37,47.43,26.06,29.44,51.07,28.35,0
152.64,51.16,31.18,16.05,77.85,35.25,0
106.0,59.31,18.13,42.21,65.47,38.56,0
75.49,56.57,23.1,19.31,60.19,22.7,0
106.04,48.93,29.8,33.26,85.98,34.42,0
100.46,71.71,31.09,27.79,77.94,34.58,0
127.26,41.83,37.74,23.82,72.64,35.1,0
105.22,46.89,33.83,33.26,48.0,36.85,0
112.84,65.19,23.51,31.75,30.38,38.44,0
151.59,48.21,26.4,28.79,51.52,41.19,0
129.33,72.76,29.85,22.32,41.0,38.74,0
169.95,63.65,12.31,37.92,59.9,47.42,0
125.15,62.35,24.5,23.48,48.66,35.44,0
149.11,78.35,30.49,22.52,76.76,41.54,0
114.79,41.48,31.2,24.99,27.43,34.08,0
162.12,51.42,35.08,25.98,48.5,44.37,0
139.96,63.66,28.35,25.69,67.41,39.38,0
109.87,45.98,36.89,27.14,87.64,33.25,0
143.4,66.04,29.91,39.96,57.54,48.34,0
84.1,47.28,35.31,34.93,92.8,32.06,0
126.09,66.74,30.3,33.39,69.76,41.52,0
83.5,68.83,23.05,26.22,38.29,30.39,0
156.24,65.24,25.4,23.26,47.29,41.62,0
187.93,43.82,21.4,28.04,40.43,46.1,0
127.65,30.39,19.17,21.9,64.16,28.58,0
119.67,34.2,30.12,35.43,38.02,38.37,0
137.33,55.98,15.47,30.67,37.14,38.75,0
122.62,74.29,10.0,26.78,44.76,35.03,0
132.97,54.8,35.88,29.82,62.04,41.03,0
138.33,48.91,15.27,31.46,79.2,36.18,0
135.71,43.12,29.5,35.97,29.89,43.04,0
153.04,55.71,31.65,24.06,43.72,41.79,0
134.0,60.93,38.93,31.8,57.73,44.0,0
163.77,39.92,21.8,39.25,81.06,44.87,0
131.89,51.88,36.82,40.91,32.16,47.68,0
97.79,49.55,39.28,29.59,24.99,36.51,0
111.72,38.49,26.23,20.48,95.0,26.28,0
102.37,41.44,16.13,17.55,30.47,24.35,0
130.68,67.9,19.33,20.45,54.3,34.18,0
165.03,71.99,24.88,18.73,33.85,42.43,0
127.28,31.14,12.17,22.56,61.26,27.41,0
121.12,66.9,26.28,24.3,78.39,34.71,0
103.62,46.88,24.97,34.25,36.01,35.53,0
109.02,57.75,45.27,27.41,67.79,37.89,0
139.35,58.78,34.98,31.32,75.38,42.6,0
143.96,55.55,20.4,23.73,63.04,36.3,0
97.79,59.88,27.66,30.66,20.0,35.95,0
138.17,48.15,10.0,32.18,41.84,37.01,0
100.97,58.11,10.0,30.69,73.18,29.4,0
163.02,38.32,25.43,29.7,73.07,41.01,0
83.16,42.42,34.78,34.76,49.07,33.18,0
112.01,43.05,19.02,24.34,35.84,30.13,0
115.35,42.21,32.48,37.84,78.91,38.44,0
150.23,44.86,16.87,27.35,49.05,37.59,0
120.29,29.89,32.66,35.76,51.36,37.99,0
98.27,38.89,27.59,24.6,63.29,27.89,0
131.57,35.13,29.27,25.91,24.85,36.34,0
134.79,50.24,23.48,21.36,57.76,33.72,0
112.83,39.0,24.15,34.76,76.03,34.14,0
126.22,63.63,22.46,20.33,21.74,35.09,0
118.9,38.09,37.25,18.24,69.38,30.33,0
103.95,43.85,22.13,25.96,36.57,30.31,0
101.49,59.39,19.54,36.93,59.01,35.78,0
104.72,62.95,28.66,30.2,40.95,36.59,0
120.79,23.3,25.45,20.11,64.57,26.94,0
108.03,44.73,26.98,32.28,58.37,34.4,0
123.67,41.2,28.32,38.99,85.83,39.03,0
153.17,23.19,40.49,35.22,20.0,46.15,0
123.43,41.94,29.72,23.58,34.18,34.31,0
138.84,18.45,19.51,21.04,67.07,28.42,0
109.52,36.94,30.61,19.31,20.0,29.89,0
123.04,64.56,30.13,33.76,88.0,39.9,0
140.78,48.76,12.99,20.26,62.67,31.28,0
136.02,37.16,32.13,27.27,47.33,37.67,0
123.25,32.49,35.6,32.36,72.01,36.86,0
127.87,56.44,23.85,41.66,78.53,42.55,0
106.9,59.33,37.4,34.55,51.47,40.23,0
145.12,61.74,36.59,28.72,64.29,43.69,0
105.42,56.79,30.25,16.09,20.0,30.23,0
114.94,35.79,31.63,21.51,30.9,31.5,0
106.95,50.07,23.08,37.53,47.14,37.21,0
116.93,61.37,28.54,26.28,28.25,37.22,0
121.47,66.52,33.78,33.09,62.2,41.72,0
125.82,54.48,31.51,32.53,75.93,39.31,0
163.03,42.34,29.63,24.9,45.15,41.58,0
113.67,49.48,25.11,22.75,50.08,31.28,0
149.7,46.51,49.4,44.52,59.11,53.62,0
145.81,66.77,36.05,24.68,78.03,41.68,0
149.95,27.36,25.9,19.71,45.82,33.6,0
163.73,35.36,19.65,22.51,44.29,37.18,0
130.37,48.26,38.29,24.12,60.76,37.44,0
126.28,44.13,10.0,45.0,45.25,40.55,0
140.54,47.98,19.24,34.34,72.71,39.17,0
176.35,36.24,10.0,22.36,69.79,35.91,0
121.45,52.53,28.67,34.41,50.37,39.78,0
139.9,30.7,29.05,45.0,62.44,44.83,0
101.8,42.35,16.25,28.37,77.16,27.48,0
158.41,33.45,29.07,38.55,34.92,46.7,0
111.43,26.43,46.03,28.95,54.56,35.55,0
117.04,81.13,28.54,23.77,50.78,37.62,0
120.47,41.47,23.34,27.78,45.46,33.71,0
136.63,45.15,10.77,21.61,49.69,30.82,0
97.17,54.7,30.38,29.23,55.6,33.28,0
117.34,26.48,35.08,31.83,42.79,36.02,0
136.41,52.97,27.93,28.12,70.47,38.21,0
130.26,53.66,34.67,35.27,34.43,44.2,0
115.86,59.84,18.42,28.5,53.39,34.23,0
110.98,83.54,37.01,38.09,36.6,46.77,0
81.64,70.13,18.31,26.97,66.22,28.09,0
84.73,36.46,15.57,21.21,49.5,21.22,0
109.13,43.8,35.81,37.18,56.36,39.14,0
133.19,57.96,39.28,39.76,36.16,48.59,0
125.77,57.42,31.22,12.0,61.11,30.12,0
108.8,55.4,29.73,23.1,34.78,33.29,0
128.63,66.1,16.93,27.55,25.98,37.95,0
152.44,33.05,16.85,24.91,42.88,35.42,0
135.65,65.79,36.63,23.74,36.7,41.45,0
115.25,34.68,15.04,19.26,51.26,25.28,0
136.77,59.75,43.61,30.39,69.88,44.15,0
189.58,29.85,28.77,35.39,52.59,49.27,0
169.77,44.43,29.56,26.7,72.71,42.59,0
121.91,52.68,32.33,25.9,51.33,36.46,0
111.19,45.44,32.81,26.42,58.53,33.54,0
126.82,37.39,30.3,35.24,54.98,39.21,0
134.64,28.77,18.96,27.67,89.47,31.17,0
105.98,50.71,43.38,32.88,67.32,38.66,0
143.51,61.13,21.33,44.17,37.76,48.71,0
102.86,58.7,27.99,31.95,52.27,35.81,0
150.1,46.29,23.27,37.33,32.63,45.12,0
94.95,33.83,37.32,36.27,52.16,35.31,0
145.09,52.06,22.76,20.17,59.34,34.99,0
122.97,34.56,37.93,38.82,46.56,42.16,0
117.26,52.63,30.65,44.79,62.23,44.12,0
117.76,54.8,23.72,30.21,27.25,37.3,0
112.57,56.79,11.93,35.03,79.26,33.63,0
99.86,52.59,43.0,21.1,52.01,32.61,0
62.1,65.35,28.66,32.58,80.79,28.46,0
108.94,54.42,27.79,37.05,61.86,38.33,0
131.77,58.43,36.31,25.02,63.57,38.95,0
193.64,75.53,23.68,37.73,27.06,57.62,0
118.97,60.73,30.3,28.09,69.43,36.76,0
148.74,66.26,10.0,29.11,51.07,39.45,0
121.12,68.58,24.68,18.41,70.62,32.0,0
119.0,28.17,18.71,30.49,70.32,30.59,0
119.73,58.52,40.18,28.78,65.48,39.5,0
136.62,53.86,27.21,31.56,60.91,40.4,0
96.97,61.7,32.52,25.44,53.28,32.95,0
144.84,49.27,48.44,27.7,50.94,44.9,0
119.55,66.75,17.3,31.21,56.05,36.82,0
106.61,57.48,44.03,24.65,55.67,36.35,0
90.27,37.3,20.51,27.72,60.47,26.23,0
104.61,54.88,22.43,24.21,48.34,30.58,0
116.39,84.93,26.49,24.58,66.83,37.14,0
154.24,49.32,20.68,28.25,50.77,40.22,0
115.5,72.15,35.12,23.46,45.77,37.76,0
111.92,63.56,16.04,30.03,39.37,34.94,0
161.96,60.68,21.85,30.61,63.66,44.01,0
156.0,80.27,28.39,38.65,37.72,52.57,0
115.42,79.93,24.53,35.42,73.83,40.87,0
129.08,44.5,22.71,36.08,83.4,37.79,0
136.52,51.23,39.3,37.39,51.97,46.28,0
85.88,48.96,43.89,15.73,33.77,28.02,0
125.27,64.71,21.47,34.78,76.92,39.3,0
154.26,56.18,24.4,29.23,21.91,44.01,0
125.58,26.96,17.99,19.11,60.41,26.23,0
128.29,52.54,34.57,33.08,42.99,42.13,0
168.81,75.99,22.79,28.08,81.63,45.45,0
121.06,63.42,10.0,39.09,40.07,39.61,0
140.97,49.53,22.23,27.33,41.18,38.25,0
106.39,56.21,15.93,24.57,22.44,31.0,0
140.61,39.5,28.86,23.81,67.37,35.3,0
116.81,18.0,15.61,27.53,44.58,27.83,0
115.83,45.86,19.87,32.08,20.0,36.08,0
176.65,48.46,28.71,14.73,91.5,37.26,0
105.16,51.77,33.05,21.99,20.0,33.11,0
114.9,34.4,37.93,21.32,58.23,31.35,0
117.76,46.31,24.69,18.99,56.69,29.27,0
149.59,45.08,29.15,23.92,41.51,39.12,0
138.73,70.42,19.37,25.76,69.14,37.9,0
134.02,60.92,33.88,21.44,42.65,38.37,0
98.2,34.63,14.9,37.99,27.77,32.71,0
143.31,64.82,24.35,13.08,42.83,34.11,0
169.24,61.8,34.74,19.37,39.16,44.18,0
137.31,54.85,34.61,32.84,44.18,43.91,0
88.21,56.11,26.92,34.48,66.35,33.12,0
87.8,63.5,25.88,30.52,57.41,32.3,0
100.0,47.27,30.68,23.95,48.14,30.55,0
145.16,49.45,18.21,25.57,28.08,37.8,0
173.18,65.18,38.81,27.32,63.88,49.08,0
124.89,52.24,29.55,39.15,38.57,43.53,0
153.09,63.64,33.47,24.0,73.17,41.84,0
114.51,57.1,27.49,21.72,95.0,30.32,0
135.58,41.09,18.91,23.14,57.09,32.41,0
127.74,49.84,29.85,34.69,53.78,40.79,0
147.67,41.71,20.8,19.22,91.21,31.46,0
99.54,62.27,12.25,32.24,37.54,32.82,0
154.97,56.44,21.57,35.87,50.74,45.37,0
110.06,61.97,32.74,35.89,47.01,40.94,0
108.33,45.06,40.88,31.79,70.62,36.98,0
122.72,46.76,29.34,19.11,76.04,30.43,0
107.99,53.82,21.07,23.47,56.49,29.94,0
132.0,37.14,16.71,23.37,67.61,30.28,0
108.44,36.8,39.92,37.33,22.36,40.8,0
105.84,52.46,17.37,16.83,90.61,23.45,0
94.59,56.68,22.48,35.96,77.11,33.48,0
119.78,48.71,26.46,38.9,45.08,40.92,0
147.14,59.79,25.73,40.8,46.56,48.1,0
145.74,30.21,34.84,43.47,61.36,46.49,0
163.78,56.97,25.85,36.86,62.96,47.94,0
137.82,46.81,24.9,31.16,36.36,40.1,0
131.39,53.63,27.16,26.08,37.42,37.84,0
165.24,42.84,20.69,29.93,23.79,43.48,0
133.15,50.65,37.27,26.31,48.63,39.73,0
106.35,55.44,25.01,34.31,38.84,37.12,0
176.88,39.61,28.34,25.03,73.38,42.03,0
164.81,44.01,25.09,22.4,35.98,40.25,0
156.78,28.0,20.14,21.55,62.96,33.6,0
105.98,31.87,24.54,13.91,71.54,21.81,0
141.02,42.01,22.52,35.53,46.55,41.11,0
128.8,33.52,38.66,37.0,59.66,41.67,0
162.19,44.77,19.61,33.32,76.62,42.0,0
78.64,56.23,18.09,35.74,67.52,29.86,0
111.41,24.93,30.06,31.27,94.14,30.69,0
93.48,61.36,11.6,21.99,32.12,26.59,0
114.03,63.0,19.61,27.57,44.59,34.61,0
127.09,50.85,35.66,20.31,41.33,35.64,0
117.7,56.85,19.29,27.76,43.76,34.47,0
125.9,43.07,37.38,19.02,53.7,33.49,0
155.02,39.3,15.11,23.97,58.46,35.09,0
152.83,59.98,21.22,24.35,88.57,37.74,0
102.9,71.95,27.23,31.12,83.55,35.51,0
139.32,43.0,36.2,35.47,46.68,44.19,0
117.9,28.76,29.21,32.79,74.48,33.93,0
104.22,41.5,33.86,25.15,48.45,31.85,0
111.73,22.88,34.19,39.38,49.34,37.74,0
108.25,45.86,10.0,36.77,54.28,32.98,0
120.31,42.25,34.5,31.49,69.91,37.1,0
134.84,32.79,27.47,37.58,20.0,42.25,0
97.93,45.12,11.18,40.26,25.09,34.5,0
134.83,27.05,13.76,40.93,20.0,39.82,0
99.46,86.27,10.3,29.01,65.19,32.7,0
95.05,40.82,17.78,22.65,52.13,24.81,0
77.59,54.69,46.65,17.66,53.55,27.97,0
149.89,50.66,15.42,22.02,23.3,36.62,0
122.72,47.32,23.67,27.32,23.6,35.87,0
129.24,43.02,30.27,27.16,70.48,35.61,0
141.88,56.12,41.53,31.39,20.0,47.06,0
144.34,30.89,29.18,34.07,31.93,41.75,0
114.99,36.23,20.27,32.3,72.65,32.15,0
69.49,37.26,32.1,45.0,44.28,34.72,0
133.77,54.37,35.95,30.26,64.75,41.21,0
90.77,55.85,32.71,34.63,33.52,36.65,0
148.02,44.69,16.94,30.51,84.27,37.01,0
145.95,62.83,22.16,38.17,56.76,45.63,0
100.82,42.39,27.01,25.93,60.7,29.49,0
100.76,59.9,33.84,34.56,45.56,38.65,0
127.97,69.05,44.75,15.74,72.06,36.71,0
131.55,41.38,26.09,21.61,89.34,31.07,0
137.69,25.14,37.63,15.63,95.0,29.4,0
158.92,58.29,38.66,31.03,43.56,48.38,0
113.92,73.78,41.06,31.16,51.97,42.67,0
80.73,55.16,21.36,35.77,30.78,32.72,0
147.92,48.74,25.92,22.51,66.52,36.6,0
152.7,37.34,23.05,36.41,52.3,42.84,0
116.77,55.84,32.04,32.95,38.13,40.1,0
142.9,47.68,31.91,27.12,46.05,40.31,0
155.86,61.55,50.92,20.83,60.71,45.27,0
132.19,26.31,12.4,24.65,45.2,29.52,0
81.09,28.82,32.51,33.83,84.16,28.14,0
125.45,55.53,39.93,26.43,20.81,41.11,0
101.77,29.62,20.22,36.36,42.02,32.4,0
140.12,35.79,24.78,22.7,66.65,33.2,0
135.61,58.12,26.87,23.22,63.46,36.43,0
93.76,25.56,36.02,21.75,45.09,26.72,0
112.67,66.08,24.27,33.46,65.12,37.83,0
122.91,41.23,41.34,42.14,60.54,44.86,0
131.2,52.13,10.85,26.96,51.54,33.42,0
139.54,67.15,34.51,34.53,57.47,46.19,0
126.64,64.37,30.84,34.98,51.82,43.11,0
130.58,56.74,29.65,29.04,72.69,38.45,0
131.46,39.13,30.56,23.36,81.46,33.09,0
102.79,53.36,29.56,30.32,55.57,34.45,0
110.78,35.25,29.49,28.25,39.02,33.13,0
130.18,46.75,28.86,24.4,65.2,34.84,0
141.72,53.1,35.01,35.57,83.53,43.96,0
143.86,56.94,32.2,22.06,84.87,37.38,0
121.0,42.03,16.81,25.52,47.8,31.07,0
107.68,39.85,26.15,28.28,60.16,31.37,0
106.04,60.03,28.73,23.42,30.75,33.56,0
120.3,51.57,29.47,22.9,45.52,34.12,0
131.05,40.88,35.04,28.47,64.58,37.73,0
148.46,42.91,31.65,22.52,46.27,38.27,0
140.84,31.0,19.37,16.1,70.79,27.85,0
105.95,51.09,35.9,29.28,20.0,37.48,0
172.28,64.48,25.73,20.44,57.76,42.54,0
102.97,33.6,27.17,27.51,20.0,31.52,0
120.95,47.5,38.05,41.29,43.58,45.02,0
83.05,47.64,40.1,35.94,55.46,35.44,0
82.67,37.33,25.33,31.27,73.0,27.17,0
132.19,50.45,24.74,25.6,95.0,33.84,0
151.65,64.04,32.99,17.36,50.89,39.32,0
133.83,45.35,16.94,33.63,51.96,37.72,0
116.07,41.89,34.1,42.43,42.24,43.04,0
91.16,38.85,16.04,17.55,65.65,20.19,0
129.45,52.11,27.64,41.09,57.83,43.88,0
109.85,64.32,29.15,28.43,57.22,36.13,0
142.69,40.92,23.21,21.19,82.21,32.47,0
156.22,25.09,21.23,37.92,55.64,41.91,0
135.26,52.68,34.48,21.93,20.0,38.96,0
115.32,54.33,24.14,33.44,72.26,36.26,0
138.21,53.25,33.93,39.7,41.58,47.25,0
115.22,42.08,37.28,30.47,48.29,37.4,0
103.4,54.97,34.37,35.48,85.14,37.04,0
134.16,37.53,23.84,31.24,52.42,37.12,0
137.59,42.8,31.66,31.1,52.62,40.27,0
123.4,64.57,39.57,45.0,67.07,48.9,0
132.73,37.48,32.44,30.24,61.8,37.95,0
127.69,69.08,36.08,28.84,70.34,41.22,0
130.29,66.23,23.59,31.56,35.36,41.4,0
161.23,36.7,19.03,31.27,68.46,39.94,0
121.75,31.51,16.69,34.47,36.75,34.73,0
163.13,69.54,42.98,30.92,76.43,50.05,0
108.24,44.39,33.87,29.93,57.19,34.93,0
115.37,32.56,20.19,42.33,44.04,38.13,0
143.32,34.01,35.16,29.96,55.45,40.2,0
89.17,30.07,32.59,22.86,47.65,26.13,0
117.24,22.31,39.52,30.11,68.44,34.34,0
112.75,45.22,45.07,18.13,79.66,31.52,0
131.77,52.93,19.97,33.12,72.0,37.88,0
144.59,47.63,42.76,31.65,41.52,45.7,0
83.04,59.96,23.89,24.61,84.74,26.15,0
141.06,51.81,35.51,36.47,53.06,45.75,0
140.35,47.07,27.8,28.54,41.96,39.7,0
111.47,51.74,24.37,30.4,34.87,35.61,0
138.53,42.18,19.68,20.34,53.46,32.06,0
125.59,37.91,39.51,34.31,71.66,39.97,0
121.8,60.29,20.81,26.64,53.46,35.01,0
133.19,27.65,30.94,19.48,55.96,31.21,0
125.19,26.27,26.89,31.99,61.57,34.58,0
138.93,54.14,36.6,39.39,95.0,45.32,0
157.47,49.56,15.91,32.27,50.79,41.7,0
126.33,60.32,34.49,42.77,55.18,47.09,0
121.62,46.16,26.71,20.67,25.12,32.84,0
138.76,53.72,31.36,24.67,58.86,38.42,0
133.35,51.42,28.64,26.46,35.6,38.53,0
130.47,85.27,22.53,27.05,59.59,40.38,0
118.7,46.02,23.8,26.38,85.66,31.43,0
122.03,71.84,23.53,32.16,20.0,41.75,0
129.22,27.87,26.77,40.75,67.56,39.58,0
108.49,31.9,21.42,34.58,20.0,34.42,0
158.91,53.99,43.96,30.09,74.05,47.06,0
133.17,29.58,10.0,36.89,52.02,35.35,0
135.82,58.55,35.18,31.85,53.3,43.35,0
123.36,23.11,27.83,32.45,65.69,34.06,0
126.7,71.45,27.6,26.37,77.91,37.72,0
137.13,42.02,39.82,36.08,79.43,43.19,0
101.15,58.77,10.0,26.69,65.57,27.9,0
166.44,43.12,10.0,17.4,45.43,33.83,0
141.55,61.02,32.16,24.17,74.08,39.12,0
109.1,35.07,37.84,24.66,25.25,33.7,0
168.65,61.56,33.29,25.13,48.04,46.13,0
143.7,40.07,23.25,30.69,38.28,39.49,0
137.34,66.16,25.29,41.91,48.29,47.6,0
140.74,55.68,27.61,36.15,32.04,45.23,0
136.99,81.81,24.11,40.39,45.67,48.81,0
133.36,54.74,30.64,35.57,20.0,44.81,0
143.94,39.61,32.84,31.93,41.76,42.21,0
152.25,55.26,33.14,29.31,43.22,44.59,0
125.1,51.12,23.34,16.73,60.89,29.6,0
128.03,35.72,22.5,24.07,77.4,30.61,0
136.86,91.78,26.74,19.16,36.82,40.64,0
128.33,44.81,35.37,32.05,66.99,39.54,0
115.04,28.44,24.69,25.8,24.1,31.31,0
126.5,51.33,32.87,17.24,62.51,32.34,0
156.45,58.09,10.0,29.97,56.0,39.88,0
82.13,72.71,39.78,25.38,73.86,32.51,0
137.61,46.97,35.88,25.41,47.75,39.28,0
154.49,42.17,17.32,26.3,38.72,38.08,0
165.54,58.1,11.07,27.2,64.44,39.97,0
127.24,45.93,27.03,35.76,64.15,39.49,0
109.76,34.4,39.79,27.56,51.42,34.33,0
86.92,45.19,23.58,30.96,42.56,29.99,0
117.5,39.68,36.0,41.63,95.0,40.41,0
125.74,49.21,16.95,28.69,57.43,34.07,0
133.81,43.33,24.43,34.79,69.08,38.96,0
157.6,56.13,45.78,14.09,83.35,39.09,0
149.56,48.77,17.92,27.11,68.76,37.17,0
155.6,30.13,40.52,33.15,53.63,44.85,0
135.43,50.51,16.38,37.81,39.67,41.3,0
126.07,44.4,37.71,41.54,63.98,44.53,0
115.91,56.15,28.43,30.89,55.32,37.23,0
133.62,43.22,30.85,43.51,67.23,44.9,0
138.54,29.56,18.13,24.87,63.82,31.67,0
128.14,44.92,23.97,45.0,60.55,43.58,0
141.64,69.49,23.21,35.05,32.28,45.71,0
117.62,50.72,39.17,23.7,47.57,36.15,0
97.8,68.23,38.61,36.76,56.5,40.98,0
147.9,45.3,31.91,22.92,55.6,38.3,0
108.84,45.76,31.94,27.22,59.88,33.28,0
131.55,61.73,30.64,27.39,70.13,38.86,0
145.4,66.6,32.85,27.11,56.07,43.13,0
155.86,29.34,19.63,13.4,72.32,28.96,0
147.64,77.59,24.85,33.29,74.8,45.31,0
97.31,58.69,32.94,30.3,72.14,34.18,0
108.96,40.59,29.79,38.05,79.65,36.49,0
147.22,44.89,17.35,22.91,55.26,34.64,0
77.72,32.62,26.76,35.32,30.0,30.14,0
127.05,45.3,37.2,32.33,20.58,42.27,0
124.49,69.54,25.94,38.49,38.25,44.7,0
131.51,67.47,33.2,23.25,71.45,38.14,0
129.54,57.82,37.66,39.93,54.41,46.7,0
112.46,78.16,24.54,28.55,44.11,38.15,0
118.11,36.95,48.01,30.13,65.2,38.76,0
143.18,40.93,28.04,26.82,59.38,37.67,0
146.18,44.86,24.12,39.19,23.36,45.81,0
126.83,83.42,35.18,29.54,41.53,44.65,0
147.36,56.05,32.84,37.27,94.54,45.16,0
130.53,51.3,23.47,22.58,61.92,33.51,0
154.11,35.4,47.55,31.65,71.02,45.38,0
132.05,44.76,27.08,25.9,44.77,36.25,0
156.42,39.19,32.59,24.74,45.59,40.55,0
127.15,57.52,16.56,29.82,35.69,37.04,0
132.09,56.72,36.73,22.2,53.43,37.96,0
145.35,52.5,24.57,31.0,67.7,40.53,0
73.51,47.84,34.21,33.35,70.94,30.27,0
107.12,50.68,24.57,27.72,54.85,32.39,0
129.9,42.31,25.27,26.53,47.96,35.24,0
92.02,43.37,23.08,36.07,73.06,31.56,0
127.45,63.65,23.84,41.67,21.16,46.35,0
140.87,52.41,28.98,34.11,60.31,42.69,0
122.43,61.48,39.43,21.16,60.29,36.67,0
141.05,75.93,34.38,26.62,52.9,43.94,0
142.23,54.54,18.91,39.2,80.58,42.35,0
100.2,68.31,21.17,27.73,57.12,32.69,0
139.33,42.11,32.65,27.13,33.37,39.71,0
145.68,71.85,19.3,36.72,47.23,45.91,0
109.15,46.39,31.68,29.19,52.15,34.73,0
93.77,39.63,17.92,28.61,69.38,26.56,0
147.37,62.77,36.64,31.44,64.43,45.6,0
116.49,46.74,31.8,13.74,38.82,29.07,0
161.32,23.47,26.45,29.03,59.11,39.23,0
144.04,42.27,10.0,14.28,36.46,28.56,0
119.93,30.31,42.4,33.37,70.46,38.17,0
137.39,56.63,19.6,29.59,46.13,38.85,0
121.21,65.69,10.94,21.12,64.08,29.99,0
125.68,51.34,28.08,30.04,46.79,38.23,0
115.21,30.21,20.76,26.2,54.77,29.31,0
84.53,63.55,36.15,31.4,73.76,33.8,0
116.15,66.57,32.89,22.06,33.33,36.48,0
186.63,60.61,37.87,24.35,48.54,49.91,0
76.95,57.28,19.24,42.81,36.77,35.06,0
114.44,60.14,43.59,32.59,55.89,41.98,0
97.6,52.16,19.49,30.88,60.14,30.98,0
143.22,64.87,20.3,17.33,64.04,34.2,0
141.97,55.02,30.72,20.19,44.75,37.49,0
122.12,50.73,38.9,28.31,40.47,39.55,0
112.94,56.4,33.2,28.13,36.13,37.45,0
91.63,72.62,33.72,29.76,56.5,35.81,0
111.64,61.86,43.15,34.06,69.59,41.66,0
153.66,56.12,37.58,34.62,20.0,49.84,0
131.57,38.42,22.51,30.27,47.04,36.25,0
124.96,59.47,29.31,23.17,41.59,36.36,0
136.79,54.58,41.07,17.17,75.11,35.95,0
172.27,44.6,40.15,36.84,68.79,50.87,0
109.0,41.28,19.53,23.18,52.18,28.07,0
144.2,41.39,21.16,28.48,61.85,36.98,0
114.38,39.57,28.32,28.01,56.0,33.13,0
112.14,60.89,26.57,22.96,36.61,33.73,0
132.25,37.77,29.08,29.39,48.3,37.35,0
133.41,48.63,18.42,30.19,40.29,37.32,0
151.45,30.68,38.32,29.05,77.86,40.39,0
141.46,44.86,25.84,33.13,20.0,42.51,0
82.2,61.94,29.82,36.34,31.28,36.23,0
107.58,45.54,36.47,36.27,22.03,40.53,0
99.19,58.01,12.96,28.22,64.76,28.96,0
130.67,41.02,38.78,33.97,35.13,42.8,0
131.81,52.25,25.64,23.95,55.97,35.37,0
60.0,55.69,46.09,26.67,24.67,30.76,0
130.11,44.69,36.34,31.45,78.24,39.21,0
174.95,44.89,30.15,29.64,79.71,44.85,0
115.33,50.44,30.91,30.31,43.94,37.2,0
119.11,53.59,18.62,45.0,85.59,40.63,0
128.49,54.1,40.96,20.63,70.76,36.31,0
138.7,19.09,51.91,23.62,89.94,36.41,0
139.74,56.73,31.27,27.32,77.3,39.4,0
113.31,40.87,35.57,25.99,67.54,33.27,0
105.73,44.93,26.81,42.19,52.39,39.23,0
174.33,57.87,12.99,33.94,62.84,45.43,0
174.73,73.66,26.5,39.18,66.2,53.4,0
170.93,47.77,22.75,21.21,55.79,39.73,0
147.22,50.69,31.41,34.9,71.92,43.99,0
118.34,63.93,30.65,20.76,68.42,33.57,0
95.25,38.55,31.37,22.39,48.04,27.86,0
122.72,67.38,22.04,27.33,40.73,37.44,0
122.96,33.03,29.43,30.43,23.67,36.85,0
114.61,34.98,27.54,21.22,34.37,30.03,0
71.44,74.54,23.24,25.29,20.0,29.52,0
146.16,47.52,25.55,28.23,46.64,39.88,0
160.23,50.75,32.18,34.72,20.0,49.03,0
109.97,55.59,52.11,29.98,50.96,41.53,0
143.44,56.42,36.29,45.0,91.61,49.35,0
112.79,34.4,33.52,15.85,78.61,26.16,0
147.43,67.41,24.32,32.6,32.48,45.49,0
107.44,54.63,31.74,23.51,63.48,32.18,0
89.79,57.47,19.63,30.44,95.0,28.39,0
111.84,31.9,45.12,37.61,41.05,41.18,0
130.18,53.87,44.06,16.06,54.72,35.84,0
202.5,46.78,41.11,28.47,69.7,52.61,0
128.58,42.53,20.5,44.68,78.67,41.42,0
144.04,37.1,10.45,35.51,31.98,38.79,0
118.8,52.2,25.97,26.54,63.38,34.03,0
115.34,54.44,19.68,22.47,72.1,29.74,0
148.83,49.78,16.38,12.0,66.44,29.37,0
148.61,55.5,38.85,24.85,72.96,41.62,0
108.61,35.65,25.58,24.0,51.53,29.1,0
113.54,35.52,25.06,29.82,28.12,33.93,0
99.21,42.09,30.48,25.41,62.84,29.63,0
121.11,64.9,31.98,27.63,55.72,38.59,0
116.09,33.02,18.74,29.7,76.64,30.03,0
105.23,80.2,32.15,27.11,66.5,37.12,0
127.49,55.21,37.33,41.4,48.36,46.92,0
128.57,27.0,26.72,26.35,67.87,32.11,0
133.1,55.27,21.1,29.14,45.59,38.05,0
125.95,26.46,27.92,36.32,36.44,38.42,0
110.46,57.65,42.64,27.68,56.22,38.22,0
110.44,28.1,32.55,20.56,92.27,26.29,0
162.82,32.26,14.67,22.27,55.73,34.69,0
136.09,45.86,20.21,31.75,60.14,37.63,0
148.43,53.03,30.94,34.45,20.0,46.79,0
108.79,47.94,25.77,36.25,77.55,35.73,0
151.48,50.36,21.42,16.39,45.82,34.36,0
104.91,57.94,31.11,26.36,53.8,33.95,0
108.99,43.84,20.65,34.81,47.49,34.74,0
172.23,57.24,12.08,19.36,73.8,36.9,0
130.86,36.02,44.8,35.71,48.32,43.79,0
100.5,56.05,26.24,28.83,94.81,30.91,0
128.2,26.86,42.78,30.43,36.8,39.48,0
152.32,24.27,30.61,19.69,61.4,33.94,0
146.45,57.45,32.74,23.58,38.11,41.15,0
134.94,54.18,30.81,24.11,87.8,35.93,0
106.85,65.12,12.68,33.36,36.63,35.24,0
98.79,67.7,22.32,35.35,46.22,36.98,0
114.12,58.7,15.44,25.07,44.13,31.79,0
116.32,65.5,33.31,32.72,58.59,40.53,0
107.43,25.94,26.16,27.56,20.0,31.03,0
145.69,27.41,23.06,25.12,40.0,35.15,0
134.33,61.41,34.96,28.47,58.64,41.47,0
109.72,51.31,37.72,37.67,93.15,39.16,0
108.13,55.68,26.98,27.33,41.2,34.34,0
90.44,51.69,28.17,32.53,29.81,34.05,0
130.7,18.0,36.29,42.22,62.04,41.76,0
132.97,33.19,34.89,19.72,48.55,33.39,0
85.59,49.68,31.56,24.11,47.73,28.61,0
137.2,58.18,35.27,34.91,60.41,44.74,0
99.41,40.54,27.8,40.82,21.21,38.59,0
89.69,47.62,38.28,22.5,76.34,28.43,0
154.48,43.17,27.22,29.13,37.36,42.08,0
113.58,55.57,13.62,20.41,68.01,27.3,0
150.15,57.63,17.85,17.8,28.19,35.87,0
132.19,58.76,21.57,39.78,81.34,42.02,0
124.93,40.78,25.81,45.0,42.38,43.77,0
152.43,52.93,22.03,22.5,39.88,38.39,0
123.42,55.01,28.38,19.37,62.44,32.29,0
132.99,55.71,38.55,36.07,61.79,44.94,0
128.75,51.86,10.0,17.95,55.98,28.01,0
152.61,65.26,36.53,31.65,37.72,48.31,0
135.2,21.36,17.53,42.74,49.29,39.44,0
66.74,51.26,17.74,26.0,69.68,21.96,0
142.57,65.49,35.02,30.74,31.93,46.01,0
118.01,67.69,16.85,17.11,49.14,29.86,0
138.34,56.04,58.19,22.73,51.52,44.5,0
104.0,41.85,17.2,18.66,49.81,24.55,0
122.82,55.97,28.0,26.89,39.57,37.13,0
111.3,18.0,36.34,27.36,84.6,29.73,0
92.9,28.89,36.2,35.61,43.93,34.06,0
118.26,45.84,16.76,29.87,44.09,33.46,0
164.57,78.84,23.8,17.73,52.98,41.59,0
75.61,53.38,16.67,23.65,74.81,22.17,0
154.44,35.82,26.94,19.89,59.27,35.26,0
101.16,70.43,35.28,25.11,32.23,36.48,0
131.64,62.07,24.81,26.31,20.0,39.49,0
114.91,45.21,35.74,17.72,28.63,32.02,0
128.76,32.78,30.37,23.81,75.84,32.17,0
150.97,53.04,20.47,22.62,26.87,38.48,0
143.69,44.47,29.68,30.27,52.92,40.7,0
141.78,62.99,14.51,34.32,24.76,42.74,0
140.82,19.31,12.5,36.91,66.05,35.2,0
92.0,56.53,39.0,38.83,76.87,38.41,0
155.73,72.08,40.37,40.33,25.77,55.69,0
121.88,55.72,29.45,29.99,63.77,37.61,0
95.54,50.49,26.94,43.18,32.13,39.71,0
139.7,49.91,34.41,22.95,20.0,39.87,0
133.35,41.89,38.23,17.68,65.12,33.63,0
98.23,70.71,27.47,18.34,20.0,31.34,0
117.09,63.21,37.07,23.09,83.52,35.19,0
103.77,48.21,32.73,17.32,51.79,28.35,0
116.68,38.19,22.45,36.66,78.71,35.13,0
106.47,55.17,35.66,24.65,59.55,33.8,0
124.3,74.41,44.28,32.94,90.79,44.35,0
91.7,57.62,19.96,26.21,73.79,27.78,0
140.0,52.87,36.2,30.18,93.46,40.71,0
117.7,66.22,27.8,20.55,57.89,33.51,0
123.84,37.36,35.04,41.16,54.62,42.78,0
152.35,50.31,34.04,24.37,44.91,41.58,0
112.98,52.17,17.42,38.29,59.79,36.98,0
73.43,63.1,19.83,21.94,55.2,24.02,0
149.07,32.11,32.38,29.47,78.56,38.91,0
115.59,74.77,15.65,33.91,54.96,38.24,0
164.79,84.12,12.24,17.35,51.05,39.5,0
100.45,37.19,17.4,34.4,39.69,31.68,0
108.17,31.67,24.13,18.58,42.66,25.85,0
159.28,47.31,28.33,15.37,68.23,35.37,0
136.82,40.11,25.91,29.41,23.51,38.99,0
113.59,43.31,24.42,38.05,32.18,38.79,0
104.41,55.81,28.97,38.57,50.74,39.31,0
183.41,50.0,35.76,27.01,34.56,49.37,0
135.98,58.09,26.06,13.23,47.25,32.12,0
112.99,63.12,37.81,18.96,71.02,33.18,0
123.94,59.16,26.01,28.54,21.57,39.03,0
142.68,43.78,29.26,27.87,58.53,38.84,0
141.65,58.22,30.86,26.25,47.64,40.8,0
143.81,59.05,27.34,27.16,56.17,40.49,0
82.76,41.32,39.82,20.47,52.6,26.84,0
111.0,58.9,31.13,28.26,58.67,35.89,0
102.71,51.96,32.07,30.92,75.06,34.16,0
92.78,51.78,30.71,32.59,61.67,33.53,0
134.24,47.79,17.9,32.11,59.59,37.23,0
144.46,51.68,41.78,18.02,47.75,38.89,0
109.36,48.75,23.11,33.19,37.57,35.77,0
130.93,21.91,25.1,32.21,30.07,36.26,0
96.33,43.47,48.72,25.07,61.12,33.6,0
129.01,60.75,35.82,24.22,52.28,38.82,0
140.32,23.23,37.89,27.72,52.69,37.83,0
89.31,36.95,43.88,23.66,44.31,30.4,0
119.9,73.35,30.21,38.61,37.26,45.54,0
138.29,78.5,22.4,43.52,27.89,50.62,0
162.29,58.69,17.36,35.39,43.56,46.11,0
112.93,69.4,34.22,31.62,47.21,40.7,0
128.75,48.37,28.79,37.48,65.61,41.32,0
111.39,44.11,40.73,23.09,70.35,33.03,0
112.07,35.0,26.48,20.47,39.01,28.71,0
143.46,63.78,38.17,22.05,40.76,41.9,0
154.19,38.49,28.94,33.31,57.6,42.87,0
106.87,50.94,24.61,23.4,28.11,31.57,0
118.36,25.16,29.95,26.88,26.97,33.11,0
152.46,70.14,26.68,25.88,53.34,42.94,0
114.19,55.72,21.49,27.93,41.41,34.41,0
107.55,36.33,36.21,39.32,44.08,39.59,0
132.32,52.4,22.48,30.1,47.73,38.21,0
116.24,45.64,14.31,23.87,56.6,28.85,0
109.82,39.48,22.29,33.69,73.26,32.82,0
133.47,50.6,36.33,26.09,61.15,38.82,0
130.62,80.33,43.19,29.65,74.48,45.22,0
112.7,43.82,32.72,23.55,36.76,33.21,0
141.11,38.83,21.93,30.31,65.43,36.98,0
75.39,32.86,26.03,29.96,48.45,25.97,0
82.45,45.37,27.76,41.22,41.36,35.4,0
153.73,59.65,25.58,34.36,87.13,43.98,0
122.65,51.71,17.79,34.57,43.29,37.71,0
132.9,55.67,38.72,29.75,42.59,42.76,0
140.58,47.12,10.97,25.76,73.02,32.77,0
123.7,26.05,36.45,21.36,74.66,30.61,0
149.5,46.76,19.12,45.0,44.55,47.32,0
157.62,55.65,13.33,19.0,71.65,34.28,0
152.7,59.49,27.1,20.72,62.73,38.54,0
141.12,41.26,20.41,38.73,42.07,42.34,0
134.4,54.09,21.35,25.29,50.62,36.0,0
122.01,35.1,17.29,28.16,49.5,31.63,0
122.43,61.22,22.31,23.87,51.58,34.32,0
92.7,30.97,22.63,27.07,25.44,27.72,0
121.16,42.58,27.88,34.68,48.5,38.38,0
95.37,42.24,22.4,23.72,52.1,26.71,0
162.24,46.56,32.41,33.5,55.08,46.5,0
144.59,67.0,40.57,21.66,29.67,43.49,0
146.73,44.8,32.19,23.42,70.42,37.6,0
140.42,55.75,19.55,37.34,73.95,41.75,0
90.08,65.13,13.02,27.77,44.05,29.14,0
145.11,52.52,21.94,34.92,81.28,41.14,0
120.37,61.15,25.49,28.49,23.33,38.42,0
120.88,46.25,36.77,41.77,52.58,44.32,0
96.48,59.69,25.94,35.22,76.34,34.74,0
132.54,48.75,23.4,26.45,48.0,36.13,0
131.96,60.89,35.49,27.66,59.39,40.66,0
134.1,50.1,30.55,18.75,40.96,34.81,0
140.74,38.87,12.11,28.84,62.63,33.97,0
114.64,44.68,36.89,38.67,26.19,42.77,0
105.87,41.12,10.0,26.76,59.89,26.6,0
105.23,52.02,48.38,29.69,47.56,39.3,0
100.88,59.34,10.0,32.05,74.44,30.17,0
109.32,54.33,45.59,19.53,47.33,34.62,0
141.19,64.29,34.56,39.3,80.34,47.34,0
165.31,73.66,27.83,38.27,22.12,53.77,0
132.26,69.52,30.52,34.81,83.48,43.09,0
132.62,32.93,10.0,14.84,79.41,23.33,0
146.95,39.82,26.71,13.15,49.57,31.53,0
156.4,58.01,24.62,24.45,50.18,40.9,0
103.29,39.17,28.14,25.36,72.41,28.89,0
124.9,72.96,40.41,34.34,76.18,44.76,0
99.84,58.79,33.23,23.76,87.99,30.66,0
119.44,38.71,15.88,45.0,44.52,40.0,0
114.46,65.53,40.27,30.06,53.51,40.79,0
118.88,57.26,34.63,31.65,41.45,40.48,0
187.32,50.32,25.63,29.73,54.02,48.08,0
106.77,56.8,25.58,28.72,32.93,35.02,0
148.99,64.46,39.98,37.15,44.79,50.78,0
143.45,35.75,18.06,26.5,24.86,36.17,0
138.87,62.64,17.93,36.67,46.73,43.07,0
133.78,36.3,21.44,35.21,79.97,36.91,0
111.67,61.36,25.39,23.08,37.41,33.46,0
130.68,45.49,38.45,24.95,70.92,37.05,0
135.73,51.59,46.85,30.52,60.98,44.11,0
129.05,46.84,19.36,18.55,69.18,29.25,0
138.64,32.9,31.41,12.29,60.22,29.23,0
115.14,59.55,18.78,23.44,20.0,33.29,0
185.7,63.6,41.86,23.72,38.4,51.32,0
136.58,50.33,23.65,35.79,51.8,41.61,0
113.77,50.42,20.31,36.16,63.36,36.32,0
152.06,20.57,37.44,38.0,55.26,44.47,0
128.08,63.39,16.42,12.0,38.19,28.96,0
119.55,92.83,26.2,22.08,46.9,38.5,0
142.76,58.77,32.27,21.61,37.12,39.62,0
133.47,46.27,48.66,35.23,34.26,47.08,0
136.77,44.96,27.3,26.86,60.44,36.87,0
140.37,55.99,17.99,27.49,32.76,38.53,0
97.78,44.69,10.75,35.21,82.35,28.93,0
155.32,58.87,31.37,23.59,55.99,41.72,0
104.65,40.82,35.99,41.92,35.42,41.38,0
110.94,24.41,19.79,20.84,45.87,25.26,0
162.23,60.96,32.64,19.75,62.97,41.29,0
123.18,54.79,30.64,29.41,36.93,39.06,0
83.33,65.71,43.91,19.14,45.36,31.04,0
108.0,57.38,27.97,39.8,58.68,40.15,0
136.45,40.89,17.76,32.82,50.35,37.44,0
120.19,53.14,20.36,29.64,72.3,34.16,0
124.71,54.08,18.91,38.6,80.61,38.83,0
147.14,41.42,17.66,12.0,56.7,28.69,0
102.33,46.44,24.86,27.3,63.02,30.38,0
145.99,53.5,26.28,27.93,44.12,40.83,0
110.13,71.97,41.77,16.99,38.08,35.51,0
135.1,32.3,10.52,28.07,63.21,31.24,0
90.27,41.04,36.05,26.62,79.23,28.99,0
119.9,40.23,27.08,27.22,45.64,34.04,0
126.24,61.38,40.85,32.92,95.0,41.83,0
120.35,56.5,24.75,23.8,59.39,33.44,0
89.7,58.41,25.29,38.75,42.68,36.63,0
128.13,55.71,33.62,32.11,45.24,41.73,0
143.17,63.82,22.73,12.0,62.03,32.06,0
77.57,46.54,35.65,40.41,42.12,36.14,0
133.97,38.97,22.84,21.61,21.65,33.77,0
158.73,47.43,29.61,25.98,68.04,40.9,0
122.75,36.6,38.38,45.0,69.08,44.48,0
145.05,57.73,22.99,27.36,39.72,40.41,0
158.99,57.86,23.98,22.04,29.27,41.03,0
154.57,21.91,17.98,29.53,64.24,35.76,0
200.89,46.37,29.34,32.36,67.91,51.48,0
148.66,55.81,28.85,37.73,64.94,46.12,0
108.56,48.22,26.95,30.02,44.82,34.53,0
126.81,41.12,26.18,31.14,80.16,35.43,0
105.63,62.39,19.41,34.57,65.24,35.43,0
83.77,53.94,28.91,38.02,56.91,34.73,0
136.54,39.75,34.35,41.96,95.0,43.62,0
107.21,26.41,16.92,15.73,52.32,21.3,0
133.73,63.79,10.0,28.61,31.55,37.13,0
114.3,48.54,20.63,25.44,56.88,31.2,0
138.12,50.33,27.92,29.02,85.5,37.84,0
130.37,58.14,29.85,26.41,70.01,37.48,0
