ph,turbidity,solids,chloramines,sulfate,conductivity,organic_carbon,hardness,temperature,dissolved_oxygen,potability
7.405,2.14,21017.197,3.521,304.365,367.485,12.325,219.039,30.606,3.495,0
6.06,1.219,14760.251,5.811,286.218,300.775,18.202,136.016,17.836,7.548,1
7.85,3.361,22954.001,2.624,128.131,576.685,19.077,130.64,10.96,11.454,1
8.041,2.103,11280.495,2.832,303.76,493.282,19.728,164.591,22.268,8.831,1
5.149,3.607,18208.526,6.9,289.067,323.239,6.09,208.944,21.51,7.089,1
5.798,4.243,36000.0,4.545,213.894,241.895,14.31,247.043,29.164,5.315,0
7.228,0.734,1800.0,4.505,208.346,178.441,5.402,202.764,15.751,10.338,1
6.784,2.302,19015.455,4.762,301.021,541.482,18.357,325.428,26.037,7.11,1
7.083,3.363,19265.549,6.552,401.755,514.101,18.997,152.778,25.335,6.188,0
6.247,5.545,16017.421,5.431,298.864,530.588,16.901,230.719,24.872,6.233,0
7.979,5.095,16170.625,3.614,331.341,390.565,10.589,129.0,29.056,11.131,1
7.878,1.615,18094.164,3.686,194.263,501.721,14.949,278.604,22.864,7.187,1
7.166,2.812,15861.979,4.71,229.787,528.263,10.015,264.768,23.303,8.211,1
8.227,4.398,18942.868,5.704,316.681,396.625,12.562,229.133,25.612,7.034,0
7.568,2.666,14330.53,5.029,149.541,362.022,12.085,94.502,22.409,7.283,1
6.241,1.751,30645.553,4.851,282.612,287.846,3.507,228.623,15.151,6.635,0
7.469,3.077,15861.911,5.193,306.941,456.138,8.857,144.948,20.619,9.96,1
6.141,4.113,21202.474,5.028,261.725,472.106,22.719,214.949,21.498,7.479,1
7.978,1.484,13151.265,3.539,292.147,356.216,12.11,109.994,19.738,4.866,0
7.05,4.732,23565.43,7.314,269.915,370.351,13.221,204.849,21.164,8.109,1
6.915,3.508,22267.541,4.135,212.116,378.925,12.461,170.555,24.042,7.193,0
6.419,4.85,20225.192,5.358,164.861,499.949,10.653,147.197,21.411,8.086,0
8.323,3.027,10822.32,0.979,257.323,240.081,12.662,222.593,27.953,6.803,0
6.945,9.298,12609.38,4.67,375.883,272.37,10.668,187.179,28.044,6.426,0
6.672,4.058,28460.124,2.901,352.072,274.711,2.227,178.727,9.203,9.009,1
6.748,5.228,12537.421,3.142,235.647,387.176,16.038,230.546,14.688,10.746,1
7.632,4.718,21665.864,9.944,233.881,442.833,19.758,294.718,9.052,4.054,0
7.465,2.784,11359.636,5.599,227.624,276.735,7.261,205.162,21.412,7.548,1
7.513,3.806,24054.491,7.552,227.635,514.081,10.642,90.671,21.051,6.428,0
7.531,1.986,13038.417,6.811,289.459,580.518,19.25,104.295,23.876,5.759,0
9.242,8.866,11239.279,7.066,354.886,454.656,9.029,193.79,27.887,3.518,0
6.694,4.375,12869.774,4.702,457.339,539.735,14.245,246.456,22.752,8.049,0
6.588,1.666,13900.283,8.313,194.463,295.179,26.0,197.409,19.503,6.53,0
6.286,7.589,20130.377,6.793,320.35,298.037,15.345,218.136,22.975,6.423,0
7.716,2.892,17950.994,5.183,311.098,466.755,12.81,186.765,20.135,9.565,1
8.229,5.729,10381.485,5.627,236.972,400.392,16.468,242.915,14.431,6.609,1
6.986,0.714,17318.344,4.827,177.789,297.814,15.995,223.913,28.555,6.533,1
6.26,6.702,10067.241,5.204,288.407,576.006,9.52,133.923,25.462,4.995,0
6.276,4.251,21683.123,5.013,445.19,440.855,4.686,214.629,31.404,5.766,0
7.751,1.555,22874.869,5.863,287.869,489.261,15.173,105.155,15.825,10.04,0
7.843,4.2,17344.342,8.58,198.085,324.09,15.847,214.641,13.634,8.501,0
7.643,8.298,19265.747,2.69,251.632,606.589,11.161,174.462,17.571,9.718,1
6.434,2.034,28888.807,7.385,168.085,386.289,19.903,198.838,25.313,5.887,0
7.332,2.012,16475.581,4.364,266.573,527.287,19.001,207.821,27.982,8.05,0
7.217,2.752,11362.323,7.639,323.09,335.061,15.985,205.49,24.66,9.286,1
7.319,3.34,21264.769,4.433,206.129,425.238,11.246,267.961,23.833,8.443,1
7.971,5.981,10137.751,5.926,80.0,471.94,3.091,191.874,27.956,10.245,1
7.324,4.416,16131.302,4.782,288.535,644.449,11.715,200.39,20.335,8.124,1
7.779,2.751,13606.565,1.639,222.368,352.233,4.237,263.14,29.127,7.397,1
7.168,3.922,12938.171,8.578,201.193,429.308,1.893,294.324,34.513,3.162,0
7.389,9.178,15874.431,3.214,200.459,476.023,15.412,189.026,16.836,8.15,0
7.731,4.947,23349.294,5.268,299.021,235.219,17.775,161.835,21.526,8.476,0
5.643,2.974,24686.847,2.995,230.328,144.079,3.722,164.562,14.939,9.466,0
6.78,2.69,23520.338,2.426,344.088,285.5,11.346,214.79,17.402,5.97,1
6.63,3.761,19686.302,4.69,345.958,521.062,12.421,178.814,25.277,7.34,1
6.461,5.933,15824.842,3.913,241.996,610.969,11.184,93.791,13.223,4.538,0
6.825,1.81,2174.138,2.762,220.726,294.242,6.297,251.768,18.478,4.496,1
8.595,5.404,19889.796,5.029,275.855,258.993,18.49,234.846,29.111,8.323,0
6.234,2.93,2684.344,2.136,252.642,589.17,6.421,253.065,24.296,9.68,1
8.068,3.256,4998.113,5.351,116.036,337.149,3.729,263.927,27.454,9.743,1
5.417,12.5,16449.16,4.845,427.699,360.385,6.315,200.484,15.497,8.189,0
6.765,5.043,19219.752,0.5,325.719,580.096,14.666,204.33,23.393,11.083,1
7.263,2.155,14567.948,4.054,225.604,560.364,11.298,245.366,33.943,6.693,1
7.686,4.243,27480.952,6.037,102.107,517.088,9.034,123.172,19.161,9.017,0
7.811,6.13,20503.661,2.973,249.663,199.623,14.874,170.614,20.169,5.028,0
7.893,5.081,15878.849,6.124,215.022,253.985,13.997,186.737,26.374,2.0,0
6.751,0.396,26511.015,5.965,259.851,539.461,2.117,240.707,17.781,6.534,1
6.638,3.159,27673.237,3.065,81.071,443.147,14.829,160.377,27.16,7.183,0
7.958,4.371,20831.632,5.075,224.859,311.672,17.816,150.832,12.579,7.822,0
6.909,4.132,12460.825,6.75,230.038,363.653,11.946,166.297,8.931,7.065,1
5.824,2.293,13923.242,3.347,248.657,538.318,11.443,215.83,24.824,8.05,1
5.967,5.139,8096.198,4.688,244.922,588.313,21.022,186.245,17.317,10.533,1
6.181,6.72,17224.29,7.4,269.441,404.283,9.306,110.21,19.719,8.728,0
7.597,0.758,10674.731,3.385,394.3,322.57,11.755,121.053,28.084,6.022,1
7.242,0.689,15361.014,6.018,221.224,371.941,13.989,197.513,26.62,2.877,1
7.79,4.217,19193.902,2.942,187.552,566.168,12.718,199.345,15.882,5.464,0
6.673,5.425,4605.894,4.778,118.177,563.824,11.275,191.517,26.014,9.817,1
7.259,2.041,9285.682,5.993,221.556,428.311,12.902,164.111,21.259,6.494,1
7.726,0.424,14205.488,0.5,145.894,341.461,19.56,233.321,25.419,8.622,0
6.791,3.198,17158.572,4.031,346.608,534.932,16.134,210.294,22.883,8.553,1
7.557,4.175,14289.71,5.959,256.831,599.753,12.164,208.42,14.28,7.3,1
6.438,2.589,15741.633,5.552,344.855,230.579,8.612,210.372,18.864,7.244,1
6.737,6.23,12909.783,4.055,389.584,377.108,9.21,277.858,9.01,6.204,0
6.718,4.002,8078.901,2.891,191.47,543.715,16.776,133.665,24.074,11.409,1
5.904,1.87,14024.12,6.357,235.474,413.841,5.33,166.841,25.302,5.679,0
7.587,2.028,16114.405,4.455,378.193,346.37,23.314,171.501,18.914,9.418,1
6.631,3.248,15482.464,6.191,281.083,427.223,12.357,259.172,22.329,8.895,1
7.112,2.458,18226.673,5.86,309.328,449.485,6.297,169.444,17.35,8.507,0
7.581,0.644,20222.815,4.205,352.803,269.78,13.319,146.415,30.287,7.184,1
7.547,3.767,21931.22,7.245,341.204,415.895,8.897,184.181,15.541,4.736,0
7.765,2.07,13381.92,3.911,299.881,449.08,10.615,195.752,21.196,5.334,1
7.002,2.355,7257.321,7.481,383.691,346.099,5.702,255.801,15.47,6.005,0
6.677,1.346,25765.376,7.743,259.198,311.461,11.426,169.117,24.362,8.066,1
7.02,8.437,20005.398,7.2,309.15,340.453,2.948,152.19,29.022,9.003,0
5.413,4.845,11294.695,4.739,249.976,288.49,9.801,139.958,10.959,7.965,1
5.653,9.78,19305.083,10.194,351.747,507.074,8.777,171.064,26.793,7.867,0
5.777,2.579,24441.966,5.404,205.435,286.963,10.24,331.001,32.463,9.276,0
6.103,5.031,28739.647,5.582,121.957,427.685,9.061,211.033,23.748,3.638,0
7.5,3.813,19128.967,5.056,320.669,360.096,12.653,222.905,19.086,3.428,0
6.195,1.929,24387.859,2.84,178.288,320.258,16.496,189.984,22.779,4.614,0
6.722,2.559,9637.587,7.69,169.864,569.559,14.123,197.556,19.835,9.066,1
8.399,4.839,17266.632,3.955,372.519,389.306,18.347,233.258,34.393,3.783,0
6.744,1.344,15322.418,6.939,347.134,324.672,10.257,220.947,27.843,7.382,1
7.838,6.271,19726.704,7.419,235.887,313.186,13.961,209.204,28.223,5.761,0
6.166,3.596,27972.761,6.307,80.0,445.688,14.139,190.887,35.499,7.679,0
6.895,5.739,19124.281,3.716,310.325,504.191,17.682,170.623,30.798,7.145,0
6.15,4.187,11405.01,4.418,321.313,557.491,9.213,213.339,22.296,7.851,0
6.761,0.764,9287.649,0.5,308.929,384.881,16.05,194.596,23.147,6.682,0
7.94,3.161,28197.57,4.867,305.023,377.672,8.642,307.302,36.687,8.673,0
5.373,6.36,20839.657,6.705,249.582,420.715,9.935,247.783,18.712,10.034,0
7.534,3.558,20412.529,4.625,230.11,425.055,10.886,152.915,22.005,9.677,1
7.338,3.22,15265.746,3.92,170.976,312.353,14.539,125.675,17.125,6.748,1
6.506,3.556,19241.102,4.505,205.721,580.489,7.608,168.098,12.454,5.843,0
5.654,0.592,11084.761,7.531,292.326,407.667,8.236,130.422,17.897,7.752,1
7.172,6.791,20016.789,4.991,293.724,469.169,9.597,164.793,18.011,10.956,1
6.571,0.307,9863.344,8.816,332.135,455.935,12.718,136.674,19.374,7.304,0
7.333,7.716,15164.625,3.959,145.453,453.472,8.287,172.013,26.551,8.91,1
7.122,2.442,13321.195,5.534,123.966,284.508,13.688,172.668,22.931,8.811,1
8.702,4.389,1800.0,4.233,232.725,404.232,10.89,198.094,28.864,8.79,1
6.861,0.538,15246.004,9.249,178.304,678.689,15.461,178.622,23.876,9.691,1
6.077,5.386,11657.368,5.459,280.809,595.46,12.783,140.374,24.039,5.03,0
7.279,4.79,16132.466,9.356,153.66,423.841,20.385,256.82,21.31,5.666,0
7.32,4.596,17511.198,4.26,365.32,360.976,13.045,212.164,34.292,7.486,0
8.459,0.512,28991.558,8.155,195.125,138.866,7.017,160.054,20.544,9.615,0
7.935,1.724,19480.608,5.336,400.377,345.32,11.543,141.263,28.317,9.611,1
7.457,4.202,19671.732,6.773,309.566,395.59,12.595,109.302,16.143,7.317,1
8.563,6.671,20721.49,2.661,175.305,366.922,8.411,105.274,21.588,9.197,1
5.911,1.516,23166.755,5.797,443.053,375.278,19.327,247.61,34.644,6.641,0
6.46,1.552,20452.816,2.962,287.563,479.692,11.105,241.77,26.973,5.912,1
6.173,4.014,19331.135,5.614,279.12,284.957,9.599,157.866,14.882,5.008,0
6.71,12.5,22123.105,2.063,259.457,437.718,13.317,265.14,17.015,7.153,0
5.723,1.957,1800.0,4.912,304.657,391.769,8.422,223.922,32.292,6.776,1
7.735,2.419,31078.835,7.291,309.661,299.124,16.849,201.179,23.512,9.206,0
6.878,2.151,27833.244,6.195,191.477,605.893,15.944,237.407,21.404,8.413,0
5.629,2.935,18911.382,2.632,246.848,494.737,13.088,224.015,18.482,7.498,0
6.084,7.017,8315.458,1.303,274.835,310.632,15.162,198.452,21.159,7.505,0
7.414,3.052,25367.278,6.094,314.533,467.07,10.251,176.798,31.201,6.646,0
7.938,12.5,12989.803,8.262,315.974,238.265,5.738,184.104,18.94,4.198,0
9.097,3.468,20969.967,3.172,278.986,325.382,11.035,101.561,19.508,5.272,0
9.7,7.458,9161.114,9.295,218.223,564.308,10.243,145.96,26.477,8.816,0
7.514,2.56,31971.645,5.087,213.865,447.182,3.336,289.009,16.97,7.151,0
6.11,1.105,8125.591,1.183,163.723,437.544,7.74,144.49,17.577,5.039,1
4.968,3.048,17948.409,1.978,315.371,523.436,6.963,88.214,23.037,9.861,1
7.368,4.642,3705.783,6.64,212.642,478.353,7.758,239.718,23.182,10.457,1
6.287,1.737,17232.054,5.359,248.701,373.074,18.5,203.674,18.306,9.568,1
6.685,6.709,14735.646,8.064,285.208,517.369,14.804,206.768,25.744,8.163,0
6.488,2.234,24891.692,2.704,265.334,202.325,16.842,181.336,24.269,7.915,0
6.959,1.346,14735.034,5.337,264.523,324.903,14.793,240.092,11.554,7.356,1
8.166,12.305,24901.053,5.114,188.078,393.366,17.374,274.132,27.527,7.694,0
7.257,1.662,10843.216,4.814,287.853,470.727,12.621,161.32,19.696,8.532,1
6.941,2.183,15667.25,4.335,238.41,366.0,19.321,224.808,27.675,8.673,1
6.064,5.169,15797.571,4.375,257.656,190.913,6.959,251.517,35.062,8.217,0
5.425,2.493,20721.324,5.449,363.427,174.063,12.195,158.223,22.611,2.0,0
6.614,1.39,19894.434,5.705,307.952,396.829,7.888,273.027,19.26,9.472,1
7.046,2.015,22194.464,5.605,216.482,347.667,18.088,251.334,30.997,7.759,0
8.868,10.195,19234.399,7.512,252.342,295.803,14.389,121.689,18.133,4.957,0
7.23,4.755,21798.546,2.697,400.952,275.727,17.84,277.724,33.976,7.756,0
8.083,5.404,11663.884,1.477,238.872,421.053,6.184,124.573,20.311,7.944,1
6.601,3.878,20027.191,7.134,268.39,561.271,9.789,152.191,19.364,4.573,0
5.915,4.349,27953.339,3.213,321.452,421.063,4.472,227.602,36.722,6.243,0
6.135,2.35,6580.047,4.341,283.291,562.872,14.126,247.28,25.106,5.409,0
6.375,3.543,20678.552,3.876,233.31,360.121,10.573,195.427,32.407,5.648,0
9.228,0.463,21899.069,3.833,201.809,458.213,15.9,155.357,22.848,8.427,0
6.279,6.094,26997.711,2.183,264.142,567.245,12.642,175.694,22.435,6.28,0
7.938,2.333,22219.305,3.961,320.932,386.055,2.914,169.183,6.034,7.568,1
6.197,1.196,18152.054,6.399,377.277,408.117,5.028,236.267,28.868,8.728,1
8.032,3.689,20295.476,5.092,140.445,360.062,12.871,167.677,25.234,6.619,1
7.485,2.78,12722.254,6.109,414.837,476.101,14.596,154.148,22.352,8.8,1
6.943,5.951,14978.208,4.108,240.485,513.273,2.527,108.751,26.433,9.839,1
7.059,3.098,8817.932,6.906,343.61,447.154,12.124,157.317,23.222,8.923,1
6.445,1.98,27165.692,4.083,202.31,377.467,7.922,183.49,17.528,8.48,1
7.546,3.153,20426.023,0.883,128.079,225.033,7.504,127.828,25.103,8.938,1
6.645,8.015,11545.269,5.733,153.4,399.188,9.552,94.04,21.894,8.111,0
5.874,6.082,19263.82,6.635,236.869,381.966,13.056,243.898,27.298,8.928,0
5.822,4.747,25035.76,3.982,309.548,433.32,9.321,134.977,21.374,5.287,0
7.273,6.257,23953.15,7.498,267.651,419.015,3.562,117.987,20.282,7.266,0
8.679,4.998,11470.349,3.399,243.73,593.689,13.02,276.324,19.844,8.106,0
7.26,1.562,1800.0,6.441,360.032,321.431,10.922,236.683,17.873,7.265,1
6.981,5.434,20070.01,8.59,265.169,215.968,8.278,246.402,19.969,11.904,1
7.386,6.749,11735.347,5.173,288.782,267.896,11.115,217.786,25.505,7.055,0
8.406,6.998,21545.129,4.647,460.0,328.965,10.935,262.126,18.652,4.191,0
7.319,1.288,23676.758,4.889,264.317,534.841,12.698,238.587,16.183,7.499,1
6.689,2.188,24738.615,8.357,205.853,249.331,11.384,171.056,27.578,8.891,1
8.206,1.937,28840.813,5.906,305.882,265.344,13.244,131.422,22.199,5.829,0
7.529,2.541,25536.32,9.388,327.398,454.669,12.281,119.427,27.454,7.334,0
8.636,4.415,28872.067,5.659,290.584,506.917,16.189,182.317,21.722,7.268,0
7.283,3.623,26463.892,3.792,278.338,219.091,19.631,129.5,19.684,7.293,0
5.876,3.624,27030.414,3.933,390.99,192.353,12.432,146.127,12.889,6.323,0
5.732,0.996,17234.357,5.223,380.366,310.616,9.703,181.624,16.446,9.374,1
8.751,2.124,9119.378,1.017,255.046,483.883,6.034,266.883,17.939,11.301,1
8.824,7.336,33634.757,4.15,210.303,422.187,15.409,106.918,24.629,5.889,0
6.92,6.73,17909.194,4.194,301.482,315.003,8.439,191.635,22.368,5.048,0
6.717,3.06,25486.602,5.58,209.815,493.732,23.064,121.171,17.052,6.612,0
8.561,5.444,13923.214,8.984,340.239,419.917,25.006,159.401,6.872,9.933,0
5.993,4.145,23765.496,5.21,301.045,392.089,11.541,241.142,25.683,6.936,0
6.205,5.846,1800.0,1.255,460.0,211.278,5.007,143.342,28.089,8.059,0
7.743,5.603,14832.118,3.272,390.23,312.538,15.442,175.515,28.595,5.758,1
6.705,3.242,16860.328,5.625,173.307,639.831,21.945,197.756,17.404,10.611,1
7.095,4.767,20506.957,5.286,220.903,364.645,6.595,228.565,28.956,6.868,1
6.937,4.335,24468.16,8.349,102.314,290.185,21.041,159.866,26.283,7.849,0
7.438,3.305,10388.071,7.02,83.292,359.13,4.179,259.343,26.255,5.967,0
8.507,2.808,21789.793,6.96,274.675,419.29,5.956,165.518,19.466,5.794,0
7.191,9.316,25473.335,4.666,163.647,511.001,13.89,216.639,22.23,7.393,0
7.744,3.308,32748.425,7.298,404.501,479.53,17.075,179.555,33.623,7.587,1
5.05,5.221,22093.082,3.308,363.423,323.808,12.201,230.75,32.729,8.953,0
7.051,8.865,14513.211,7.037,241.923,557.589,14.522,301.513,22.72,4.362,1
6.257,4.762,9233.53,4.535,237.093,502.763,17.47,174.732,24.112,5.688,0
5.881,4.618,29389.815,2.204,391.257,351.584,17.991,189.119,10.269,6.163,0
6.222,3.321,22292.723,6.286,410.742,389.616,9.7,166.238,29.983,7.616,0
6.766,4.388,17357.158,7.895,185.729,477.08,8.614,157.773,27.325,5.367,0
8.016,2.634,6971.181,4.287,174.799,533.964,17.241,151.539,25.001,7.228,1
5.774,12.5,11447.304,8.226,239.407,222.76,14.544,188.974,19.506,6.241,0
7.131,1.018,21603.582,1.788,301.651,413.454,15.149,147.266,23.385,7.156,1
6.616,2.939,19799.915,2.706,221.338,401.265,9.525,148.935,31.501,6.006,1
6.772,4.815,4848.845,4.807,303.438,336.524,15.371,45.0,25.099,5.579,1
8.103,4.621,21611.982,4.358,430.775,335.904,7.575,266.172,38.0,7.913,0
7.638,2.631,7305.163,3.766,145.487,531.525,13.613,280.409,27.707,9.403,1
8.437,0.696,26301.059,5.367,227.118,469.161,13.003,225.682,17.671,8.864,1
6.945,1.181,18855.613,4.043,147.106,657.796,13.034,141.936,20.617,9.403,0
6.404,3.804,14487.761,4.382,193.89,336.625,16.015,120.508,18.883,9.614,1
6.876,0.497,23936.003,5.657,239.952,421.456,7.909,103.952,27.975,7.111,1
7.342,5.045,19797.745,3.765,203.187,442.164,15.546,225.154,29.691,10.768,0
7.277,7.102,26112.029,4.888,309.198,512.53,12.593,259.591,32.954,8.761,0
6.016,5.655,18023.091,3.809,277.831,568.01,8.938,199.135,21.072,5.69,0
7.19,6.407,18402.326,2.689,290.417,416.233,6.552,237.181,25.714,6.196,1
7.328,0.519,15645.872,6.627,238.931,273.627,20.999,214.467,30.426,7.672,1
9.617,2.711,19209.286,8.516,246.758,319.695,12.187,147.602,31.989,8.985,0
8.977,1.459,28536.681,7.229,235.191,422.127,10.903,245.521,15.863,6.988,0
6.247,0.821,14232.033,5.763,243.864,539.731,7.353,242.006,26.597,5.652,1
6.813,2.298,21711.708,3.817,300.616,231.431,17.399,135.523,16.08,8.823,1
5.637,8.726,11777.117,4.526,101.503,264.6,17.05,234.391,19.51,5.39,0
6.509,10.276,4066.241,7.214,289.475,495.858,16.183,181.882,15.421,7.947,0
7.416,1.627,18848.482,0.537,191.158,249.765,12.225,175.651,19.399,7.478,1
8.306,3.478,19907.635,4.373,236.197,269.997,15.881,211.483,14.592,4.984,0
6.371,4.346,16784.667,6.568,132.27,541.384,8.793,209.784,16.145,10.599,1
6.446,2.725,7776.098,2.823,234.513,378.441,13.479,238.878,17.753,7.43,1
4.953,7.434,19477.957,5.947,288.62,369.263,12.256,143.288,24.758,5.265,0
6.937,2.325,19231.039,5.854,303.852,569.195,13.702,221.108,23.197,7.487,1
6.038,2.031,11722.926,2.191,164.162,277.443,4.341,126.202,13.465,4.286,1
6.571,1.701,8702.305,5.274,299.751,253.322,20.914,180.169,38.0,8.05,0
6.223,2.711,15859.478,3.865,361.881,600.506,19.783,183.836,20.167,8.95,1
7.006,0.2,21744.04,5.932,223.036,432.999,7.325,243.353,15.29,12.263,1
5.342,2.809,20208.256,6.44,265.078,486.565,15.098,190.509,26.379,7.576,0
5.633,3.633,11774.56,5.898,89.174,367.67,5.809,175.599,22.973,6.214,0
9.229,3.798,18390.013,5.245,188.752,392.208,12.877,268.426,18.287,7.772,0
5.813,1.383,23266.322,5.678,287.994,320.548,2.619,166.405,25.266,9.993,1
6.003,3.746,9877.673,2.748,346.215,443.174,11.185,164.087,19.1,8.302,0
8.937,3.691,17910.51,5.038,214.061,504.765,10.305,86.793,21.285,8.899,0
9.7,3.75,26207.666,3.507,460.0,428.518,17.705,178.072,31.501,8.768,0
5.928,5.728,9212.941,7.163,291.681,532.309,20.008,138.317,23.717,8.311,0
6.732,1.333,25010.921,6.466,156.765,484.487,20.109,176.21,26.562,4.877,1
7.442,2.75,28024.718,6.461,374.411,279.187,17.712,203.198,19.972,4.779,0
8.829,0.648,16055.664,8.527,158.5,387.631,12.871,130.319,23.889,4.557,0
6.113,5.378,15270.444,4.44,292.916,351.193,14.247,144.736,18.529,5.245,0
6.855,1.523,24215.114,4.002,186.015,495.412,14.225,102.03,18.273,5.452,0
7.877,6.32,16290.153,4.393,149.618,460.39,7.189,161.96,20.608,10.748,1
7.535,6.467,2204.676,1.896,346.783,420.286,17.657,138.053,18.972,6.128,0
6.724,2.956,16857.835,2.053,242.919,526.631,15.605,307.931,29.021,7.58,1
6.966,2.842,20557.626,6.342,411.682,181.118,15.814,272.722,26.359,6.961,0
5.725,0.935,22310.545,2.31,178.476,332.624,2.233,263.801,9.705,7.748,0
6.862,3.398,11775.91,2.95,132.431,342.806,14.537,118.787,33.0,7.526,1
6.834,5.694,15746.293,4.897,224.228,435.208,17.025,180.245,26.719,5.139,0
7.332,4.084,23849.897,4.276,460.0,471.337,12.431,123.825,29.639,8.476,1
6.545,8.019,17110.009,6.871,335.883,404.843,10.247,291.355,22.009,6.176,0
7.572,2.511,7563.203,5.221,312.081,247.205,6.369,235.71,14.335,6.116,1
8.113,2.509,25544.647,3.503,314.89,453.813,6.046,132.108,15.321,6.848,1
7.255,1.613,16108.278,7.043,223.788,420.367,13.194,210.321,32.902,8.856,1
7.452,11.501,24592.922,6.558,460.0,228.754,11.444,108.459,13.562,6.276,1
7.153,0.926,8429.531,2.278,303.937,369.552,11.381,182.493,14.615,7.565,1
7.1,5.423,16713.586,5.605,295.967,449.883,19.38,180.344,20.49,8.125,1
6.378,5.773,20813.284,3.67,348.713,603.385,6.848,230.681,14.968,7.862,0
7.416,5.61,16933.558,3.617,156.774,274.311,10.944,244.331,26.092,7.764,0
7.003,1.73,9810.46,8.839,190.256,499.814,20.123,191.118,26.543,4.874,0
9.193,2.955,1985.779,5.349,244.131,275.823,11.096,177.68,25.399,7.628,0
8.673,4.91,27401.223,4.665,349.263,252.527,12.798,45.0,19.438,5.754,0
7.486,2.061,19112.248,5.27,154.665,259.609,11.712,275.917,24.675,4.232,0
6.337,2.653,25084.207,6.848,259.275,477.602,15.676,153.832,33.345,6.567,0
5.988,2.09,23536.349,3.697,247.248,420.587,3.252,195.618,14.683,6.466,0
8.291,3.567,21379.504,4.038,131.177,367.237,11.585,314.25,29.477,12.728,1
7.363,3.4,15411.307,6.413,221.741,459.94,12.745,124.327,27.686,9.157,1
7.58,8.952,20683.485,2.067,311.091,409.899,8.008,191.17,22.389,8.812,0
5.355,4.983,26811.49,7.082,138.922,418.262,14.046,217.327,23.965,6.666,0
8.027,1.142,18039.571,1.89,384.963,368.577,16.039,250.085,25.069,7.067,1
7.554,1.228,29861.057,4.608,304.784,281.694,14.534,190.067,17.336,12.029,1
5.99,5.488,7753.758,1.902,294.411,607.957,20.507,254.657,13.533,6.255,0
6.628,3.374,7055.094,2.987,265.696,573.052,10.55,167.14,28.258,7.859,1
7.364,11.068,23922.489,7.695,172.153,595.819,14.744,219.893,15.78,10.714,0
7.152,11.048,12178.171,7.189,209.776,340.282,14.642,212.768,16.66,6.097,0
6.808,1.605,30781.69,7.403,295.758,323.169,11.44,184.989,20.01,7.67,1
6.997,4.127,26192.719,2.202,209.609,355.267,17.6,207.793,24.65,7.367,1
6.848,1.242,27819.215,2.998,281.044,533.893,13.797,141.899,20.104,5.8,1
7.253,5.426,23248.836,5.78,188.595,404.977,7.095,173.574,18.801,8.795,1
8.571,9.784,11509.706,6.531,303.372,339.817,15.878,119.222,28.526,5.392,0
4.533,3.733,6714.28,3.501,309.717,448.663,10.253,165.714,21.067,8.797,0
6.863,2.444,27219.415,3.942,126.646,316.626,11.048,252.6,18.369,8.173,1
7.277,4.426,7752.807,2.837,270.721,242.353,11.381,213.123,25.289,9.016,1
7.396,6.189,27801.757,8.416,135.658,420.508,15.809,206.936,23.34,7.05,1
6.728,6.217,21852.496,4.15,106.812,343.071,17.355,102.062,23.167,8.101,0
5.343,2.465,17004.358,5.163,214.519,403.356,11.782,207.603,25.572,9.247,1
7.428,2.02,20373.31,5.267,460.0,110.0,11.524,186.547,22.203,4.864,0
8.827,3.974,20524.391,7.311,330.908,297.951,3.288,219.558,27.899,5.225,0
5.566,2.593,16184.332,3.195,383.329,399.593,9.306,266.077,14.715,8.447,1
7.964,7.436,26766.967,7.437,316.715,223.033,8.24,167.509,30.199,8.881,0
6.771,2.569,26544.106,2.543,282.463,227.113,13.9,172.642,17.703,7.644,0
7.039,3.542,18511.785,7.431,341.108,409.652,12.018,240.497,13.507,9.056,0
6.047,4.35,13600.036,1.669,210.636,489.19,8.41,156.812,18.428,6.748,0
6.766,0.959,25988.701,4.891,304.994,297.994,13.187,194.807,20.973,9.681,0
8.4,2.158,4353.358,8.351,365.053,373.545,12.196,80.188,18.737,7.269,0
7.683,10.758,20385.302,6.495,324.451,376.317,1.5,173.057,17.402,5.998,0
8.832,6.017,22307.238,5.942,370.636,217.522,17.486,261.776,28.861,9.965,0
8.277,2.543,12115.713,3.003,280.521,547.066,17.049,208.449,17.95,8.888,1
7.539,5.441,23829.606,3.63,408.827,383.045,11.429,239.468,9.905,6.589,0
8.844,7.356,17328.492,7.789,247.3,384.331,14.087,242.597,20.967,6.626,0
7.539,2.853,13952.949,6.045,445.004,449.758,11.036,264.209,34.863,8.482,0
7.928,5.827,23760.952,6.88,313.757,217.801,5.28,170.906,16.829,5.599,0
6.803,5.286,10443.051,5.248,232.365,515.392,22.237,241.825,17.782,7.977,0
7.167,1.26,23149.757,4.537,164.774,531.073,15.874,313.619,20.659,7.096,1
6.403,2.865,4614.75,6.633,196.321,421.864,16.733,188.553,31.956,7.787,0
8.09,9.105,19357.079,5.619,183.454,460.465,11.22,117.419,20.915,3.762,0
5.922,10.563,17784.986,4.76,257.459,365.87,17.567,157.278,17.065,5.767,0
7.882,6.049,13991.978,2.272,156.714,508.595,6.334,215.759,25.106,7.857,0
6.909,2.101,20032.562,7.008,374.884,306.247,11.395,98.606,24.674,9.295,1
8.271,0.359,16982.794,5.98,274.411,401.112,15.829,148.085,25.823,7.164,1
7.851,1.879,24355.522,3.887,270.963,408.272,9.679,171.862,16.839,8.701,1
8.921,1.11,21140.981,7.459,165.942,400.358,16.598,196.042,19.726,4.733,0
7.831,9.54,20442.513,5.588,199.632,533.295,13.867,288.808,29.529,6.593,1
5.528,0.632,19397.098,5.627,80.0,667.585,13.443,227.83,25.372,7.904,0
7.033,1.292,14430.918,6.868,402.513,391.82,9.26,128.738,27.69,7.288,1
5.928,3.916,15538.277,6.437,144.494,461.443,14.32,340.0,22.686,8.773,0
6.582,3.357,19113.403,5.687,150.938,308.709,21.196,189.091,29.127,6.938,0
8.611,8.817,16373.163,4.723,385.12,528.831,13.289,97.577,24.7,6.955,0
7.738,5.067,24724.443,9.067,297.943,342.902,15.002,132.889,19.963,8.577,0
6.401,3.023,18107.426,3.632,275.263,720.0,15.666,133.215,27.324,6.433,0
6.086,7.525,19943.783,6.592,293.923,204.511,7.35,115.861,17.925,5.766,1
7.133,2.488,8382.554,4.932,346.082,662.693,11.903,218.213,31.953,8.237,1
5.883,9.282,23630.997,6.009,273.489,523.947,11.766,45.0,28.847,5.665,0
6.429,1.674,13722.372,7.567,133.8,270.331,2.938,244.024,21.302,9.953,1
7.412,3.268,10722.752,4.477,327.321,683.334,16.05,234.792,21.927,4.084,0
8.255,0.43,28200.209,6.304,300.899,293.591,8.307,164.894,23.768,6.863,0
7.709,6.259,22034.54,5.631,364.582,367.28,15.558,240.364,21.997,10.328,1
4.809,3.76,23851.122,3.817,158.827,249.409,9.089,129.899,30.65,10.957,0
7.404,9.298,20454.225,7.616,203.006,387.426,21.69,143.672,19.875,7.236,1
7.172,2.787,16894.52,6.522,298.328,398.676,11.246,220.225,14.285,9.387,1
7.514,0.945,15682.574,4.231,184.717,504.604,21.145,178.475,21.5,8.795,1
8.716,4.631,22564.216,7.307,80.0,697.598,11.723,155.619,27.365,6.515,0
5.037,2.21,24861.374,3.437,281.773,343.445,12.259,183.756,28.885,8.241,1
6.509,5.672,17056.806,5.042,341.076,110.0,19.55,262.532,23.66,5.849,0
7.691,1.704,30971.529,4.242,254.041,482.82,8.371,260.4,19.324,4.588,0
5.518,8.245,16217.429,6.603,311.591,338.963,12.725,213.437,22.744,8.308,1
8.576,3.54,8438.945,4.141,299.286,623.214,14.928,170.451,19.2,8.414,1
7.468,3.032,6310.102,6.617,265.892,400.85,14.317,218.678,9.629,5.266,0
7.947,7.89,6529.46,6.289,276.557,313.909,12.694,142.565,18.058,7.143,0
6.529,6.321,14810.223,4.35,379.677,283.444,12.076,254.292,25.96,5.265,0
7.914,1.906,15991.883,8.759,183.039,479.746,16.309,242.273,21.43,6.57,1
8.168,6.2,21936.898,3.61,330.709,371.972,13.296,296.237,21.21,6.614,0
7.333,5.371,17314.048,2.282,164.625,581.125,16.849,145.88,29.42,8.734,0
7.334,3.16,22981.912,6.812,197.444,379.729,14.264,139.054,17.409,6.5,1
7.37,5.87,17791.803,0.801,366.653,574.754,15.426,220.323,17.976,5.129,0
6.237,8.221,17587.889,8.084,162.164,239.384,17.601,174.943,24.919,10.488,0
6.952,3.229,13746.153,5.304,244.465,196.366,11.105,244.963,18.871,8.291,1
6.947,3.237,26746.825,2.246,460.0,504.503,17.479,262.474,18.842,9.013,0
7.483,3.109,7545.352,3.203,352.172,349.269,11.794,283.654,31.986,8.495,1
8.1,1.843,19458.517,1.832,202.34,373.374,6.197,193.212,16.782,9.094,1
6.041,3.205,16319.272,5.866,216.905,283.537,11.019,238.421,18.752,8.186,0
6.975,2.947,22581.405,2.446,250.54,274.74,9.248,161.567,25.546,8.237,1
8.581,2.82,17364.609,6.104,376.515,481.28,14.189,201.947,22.716,7.629,0
6.356,2.788,17556.184,4.49,179.86,402.738,11.214,187.061,15.034,6.61,1
6.278,1.289,15766.842,4.149,174.716,277.776,13.075,184.127,33.347,8.996,1
7.302,6.745,26556.167,6.119,325.635,499.865,17.064,290.315,18.393,6.924,0
7.944,2.156,17515.638,6.347,122.103,545.99,19.186,116.186,21.576,7.612,0
7.111,8.522,30302.733,7.392,187.558,391.94,13.817,189.726,25.534,8.066,0
8.429,1.545,19269.606,3.832,257.767,525.384,17.385,192.957,35.542,8.218,0
7.957,9.792,17641.439,5.04,262.125,284.783,11.703,225.382,20.624,5.574,0
7.942,2.582,16555.375,3.829,149.007,474.265,5.466,129.656,17.667,7.762,1
7.654,6.25,21167.605,5.426,295.068,424.41,7.193,173.556,25.887,5.563,0
9.428,3.734,13675.443,3.543,312.07,310.013,11.619,157.233,35.111,7.721,0
6.895,1.133,18447.326,4.252,208.688,651.367,16.08,66.145,23.789,8.804,1
5.096,1.19,17552.891,4.262,406.164,432.933,11.632,253.936,21.344,10.64,1
8.704,2.014,19614.11,5.687,293.867,334.102,17.836,109.154,25.27,8.44,0
6.642,2.47,19775.197,5.106,179.587,407.355,20.742,101.823,10.963,8.955,1
7.208,3.305,20112.967,6.113,402.766,300.637,8.503,242.12,19.433,5.442,0
8.41,4.32,18116.881,4.886,220.517,266.175,22.062,171.583,12.413,8.369,0
5.498,2.994,27698.133,3.94,280.204,351.07,5.144,173.484,20.912,5.392,0
5.848,4.16,20246.697,5.483,223.624,359.195,20.82,174.533,20.025,9.564,1
5.499,4.645,34438.911,3.266,318.053,308.499,12.349,249.09,7.702,5.481,0
6.306,2.895,17824.034,6.238,224.07,555.134,11.452,159.65,24.04,5.641,0
7.54,5.311,23732.936,4.529,229.227,313.107,12.464,222.729,26.585,8.759,1
7.624,6.129,12780.68,5.509,251.402,293.133,8.9,127.235,21.878,10.424,1
7.376,4.727,26605.13,5.54,222.334,262.714,19.257,208.152,14.135,9.304,0
5.687,4.914,12922.154,8.303,356.104,251.162,9.386,239.648,30.338,6.763,0
4.79,3.903,20463.207,5.863,158.088,528.294,9.96,267.28,34.004,5.619,0
7.154,7.135,15781.223,5.246,261.842,435.98,6.293,104.798,25.321,6.63,0
6.628,3.361,20438.051,3.715,272.605,487.839,9.212,173.682,20.946,7.626,1
7.559,2.044,15973.824,6.705,254.406,527.209,9.349,277.91,21.022,7.261,1
7.802,3.434,12369.856,4.56,347.305,365.004,9.047,240.703,25.513,5.548,0
7.238,1.152,15734.65,2.049,137.164,581.669,11.709,179.054,23.522,9.715,1
7.86,1.027,27520.271,4.71,313.273,329.773,7.484,190.209,25.526,9.754,1
7.329,6.149,20537.296,5.483,159.179,273.513,19.675,206.336,25.61,10.793,0
7.63,8.612,9122.475,3.463,221.754,449.834,11.812,169.486,18.719,4.411,0
6.395,2.644,24619.988,4.864,150.446,422.346,14.183,220.093,18.227,5.944,0
6.92,6.188,11705.158,4.957,236.772,422.155,16.378,216.978,21.374,7.852,1
7.297,0.553,22331.835,4.988,215.852,526.839,21.612,128.687,25.712,7.409,1
7.921,4.738,21095.573,7.569,404.253,417.745,16.594,163.063,13.955,6.591,0
6.706,3.371,21506.018,2.477,285.516,442.566,11.385,165.025,21.674,5.859,1
7.621,9.527,29545.73,9.168,302.382,568.152,7.673,175.946,22.791,5.604,1
6.834,3.034,12113.834,5.034,170.862,437.002,14.021,204.843,20.177,11.047,0
6.982,1.448,21470.166,6.26,327.907,464.311,17.28,199.926,31.136,4.831,1
7.93,0.898,25687.326,5.356,404.249,234.874,13.139,150.413,30.146,4.596,0
5.107,3.432,13318.279,1.648,338.942,720.0,12.793,263.715,25.41,5.261,0
5.804,3.898,12652.602,2.987,153.479,214.099,13.461,190.278,33.268,7.746,0
5.618,2.898,15633.281,4.051,225.548,340.28,4.086,270.499,28.094,6.909,1
4.766,6.28,19610.765,7.087,274.222,336.652,13.159,269.21,23.778,8.145,1
6.422,8.016,8331.904,2.331,215.941,657.962,15.795,131.744,20.234,6.128,0
7.849,2.622,21084.113,3.389,460.0,332.928,12.294,163.031,20.708,7.559,0
6.815,0.666,8345.486,5.43,224.007,458.026,17.556,167.05,25.207,7.553,1
7.298,4.177,25906.65,6.046,261.315,337.468,17.706,207.232,20.844,10.235,0
8.189,7.229,20839.484,5.985,213.981,280.188,10.232,229.952,14.202,10.602,0
8.428,2.631,29935.409,3.132,284.693,473.443,14.488,198.081,20.792,7.128,0
7.031,4.913,21847.094,1.904,382.5,318.724,12.692,159.7,28.96,8.939,1
8.454,1.357,15519.057,6.178,274.763,429.911,3.372,280.838,8.07,7.692,1
7.192,4.106,12308.599,7.966,246.384,480.203,11.658,165.887,31.138,8.787,1
6.263,4.975,19052.792,4.409,173.718,633.811,7.861,230.801,26.33,8.093,1
6.506,4.187,17303.371,2.811,367.751,253.539,13.103,187.956,21.64,8.725,1
5.619,11.15,25209.904,4.24,252.786,386.662,15.572,186.416,24.668,8.936,0
6.212,8.544,11463.978,5.888,249.131,391.624,11.521,227.056,28.574,8.164,0
6.742,5.528,30635.863,4.634,80.0,405.111,8.45,274.865,23.194,7.646,0
7.904,6.789,25786.05,7.914,254.187,713.256,13.553,206.775,28.502,9.277,0
8.821,4.086,16177.096,6.95,230.906,384.2,23.497,163.114,27.935,7.158,0
5.718,3.264,29185.836,5.469,109.79,110.0,2.725,271.404,24.016,6.363,0
7.493,2.421,12409.667,1.191,349.117,381.188,13.548,217.161,16.558,4.602,1
6.059,1.332,18836.334,3.715,219.504,390.795,10.053,199.37,22.433,8.166,1
7.575,8.801,9202.938,4.004,426.123,376.075,10.583,246.522,11.16,8.646,1
6.969,11.429,29502.7,3.607,385.228,318.763,12.029,207.722,25.585,4.297,0
5.269,3.492,6791.986,5.482,203.808,246.444,10.952,325.132,20.566,6.295,0
8.028,3.535,8137.129,5.523,381.392,664.139,15.208,190.102,19.431,8.752,1
6.495,5.116,13374.365,1.752,401.896,443.195,11.412,253.231,26.802,7.141,0
6.566,3.044,26095.104,6.709,217.482,381.931,2.772,214.309,15.632,7.499,0
6.03,1.484,23706.492,5.132,177.224,660.315,18.259,214.128,23.65,9.043,0
6.446,1.12,18293.329,5.815,81.795,300.761,17.582,170.086,21.029,7.205,1
7.528,11.173,24123.02,6.59,297.338,477.289,9.77,170.359,21.954,8.092,0
6.911,0.767,16749.811,3.566,182.267,255.113,12.724,217.315,24.649,5.454,0
7.429,4.299,20245.787,7.618,299.892,495.091,17.979,142.246,33.576,8.033,1
7.462,0.869,28236.219,4.816,216.733,268.861,17.149,158.345,25.311,4.99,1
8.421,3.156,15896.977,8.125,198.723,461.456,18.608,190.841,30.878,5.066,0
6.757,2.612,12518.578,3.312,217.273,639.388,14.185,258.221,31.094,6.494,0
5.623,1.01,20557.416,7.976,154.516,416.214,15.963,194.429,27.464,8.388,0
8.167,5.238,22311.783,3.292,217.234,141.89,18.839,193.558,12.305,7.494,0
6.769,1.395,18217.91,10.198,202.388,409.293,10.955,131.776,21.61,5.979,0
8.215,0.888,24021.979,3.196,263.797,462.654,14.483,283.263,16.674,8.979,1
7.483,5.632,16191.816,7.213,273.862,513.118,2.84,250.891,38.0,7.974,0
6.969,2.621,18329.049,4.375,173.95,581.831,5.391,257.084,17.178,9.281,1
7.449,1.867,19934.737,6.53,358.568,587.948,14.75,110.104,14.316,5.797,0
9.051,5.866,19367.847,5.019,251.437,389.287,15.437,209.335,6.932,9.982,0
9.177,1.334,27986.266,2.918,392.707,325.867,10.757,138.396,16.99,10.247,0
7.169,0.685,19902.116,0.5,285.492,270.779,9.771,232.44,23.713,9.041,1
7.26,7.671,15524.636,10.115,270.874,340.206,10.9,207.693,29.306,8.278,0
8.176,10.187,20931.881,5.246,223.267,462.184,13.363,218.536,16.793,8.294,0
6.254,3.095,24057.53,0.5,317.261,243.162,2.088,150.586,29.795,7.995,1
7.433,0.2,22532.53,5.705,267.853,293.777,14.595,132.809,22.631,4.928,1
7.074,3.064,22172.249,6.479,337.97,472.476,12.646,154.76,20.185,6.322,1
7.414,6.091,7762.674,3.67,401.396,327.422,13.613,206.929,24.002,7.213,1
6.267,7.174,1800.0,3.683,203.218,449.398,11.943,176.677,31.222,5.545,0
5.51,1.47,25789.22,5.06,317.144,307.283,6.276,203.924,23.296,9.983,1
5.027,2.719,20352.573,7.505,314.735,439.536,7.558,133.682,16.572,8.301,0
5.983,4.067,17359.747,5.3,303.94,312.375,19.356,189.641,25.46,10.608,0
6.641,5.858,22013.035,8.026,228.178,176.763,9.608,266.731,25.367,8.822,0
6.807,5.447,30027.515,7.362,229.898,519.715,16.135,208.278,21.896,4.886,1
9.037,4.87,26687.953,4.642,215.37,321.493,7.629,211.72,28.925,9.753,0
8.206,7.161,23754.434,1.959,213.684,375.164,12.433,212.16,9.723,6.589,0
6.138,3.26,11736.283,4.647,193.589,322.063,10.517,161.844,25.071,9.856,1
7.448,8.853,12580.86,6.153,256.118,470.337,11.206,279.746,27.549,10.115,0
6.693,2.214,1988.37,5.22,200.585,444.98,10.97,209.636,14.597,9.833,1
6.816,5.505,21617.838,6.369,302.03,470.051,18.998,199.746,14.397,9.332,0
7.285,2.47,24706.077,6.827,269.841,339.055,21.174,227.784,28.789,8.18,0
7.719,3.128,25236.157,6.162,279.375,399.033,13.569,241.738,29.812,7.381,0
6.761,3.499,21890.298,4.549,241.753,455.044,10.643,121.492,30.887,10.793,1
8.164,2.364,16498.565,6.14,270.856,590.424,6.518,193.1,18.981,7.89,1
5.958,7.368,13832.196,9.571,243.978,441.784,6.209,312.935,24.166,6.706,1
7.106,2.564,12135.129,2.12,331.261,284.598,19.022,281.042,24.933,8.195,1
9.698,3.37,16437.738,6.075,227.397,437.147,5.891,184.148,13.098,9.468,1
7.323,5.076,11144.129,8.764,296.92,385.2,10.518,230.04,23.912,9.402,1
8.533,12.5,28913.701,2.751,153.958,165.152,13.199,172.037,23.805,5.445,0
7.192,5.203,9034.585,7.102,325.526,183.581,1.5,209.452,27.323,9.345,1
7.681,3.588,16219.154,7.369,217.463,397.021,6.872,164.793,19.685,8.641,1
7.043,0.57,4914.58,2.146,187.457,407.136,6.477,163.859,30.253,6.778,0
6.93,3.067,19427.607,6.525,168.202,369.63,9.504,157.448,23.466,5.916,1
6.321,2.047,17484.506,4.557,161.477,511.102,13.664,282.528,32.916,9.974,1
7.53,2.692,15180.863,4.979,224.075,292.783,17.125,163.575,27.33,10.152,0
6.248,2.431,11436.909,4.45,392.383,238.657,9.514,252.797,24.611,10.226,1
7.766,5.042,17516.002,7.725,210.318,305.917,10.423,166.259,16.145,5.046,0
8.185,3.019,13961.004,4.876,80.0,331.827,11.962,159.962,15.344,7.023,0
7.467,1.674,16610.359,4.173,296.065,398.022,8.875,211.417,32.285,7.503,1
6.814,6.262,30223.295,4.207,170.288,309.283,14.38,118.57,28.091,10.104,0
7.554,1.214,18619.152,4.418,334.259,147.993,14.519,226.557,21.347,8.854,1
6.791,3.471,20963.637,2.941,229.208,110.0,1.5,182.513,20.583,6.997,1
8.036,3.084,14480.979,4.156,241.709,419.779,15.377,159.708,24.287,7.692,1
5.269,4.386,12401.169,5.335,366.771,269.517,13.072,147.898,15.198,8.685,0
6.764,7.211,17350.775,5.909,317.507,164.357,13.664,298.423,20.287,8.746,1
5.109,12.5,33775.519,7.508,159.058,479.993,17.808,188.113,26.553,10.425,0
5.605,3.586,15631.72,5.582,171.563,590.422,4.462,185.794,27.329,10.022,1
8.464,2.021,19849.346,4.151,113.4,393.665,6.85,238.012,20.865,9.645,1
7.995,1.868,12115.41,3.078,460.0,437.213,12.184,143.709,32.281,6.024,0
6.381,1.861,1800.0,5.689,191.67,438.23,2.054,252.386,29.061,6.135,1
5.597,4.275,12366.096,4.865,364.434,127.422,11.548,188.034,18.541,5.617,0
4.5,0.438,32974.612,4.931,219.757,511.638,16.307,113.893,15.6,8.162,0
6.557,1.149,21370.037,5.625,173.212,553.786,14.285,160.823,26.448,6.555,1
9.52,4.278,28166.007,6.139,266.833,625.416,12.855,129.766,20.39,8.472,0
7.535,6.47,15239.805,5.639,237.234,352.486,11.453,194.463,19.288,8.732,1
6.54,6.496,2180.598,4.759,333.159,268.786,10.575,146.352,24.293,7.844,0
7.565,3.708,10293.391,3.497,334.223,568.027,10.315,140.296,27.172,9.033,1
5.539,5.926,20080.661,3.874,214.838,464.869,13.529,206.071,27.593,6.292,0
6.803,7.293,19044.49,6.797,142.604,509.96,5.521,192.416,23.32,4.793,0
7.199,2.534,17432.245,4.253,163.241,327.351,19.084,256.504,9.695,6.183,1
7.014,6.812,14053.381,2.408,80.0,437.587,9.181,254.067,28.536,8.962,1
7.891,0.819,23608.152,7.419,241.671,278.592,15.01,193.375,18.325,10.767,1
7.445,1.12,14241.247,3.215,263.997,404.371,12.862,217.481,24.789,10.119,1
7.768,2.652,19500.81,5.17,167.86,363.253,7.309,112.586,22.291,7.099,1
6.412,0.719,18769.633,6.082,157.59,686.226,18.317,228.282,36.016,9.19,0
7.998,5.098,15104.734,5.106,263.633,470.836,17.367,212.589,34.936,4.966,0
8.729,2.252,11771.576,0.5,211.284,146.759,5.432,242.474,20.335,10.252,1
6.13,3.108,14722.354,5.881,246.901,404.813,12.169,173.158,15.201,8.414,1
6.212,3.193,29678.542,7.753,233.786,449.181,13.433,173.637,15.655,8.894,0
8.436,2.601,24730.911,6.673,286.142,348.125,3.179,173.98,24.575,4.031,0
6.909,1.852,24132.527,0.852,216.951,272.669,2.958,268.902,19.869,8.309,1
8.504,4.932,12387.986,9.354,223.457,484.262,8.749,205.561,16.555,10.799,0
6.657,2.214,8155.02,2.448,105.047,289.634,6.591,107.722,19.963,8.014,1
8.555,3.162,24627.212,2.943,260.722,474.053,7.804,225.441,25.617,7.32,0
7.231,4.417,23380.987,6.664,272.539,279.495,6.591,164.519,22.546,7.025,1
7.358,7.254,18392.118,6.006,249.896,340.932,11.949,249.652,20.202,6.189,0
8.665,6.881,15091.491,5.261,427.506,519.738,8.485,219.631,20.93,7.649,0
6.738,2.372,7984.36,3.961,278.836,463.701,17.513,258.224,22.061,5.298,0
6.159,1.774,23138.103,7.762,251.699,408.771,13.311,247.137,24.291,8.299,1
6.651,8.231,25209.878,5.021,307.427,401.412,16.074,241.555,24.631,9.487,1
7.552,2.205,13085.899,1.968,444.593,415.866,4.903,252.396,13.439,6.716,1
5.534,4.797,12543.103,7.565,286.481,310.015,9.673,234.828,23.967,8.18,1
7.737,0.68,25566.903,5.539,80.0,222.996,13.113,151.839,20.9,7.375,0
6.561,0.425,13327.881,7.33,301.725,473.301,14.538,127.103,17.12,8.201,1
8.248,3.584,29063.891,6.245,190.265,588.612,9.585,144.336,20.838,9.129,1
4.706,2.853,16791.164,9.883,101.59,477.508,10.245,230.188,29.706,8.236,0
6.313,5.659,14987.349,4.48,409.293,435.501,10.738,67.713,27.69,9.039,0
5.414,1.87,17793.202,5.132,390.923,259.977,11.16,189.153,23.564,8.429,0
6.274,4.188,14986.894,6.54,188.06,510.261,22.239,175.377,17.797,9.044,0
7.348,5.457,24820.381,4.492,188.616,462.767,13.91,257.311,15.114,8.059,0
6.921,1.931,23257.766,6.705,278.614,496.218,12.679,183.553,17.537,8.086,1
6.847,2.649,24572.691,0.5,189.76,529.067,6.834,169.732,23.071,8.735,1
6.941,1.327,18699.378,4.954,253.519,595.321,6.941,262.381,23.193,7.36,1
7.303,5.796,14533.696,4.894,204.38,271.233,11.541,184.945,19.222,8.3,1
6.091,4.976,17441.084,4.822,230.966,250.323,17.587,176.061,28.091,5.886,0
7.807,5.232,14732.971,3.346,145.63,422.778,11.604,163.093,25.23,4.227,0
7.763,2.844,27032.877,6.912,335.286,294.298,11.797,205.71,7.623,7.655,0
7.485,4.918,24014.779,4.091,367.322,273.515,9.151,171.768,23.633,6.051,0
7.657,3.036,16905.1,5.501,256.483,551.411,4.662,171.967,27.382,10.963,1
7.396,9.149,11477.913,5.026,261.919,283.912,14.466,269.763,24.174,6.046,1
9.135,3.379,27515.458,6.101,318.478,403.672,11.355,192.689,26.373,8.861,0
7.013,6.621,18388.447,7.962,265.162,209.229,14.507,165.348,21.472,6.203,0
6.793,2.856,16653.912,5.49,412.013,412.565,13.196,135.269,22.622,7.438,1
6.346,7.926,27572.743,6.783,153.109,546.938,8.162,200.918,22.743,5.47,0
6.068,1.77,14185.333,5.39,338.18,550.571,13.514,159.214,24.068,5.302,0
5.856,4.562,15426.975,4.088,255.293,530.399,6.69,169.742,19.641,7.994,0
6.211,2.065,16000.067,4.817,169.697,395.595,13.479,143.166,29.336,6.764,0
7.029,4.062,8942.3,4.533,456.003,538.381,12.217,200.829,31.252,8.815,0
7.434,2.213,19552.28,6.236,460.0,456.61,19.433,118.317,19.92,9.725,1
7.151,3.369,12544.759,5.313,247.331,352.326,8.599,212.631,16.222,4.609,1
6.334,2.471,13790.309,3.511,302.802,450.804,6.529,159.944,15.198,9.367,1
8.0,5.326,12921.169,4.656,224.949,511.281,10.641,229.415,25.349,5.67,0
7.839,4.694,13684.044,2.048,238.625,245.674,15.241,216.689,26.409,6.8,1
6.94,2.007,12047.056,4.731,168.738,277.75,1.5,195.72,25.373,4.877,1
6.447,1.962,19106.892,5.103,156.178,387.766,16.44,236.538,25.872,4.93,0
7.648,1.645,16488.645,8.717,421.753,258.389,11.561,275.632,19.703,3.899,0
7.288,1.384,17812.053,7.797,261.705,256.676,7.361,259.767,11.457,6.672,1
5.652,5.571,32799.622,3.032,269.3,354.53,10.845,117.902,20.116,7.51,0
7.032,1.568,16488.852,5.504,196.106,524.039,9.165,156.705,32.592,6.731,1
7.362,4.303,21432.16,5.539,281.147,521.778,6.987,163.438,24.536,4.177,0
6.2,2.31,22171.872,4.639,137.177,443.53,3.776,225.124,25.462,3.877,0
7.29,6.495,17091.432,4.767,199.232,426.634,15.787,161.277,28.248,7.418,1
5.645,10.588,19279.694,4.392,163.019,655.497,9.982,159.118,18.128,8.82,0
8.436,0.2,17634.538,8.845,374.895,340.278,10.738,149.62,24.296,7.846,1
8.348,1.751,18816.63,4.268,124.589,433.929,16.301,206.439,25.971,10.762,1
6.847,2.28,13687.641,5.782,164.767,334.321,12.751,224.907,17.591,7.331,1
7.463,2.918,14287.626,0.5,90.955,250.509,5.483,123.362,25.11,7.968,1
4.69,2.786,17609.995,6.747,189.349,547.186,15.528,161.717,30.513,7.362,0
5.944,1.105,4682.626,7.469,225.941,368.375,19.177,85.773,20.676,5.993,0
6.806,10.727,27224.473,2.996,348.111,488.379,14.764,58.457,13.01,7.104,0
6.028,2.863,31545.577,4.076,246.13,375.465,8.607,216.657,24.001,8.909,0
7.814,4.68,18607.277,6.003,230.1,554.596,5.872,207.348,19.192,8.98,0
9.097,4.779,21825.55,5.139,290.492,285.332,8.444,199.482,24.05,8.044,0
5.923,0.885,24526.875,6.033,227.353,544.67,12.964,277.284,18.116,10.248,1
6.263,2.58,8889.647,4.526,460.0,512.305,18.918,97.835,23.354,8.223,0
7.335,5.571,23533.807,8.827,214.765,189.643,9.083,75.594,30.118,7.988,0
8.711,8.258,14728.141,3.761,300.166,342.977,9.58,128.216,22.839,10.104,0
5.878,2.622,32389.707,10.483,335.249,527.499,17.096,73.42,13.435,6.113,0
7.349,1.049,16276.313,7.584,212.324,601.479,10.547,156.265,25.179,9.97,1
8.921,2.131,23403.184,6.764,279.057,490.86,20.213,222.057,23.115,5.647,1
5.448,2.537,16340.316,3.019,222.428,357.413,11.834,206.311,24.237,6.921,0
5.819,2.464,31778.503,6.919,288.292,288.799,17.755,246.513,28.645,4.094,0
6.676,1.647,14169.724,6.308,273.579,472.999,14.223,210.392,19.955,7.852,1
6.579,0.947,25073.077,0.861,253.076,353.877,15.682,167.778,21.329,9.786,1
7.913,1.315,21573.406,2.291,166.777,358.973,11.703,161.072,17.029,5.712,1
7.342,2.145,20128.015,5.815,423.414,378.101,11.998,214.06,24.121,6.891,1
5.325,5.508,18988.548,4.833,314.844,510.811,14.385,105.841,23.969,7.001,1
7.615,6.963,13164.419,4.067,129.966,621.773,16.092,45.0,21.494,7.013,0
6.522,3.642,1800.0,7.258,229.269,528.226,14.867,211.462,27.333,5.514,0
8.374,1.349,24483.549,3.332,131.601,406.146,4.546,202.886,16.987,7.468,1
6.472,2.244,14322.546,4.19,329.777,297.097,13.66,276.311,23.736,10.226,1
6.463,0.449,25102.401,3.806,263.148,485.113,9.545,228.304,26.486,6.498,1
7.641,8.361,19786.035,6.12,265.347,604.853,10.044,207.005,19.856,7.814,0
7.863,1.975,25301.669,1.661,193.399,525.425,14.559,172.833,15.034,7.8,1
7.548,4.412,22712.301,4.105,238.177,429.928,20.141,145.388,13.167,6.688,0
5.414,6.644,1800.0,1.654,331.911,346.318,11.456,174.586,23.901,7.901,0
7.638,9.882,21496.822,4.474,354.746,446.421,21.378,242.532,32.825,6.714,0
6.066,5.921,15266.109,6.546,336.946,543.549,7.564,215.502,19.464,8.152,0
7.335,2.452,25072.573,6.582,133.066,432.877,18.043,241.383,25.618,7.273,1
5.676,4.829,21342.849,3.645,249.18,392.588,14.438,195.869,8.933,4.87,0
7.546,9.648,21419.299,6.167,286.532,322.531,13.439,140.525,25.165,4.162,0
6.293,1.96,15730.422,4.73,202.544,715.731,18.724,253.832,16.687,3.552,1
5.817,0.901,11568.06,7.822,123.984,298.088,9.636,248.855,20.719,6.662,0
7.814,1.658,14686.235,4.84,155.636,286.997,18.249,200.204,23.457,8.895,1
7.342,4.609,5800.7,0.5,392.481,424.692,11.563,220.578,13.367,6.086,1
6.486,2.501,13662.766,6.889,163.726,380.769,9.611,217.552,38.0,6.956,0
8.551,3.143,7982.966,4.182,269.043,527.796,6.53,164.238,19.489,6.223,0
6.659,5.153,8154.685,4.552,251.712,531.853,19.634,175.695,26.521,5.897,0
7.132,1.627,18257.113,5.772,251.929,259.284,17.636,139.968,31.657,11.365,1
7.369,3.029,20971.318,2.251,237.812,314.332,10.349,175.49,24.701,5.963,1
6.48,2.213,17293.342,5.249,332.077,299.951,14.954,246.696,15.879,4.966,0
7.571,9.399,14257.862,6.169,268.027,499.143,13.07,236.258,23.596,5.789,0
6.567,5.798,11341.847,5.828,211.819,456.401,10.912,220.715,12.342,7.535,1
6.688,2.514,15438.246,3.902,269.364,360.421,16.841,242.755,21.08,6.368,0
8.463,2.406,12155.55,7.084,156.409,430.968,9.686,169.908,32.726,7.915,0
6.059,10.092,17091.6,3.105,305.455,269.849,2.638,125.467,14.815,6.085,0
4.687,9.565,7610.043,3.849,207.118,315.894,13.669,181.372,18.22,6.342,1
8.711,4.588,22058.564,4.828,212.013,248.998,12.8,185.727,33.751,6.127,0
9.649,3.252,13814.298,5.691,308.609,422.459,9.83,227.166,21.989,7.235,1
6.695,1.124,19945.67,4.451,230.378,422.003,8.484,218.13,17.817,8.684,1
5.163,1.67,23266.943,7.557,235.164,286.876,5.483,245.582,25.257,8.875,0
6.79,1.047,19631.161,5.691,364.249,455.545,10.868,79.18,20.281,9.934,1
6.814,6.821,22694.324,5.251,182.279,531.854,8.561,146.108,7.247,5.037,0
6.91,1.141,4066.845,5.62,307.363,281.342,16.84,184.975,15.109,5.528,0
5.987,2.382,14296.432,6.566,345.71,365.842,14.824,216.364,34.931,5.746,0
7.68,0.553,24669.998,5.582,364.186,466.635,10.32,305.191,24.903,7.394,1
7.625,0.815,20809.992,1.481,450.004,404.236,14.852,136.248,31.489,5.461,0
5.606,5.314,29515.011,7.279,210.418,240.355,12.016,150.959,17.031,6.16,0
7.799,4.109,28578.473,5.339,191.225,352.105,11.287,166.717,22.681,8.632,0
9.153,3.338,19447.349,6.47,334.463,348.122,12.253,148.994,22.02,9.326,0
7.272,2.417,15862.139,4.288,344.92,384.55,20.471,141.147,19.826,8.647,1
6.763,0.713,11270.148,1.447,197.788,389.66,15.398,192.525,24.219,7.977,1
6.958,2.169,14407.244,0.542,306.208,592.921,11.157,244.1,16.534,6.207,1
7.715,2.894,14846.395,3.211,460.0,379.979,16.522,196.564,30.015,7.438,0
5.369,5.071,13643.88,6.135,273.896,198.83,16.36,142.716,25.71,9.453,0
7.264,6.573,11530.805,7.696,343.497,415.936,13.669,179.208,21.99,8.591,1
6.71,5.428,20110.248,5.704,399.023,614.73,11.021,132.878,23.773,8.992,0
8.948,4.092,28528.158,2.996,460.0,384.946,10.724,244.067,21.246,9.111,0
6.926,3.301,23566.169,3.532,285.884,352.43,7.662,270.913,13.004,6.81,1
8.768,3.81,15404.27,7.822,371.508,368.385,13.312,102.267,17.254,8.541,0
5.996,2.055,24091.188,2.478,197.978,475.097,9.756,202.596,21.956,6.716,0
7.687,3.511,19753.231,9.304,267.115,367.875,10.535,147.199,20.954,8.471,1
7.419,2.882,17235.422,8.852,227.052,223.127,15.308,193.458,26.756,9.608,0
6.231,12.5,16829.702,9.369,104.746,324.387,20.092,185.294,26.25,10.197,0
7.277,3.879,16200.389,5.861,128.742,397.237,14.184,116.242,19.753,8.47,1
8.313,0.406,21731.93,4.417,301.553,469.275,12.027,256.485,17.449,8.109,1
6.776,2.317,18407.856,5.813,303.224,335.077,12.416,181.656,27.378,9.898,1
5.408,2.647,12765.252,6.917,176.462,369.454,17.621,164.149,24.098,5.844,0
7.082,5.929,12450.461,3.798,397.378,410.391,14.245,196.397,19.395,10.003,1
6.198,4.235,19488.376,2.898,170.652,311.709,13.372,142.117,16.377,7.635,0
6.758,4.086,20286.233,4.532,286.868,393.99,13.691,179.899,19.08,7.648,1
7.018,7.77,15464.638,3.555,229.705,461.065,6.071,88.947,25.273,6.588,0
5.394,9.593,10141.963,7.582,274.091,262.62,14.257,60.359,32.783,5.288,0
5.484,5.309,25631.273,3.867,341.375,441.775,8.562,136.646,21.771,10.049,0
7.582,2.459,24250.93,5.291,329.374,274.163,14.275,160.719,18.169,8.127,0
6.577,2.517,4582.053,7.066,325.167,276.565,9.192,93.365,35.512,6.735,0
4.535,7.125,26207.289,7.66,314.313,325.464,15.16,162.639,20.843,8.03,0
7.885,2.511,16141.657,5.517,156.817,568.85,11.811,160.645,18.394,6.794,0
7.372,3.138,18734.916,5.869,361.435,199.178,7.346,186.614,20.638,4.331,1
6.386,2.278,24898.45,3.066,174.875,349.326,11.192,223.778,20.349,7.079,0
5.783,1.328,28241.502,7.146,255.987,401.826,22.426,284.165,30.369,4.867,0
7.936,12.111,24018.624,7.627,235.137,545.061,2.271,213.554,13.292,7.828,0
7.449,3.154,19066.698,1.359,294.76,638.753,13.249,135.874,26.448,10.255,1
9.483,8.5,8558.336,8.626,223.799,354.357,7.952,226.657,22.936,6.246,0
7.52,2.537,4329.493,3.699,251.527,469.723,18.696,267.033,19.771,8.824,1
7.488,1.974,23208.033,6.289,402.604,393.654,16.173,128.385,21.052,6.248,0
6.933,5.006,26223.197,5.255,154.903,392.883,13.337,131.446,21.546,7.363,0
7.917,6.554,12204.808,4.979,264.79,437.792,16.628,111.842,23.511,5.82,0
7.725,6.836,15746.43,4.687,170.299,214.744,13.601,158.953,20.382,8.515,0
8.352,2.865,13877.772,3.115,322.32,399.254,12.528,210.527,22.62,9.824,1
6.579,5.366,13704.65,6.148,203.228,459.091,9.805,271.576,18.491,7.746,0
6.665,2.152,24487.248,4.528,268.276,301.828,10.876,239.042,35.655,8.364,1
6.621,3.479,18919.425,2.481,152.403,459.889,10.412,211.204,28.854,8.361,1
7.891,2.659,16010.341,3.03,374.781,197.585,12.547,192.517,25.834,6.953,1
8.598,2.358,34773.88,2.515,271.187,416.228,3.986,211.533,20.426,9.753,1
6.641,3.585,8176.264,4.051,276.71,566.061,17.133,214.774,27.764,6.468,1
6.675,1.297,21061.422,6.07,335.47,378.769,21.261,261.676,24.736,4.57,0
7.414,6.2,10681.641,3.678,158.63,287.619,10.555,188.852,23.69,5.741,0
6.854,2.366,16476.66,7.051,212.723,233.983,17.787,204.396,19.908,8.508,1
8.052,6.006,18466.149,4.862,279.455,451.863,11.897,167.533,24.593,6.704,0
4.848,1.549,22989.872,4.521,115.231,516.362,9.79,196.237,32.765,7.567,0
6.273,2.359,15802.318,5.134,124.357,398.269,10.782,175.903,23.468,6.971,1
6.318,1.293,15114.837,7.89,195.193,349.357,12.886,124.574,21.471,7.726,1
4.78,1.25,15685.947,2.357,168.015,173.291,9.254,238.03,23.576,9.368,0
6.136,1.729,10480.308,8.413,235.772,419.884,15.228,271.854,23.254,10.146,1
6.185,1.569,21610.014,7.02,309.407,322.288,10.163,187.941,19.827,5.655,0
6.899,1.303,19328.673,5.057,328.74,329.188,7.67,208.263,18.701,9.078,1
8.213,3.308,20328.596,7.466,418.8,598.97,12.41,237.39,27.601,7.754,0
6.855,4.939,17047.97,4.455,263.077,188.807,9.377,182.117,29.991,5.198,0
6.069,5.117,16246.293,5.671,278.12,204.869,11.027,200.428,36.142,8.29,0
7.043,0.657,25141.402,4.017,262.885,432.759,12.256,178.066,25.658,10.727,1
8.149,2.646,24141.612,7.033,292.223,358.763,6.471,159.777,23.677,6.071,0
6.124,2.448,26696.204,3.685,298.861,342.744,19.065,218.687,28.23,6.988,0
6.189,7.86,19921.863,4.997,343.38,437.718,16.157,218.189,17.734,4.509,0
7.659,2.725,26292.317,6.458,343.048,435.709,9.665,240.74,26.727,7.19,0
6.878,3.108,14795.463,7.196,309.146,288.164,12.414,189.813,29.025,7.688,1
7.747,0.922,16194.463,3.458,393.365,333.996,15.361,124.01,28.94,10.953,1
7.086,1.691,25268.155,6.606,267.274,410.947,13.439,250.921,32.67,5.718,0
7.802,0.867,22982.24,3.136,213.017,425.049,20.959,149.6,19.529,9.135,1
6.065,3.465,15612.072,0.799,226.916,462.99,11.426,148.651,20.144,7.941,1
7.088,8.024,10699.321,3.604,256.004,335.02,17.85,160.742,21.752,11.421,1
6.889,1.74,16174.233,6.769,172.891,446.646,6.494,94.102,16.53,7.715,1
5.884,2.741,13048.355,5.076,212.864,519.042,7.186,178.031,26.123,7.307,0
5.537,1.578,28709.273,4.03,168.114,410.623,20.08,224.064,26.916,8.924,0
7.786,2.018,22440.264,5.211,294.237,392.661,10.556,166.15,26.257,8.28,1
6.749,3.517,12521.503,5.145,295.075,376.735,7.246,263.601,23.866,9.084,1
6.078,10.528,10707.559,6.344,114.642,330.914,12.285,260.191,28.834,8.41,1
7.004,7.767,12440.964,1.877,209.403,292.442,18.188,238.911,26.336,4.744,0
8.228,9.276,13867.636,4.895,420.141,369.223,9.064,83.577,19.505,8.34,0
4.819,6.042,16416.447,5.349,318.531,459.096,12.312,268.854,6.0,8.298,0
5.603,2.714,24744.552,2.369,303.619,298.301,4.155,176.955,21.081,6.069,0
6.177,2.438,11217.64,2.342,208.538,395.952,10.39,282.313,23.227,7.921,1
8.561,1.749,32381.992,4.371,289.419,382.028,16.987,156.776,23.275,4.095,0
7.383,0.218,11368.548,5.117,263.767,618.337,8.97,182.311,21.961,7.86,1
7.867,2.681,8341.19,5.124,197.277,491.733,6.776,194.93,19.886,8.633,1
5.96,8.098,28473.981,3.987,223.028,489.788,9.007,138.721,18.089,9.127,0
5.98,8.038,26088.161,3.905,224.943,515.405,9.756,100.874,17.009,8.661,0
7.548,12.5,16314.733,4.31,138.463,339.517,15.941,58.13,25.523,5.805,1
7.158,3.707,19978.66,5.697,152.497,570.211,14.209,340.0,29.312,4.762,0
7.649,1.123,20142.699,7.589,248.045,424.101,15.078,98.226,15.743,9.094,1
6.912,4.718,18388.631,0.659,192.92,399.64,12.628,98.984,22.645,8.129,1
7.378,10.601,9072.883,6.346,239.422,259.232,9.711,221.46,27.575,8.288,0
7.258,8.795,1800.0,4.878,128.52,356.806,9.006,111.689,21.904,10.426,1
7.878,2.226,12009.28,6.151,333.113,193.087,14.445,101.472,27.153,4.507,0
7.907,1.223,29305.004,7.471,441.841,375.218,19.651,45.0,29.254,10.646,0
5.48,1.192,29560.188,3.59,352.329,335.844,8.267,206.099,25.288,6.388,0
4.853,1.843,15798.06,6.989,361.095,357.198,7.919,131.147,20.125,8.885,0
8.102,2.077,11273.233,2.592,318.22,238.685,7.389,225.386,30.627,7.376,0
8.288,2.562,19307.788,5.355,287.575,489.432,16.242,185.831,21.449,6.778,1
6.079,5.153,20353.378,4.615,272.354,476.104,12.31,194.704,21.449,4.684,0
5.24,2.494,21404.677,5.193,187.265,607.773,14.999,165.062,25.986,6.19,0
7.199,3.366,1800.0,3.122,323.655,604.376,10.214,174.832,21.251,8.241,1
8.031,0.809,36000.0,5.974,318.61,423.745,15.282,140.785,21.702,8.039,0
8.898,1.751,24861.085,8.273,225.644,527.808,11.206,145.996,20.832,9.114,0
7.616,1.685,16213.886,3.156,309.71,436.357,5.548,129.775,21.952,6.155,1
6.728,0.678,12829.895,5.479,206.015,353.718,16.653,273.269,24.142,8.744,1
6.207,2.446,23917.487,6.812,211.428,371.626,12.337,168.213,11.558,7.519,1
7.111,0.815,20720.065,4.507,330.884,481.67,11.104,65.435,22.432,8.539,0
6.801,2.314,18098.959,7.821,301.595,720.0,13.766,204.232,12.763,8.324,1
6.085,3.557,20479.175,4.241,245.285,545.025,6.001,145.794,20.642,6.551,0
9.149,8.188,16767.323,4.867,235.448,434.569,14.438,187.554,24.961,7.854,0
8.885,1.613,20112.105,3.114,279.856,463.055,9.819,175.175,21.101,8.23,1
8.236,3.486,22221.359,5.353,108.991,461.984,11.798,271.96,27.077,8.816,0
6.179,1.949,19731.56,5.106,200.59,394.165,17.627,168.901,25.016,10.109,1
7.955,0.771,19390.992,6.372,157.466,495.776,15.39,234.884,10.495,6.258,0
7.74,8.25,26553.591,3.828,266.008,386.344,11.706,229.078,29.948,5.301,0
7.543,3.675,7118.804,3.736,357.533,283.619,12.045,114.839,24.448,9.716,1
8.35,4.553,12313.765,6.025,305.558,462.799,1.5,200.326,19.698,5.085,0
7.735,9.132,17672.644,7.894,221.523,478.84,8.801,148.292,20.275,9.26,0
7.84,2.305,12755.861,6.358,204.939,387.503,13.252,123.524,10.909,5.763,0
7.737,1.071,14925.789,8.795,200.921,442.183,9.061,123.74,24.263,6.267,0
7.441,1.594,25870.322,6.211,434.967,520.307,6.531,235.172,26.777,7.258,0
5.316,0.981,16531.689,6.139,270.785,398.783,14.661,335.367,19.056,4.788,0
7.184,6.802,5610.128,6.459,281.979,351.36,18.379,145.708,17.751,5.654,0
6.544,10.865,14748.279,8.076,85.554,319.882,9.254,201.866,23.815,4.388,1
5.82,3.53,17877.736,7.575,164.62,374.546,16.438,207.073,29.929,8.605,0
8.782,5.253,17757.982,2.93,261.245,589.187,15.762,160.851,29.327,7.379,0
8.829,6.213,21114.243,6.701,222.656,381.197,8.104,267.418,27.808,7.426,0
8.459,9.527,20583.526,5.631,276.31,448.134,9.225,310.832,34.717,7.29,0
7.355,10.577,16597.63,4.712,275.19,366.063,20.614,157.126,28.361,7.368,0
8.451,0.521,9745.242,1.554,316.038,355.772,7.473,285.392,29.709,6.532,0
7.112,1.994,14632.595,2.02,106.121,299.484,9.759,159.931,23.505,9.121,1
7.303,3.245,13451.952,4.371,171.056,417.033,21.346,136.636,20.989,4.226,0
6.007,1.801,15646.825,2.171,256.533,342.95,9.94,182.337,29.581,4.803,1
7.497,2.612,21992.595,4.412,209.971,557.84,18.588,237.796,17.31,9.845,1
7.16,4.349,20126.668,6.529,238.626,392.1,7.901,184.268,25.458,7.881,1
5.797,4.267,22856.037,3.938,274.267,399.656,13.122,230.579,19.474,3.756,0
7.049,6.078,15003.459,5.267,201.681,383.378,17.387,202.462,24.968,7.975,0
7.02,3.298,27304.345,2.96,281.343,449.528,10.396,264.406,24.554,4.539,0
8.898,0.25,21873.45,5.698,311.239,583.909,12.949,219.186,23.945,9.741,1
7.994,2.446,18229.525,6.116,270.532,280.227,15.85,274.18,22.897,9.056,1
7.111,4.055,21421.753,2.254,326.262,438.337,8.441,142.832,26.089,11.175,1
7.349,6.37,13107.557,3.596,80.3,216.746,22.582,178.81,27.018,6.862,0
7.144,5.769,3793.098,2.566,215.187,551.785,17.17,189.916,14.886,5.209,0
6.897,2.976,13556.474,6.118,340.848,392.023,10.892,143.037,22.737,6.427,1
6.018,1.889,22358.47,5.428,191.53,225.61,11.443,134.609,20.575,6.468,0
6.949,3.08,18021.404,5.001,179.995,251.907,21.103,211.016,24.126,8.094,1
6.354,0.612,16610.576,4.843,254.267,502.667,10.903,226.589,20.586,4.103,1
5.85,2.043,11989.04,5.746,263.528,205.244,10.375,196.195,30.396,7.39,1
7.611,7.164,4787.132,5.786,219.551,438.395,17.658,248.246,22.604,5.574,0
7.491,3.073,26761.497,4.109,421.704,353.574,6.197,129.318,28.722,6.477,0
5.313,4.178,16148.684,3.829,289.352,381.629,12.148,168.492,17.477,9.889,1
6.977,0.942,14708.003,4.982,188.255,324.138,12.879,125.108,21.372,9.205,1
8.096,6.341,13134.299,4.721,142.642,290.658,9.333,197.666,19.435,8.714,0
8.159,2.862,25654.396,9.221,299.474,346.508,5.455,216.833,25.283,8.546,0
8.126,4.078,23228.78,4.332,186.241,473.636,12.811,263.801,16.127,6.924,0
7.139,4.721,11212.943,5.679,447.973,369.89,15.597,125.251,13.089,7.313,0
6.255,6.186,25069.529,6.032,301.375,455.548,9.444,210.483,19.372,4.569,0
6.016,3.646,16557.042,7.901,312.598,375.931,7.191,268.986,26.254,5.179,0
7.445,2.913,13531.476,3.478,286.138,478.349,18.152,134.907,18.303,7.628,1
7.479,1.152,15591.519,7.779,360.333,454.793,14.877,122.006,24.54,5.384,1
8.387,0.859,12408.568,4.805,80.0,340.113,10.872,108.904,19.246,8.642,1
8.2,3.594,8914.299,10.103,162.722,290.559,16.644,224.346,12.834,7.311,0
6.968,4.097,22544.851,5.825,352.902,519.678,13.588,150.099,27.941,6.864,0
5.856,4.582,16065.418,2.642,392.549,307.393,20.551,216.293,26.766,6.308,0
6.781,1.622,21511.862,4.706,160.001,465.094,15.489,178.112,22.769,8.211,1
7.317,2.058,19366.887,7.773,110.416,408.731,6.246,289.05,23.249,8.62,1
6.898,3.547,21065.517,5.263,279.239,349.432,9.536,233.332,21.796,5.816,0
6.522,2.271,4201.086,4.981,306.26,456.536,9.751,145.79,17.011,6.456,1
7.353,12.5,11866.058,6.538,277.528,569.145,13.893,173.385,30.575,7.061,0
6.596,2.023,21200.871,4.41,259.932,480.061,11.134,233.333,22.416,7.978,1
6.472,4.297,9213.6,4.679,107.592,420.515,7.427,131.225,25.098,7.955,1
7.411,5.652,19924.923,3.211,233.124,599.578,15.151,255.019,20.107,7.216,0
6.698,5.888,8460.42,8.558,245.798,204.088,17.001,176.238,25.569,8.675,1
7.344,2.24,17606.886,2.655,218.4,271.535,12.038,234.49,29.642,7.156,1
7.373,4.737,27964.938,5.439,101.907,349.266,13.443,179.214,23.966,4.886,0
5.961,4.338,22534.901,6.06,314.703,575.319,8.146,161.189,25.091,9.807,0
6.619,4.878,5470.184,5.073,338.59,518.141,10.149,152.188,28.092,9.164,1
8.538,3.513,23014.414,2.592,197.455,199.046,10.333,285.281,27.103,4.921,0
5.938,5.68,29344.548,3.102,249.192,352.635,15.014,173.769,29.056,7.721,1
4.983,3.82,35680.604,6.145,222.763,246.141,13.652,340.0,24.861,9.741,0
5.238,1.028,20587.992,3.54,223.589,400.146,11.016,198.351,24.858,6.852,0
7.129,3.739,8631.27,0.956,306.919,513.22,10.838,143.207,24.388,8.789,1
7.131,4.058,20325.407,5.874,308.972,522.078,3.645,102.81,28.016,9.399,1
6.982,5.413,27874.218,3.355,356.356,437.161,19.726,257.803,20.496,7.883,0
8.314,3.597,16283.927,6.362,354.584,353.998,3.115,179.345,26.077,11.257,1
4.5,9.676,24280.208,4.697,250.396,393.552,14.398,235.248,36.325,8.57,0
7.496,2.99,12042.581,4.6,460.0,486.994,12.67,317.725,25.082,7.584,1
8.661,2.149,19920.296,5.204,396.746,686.676,11.304,226.786,16.056,7.099,0
5.972,7.782,1800.0,2.823,209.058,262.788,12.463,208.551,21.317,7.315,0
6.72,2.93,11322.82,3.449,275.761,595.662,9.517,257.447,26.601,6.384,1
6.347,3.36,17460.216,4.58,96.206,434.287,15.438,234.226,19.111,5.396,0
6.206,4.059,15138.181,2.811,267.317,503.43,6.589,120.549,17.328,5.782,1
6.774,3.823,9045.986,6.528,407.264,427.22,13.975,263.296,15.0,7.144,0
8.527,4.852,14252.235,4.485,460.0,573.503,9.45,187.472,21.792,8.846,0
8.937,5.2,19642.758,2.201,254.691,444.562,10.579,274.775,32.348,7.988,0
6.764,1.997,16939.521,3.982,293.465,327.149,10.7,217.888,19.919,7.704,1
9.005,1.243,17896.094,5.302,316.452,459.014,11.756,255.535,28.08,11.217,1
7.136,1.379,22257.797,4.208,433.275,540.213,14.76,177.646,21.382,10.429,1
8.854,7.228,15269.442,5.9,181.447,405.026,12.339,106.548,20.754,5.757,0
7.007,2.751,26334.656,6.248,460.0,156.11,16.698,221.004,25.998,8.668,0
7.231,5.618,11069.738,9.903,238.049,391.208,17.202,243.727,14.105,5.263,0
7.465,5.296,30032.017,7.401,165.537,416.766,13.889,159.369,32.682,7.882,0
9.7,3.359,24734.751,1.827,238.203,399.609,15.572,178.818,26.116,4.928,0
7.951,1.602,15186.014,4.38,196.184,345.543,21.612,68.211,29.098,6.307,0
6.393,5.383,15619.428,4.567,300.637,563.762,6.14,181.459,21.504,8.523,1
8.069,3.276,18843.781,6.25,124.546,120.244,17.343,121.225,25.879,6.582,0
6.738,1.172,21391.361,3.233,277.039,416.277,19.452,218.447,28.41,5.458,1
6.61,2.286,24614.564,4.037,321.437,417.958,14.452,208.421,22.474,6.162,1
8.009,0.792,8786.157,2.611,391.041,656.382,21.068,190.836,17.935,5.701,0
7.131,2.372,20343.377,3.895,322.852,403.268,20.482,262.746,17.53,8.142,1
7.379,3.487,3742.657,3.97,385.808,458.475,10.983,203.253,20.548,9.565,1
7.114,3.026,16347.547,4.474,213.518,420.002,11.328,200.64,24.317,7.045,1
7.437,2.762,26950.431,2.727,298.506,416.331,14.888,207.689,22.056,9.253,1
7.525,3.461,8285.541,7.064,80.0,616.555,9.691,157.945,20.161,6.368,0
5.163,4.653,7104.954,6.044,255.311,271.602,24.7,244.526,26.933,7.218,0
7.767,5.922,18935.168,2.202,297.874,324.935,16.05,139.6,20.326,10.611,1
6.118,6.46,26518.29,5.152,305.565,495.501,12.709,213.251,19.534,7.08,0
5.658,1.818,19615.07,1.969,131.203,435.821,6.154,257.028,28.448,9.326,0
7.042,6.883,5119.984,7.785,231.836,371.013,13.634,133.544,26.193,6.104,0
7.184,3.28,6559.665,8.328,243.685,396.533,7.165,116.169,15.895,7.364,1
6.406,2.536,18135.352,4.989,228.529,514.671,15.92,132.573,15.281,5.855,0
7.931,1.417,9834.924,3.395,326.625,463.211,1.5,289.938,16.575,7.52,1
5.758,4.432,18388.461,3.771,246.57,319.444,18.727,156.488,22.822,7.831,0
6.693,4.315,18773.968,4.193,273.443,433.533,10.591,123.975,29.835,8.762,1
6.515,2.125,14316.576,4.886,223.382,399.024,4.887,210.15,31.395,6.358,1
7.053,2.175,29295.903,7.841,355.51,461.451,12.426,45.0,27.353,7.099,0
7.379,2.944,21338.037,7.011,361.835,366.471,12.576,137.498,34.095,9.54,1
6.092,2.503,25375.341,7.042,238.791,260.003,12.211,267.774,24.169,5.224,0
7.824,1.751,23483.781,5.441,460.0,485.685,18.709,137.455,29.432,2.945,0
7.163,1.283,16524.522,2.793,199.849,470.834,14.214,175.656,19.687,6.224,1
5.208,6.933,16236.093,3.56,350.612,574.836,16.082,206.177,13.975,8.498,0
5.141,2.277,15565.47,5.221,184.165,247.053,11.381,206.207,21.21,7.549,0
7.088,4.298,21927.165,2.698,330.707,396.554,14.421,160.711,22.274,5.679,1
6.879,4.893,13272.626,5.708,324.075,377.352,6.612,220.051,37.992,7.529,0
6.997,4.447,28712.714,6.71,179.002,357.454,13.661,269.542,22.997,6.74,0
7.072,5.074,12651.85,6.191,253.899,220.078,9.088,131.609,17.097,4.582,0
7.326,4.413,18894.088,6.11,423.758,277.046,18.438,163.356,28.595,6.787,0
8.048,1.967,16010.975,1.367,195.784,437.463,12.84,184.217,18.594,8.74,1
5.989,2.612,14569.843,7.767,299.159,345.03,15.483,228.492,23.833,6.9,0
5.928,6.811,31620.255,1.965,293.516,305.831,13.68,191.821,28.088,4.677,0
6.007,2.225,14646.147,4.795,261.406,576.648,20.628,183.006,17.596,10.506,1
7.389,3.283,15519.312,6.337,117.854,689.847,5.478,104.785,31.801,5.612,0
8.345,4.667,13183.132,5.817,335.433,398.228,11.988,127.682,29.535,8.071,0
6.669,8.47,17766.764,2.544,265.987,224.739,8.18,200.597,25.049,8.903,0
4.598,6.416,16841.509,2.903,358.827,452.569,3.277,161.739,33.16,8.159,1
5.396,1.548,10224.855,5.674,284.699,154.756,7.887,171.185,20.783,6.982,0
6.267,4.203,14741.596,6.122,270.48,242.98,17.774,186.597,27.606,4.131,0
6.542,3.872,21462.963,2.886,296.666,454.638,12.364,318.793,24.617,9.51,1
6.692,2.629,24175.415,5.885,181.06,238.952,11.511,162.639,19.3,5.3,0
7.139,3.354,17656.004,2.069,397.439,369.476,15.981,266.282,19.475,9.15,1
6.788,1.952,17883.466,6.349,233.09,226.965,13.019,262.261,34.78,9.4,1
8.149,2.905,15153.532,3.332,234.182,411.751,15.26,234.207,29.144,5.202,0
6.424,2.241,14234.129,5.261,374.845,539.789,13.953,143.391,28.159,5.174,0
6.238,3.538,11522.775,4.925,286.024,331.458,14.942,197.545,19.373,6.692,0
7.579,2.556,7381.779,7.421,244.902,402.67,10.476,168.523,27.106,9.055,1
5.564,8.887,12934.097,5.584,300.175,307.098,17.212,300.793,20.865,6.324,0
7.49,3.622,23376.344,3.902,318.209,315.505,7.045,212.586,32.849,7.569,0
7.203,3.142,14741.29,5.819,254.941,305.236,12.113,178.275,30.035,6.496,0
6.953,2.791,15250.879,9.385,343.398,499.312,17.436,288.171,28.332,8.814,1
8.688,2.561,15124.346,6.58,157.003,235.38,11.807,170.612,27.743,6.257,0
6.478,1.173,25590.6,4.982,287.254,365.178,10.561,220.338,22.491,6.103,0
9.16,5.609,11465.513,3.433,333.023,454.178,22.798,228.633,25.826,5.542,0
6.875,7.79,19300.847,3.867,317.853,514.176,18.884,209.106,31.94,5.486,0
5.823,2.215,17054.97,6.46,80.0,457.873,13.137,184.148,25.707,9.315,1
7.17,6.788,17941.524,3.328,254.24,396.284,8.133,236.064,18.124,6.756,0
6.024,12.5,19088.278,5.105,161.807,336.733,3.342,155.353,30.279,5.688,0
6.348,10.621,17871.572,7.975,374.291,516.038,15.689,251.253,19.059,4.392,1
7.497,7.567,22654.642,5.401,231.793,300.933,18.196,174.522,22.829,6.913,0
7.656,1.307,17309.827,2.942,364.85,302.736,14.281,263.579,20.253,5.922,0
6.478,1.294,28838.447,9.456,161.551,567.3,4.802,247.546,7.868,5.581,1
8.087,5.058,17789.12,8.625,298.205,448.231,13.221,220.212,24.017,6.007,0
8.258,3.307,6427.465,6.102,265.675,452.473,10.309,185.039,35.602,7.619,0
8.536,0.485,21649.017,7.652,460.0,476.826,13.227,250.647,24.856,5.31,0
7.629,2.416,20048.629,4.566,365.124,393.617,21.245,221.41,38.0,6.849,0
8.463,4.908,17711.543,6.549,359.68,232.477,16.052,45.0,22.111,8.994,0
5.219,2.936,15812.786,4.253,437.364,435.14,15.092,145.026,24.284,6.404,0
6.782,3.319,3754.976,2.389,289.12,402.812,12.296,199.281,22.395,5.485,1
6.233,1.292,4845.514,10.284,256.542,301.911,14.365,205.385,23.35,9.299,1
7.219,2.392,28208.875,2.287,246.85,274.314,9.246,228.894,25.146,7.241,1
6.529,5.072,13694.233,5.695,292.864,399.416,14.997,275.187,31.76,7.086,0
6.934,2.303,23776.533,5.672,80.0,242.064,11.63,222.266,18.135,8.338,1
8.982,7.146,7080.284,6.132,265.198,387.791,8.8,75.361,23.051,7.244,0
6.93,3.373,10695.421,4.921,284.277,373.315,16.168,200.871,26.571,7.526,1
7.514,4.421,21911.166,4.942,251.753,390.702,2.458,256.869,30.424,4.572,0
6.868,4.995,16833.743,5.377,134.873,453.319,10.049,196.137,10.485,5.889,0
7.176,4.862,20994.837,6.06,252.264,479.635,15.26,201.19,14.889,10.752,1
7.106,1.511,17411.388,5.096,134.636,319.62,18.011,162.816,23.236,5.528,1
7.548,1.74,16150.132,4.963,415.769,509.375,14.623,242.207,29.492,7.524,0
8.265,0.475,13079.715,2.458,243.125,378.676,9.476,170.575,20.212,10.535,1
8.747,2.605,9738.983,9.127,89.67,615.396,12.271,222.607,26.88,8.636,0
7.41,1.635,26617.558,6.171,247.447,334.749,13.811,213.57,34.472,7.923,0
7.69,2.251,27687.509,5.518,341.109,211.64,19.522,192.982,23.06,5.957,0
5.949,2.809,10748.431,3.851,279.967,505.037,16.643,216.625,21.677,6.278,0
7.012,3.691,10323.486,3.093,187.322,456.075,16.676,201.092,25.737,6.843,1
8.04,2.968,15239.475,6.82,207.349,549.199,12.794,260.252,24.044,8.007,1
7.966,2.928,19712.828,4.78,240.618,442.157,7.681,227.22,24.48,9.691,1
7.312,4.184,16318.182,6.342,227.629,685.801,6.173,247.185,21.951,7.612,1
7.986,3.215,20746.88,2.396,157.937,382.333,11.144,147.985,21.509,6.372,0
7.591,5.883,17179.882,8.194,259.254,530.556,15.647,144.536,17.174,7.226,0
8.3,3.223,16754.898,6.903,151.633,341.945,10.242,193.449,26.557,8.337,0
7.389,8.503,33185.012,4.938,345.669,464.013,15.075,231.22,16.969,8.006,0
6.744,1.46,14086.179,6.035,356.044,486.363,8.924,219.231,18.261,6.952,0
7.436,2.57,28159.655,6.582,179.729,504.908,9.618,148.68,16.052,5.384,0
4.5,1.98,26904.61,2.426,204.085,498.159,18.836,232.931,21.108,9.339,0
7.483,3.792,20776.608,8.456,229.045,110.0,15.951,155.469,23.15,6.929,0
4.5,1.46,4980.143,6.067,262.321,396.759,11.121,227.062,16.622,7.842,0
5.377,0.95,17701.874,3.692,286.832,335.987,8.763,205.76,21.455,6.182,1
7.552,1.698,14154.484,2.907,304.359,359.654,16.77,177.618,23.938,6.136,1
7.578,1.013,17630.589,7.074,302.376,370.991,16.444,160.521,13.898,8.295,1
5.938,2.836,10590.716,5.522,397.079,522.297,15.376,197.325,18.595,5.12,1
6.388,3.684,22415.677,6.065,270.131,429.31,11.7,194.568,33.467,5.306,0
8.471,0.823,23902.403,5.153,154.289,344.097,7.574,132.439,18.89,10.116,1
6.616,2.452,25105.158,3.095,128.22,228.808,12.433,223.114,27.109,8.887,1
9.343,6.405,15015.838,6.117,404.042,588.967,18.834,253.618,20.056,8.15,0
7.098,7.632,10613.737,4.705,308.321,327.322,8.409,237.332,24.161,5.469,0
7.508,5.342,19785.929,5.057,282.548,389.315,12.714,207.327,18.376,7.797,1
8.717,0.293,28914.483,9.854,303.166,661.664,19.861,165.253,11.97,7.267,0
7.231,3.454,17951.033,6.838,278.623,330.587,11.131,197.092,20.442,6.604,1
6.098,6.895,20439.931,6.954,301.821,371.918,11.926,182.77,25.563,7.239,0
6.99,2.269,15972.998,10.541,233.33,432.862,6.423,196.837,26.934,4.824,0
7.064,1.191,14227.444,5.869,354.692,212.286,15.304,241.504,23.83,3.675,0
5.735,6.562,21778.794,5.339,220.386,198.384,9.167,184.059,18.491,7.935,0
6.844,7.195,16810.566,3.742,188.221,347.206,5.504,88.947,28.337,7.691,0
6.358,3.199,20122.899,4.195,121.278,351.36,8.209,233.975,18.813,7.853,1
8.024,1.2,20798.795,1.006,244.793,421.107,13.438,211.846,19.168,8.785,1
7.135,0.726,19758.859,6.681,372.738,287.641,5.39,198.245,17.315,8.321,1
6.817,4.06,21126.06,2.566,226.125,457.078,6.264,125.409,20.546,10.073,1
6.994,1.993,11955.463,6.905,147.823,146.194,15.017,144.223,21.286,9.523,1
7.323,3.056,11558.809,5.014,289.21,396.565,12.174,150.654,24.701,7.505,1
7.717,2.825,17222.96,5.356,209.659,448.221,8.387,157.896,15.153,7.685,1
6.1,1.626,17379.351,5.015,396.603,444.413,11.054,163.044,20.33,7.804,1
6.058,0.688,14104.902,7.872,356.341,385.467,20.322,125.006,18.357,4.639,0
8.205,2.315,19066.502,7.519,156.974,325.759,18.268,308.341,25.48,9.056,0
6.688,3.55,23403.413,5.042,250.219,381.976,12.017,272.615,24.755,8.454,1
5.683,3.667,25218.827,3.302,200.802,553.075,16.173,205.244,17.029,4.416,0
7.544,1.894,26679.702,6.948,166.357,333.064,13.045,188.149,25.855,10.189,0
7.563,7.101,8953.789,3.151,260.246,522.373,4.516,290.459,22.696,6.629,0
5.569,1.307,9940.509,1.99,334.55,541.469,3.711,279.307,27.6,7.176,1
7.329,6.078,15617.305,6.097,258.055,196.693,8.408,149.305,19.252,7.142,1
7.836,3.471,18021.863,7.537,221.127,389.622,5.409,203.622,26.425,7.091,1
7.474,2.331,15950.283,4.29,80.0,287.671,13.722,179.968,28.017,11.71,1
7.732,4.428,13907.844,5.909,208.406,224.78,10.025,175.186,23.4,6.93,1
5.696,2.703,15521.281,4.269,311.903,500.044,14.414,180.899,35.167,6.816,0
7.431,0.939,20641.54,6.544,150.935,461.799,14.483,185.288,25.851,7.435,1
6.797,1.226,8857.454,7.29,374.018,436.615,15.605,201.591,33.224,5.873,0
6.617,2.576,32731.822,4.574,215.391,274.74,8.312,201.902,37.627,7.925,0
7.971,2.103,17636.458,3.045,281.466,430.256,14.821,269.1,13.297,5.922,0
8.579,5.987,24330.508,2.186,231.073,247.744,8.2,145.621,29.68,8.301,0
8.894,2.029,13729.968,6.951,165.013,414.271,15.701,243.181,25.995,5.523,0
8.415,1.933,21233.272,2.827,302.425,325.614,18.002,130.874,24.412,6.343,0
6.99,1.739,18150.592,5.844,214.169,531.095,15.754,203.026,19.167,5.591,1
7.453,1.623,23069.255,6.655,194.192,361.423,11.703,247.384,17.83,6.442,1
7.867,1.666,16208.795,4.097,80.0,432.749,15.05,221.297,16.892,4.184,0
7.221,1.071,27585.163,4.768,375.728,433.004,5.6,172.6,35.895,2.999,0
7.231,3.574,7801.637,7.098,265.523,395.904,4.586,205.664,25.827,6.82,1
7.924,2.872,23670.93,3.484,359.058,417.64,14.601,280.876,15.117,4.635,0
7.041,2.786,18271.678,3.281,317.716,441.454,18.385,157.456,16.895,10.521,0
6.371,0.769,10880.876,4.631,359.047,297.433,6.958,221.16,11.254,6.754,0
6.686,4.172,30188.428,7.656,217.048,453.353,12.568,243.08,29.908,8.675,1
7.734,4.459,29516.535,8.321,148.341,508.664,14.475,168.659,23.263,7.956,0
7.103,8.242,4019.84,4.902,329.829,452.682,9.735,285.445,25.953,5.487,0
7.44,4.297,18649.099,3.676,276.067,362.499,10.973,304.027,23.014,6.643,1
7.77,9.319,22086.807,7.228,225.359,425.928,15.26,250.172,28.497,8.733,0
6.725,1.859,20371.081,1.761,328.131,361.349,12.987,250.288,20.698,8.616,1
7.856,8.528,27350.942,5.595,291.191,390.751,13.007,94.921,24.714,8.959,0
7.479,4.392,25999.613,5.012,319.31,262.478,8.08,117.349,24.589,6.218,0
5.865,4.023,19223.718,7.688,178.096,570.608,12.36,185.356,16.27,8.451,0
8.542,2.734,32301.173,7.89,348.097,637.259,10.709,153.824,18.806,6.311,0
6.599,2.324,23589.502,3.215,264.606,320.528,10.95,224.423,21.243,9.22,1
5.445,1.972,15215.806,5.435,357.214,499.341,10.064,45.0,24.862,9.164,0
6.055,8.714,13909.741,3.959,347.302,579.944,12.377,224.067,31.053,4.927,0
6.079,2.67,25581.72,4.513,323.335,290.085,8.593,180.334,23.671,7.897,1
7.152,4.445,12345.798,6.335,255.554,145.988,12.554,160.201,22.491,5.428,0
6.826,5.117,14836.701,4.43,325.313,587.016,10.857,294.863,24.798,8.89,0
6.763,5.068,15942.783,5.488,359.417,403.761,8.306,173.056,22.089,5.369,0
7.72,3.585,19811.747,7.015,316.572,342.661,3.731,101.078,22.868,7.981,0
7.44,8.427,16242.521,8.13,282.221,410.681,16.764,215.133,31.792,8.73,0
7.416,4.211,8939.689,5.677,325.507,360.71,15.858,211.019,21.706,7.521,1
7.51,1.933,25053.518,5.336,220.315,720.0,8.878,180.433,24.519,8.951,1
7.716,2.406,14871.409,2.885,393.689,341.315,15.568,319.321,19.259,7.928,1
4.992,0.812,30629.579,8.272,122.045,444.279,7.888,201.555,30.313,10.22,0
6.736,3.86,19475.935,6.091,267.924,560.07,11.118,245.814,17.714,5.417,0
4.92,4.699,25736.849,5.372,230.494,559.491,10.114,207.769,22.583,6.709,0
7.136,4.974,21600.6,5.27,210.524,536.519,11.251,259.881,28.698,3.945,0
7.095,4.392,26047.866,5.821,290.942,353.919,15.408,171.802,17.977,6.866,1
8.146,2.741,21207.203,6.644,169.335,386.748,10.692,131.512,28.034,5.263,0
8.288,3.127,19028.597,6.891,447.914,144.064,10.972,232.116,11.115,4.904,0
7.303,3.133,24606.022,8.322,150.071,396.061,15.845,206.46,16.667,4.6,0
6.6,6.0,33658.819,5.585,184.142,408.937,12.778,233.737,22.454,6.548,0
7.585,0.535,15746.32,8.608,176.117,494.007,9.837,156.081,36.976,7.857,1
6.572,2.205,22667.025,7.215,281.872,620.458,13.583,216.41,23.844,8.26,1
7.099,1.375,17465.908,4.98,351.236,490.357,16.967,102.315,23.967,9.203,1
8.086,10.639,20789.384,1.765,309.711,533.477,17.252,163.612,29.657,9.1,0
6.542,6.786,17774.031,5.271,390.149,402.904,6.539,151.244,16.699,5.368,0
7.906,2.277,3474.671,8.217,194.682,559.116,6.765,217.278,6.0,6.063,0
7.777,0.972,16198.786,3.549,320.991,406.336,16.996,163.368,33.056,7.747,1
6.145,1.229,23997.108,5.265,239.199,541.873,11.206,114.495,26.507,7.775,1
8.074,5.947,12526.157,5.43,284.386,501.54,2.6,158.747,20.417,9.884,1
7.799,0.789,23486.152,6.984,359.238,452.127,9.215,222.917,23.333,6.882,0
7.202,3.163,18693.46,4.324,121.157,220.113,10.524,197.21,29.102,8.782,1
6.338,5.322,16255.312,3.361,434.236,536.202,11.093,149.02,22.25,7.143,0
6.241,1.127,23387.8,6.24,252.654,450.376,15.942,236.157,23.84,8.044,0
6.562,3.139,21926.705,3.613,128.437,489.309,8.319,276.097,34.805,8.099,0
7.643,2.306,20233.556,1.429,206.108,442.625,16.71,239.986,15.787,7.36,1
6.144,2.082,24103.351,8.781,273.696,463.312,13.783,63.088,26.0,5.643,0
7.538,1.817,18820.139,6.954,206.089,561.078,6.711,203.044,15.912,7.898,1
5.858,5.615,6809.671,8.867,90.929,348.129,11.062,182.199,32.067,8.558,0
6.896,7.727,15042.214,6.848,273.228,461.117,14.726,78.034,24.7,7.593,0
7.21,2.584,5771.384,6.461,203.651,311.708,12.678,119.027,19.016,2.427,0
9.545,4.035,21772.871,5.839,320.347,474.202,14.205,233.949,14.297,7.082,0
5.723,3.191,23325.299,4.728,174.187,435.154,9.857,200.212,20.969,8.621,0
8.572,0.611,23621.065,6.124,457.23,329.284,14.996,194.435,24.077,5.636,0
7.25,2.509,20679.116,3.994,308.658,416.24,10.707,154.245,29.719,9.319,1
7.511,0.494,23791.513,2.962,281.728,336.755,23.958,249.526,16.657,6.297,1
7.218,2.161,7252.078,4.436,317.965,359.64,6.562,122.361,18.217,6.824,1
7.545,3.077,16800.815,7.683,110.171,447.577,24.641,141.164,20.117,7.771,0
6.946,5.042,8303.046,2.635,222.759,437.208,8.22,172.523,18.504,5.742,1
8.554,3.789,15170.858,2.667,416.557,174.543,18.221,106.085,20.016,9.041,0
6.644,5.711,28005.636,6.283,237.789,449.459,16.223,141.509,17.518,9.676,0
8.232,1.588,24606.042,4.27,259.66,368.6,8.407,248.386,25.419,5.42,0
6.456,7.106,21804.855,6.071,225.348,355.283,15.198,143.564,20.199,7.066,0
7.04,7.732,16319.469,7.08,389.483,269.741,10.269,232.948,23.063,10.808,1
6.028,0.467,11041.634,6.023,244.206,399.553,13.737,224.922,24.765,9.379,1
7.555,0.745,18715.68,3.836,158.594,342.238,13.165,180.736,14.999,4.496,1
8.545,3.025,24719.393,7.666,460.0,557.823,10.928,111.959,26.443,9.501,1
7.023,2.038,20164.165,6.584,148.123,195.068,10.554,193.488,24.215,2.0,0
6.903,2.291,7193.01,5.154,256.723,289.329,14.034,73.905,24.221,8.506,1
5.985,3.765,18179.971,5.057,193.447,281.204,8.433,160.91,22.227,5.858,0
6.871,5.861,5063.367,5.848,205.364,436.039,8.603,203.379,21.436,8.228,1
5.507,1.52,22727.195,4.476,174.914,545.775,16.797,237.825,23.312,7.844,0
6.187,6.507,12995.45,1.838,219.101,465.375,14.428,181.654,23.555,7.641,0
7.327,1.791,9549.711,6.6,348.643,273.642,6.62,156.562,16.155,8.454,1
8.419,11.555,22816.549,6.481,103.331,353.492,7.985,152.159,32.137,6.507,0
9.7,7.14,21135.956,0.5,372.169,307.899,2.886,164.243,18.965,6.322,0
6.513,1.94,19010.593,6.121,357.514,465.928,16.594,224.327,23.387,9.075,1
8.535,0.993,31746.102,8.613,308.27,351.052,15.599,209.255,29.758,7.41,0
7.344,1.905,21627.499,2.845,275.724,235.464,7.601,188.789,21.018,6.375,1
6.949,1.702,13307.78,4.953,288.514,475.165,15.423,224.652,24.374,7.079,1
7.533,4.631,20874.825,4.736,385.99,556.591,21.435,190.029,10.291,6.923,0
7.162,0.48,15640.497,8.421,116.608,383.559,5.573,116.584,11.506,6.777,1
7.21,0.754,25733.932,7.342,326.82,419.448,9.732,128.932,22.852,8.198,1
6.692,4.543,19326.352,3.343,201.575,224.244,5.475,223.092,24.099,5.834,0
5.702,1.644,19969.501,5.784,335.189,157.891,16.768,114.431,29.416,10.137,0
5.556,2.183,8124.605,9.705,212.844,183.11,12.068,169.046,27.647,7.803,0
7.753,5.306,17898.786,3.851,325.084,399.633,10.709,183.722,13.766,4.095,0
6.823,6.033,17134.272,5.078,133.379,368.047,13.523,133.165,30.356,7.895,0
6.504,6.918,10842.613,6.127,121.131,470.548,9.994,98.274,16.095,5.725,0
7.109,5.014,16060.24,3.88,255.39,381.282,10.693,125.388,28.004,7.35,1
7.895,2.674,20332.391,8.626,387.02,523.531,13.736,90.465,20.38,7.126,0
7.28,2.511,17471.728,4.155,310.584,509.672,9.755,223.64,38.0,8.62,1
6.444,2.296,8321.352,2.322,309.975,366.305,10.39,211.861,19.576,8.599,1
8.326,1.131,15724.091,4.05,338.116,284.587,11.796,148.22,22.571,7.798,1
8.679,1.469,14457.839,6.406,231.257,175.061,12.911,114.796,23.918,10.837,1
7.595,6.341,18757.838,3.504,316.914,577.028,15.207,254.146,21.593,6.095,0
8.074,1.781,18055.962,5.704,215.728,291.897,15.125,214.219,17.216,9.858,1
8.342,1.137,14824.515,6.225,238.309,225.428,5.752,155.843,35.784,9.908,1
8.23,6.687,14570.688,2.682,248.863,420.583,18.836,255.292,19.458,8.007,0
7.714,3.606,17936.947,3.973,218.63,226.495,12.766,197.568,19.25,8.226,1
7.698,8.836,23759.349,5.798,259.386,420.462,11.008,207.491,22.365,9.111,0
7.62,8.241,19311.163,6.505,243.363,364.643,8.434,132.691,24.121,6.832,0
6.003,1.227,26749.951,4.022,204.848,515.841,21.451,106.607,19.028,6.489,0
7.801,2.882,24865.741,5.404,253.049,505.404,23.119,103.646,28.53,6.583,0
5.744,1.378,27228.436,4.532,278.198,537.399,20.898,304.567,23.886,7.926,0
6.305,1.368,26396.08,6.556,171.512,429.751,13.046,144.483,23.117,6.556,1
8.404,2.246,27659.172,6.139,300.484,301.999,14.048,193.585,26.237,6.1,0
7.94,4.723,10004.572,4.353,223.037,280.574,19.21,215.279,18.078,5.536,0
8.587,4.741,21708.271,6.057,281.847,341.316,11.417,188.855,19.607,5.629,0
6.828,4.352,25419.084,4.275,208.45,644.313,14.936,181.516,22.872,6.249,0
5.948,2.668,26593.678,6.015,354.292,375.097,13.522,180.29,28.394,6.29,1
6.86,4.913,12490.328,6.043,346.27,424.322,21.134,216.397,21.585,7.593,1
7.202,1.122,21772.973,9.842,175.802,587.231,18.963,132.811,21.161,6.003,0
7.179,3.647,17988.82,4.427,309.625,435.554,11.879,165.77,10.771,8.285,0
8.234,3.148,29505.892,4.817,387.933,315.162,19.363,63.294,18.978,10.942,0
6.739,2.55,8482.604,3.806,184.405,492.619,12.483,87.532,13.427,9.649,1
7.452,3.746,12499.618,3.034,191.139,353.583,10.044,118.607,14.871,5.49,1
6.111,1.401,5730.88,4.187,327.48,439.695,11.216,236.956,25.121,6.862,1
7.55,4.47,18440.006,6.43,153.89,466.459,13.163,175.001,38.0,5.113,0
7.103,3.09,32214.962,6.575,198.911,345.683,8.967,228.357,24.127,7.751,0
6.35,0.825,17211.779,5.691,178.753,427.365,10.171,211.169,24.93,7.855,1
6.864,3.039,18156.717,4.508,328.536,597.006,6.005,204.305,18.589,7.713,1
6.916,2.054,21076.552,4.113,206.143,329.816,8.799,138.075,16.919,5.511,1
6.83,6.445,16744.112,3.266,240.809,563.027,13.555,194.122,34.926,6.231,0
8.871,1.196,19879.169,3.986,201.392,334.14,17.19,203.996,18.329,9.12,0
7.002,1.235,20049.376,2.51,362.624,621.248,16.613,311.037,11.401,8.114,0
6.856,4.084,12003.882,7.816,191.952,302.342,14.434,170.969,24.424,5.837,0
5.003,2.747,16888.696,8.774,145.354,357.737,5.618,230.272,20.507,5.089,0
6.206,2.65,22322.564,1.228,142.023,585.991,8.625,183.187,26.456,7.269,0
6.837,11.597,23535.745,5.679,323.961,591.268,11.612,151.376,32.092,7.179,0
6.414,4.833,25940.261,5.645,330.099,503.211,16.833,237.824,25.14,5.085,0
8.482,2.405,19680.334,5.518,371.127,275.178,9.994,294.037,24.316,6.845,0
6.935,0.727,19812.607,3.915,157.817,414.889,7.011,204.41,26.826,6.528,1
8.388,2.302,22376.202,7.145,245.347,405.15,19.017,152.433,38.0,6.343,0
7.162,1.09,13633.994,5.921,460.0,302.302,9.193,215.712,36.215,6.63,0
7.137,1.478,13367.436,7.168,239.303,488.62,7.425,205.368,21.167,7.894,1
7.011,1.521,16688.814,3.625,217.11,311.797,13.523,311.908,28.509,7.561,1
7.104,6.112,9212.385,2.334,263.214,250.129,12.275,230.819,33.359,9.659,1
8.819,0.892,20144.855,5.97,310.046,210.496,10.249,138.653,27.022,7.756,0
4.78,5.712,24319.033,3.174,308.625,610.475,12.502,260.108,22.615,8.849,0
5.098,4.213,12884.716,7.209,212.773,343.742,8.333,232.645,20.113,5.018,0
6.557,4.17,20328.47,0.847,215.272,346.259,10.198,241.447,23.572,7.673,1
7.115,1.428,13410.648,4.163,239.801,281.32,12.337,214.469,16.389,6.73,1
7.79,5.215,10892.259,3.868,202.943,569.151,3.339,245.457,28.193,8.703,0
7.573,1.289,30861.147,4.435,160.045,239.37,16.798,214.234,31.067,7.857,1
6.716,7.812,10985.485,5.622,418.676,260.504,6.322,176.009,20.698,10.235,0
8.119,6.207,9184.424,5.892,230.411,366.381,8.275,197.382,20.387,5.723,0
8.13,8.691,18895.65,6.379,235.229,402.412,17.001,183.623,16.874,6.12,0
7.284,3.16,19245.39,6.61,237.878,484.036,15.062,208.776,25.708,8.014,1
8.063,2.746,21837.009,4.757,258.157,323.929,12.893,194.369,22.937,7.166,1
7.373,2.254,30507.982,9.317,301.955,590.32,4.813,172.698,14.628,5.702,0
6.539,11.439,12448.656,7.874,225.459,324.745,9.774,180.012,38.0,8.072,0
7.798,4.694,13740.161,4.476,361.845,283.97,11.527,189.802,12.686,6.509,1
7.211,1.101,27957.236,4.826,315.814,272.547,11.854,92.041,14.649,8.211,1
7.101,7.233,23604.304,4.434,248.774,312.133,17.636,246.344,28.449,4.34,0
8.573,2.668,22700.529,5.827,208.37,264.775,21.474,209.136,26.811,6.872,0
4.649,0.206,13665.853,3.156,357.219,495.109,15.267,156.368,18.857,7.682,0
5.682,1.697,24818.273,3.521,251.226,284.899,10.095,222.516,18.483,7.705,0
5.913,6.204,22720.688,0.765,159.366,389.061,17.965,162.054,25.656,8.658,0
6.737,4.223,18731.992,4.303,351.79,281.454,9.847,162.052,25.193,6.96,1
6.845,4.813,13697.969,7.23,203.262,264.065,1.5,210.605,18.917,8.206,1
5.593,7.186,18193.521,4.796,338.823,537.784,6.877,268.684,28.764,7.275,0
6.115,0.606,28215.165,4.908,80.0,597.333,1.826,205.393,26.317,8.72,0
6.239,1.714,10389.21,5.656,233.664,557.28,10.773,147.327,30.752,4.632,0
9.557,3.212,12301.306,3.096,363.597,228.44,11.698,170.65,22.711,2.712,0
8.902,6.327,13419.284,5.151,265.436,245.09,5.333,236.698,27.699,9.657,0
6.688,1.283,14829.662,6.881,315.841,642.405,8.656,212.235,21.676,6.377,1
6.736,2.393,17397.712,5.713,188.336,374.48,6.081,242.771,26.138,4.334,0
5.951,3.065,23730.712,7.056,294.555,240.025,11.928,211.64,25.075,7.111,1
5.192,1.645,20499.192,7.628,265.319,534.868,8.659,232.396,27.919,6.467,0
6.983,3.04,17895.467,6.425,285.683,413.086,17.045,300.715,26.013,8.064,1
6.102,2.736,19300.458,3.673,438.339,473.34,13.264,115.622,12.045,8.286,0
7.015,2.015,21555.941,4.412,375.89,136.453,19.722,322.393,19.366,6.649,1
5.5,5.206,6568.911,8.963,332.319,365.847,10.454,241.507,23.482,9.072,0
6.338,4.589,24465.297,5.728,333.393,518.856,22.15,334.373,25.705,5.22,0
7.249,5.364,12128.316,5.462,187.722,328.157,12.511,135.921,27.784,3.169,0
7.466,5.684,14617.183,3.38,224.946,553.2,10.122,211.035,26.182,7.666,1
7.517,8.383,19712.83,4.917,134.731,246.989,23.339,198.766,18.913,6.936,0
5.78,0.794,17009.862,6.533,157.085,391.49,4.272,238.595,28.325,3.99,0
7.955,0.884,20665.048,5.13,189.645,602.391,10.013,215.837,18.308,8.497,1
6.3,4.911,18421.881,4.061,262.524,266.897,5.007,209.675,30.327,4.343,0
7.733,2.165,15619.34,4.525,160.874,437.577,4.228,232.841,30.714,7.198,1
7.089,1.954,27436.928,7.484,261.671,475.212,3.198,184.125,22.941,8.78,1
5.724,1.725,22102.426,6.436,251.907,415.968,15.275,161.629,19.241,7.862,0
6.784,5.49,19463.763,6.168,168.591,374.994,6.519,214.929,18.963,7.761,1
7.465,10.977,22001.379,5.982,394.675,299.842,11.354,161.52,16.655,6.546,0
7.713,5.664,12915.358,2.734,152.415,428.586,16.514,183.096,17.649,7.703,1
6.959,2.089,31636.016,5.645,359.973,392.681,14.585,110.739,21.953,8.315,1
8.632,5.304,10430.358,7.236,80.0,232.645,14.363,193.076,19.755,6.24,0
8.108,0.858,18235.596,4.578,252.91,536.982,17.962,138.925,13.663,5.364,0
6.843,2.594,15638.229,7.055,163.202,295.794,19.742,188.186,20.195,8.819,1
7.85,0.607,15391.307,6.19,209.371,235.762,6.867,130.268,23.539,10.733,1
9.034,2.168,14547.331,6.755,418.863,333.518,14.674,188.937,21.033,10.09,0
9.06,3.47,12483.885,5.202,235.508,297.874,11.275,239.484,17.809,2.672,0
5.872,12.287,25224.224,6.873,171.113,374.011,11.84,157.229,9.131,9.653,1
6.173,6.665,9669.432,2.171,306.449,255.906,5.698,138.669,29.644,6.258,0
8.585,0.62,23893.165,5.166,234.762,458.757,10.106,232.99,22.77,10.641,1
6.042,0.685,21715.495,6.526,277.811,570.726,10.598,240.23,24.86,5.531,0
5.777,1.654,15024.208,5.693,187.271,417.704,18.936,213.316,24.049,5.369,0
6.614,9.404,20961.947,7.291,191.457,231.686,7.301,164.4,25.885,7.31,1
7.52,0.651,16473.656,4.786,198.047,295.414,1.765,155.367,24.395,6.677,1
6.998,1.736,10343.459,4.005,332.867,431.554,12.473,171.768,23.572,6.766,1
6.449,1.728,10412.181,1.822,245.719,168.966,6.845,186.746,27.427,9.098,1
6.426,4.078,21760.37,4.554,175.898,257.066,11.872,95.102,28.672,9.626,0
6.388,5.396,21423.207,6.134,278.755,207.3,15.473,135.927,31.023,5.701,0
6.22,4.62,19073.074,6.622,271.756,418.852,12.051,258.798,18.175,10.353,1
9.382,3.684,14955.142,2.302,313.756,664.462,10.559,201.409,24.447,5.185,0
7.398,0.824,16262.195,7.451,224.047,253.681,11.795,257.484,13.689,6.312,1
7.987,3.282,15383.904,3.151,258.406,502.96,16.313,245.862,20.208,11.96,1
6.611,7.321,6144.863,4.858,300.843,337.335,7.304,172.815,21.858,8.065,1
6.914,8.958,17898.146,3.962,179.205,246.579,15.778,173.646,27.297,6.217,0
6.386,4.002,20895.957,5.934,340.329,592.695,7.98,243.161,22.317,7.875,0
4.5,0.627,17939.457,5.288,266.398,664.181,15.209,231.726,26.902,8.67,1
5.722,4.05,28999.47,6.456,171.414,454.424,5.556,244.308,20.998,8.007,0
5.289,2.729,10970.346,8.788,170.784,448.501,14.941,189.256,19.649,9.705,0
4.85,0.734,13202.826,5.896,256.551,412.472,12.042,197.842,18.348,5.843,0
5.905,1.217,18364.623,3.947,218.231,387.21,12.934,175.944,27.006,6.223,1
8.425,1.428,19084.484,6.022,329.142,445.809,16.815,187.059,20.805,5.798,0
7.056,4.923,5142.144,8.99,240.626,486.134,8.805,152.29,8.926,5.905,0
8.391,8.713,21417.537,6.413,290.759,604.601,12.387,185.887,26.687,7.476,0
7.511,4.415,19114.059,6.991,192.867,342.272,13.865,181.199,17.61,5.485,0
7.883,5.031,3723.946,1.913,263.045,420.286,11.154,164.769,24.121,7.923,1
6.199,2.876,16741.39,5.874,376.821,394.386,15.726,233.513,16.451,8.539,0
7.624,1.93,12244.48,4.564,252.409,527.887,13.984,112.437,23.085,5.199,1
7.829,4.5,14553.399,3.74,217.998,693.01,9.89,208.559,6.352,6.266,1
6.523,3.719,8802.345,5.055,191.577,532.028,18.173,139.307,22.805,6.481,0
7.66,1.544,20205.226,5.317,263.405,500.789,15.029,143.368,17.924,7.005,1
7.666,3.543,28951.546,3.851,384.792,513.945,8.708,148.082,15.647,7.104,0
6.55,3.019,19222.653,5.477,149.094,557.091,8.663,215.896,27.432,9.03,0
5.977,2.379,3464.003,4.753,260.757,694.734,11.512,65.83,22.312,9.163,0
5.916,1.875,19356.374,6.505,119.321,202.754,14.514,199.279,21.584,5.945,0
7.187,3.999,16234.848,5.555,230.114,476.951,2.54,192.5,18.799,8.645,1
7.427,1.976,10343.419,5.852,287.335,110.0,8.898,136.641,28.188,9.875,1
6.307,10.986,19798.555,7.059,130.668,519.162,9.901,200.022,20.479,9.577,0
7.127,4.312,23218.471,6.21,227.191,471.125,6.031,123.271,31.629,7.769,1
7.671,4.047,13154.792,5.088,289.694,339.381,7.902,187.593,30.131,7.302,1
7.718,2.648,6815.737,0.926,276.147,110.0,13.118,121.196,31.267,4.873,0
8.652,2.219,4424.13,6.127,293.811,403.273,10.3,302.768,28.614,6.656,0
8.377,0.48,13173.047,3.276,182.159,431.741,10.654,237.377,19.484,4.711,1
6.099,1.634,16489.227,4.928,289.659,397.427,6.296,203.556,23.304,9.452,1
8.784,0.612,14145.964,5.842,213.999,330.429,11.539,137.465,21.822,6.925,1
6.569,0.603,13058.666,7.766,325.692,297.385,5.732,174.846,27.861,7.244,1
8.145,1.056,21191.347,8.785,80.0,398.786,19.066,177.119,22.939,6.289,0
7.168,6.82,20508.369,3.258,240.383,308.775,20.345,203.305,21.589,4.861,0
6.688,6.798,18797.357,2.468,273.405,502.116,10.371,211.92,32.617,8.683,1
5.292,1.666,22807.171,5.751,379.702,395.556,7.449,202.368,21.101,8.304,0
6.928,0.805,13234.002,5.585,272.378,198.04,16.346,208.827,19.378,9.08,0
5.541,2.14,10385.365,2.696,281.004,426.204,15.166,180.658,20.669,4.246,0
8.067,4.888,14104.831,5.067,296.917,454.703,20.936,208.835,29.213,9.774,1
8.617,5.911,13656.532,6.295,371.512,599.159,22.135,154.914,24.089,7.174,0
6.303,3.506,4166.619,2.64,232.539,516.377,3.379,131.508,25.659,8.799,1
7.402,3.964,13953.804,3.111,145.736,297.157,17.714,291.633,24.369,2.656,0
6.375,3.693,24681.529,3.812,129.463,576.099,11.499,212.88,10.281,8.138,0
6.472,0.66,22705.547,4.675,321.457,238.676,14.971,289.335,16.801,7.268,1
7.874,0.885,20913.695,6.488,283.973,408.38,16.0,174.889,21.383,7.003,1
7.061,8.948,18355.517,4.447,243.211,495.488,15.812,322.589,24.826,7.223,0
8.84,3.494,26917.84,5.211,215.182,580.043,17.002,194.378,17.291,6.327,0
6.618,0.355,10608.909,9.592,280.371,631.668,9.979,253.028,17.112,4.858,0
8.099,4.134,11228.624,3.187,282.826,557.967,8.212,191.807,21.189,5.124,0
7.197,1.369,24807.919,3.794,305.786,388.606,17.841,199.071,30.692,7.448,1
7.896,6.234,17679.432,6.456,170.763,474.561,8.577,183.664,10.513,9.761,1
6.653,5.792,13137.341,7.076,115.034,431.928,20.876,162.896,7.621,9.392,0
7.05,4.702,21087.51,5.93,187.35,319.868,9.06,243.913,33.065,7.815,0
6.985,3.465,14649.965,8.718,150.154,391.125,10.786,189.513,14.124,6.52,1
6.264,7.262,12056.084,5.735,145.751,620.738,11.643,235.674,20.649,11.114,0
7.762,7.756,11875.213,1.148,398.428,482.539,5.565,239.709,14.296,8.626,0
7.75,1.4,19590.071,5.294,80.0,652.124,5.578,267.789,21.245,8.47,0
7.694,4.667,18837.801,3.958,304.925,275.1,16.604,213.164,22.21,5.002,0
8.637,1.892,27358.854,7.868,342.095,359.213,4.76,106.897,32.342,7.86,0
8.549,1.226,15614.42,7.029,348.934,454.831,23.838,172.389,27.18,5.172,0
6.725,7.751,15503.529,1.921,288.565,494.083,12.076,188.614,15.558,11.147,1
7.473,5.194,26857.618,7.801,377.192,390.986,7.868,190.683,11.934,5.886,0
6.476,3.676,23906.704,6.979,416.589,501.06,14.391,262.512,25.898,6.308,0
7.123,1.522,18441.839,4.451,239.31,500.155,1.5,252.492,19.986,6.231,1
6.5,7.902,7353.417,4.943,303.035,238.449,10.999,182.03,18.806,6.734,0
8.72,1.351,12222.944,7.884,373.442,495.413,11.576,323.655,29.872,8.607,0
7.464,1.091,10648.384,1.157,191.733,533.792,6.802,170.814,12.813,7.405,1
6.882,3.026,17736.937,5.991,244.183,440.539,9.657,175.277,20.875,7.476,1
8.294,4.888,14195.783,7.287,211.805,184.205,19.367,129.918,26.659,8.694,0
4.929,2.311,27918.882,4.923,304.183,371.78,13.325,104.246,16.154,4.669,0
5.086,12.5,7285.658,6.396,103.662,457.553,14.298,125.096,30.529,8.747,0
7.896,3.424,9951.292,5.306,387.113,301.115,8.959,245.745,17.132,7.642,1
7.16,1.886,19090.087,3.532,310.373,515.197,6.545,230.783,22.592,6.135,1
7.35,2.065,20889.334,3.482,315.145,492.551,11.415,141.405,18.979,7.637,1
5.774,9.613,1800.0,6.524,80.0,421.138,1.5,195.493,7.107,7.604,0
7.077,2.815,6219.834,3.829,176.588,407.093,7.564,234.356,20.561,2.677,1
9.104,7.573,15786.576,2.051,391.69,428.146,6.864,78.165,27.595,9.875,0
7.924,0.58,26314.284,5.345,249.921,404.513,3.326,287.472,17.0,9.576,1
7.27,6.319,29770.446,4.074,118.455,250.742,15.421,247.89,19.356,5.049,0
6.661,1.587,14805.766,2.702,283.838,353.387,11.913,234.578,20.005,6.04,1
6.705,5.281,16390.795,5.243,322.728,413.697,9.711,256.114,26.109,9.837,1
4.971,1.576,12060.373,6.635,310.177,575.232,15.52,77.715,20.913,8.596,0
7.358,2.186,21615.842,5.14,252.216,488.045,5.101,177.979,23.134,8.1,1
7.945,1.193,27435.442,2.968,361.523,581.678,6.454,259.21,23.21,8.185,0
5.524,5.351,25664.135,6.064,205.329,236.405,17.528,189.613,19.964,8.073,1
6.439,5.937,17311.496,7.17,310.908,362.259,22.766,230.847,32.8,5.483,0
5.943,1.632,12049.544,9.526,276.476,653.863,15.579,269.65,17.053,6.384,0
6.135,0.751,17553.281,7.984,253.688,315.844,14.622,228.699,27.077,9.195,1
7.153,7.501,26475.114,3.089,232.785,313.449,9.882,175.826,30.4,8.581,0
5.016,1.802,14896.639,6.816,235.795,372.389,9.985,221.664,22.198,7.911,0
7.714,2.703,5699.711,5.613,267.742,647.173,13.523,98.095,23.353,6.234,0
7.854,1.389,15159.94,2.796,240.119,324.417,18.678,216.969,26.076,9.181,1
6.849,5.0,15686.333,5.668,327.311,471.898,14.419,231.23,20.847,5.66,0
4.619,5.087,5661.562,8.937,219.441,452.044,16.811,198.302,12.003,10.066,0
6.104,8.333,19008.243,7.492,398.305,173.581,8.377,253.884,21.554,6.094,0
8.333,6.444,20789.03,3.073,215.643,403.119,15.276,205.325,32.546,5.831,1
4.5,6.148,29589.302,5.127,343.207,338.649,9.479,198.082,26.299,7.454,0
6.752,2.898,8839.55,6.083,346.873,486.357,13.131,290.778,23.447,7.783,0
5.92,2.632,22248.389,1.64,279.098,613.688,15.271,137.319,27.386,7.575,1
7.905,4.952,23784.435,1.709,271.525,363.654,10.109,266.567,22.163,5.019,0
6.425,2.775,20877.536,5.409,203.038,363.649,7.923,262.213,23.171,8.159,0
7.504,6.594,10955.789,5.435,221.049,707.139,14.132,236.491,20.499,9.163,1
7.665,1.313,10577.977,1.422,283.682,319.615,11.894,167.752,25.77,7.254,1
8.936,0.567,18131.779,5.876,261.163,243.84,13.113,208.848,19.89,4.617,0
6.897,4.554,18086.155,7.274,365.562,570.309,15.457,145.764,21.171,7.02,0
7.476,1.994,13863.68,4.663,226.36,398.924,18.383,159.084,28.098,5.361,1
5.615,1.138,25895.641,5.22,231.505,438.998,15.485,197.229,21.873,3.923,0
8.29,11.805,14895.115,6.243,123.498,672.781,14.894,141.401,26.278,6.413,0
6.339,3.105,5190.945,5.978,319.7,236.643,10.248,177.167,26.758,10.323,1
6.539,0.908,16043.633,1.763,312.024,381.545,10.939,129.39,22.555,7.251,1
7.078,1.803,20621.777,3.29,348.052,256.648,14.545,225.911,20.973,6.909,0
5.537,2.461,19722.747,4.308,352.842,445.222,10.865,279.917,15.345,8.678,0
7.329,4.488,19672.447,3.378,332.06,338.64,14.527,310.831,16.641,8.5,1
8.067,1.811,27210.929,8.034,335.645,264.247,8.83,133.156,26.533,4.762,0
7.393,2.735,10253.861,6.369,316.856,492.873,21.182,142.82,26.426,10.764,1
5.511,3.769,14745.896,2.881,329.948,406.239,13.372,187.251,17.259,7.756,1
6.976,4.289,27542.851,4.671,108.433,254.804,13.076,235.229,25.299,9.032,1
7.842,2.89,4712.226,7.361,171.518,262.156,10.328,184.94,24.255,6.329,0
5.222,9.513,17150.986,3.808,157.629,429.937,21.109,249.265,28.426,3.881,0
6.025,5.037,25487.987,6.803,372.965,204.507,6.86,225.536,35.56,7.19,0
7.977,4.845,25391.106,7.866,198.448,432.298,9.336,99.04,26.334,5.416,0
7.37,4.722,21790.756,7.532,212.057,565.747,16.341,199.319,18.993,9.508,1
7.512,6.628,21955.355,5.461,265.566,485.047,13.578,128.121,27.312,4.849,1
8.959,3.588,10733.35,7.602,159.287,330.201,9.905,165.175,16.957,7.448,0
7.569,1.293,26425.651,4.056,297.346,437.921,10.034,173.594,35.884,8.479,1
7.758,4.144,9699.599,10.072,83.917,254.811,11.191,237.011,15.887,8.165,0
9.7,4.524,10087.315,5.582,164.913,421.354,12.96,194.612,25.543,6.498,0
6.886,7.329,20021.182,7.394,281.899,365.778,19.491,170.592,23.011,4.196,0
6.302,1.178,14295.406,4.376,159.461,280.278,15.223,311.493,20.601,4.687,0
7.528,1.453,18843.529,6.099,375.425,479.846,17.105,147.054,20.236,6.037,0
7.539,3.181,20299.986,6.187,268.934,167.703,10.546,212.021,30.898,4.862,0
6.573,4.816,29057.713,3.242,361.226,262.702,14.821,232.876,26.285,7.264,0
6.068,0.985,20319.21,3.183,295.423,277.13,5.503,205.396,22.116,6.027,1
9.41,1.208,13479.527,4.691,263.986,344.423,13.32,146.734,33.047,5.073,0
7.427,5.631,21897.172,7.311,180.292,560.92,13.031,143.926,22.312,4.839,0
6.368,1.025,12093.598,1.437,343.977,495.511,20.696,230.253,27.262,4.535,1
8.016,1.471,23435.511,4.374,302.507,417.637,19.509,253.602,15.226,7.298,0
6.991,5.877,17920.081,7.72,442.195,411.98,11.337,193.229,15.536,6.079,1
6.847,4.767,20103.535,2.636,335.414,403.589,8.823,123.643,27.117,7.446,1
7.662,1.827,5925.749,7.608,231.221,569.619,8.946,196.664,24.787,7.261,1
5.808,4.389,2870.154,2.844,289.601,187.117,11.174,279.416,35.451,7.034,0
7.453,3.811,7740.742,3.267,300.882,497.587,18.358,140.763,18.909,8.565,1
9.013,2.804,28847.511,4.806,363.851,344.017,14.367,178.627,26.919,4.748,0
7.566,2.265,10036.994,8.847,377.359,465.359,14.831,199.284,21.575,8.575,1
6.724,4.268,22260.014,3.82,251.232,465.933,16.15,255.946,27.92,8.107,0
6.593,1.112,13327.599,1.634,161.681,492.989,8.026,166.965,27.459,7.044,0
6.69,4.233,15939.804,2.296,107.424,595.038,9.309,222.72,22.84,5.946,0
6.846,3.559,17209.318,6.964,168.138,240.476,14.841,272.597,18.705,7.471,0
6.722,3.747,28184.56,2.391,214.699,525.653,8.995,114.594,21.033,8.207,1
8.016,1.415,21299.286,7.476,392.869,397.337,5.631,123.979,16.546,4.88,0
5.367,7.452,20002.715,5.24,394.158,349.697,7.628,190.932,25.116,8.498,0
7.962,1.832,25928.54,5.035,346.614,649.051,17.245,250.006,6.708,10.53,0
6.72,2.078,13384.22,5.695,369.584,489.229,10.817,214.391,19.63,7.283,1
7.477,2.72,24444.229,3.498,204.872,354.935,13.516,254.919,28.244,9.746,1
5.973,4.76,23358.467,5.376,136.198,519.877,7.854,102.464,28.105,8.255,0
8.429,3.666,23284.346,2.714,179.445,399.473,14.207,215.105,13.65,7.874,0
8.346,0.723,16492.391,7.798,92.04,353.054,11.287,45.0,26.381,6.139,0
8.06,3.072,14657.453,3.045,170.314,332.27,14.508,269.064,16.381,6.786,0
5.585,3.266,11846.146,5.978,221.995,441.548,10.35,261.47,20.806,5.635,0
7.929,7.573,12253.315,3.03,279.17,331.335,14.769,178.016,27.443,9.098,0
7.505,2.43,11539.415,4.034,276.514,423.651,10.128,69.051,17.344,6.06,1
5.495,4.475,19884.51,4.352,206.381,511.442,12.139,184.591,31.276,10.572,0
7.076,12.5,16015.814,11.063,313.361,418.261,11.277,257.483,24.49,8.189,0
7.465,6.726,20304.101,5.071,208.013,642.18,12.618,218.839,25.684,8.109,0
7.656,1.347,20671.233,3.457,265.854,406.585,13.756,297.768,29.248,5.018,0
7.277,5.206,10611.586,4.211,170.652,566.885,10.273,179.768,28.165,8.598,1
7.391,4.246,10416.505,2.091,357.537,522.155,11.962,307.727,27.659,7.003,1
8.574,2.367,16013.708,4.774,266.771,588.036,13.339,84.828,19.185,6.385,0
8.326,5.247,12461.715,8.802,322.7,641.652,14.785,154.285,16.557,6.219,0
4.5,1.329,11777.321,5.772,161.624,193.64,12.158,124.787,21.363,5.166,0
6.783,1.863,28521.966,6.907,279.826,436.82,8.508,236.518,25.752,7.418,1
6.935,2.742,7533.194,3.28,313.648,391.576,12.889,129.391,15.544,7.099,1
5.348,2.281,30649.919,4.693,91.271,418.372,15.517,251.389,26.381,5.036,1
7.194,4.863,19377.696,5.508,364.288,357.312,6.501,233.76,25.172,8.327,0
8.349,3.009,23910.549,3.649,158.799,339.785,6.553,205.926,21.946,11.231,1
6.013,2.102,23144.163,5.9,282.927,273.049,9.52,189.758,23.357,4.837,0
7.436,6.651,21510.235,6.331,416.955,416.686,11.635,138.044,23.378,7.196,0
6.184,4.737,28301.907,6.186,346.167,517.082,2.614,228.994,25.561,10.385,0
6.428,0.872,10464.292,4.798,138.355,345.757,15.083,167.866,27.329,6.001,1
8.577,0.855,16483.541,7.282,249.867,365.579,11.679,237.877,38.0,8.191,0
6.557,2.114,11956.495,4.585,369.842,321.231,1.92,278.012,23.981,8.107,1
7.562,0.98,6475.483,4.402,195.574,285.678,7.491,178.62,19.264,8.585,1
5.229,5.953,13201.933,7.983,234.41,376.663,11.147,268.235,11.944,10.699,0
8.962,1.937,29671.561,2.886,232.03,446.186,4.524,206.054,14.834,4.178,0
7.703,4.471,16372.466,1.694,313.453,555.882,16.867,228.426,18.607,7.744,0
6.918,5.156,30392.852,3.364,134.356,261.948,13.341,122.888,26.999,6.498,0
7.676,0.486,31057.877,5.874,318.219,401.354,15.552,157.831,20.71,7.328,0
5.69,2.01,36000.0,7.667,212.062,546.376,7.869,157.233,25.359,7.481,0
8.283,2.648,29885.705,3.779,264.036,263.539,14.351,269.627,18.754,6.871,0
6.776,3.784,32827.857,8.73,245.886,557.042,9.527,176.295,25.642,5.443,0
6.896,5.729,19613.589,5.154,315.98,352.326,11.634,230.157,28.06,5.565,0
6.608,12.146,18984.134,4.869,263.212,490.361,14.088,191.415,20.667,11.226,0
6.519,8.904,19416.456,3.4,387.437,378.832,12.185,175.964,25.523,4.913,0
7.795,2.982,17500.404,9.003,349.101,460.05,16.138,114.628,20.446,9.608,0
7.356,2.955,18472.81,4.799,197.398,598.085,13.126,90.59,15.855,5.537,0
7.752,8.303,22389.187,2.436,381.05,390.43,10.416,176.96,26.211,7.572,0
7.091,3.106,14472.184,10.015,292.15,524.58,16.293,180.163,25.394,10.943,1
7.613,1.974,8545.442,5.887,279.44,437.956,17.241,147.259,26.442,8.831,1
6.681,6.019,19863.522,6.698,337.098,310.678,12.894,203.571,28.542,4.811,0
9.33,3.917,12996.769,8.463,176.502,387.53,18.512,303.592,21.557,6.793,0
5.532,0.842,13669.722,6.329,147.748,380.027,11.441,277.701,21.984,7.353,0
8.361,2.446,16572.104,7.05,267.12,235.583,11.924,194.666,21.348,9.255,1
8.468,1.009,15081.069,5.209,213.464,460.085,12.52,196.575,25.003,7.485,1
6.248,0.205,24715.276,6.567,441.266,483.957,11.916,228.599,22.195,7.114,1
9.329,9.714,16416.18,5.032,200.033,502.487,11.103,206.905,23.73,10.496,0
8.095,3.407,25042.923,5.06,268.421,576.575,9.283,228.695,18.82,10.245,1
8.071,2.518,18839.106,5.339,281.317,519.471,8.026,208.466,17.04,8.658,0
7.128,2.101,16924.561,4.306,369.658,332.637,12.998,198.472,17.729,6.273,1
6.883,3.15,18528.433,6.109,180.462,358.176,17.893,157.436,25.416,2.628,0
6.891,2.08,9104.406,6.104,127.974,505.651,16.164,212.519,22.751,5.098,0
7.491,1.369,19697.502,6.738,383.527,451.765,14.246,68.175,20.137,4.621,0
8.501,2.18,23019.73,6.379,271.844,402.861,18.121,207.152,26.847,7.29,0
7.281,7.773,23940.528,9.1,333.828,300.034,12.587,78.899,31.455,9.088,0
6.189,5.927,8710.868,7.205,337.819,341.314,8.05,207.197,20.13,10.956,1
7.924,2.182,7626.629,4.685,352.551,474.937,10.927,138.761,16.713,9.692,1
8.021,10.358,14010.68,6.006,232.882,170.898,12.227,262.876,28.482,6.123,0
7.755,2.955,26500.305,7.925,209.841,124.204,10.194,197.504,23.089,7.857,0
7.845,1.647,18936.34,3.2,95.318,488.205,15.245,192.687,21.936,8.124,1
6.829,4.042,12464.481,9.128,180.433,340.982,16.71,214.916,28.903,4.593,1
6.171,8.59,8055.893,3.551,270.283,461.224,4.705,145.074,21.477,5.827,0
6.232,7.532,13054.07,6.901,205.381,594.201,11.845,254.304,25.303,6.625,0
5.465,1.717,12614.918,5.113,168.023,283.432,1.5,230.746,23.93,11.234,1
7.337,1.135,23581.515,4.998,269.286,204.649,12.088,162.312,38.0,8.096,1
7.017,2.343,24081.538,2.494,379.15,371.832,12.038,134.386,22.221,5.034,1
6.66,4.528,10675.638,6.915,260.239,322.824,20.493,169.455,28.434,6.635,0
4.5,5.403,22395.579,2.523,168.71,401.957,19.143,184.078,21.546,8.208,0
5.853,6.837,21729.92,2.214,373.156,469.564,16.696,130.34,25.61,6.948,0
8.221,3.544,9832.075,7.419,199.2,444.203,8.181,164.873,21.863,6.759,0
6.435,3.629,16955.178,8.679,390.747,410.55,7.921,157.465,27.613,8.718,1
7.461,3.45,19715.33,3.766,242.634,531.979,7.568,178.877,22.445,9.923,1
5.709,6.256,18561.03,7.106,273.766,485.484,19.37,179.316,25.92,9.589,0
8.539,5.468,6381.483,6.693,397.676,383.232,8.403,216.845,18.615,6.86,0
6.956,1.665,18352.686,4.917,150.123,481.23,10.765,191.718,18.379,7.103,1
7.39,5.02,21635.722,7.772,175.741,219.526,8.451,212.114,12.084,6.844,0
9.426,5.988,27767.362,4.773,237.243,532.65,6.838,203.687,25.122,9.301,1
8.616,6.311,13152.857,6.135,253.103,407.663,13.997,179.28,19.236,6.7,0
6.793,3.92,13954.554,2.592,460.0,260.918,13.19,227.605,35.734,3.938,0
6.507,3.769,16142.366,2.678,189.515,355.003,2.489,45.0,20.261,8.268,1
6.774,3.052,19392.903,7.438,154.139,529.505,6.641,170.267,30.229,8.353,0
7.61,3.292,18130.615,6.202,185.454,312.881,13.648,158.614,29.637,6.67,0
6.995,9.342,21428.002,4.815,284.731,454.272,12.175,196.565,21.573,10.736,1
6.705,3.374,10186.287,8.916,306.823,510.453,10.696,155.112,18.727,6.424,1
8.567,1.779,20079.549,8.895,204.898,407.933,15.226,220.19,22.219,9.952,1
6.986,3.979,12675.6,5.978,266.788,301.249,6.006,229.893,29.582,4.99,0
9.4,5.33,16568.33,2.189,430.342,397.332,9.823,113.88,36.256,7.897,0
7.191,6.137,28602.089,4.877,267.989,235.873,14.831,202.292,15.838,5.944,0
8.885,1.355,8411.422,3.435,292.284,346.361,9.578,119.551,23.083,7.268,1
7.457,8.123,15683.461,5.279,425.564,272.132,13.906,216.381,19.494,8.771,0
8.063,5.195,9214.802,3.227,205.668,399.371,7.342,164.34,20.902,6.375,0
6.375,7.825,18494.942,2.708,200.11,252.682,8.793,145.768,32.9,6.144,0
6.246,0.944,24313.514,0.575,225.077,415.01,4.48,95.925,18.536,6.999,1
7.56,6.472,18602.758,5.435,220.128,540.944,3.243,184.93,13.677,13.5,0
8.089,1.298,16741.347,0.502,110.214,548.48,10.358,126.31,24.172,7.764,0
7.14,2.56,26134.615,4.46,276.73,255.547,14.525,108.405,25.202,7.658,1
5.814,5.311,19648.266,6.489,283.44,325.068,11.983,200.228,20.558,8.183,0
5.74,1.187,22827.179,3.656,249.202,507.332,17.721,243.308,19.048,4.311,0
5.673,2.067,22149.173,2.93,286.035,489.485,10.732,211.696,23.93,9.058,1
5.332,0.927,1800.0,4.964,286.939,331.176,2.959,111.296,15.171,8.68,1
7.209,5.216,17001.653,3.443,153.127,346.624,14.049,182.477,25.446,4.189,0
8.225,1.642,10492.516,5.471,289.534,414.872,7.647,227.431,20.983,11.728,1
7.087,3.218,12109.44,3.034,312.474,185.005,13.066,182.499,31.045,7.405,1
4.84,4.251,27084.81,4.891,129.246,468.04,2.215,207.904,24.847,5.39,0
6.909,3.947,15063.764,4.407,389.365,534.969,11.262,165.951,22.11,7.965,1
6.937,3.696,29801.693,5.077,159.957,358.307,15.662,168.842,21.668,5.764,0
9.196,3.691,8350.025,8.37,168.25,234.694,15.112,153.721,11.784,4.501,0
5.643,0.987,10456.14,5.5,282.166,574.514,11.372,223.661,22.28,6.909,0
6.709,2.669,22455.279,6.109,310.449,431.332,12.269,227.13,21.821,6.99,1
8.806,3.668,15281.085,3.85,331.102,490.075,10.263,159.466,23.298,4.566,0
7.55,3.387,19497.628,5.547,312.684,246.464,11.158,231.518,21.896,5.995,1
7.663,2.907,16770.006,4.55,220.825,246.902,15.32,111.516,31.284,5.54,0
7.215,1.833,16573.254,5.159,274.228,454.695,9.126,180.588,21.44,6.757,1
7.43,3.886,15522.466,6.398,238.083,528.308,9.566,115.548,18.105,8.566,1
7.878,4.407,18666.707,4.1,279.812,269.491,5.392,127.748,13.345,7.654,1
6.291,2.291,21670.649,4.304,270.819,392.784,15.41,114.889,20.414,7.341,1
7.978,6.165,27993.744,4.127,222.083,214.533,11.061,153.935,16.927,4.115,0
5.727,8.234,16183.669,4.089,235.486,320.813,6.817,224.086,15.472,7.349,0
7.428,3.265,14941.351,5.446,107.563,374.157,16.201,185.69,21.192,5.442,1
7.279,1.696,14104.0,4.372,335.561,463.657,12.045,157.885,29.602,4.308,1
6.484,1.174,27053.595,8.096,290.292,152.307,8.914,180.457,28.423,8.98,1
7.077,2.531,21987.112,10.458,80.0,563.448,16.272,76.904,15.564,5.004,0
6.477,3.092,5156.283,3.964,332.419,384.534,10.718,221.45,23.213,7.569,1
6.028,1.118,4869.715,5.688,260.493,560.326,5.193,66.38,25.454,6.523,0
6.746,2.472,12104.624,7.176,185.37,488.844,16.568,151.102,26.391,5.684,1
5.996,5.952,18995.945,4.569,177.839,507.276,8.475,185.662,32.301,9.596,0
7.423,0.402,17282.444,3.111,206.501,647.436,25.846,214.505,16.216,6.319,0
5.95,3.416,20846.061,8.576,185.82,311.206,10.249,203.144,17.862,6.441,0
7.812,2.057,16359.618,6.472,197.239,421.253,3.185,187.278,19.157,6.077,1
5.919,3.163,26583.222,5.737,409.554,286.115,20.15,270.162,25.125,7.717,0
6.534,8.522,22518.724,8.001,296.546,392.735,12.002,300.817,7.213,7.113,0
6.475,3.054,18004.248,6.64,438.061,491.411,13.407,190.388,21.674,6.137,0
8.425,2.736,24944.706,5.004,284.188,540.28,13.973,184.495,12.662,5.739,0
7.43,4.99,6782.11,3.147,314.238,359.129,6.132,181.215,22.987,7.326,1
6.888,3.924,16947.014,4.113,190.14,260.426,2.505,156.402,35.006,6.229,0
7.599,3.426,18393.83,7.51,250.718,413.797,21.047,210.672,28.226,10.504,1
4.993,4.024,21413.237,6.464,258.057,302.74,5.22,259.935,15.888,6.454,0
7.057,7.045,6351.421,4.727,317.708,335.654,19.626,53.04,20.572,8.002,0
9.098,5.698,15807.355,8.633,260.794,485.608,14.625,180.669,17.839,7.236,0
7.232,2.597,20102.995,4.786,294.863,463.276,13.044,271.873,30.509,6.88,0
7.168,8.23,20601.554,7.075,291.82,505.104,10.149,211.624,10.229,9.019,0
7.648,2.158,25209.844,5.54,239.257,364.534,22.646,212.759,20.452,8.444,0
7.996,3.416,22449.785,8.966,230.516,526.077,9.139,101.95,18.96,8.41,0
5.103,3.701,17104.501,6.606,208.136,406.722,9.264,228.617,16.195,8.39,0
5.418,2.504,21887.329,5.192,356.996,370.901,15.285,245.502,32.62,4.494,0
7.31,7.66,16191.136,4.742,239.293,273.144,9.228,200.997,13.916,8.193,1
6.385,2.409,18454.031,5.069,292.956,154.208,7.705,153.945,16.073,6.955,1
8.412,2.88,22666.215,3.649,251.693,217.329,11.999,214.355,32.254,6.477,0
6.785,6.258,17205.545,2.367,355.322,430.855,15.355,132.918,22.422,13.5,1
5.165,2.221,19852.933,5.717,96.013,296.098,20.719,125.639,21.982,4.747,0
5.832,1.076,23748.507,4.033,290.752,207.568,21.637,234.117,19.373,7.237,0
4.5,3.486,22129.072,4.028,158.333,354.675,4.203,250.27,22.987,7.092,0
6.866,1.382,25517.567,4.922,298.21,438.574,16.954,149.156,20.511,7.253,1
6.912,1.252,32634.914,5.204,252.544,454.808,7.835,125.907,18.739,5.575,1
6.676,0.413,22069.031,5.115,139.339,401.536,8.059,141.718,14.872,7.805,1
8.179,0.481,14501.598,8.577,293.699,397.697,9.836,200.871,23.233,5.377,0
8.299,0.523,20826.85,6.425,284.055,340.391,9.549,125.969,19.537,7.91,1
6.93,8.936,20547.32,9.316,245.346,481.069,7.45,260.611,20.279,7.682,0
4.965,0.521,21487.82,4.222,256.112,383.782,1.8,164.43,26.826,6.96,0
7.717,1.352,27217.606,6.667,278.728,395.84,18.777,210.146,20.067,7.269,0
7.655,2.916,6553.275,4.333,365.149,529.541,16.311,149.124,22.363,10.251,1
7.409,4.841,27339.947,3.978,238.282,500.028,12.195,222.121,32.707,8.441,0
8.081,5.183,29527.71,9.391,351.108,382.816,7.915,226.624,25.225,7.711,0
5.935,1.697,21192.459,3.564,261.817,365.753,17.828,97.72,19.869,8.164,0
9.109,3.371,21348.878,0.637,375.137,364.819,11.984,152.619,16.637,7.472,0
6.141,2.853,15929.309,3.684,245.013,162.448,9.682,181.386,22.231,8.394,1
7.849,3.234,17541.106,1.083,208.362,536.628,4.871,161.115,27.569,6.309,1
5.413,3.551,22036.689,3.197,171.697,322.823,14.692,237.937,19.577,11.379,0
6.17,4.241,21618.091,3.383,262.126,507.554,10.766,157.154,22.749,7.738,0
8.616,2.027,22184.613,5.171,197.58,409.991,13.446,229.317,19.43,12.487,1
6.839,6.849,21573.346,1.001,384.382,572.0,13.03,216.656,20.635,11.39,1
7.94,2.423,23339.535,7.492,190.947,468.538,15.131,184.063,15.591,6.493,0
7.337,11.812,22613.216,1.348,206.348,514.455,13.25,231.599,24.22,7.831,0
6.995,2.126,10841.734,4.844,314.392,333.951,10.9,105.414,23.485,8.058,1
8.464,3.414,22909.742,4.452,365.792,250.751,14.769,186.607,31.201,9.081,0
6.863,2.873,29580.813,6.751,327.139,422.703,16.552,147.417,23.251,7.636,1
5.319,3.319,17326.926,5.803,354.988,174.938,19.232,184.12,18.487,9.572,0
6.297,6.368,27246.62,7.474,258.182,348.846,7.231,164.183,31.044,4.234,0
7.651,2.752,11537.581,4.377,259.379,262.268,17.278,193.299,24.733,6.302,1
7.496,1.206,17306.543,4.171,435.999,304.241,5.128,190.522,23.716,7.056,1
5.533,1.998,13332.472,5.926,408.673,476.483,16.839,197.631,22.535,6.2,0
6.376,2.756,26464.938,7.158,325.707,468.596,9.617,199.811,23.493,4.282,1
6.518,3.633,28163.098,6.75,359.062,385.565,16.062,221.535,17.595,8.991,1
6.735,1.704,16855.225,5.744,337.975,443.401,18.992,120.77,22.113,5.407,0
5.724,1.861,25111.9,5.565,162.492,340.117,13.307,218.015,21.315,6.186,0
6.472,3.727,28229.073,5.027,261.63,696.199,12.287,106.805,24.656,8.759,0
6.371,3.818,17286.027,5.92,392.226,441.1,12.057,45.0,29.063,9.604,0
7.872,5.785,18343.385,9.17,326.229,334.161,10.382,298.485,28.19,6.382,0
7.909,1.978,22268.5,4.615,259.595,510.044,17.56,138.364,25.552,5.534,0
6.954,4.53,12023.503,4.371,393.244,553.822,12.015,165.358,12.591,5.936,0
6.708,2.877,18215.634,4.218,296.391,312.094,2.711,87.495,20.065,9.406,1
7.24,2.208,31428.116,5.879,329.224,234.773,16.479,165.005,12.019,9.508,1
6.283,2.946,14249.912,0.857,296.835,258.546,16.242,201.374,28.864,8.006,0
5.953,3.252,23049.871,4.83,310.999,324.605,12.694,203.353,21.889,7.845,0
6.16,1.091,20904.729,6.861,317.077,398.488,8.953,123.627,21.734,5.026,0
6.465,1.171,16435.522,4.048,375.472,209.504,7.279,165.599,18.61,8.237,1
5.937,4.956,18940.758,5.473,386.546,354.81,8.966,210.282,29.919,8.814,0
7.262,2.378,28892.03,9.319,226.657,380.048,13.395,203.12,23.177,7.698,0
7.83,3.652,21098.381,5.763,295.218,443.983,4.204,197.054,21.925,7.763,1
5.513,4.857,22113.821,0.622,373.036,478.414,14.41,231.823,23.315,5.543,0
7.125,2.959,27905.605,2.28,253.817,453.185,12.827,184.006,23.76,9.503,1
6.88,4.587,15618.832,4.598,153.744,620.061,18.293,266.574,21.807,4.953,0
7.442,3.267,10695.053,3.492,187.765,536.295,15.656,173.877,29.911,7.37,1
7.087,3.378,28994.258,5.307,193.636,431.635,9.246,228.199,29.852,8.224,0
5.646,6.71,18387.392,4.511,226.055,288.541,4.891,230.157,23.133,9.454,0
5.838,2.729,23308.406,7.432,201.571,323.94,8.804,99.847,18.078,9.297,0
7.129,4.994,12544.86,2.917,352.474,233.56,18.716,214.25,24.485,9.451,1
8.129,0.917,20025.421,4.685,241.47,423.401,13.825,154.792,19.137,6.856,1
4.886,3.56,10369.937,5.535,372.194,444.763,15.188,134.513,30.866,11.583,0
7.446,7.829,17914.309,5.782,168.925,512.15,9.669,166.657,31.7,9.358,1
8.29,12.351,13288.499,5.394,234.968,437.078,14.681,198.893,26.769,6.765,1
6.947,0.963,11795.247,0.5,273.864,531.479,5.659,103.931,15.86,6.881,1
7.65,2.369,15529.703,5.267,333.906,533.94,16.708,191.479,19.89,8.769,1
6.397,1.409,2592.961,4.798,362.208,281.628,7.301,178.033,21.431,6.559,1
6.981,2.81,9960.634,6.828,219.243,342.832,3.615,247.1,17.718,5.101,1
5.479,5.543,22585.692,6.546,349.441,403.675,22.68,155.155,20.838,7.549,0
4.756,6.867,19759.832,5.582,122.039,320.271,13.107,255.44,23.945,3.31,0
8.043,7.012,10517.785,5.726,339.063,375.801,12.982,211.274,25.654,8.045,0
6.115,0.881,21061.178,7.805,151.009,441.151,4.085,188.158,30.066,8.548,0
6.644,3.202,11791.615,7.401,302.965,390.231,15.302,260.051,22.473,6.921,0
5.714,1.946,22192.765,5.651,360.981,405.037,16.487,295.739,20.858,9.47,0
5.69,2.691,16748.346,9.391,340.415,291.883,11.603,178.42,15.129,8.934,0
6.926,2.169,15386.7,3.844,125.67,465.773,16.505,149.295,24.615,5.566,1
6.37,0.925,16908.086,2.729,226.985,456.991,17.767,213.594,19.975,7.48,1
7.478,6.911,34136.935,5.078,325.939,313.5,14.866,111.733,21.393,6.465,1
7.553,1.718,12567.79,4.352,323.505,249.813,2.752,118.443,19.323,6.818,1
7.421,1.975,18972.631,0.5,288.454,552.629,7.318,261.878,19.487,9.463,1
7.339,7.859,22578.897,3.795,80.0,614.781,20.091,221.452,26.769,8.526,0
8.678,0.773,11244.316,5.787,366.834,433.165,12.871,142.801,22.277,6.108,0
6.032,4.199,7137.324,4.984,381.982,361.598,12.891,340.0,31.667,7.804,1
7.045,6.06,13592.862,3.547,278.918,530.553,8.758,113.983,16.123,6.04,1
8.233,7.461,22436.511,5.185,284.429,461.442,9.631,224.085,29.861,6.527,0
8.365,4.004,15276.978,5.346,307.76,379.715,17.867,146.193,19.749,10.171,1
5.678,5.055,15997.811,6.53,389.138,521.169,19.243,287.959,22.288,11.984,0
6.788,6.058,23420.003,3.817,286.297,307.844,16.087,160.799,25.477,10.602,1
8.458,2.843,12258.77,6.848,248.75,322.103,14.982,174.346,28.563,7.899,0
7.608,1.522,16923.09,2.919,297.429,448.636,15.32,90.518,28.792,7.731,1
7.295,8.241,7660.033,4.093,264.056,418.709,12.183,304.546,28.679,9.235,1
6.882,4.697,19584.674,8.498,265.021,481.473,7.084,156.013,21.404,7.583,1
6.716,3.199,18991.796,3.052,114.902,548.2,6.111,216.41,33.125,4.833,0
7.388,0.972,22670.986,3.782,309.441,218.706,18.416,190.26,26.179,10.674,1
6.848,0.317,10055.835,2.594,364.574,409.674,12.352,159.67,6.0,5.262,1
7.057,4.143,16252.731,3.445,351.732,633.13,14.647,67.477,22.956,9.574,1
7.179,0.291,9189.943,5.377,345.834,333.414,13.448,177.443,20.555,8.768,1
6.422,3.174,15900.307,6.513,260.495,319.23,13.677,175.057,20.949,10.748,1
7.632,1.784,27131.622,5.063,277.382,136.082,14.052,207.532,26.458,8.953,1
9.7,2.164,15415.107,4.451,366.269,417.21,15.638,308.001,24.547,6.342,0
5.323,7.061,8621.521,2.614,338.725,474.673,9.046,225.447,18.845,9.354,0
7.424,1.798,13080.785,3.646,391.34,474.427,17.821,237.292,31.486,6.746,1
6.34,3.29,7028.813,2.008,207.819,280.554,9.18,173.216,15.314,5.641,1
7.677,1.806,9077.476,6.573,207.289,403.954,13.578,117.77,14.923,4.103,0
7.147,3.881,21861.415,6.712,236.732,431.586,7.177,174.64,16.469,7.177,1
7.862,3.505,8099.159,5.019,184.842,411.253,11.75,149.603,25.345,4.36,0
8.276,3.176,19530.136,5.983,152.676,273.623,9.531,187.246,24.899,9.986,1
7.292,6.072,17667.327,6.852,304.834,414.277,12.609,162.821,18.056,4.572,0
8.232,0.775,14045.066,5.302,299.047,307.252,15.809,97.727,19.316,6.716,1
4.756,0.58,18977.775,7.887,285.929,180.371,12.842,259.684,22.744,6.793,0
8.69,1.144,11405.2,3.052,295.068,486.757,21.324,182.257,16.571,7.709,0
7.475,3.518,22965.489,4.403,140.585,421.804,16.082,171.848,27.4,5.839,0
8.178,4.348,12960.788,4.165,224.196,476.027,11.472,129.237,31.852,9.443,1
5.88,0.2,14988.615,6.394,240.055,340.865,12.113,163.853,21.738,7.694,1
6.269,4.309,14215.218,2.232,269.123,480.185,14.2,142.518,24.779,7.368,1
7.246,2.415,21981.578,7.996,140.92,527.655,15.669,124.331,23.398,6.229,0
7.083,8.378,21038.885,6.224,186.138,615.479,6.947,198.95,30.7,8.389,0
7.383,4.095,1800.0,8.601,227.899,502.663,15.365,164.215,34.026,9.915,1
8.185,7.759,19152.579,5.019,354.954,451.175,7.064,231.173,20.695,12.251,0
5.335,6.833,6160.147,3.999,287.259,239.414,14.929,170.18,22.957,5.706,0
8.074,2.416,15281.409,6.414,351.833,392.217,17.45,196.313,27.747,7.154,1
7.108,5.559,16796.869,7.161,254.593,234.281,13.849,194.746,24.77,3.967,0
6.896,2.411,15211.622,3.671,265.084,306.735,2.034,211.165,17.482,8.624,0
5.629,9.054,20755.325,1.105,307.421,639.607,4.479,143.736,12.277,4.943,0
7.603,2.591,22180.498,1.447,249.937,282.236,15.032,239.451,19.306,7.896,1
4.686,4.492,12472.472,5.623,211.898,123.889,1.5,125.1,24.672,9.623,0
7.748,10.15,12236.319,8.18,138.368,502.58,15.244,192.334,20.485,6.658,0
5.608,4.628,17266.198,2.498,214.177,324.232,16.932,123.729,16.653,5.722,0
7.153,2.222,7465.741,4.555,336.076,497.161,17.608,183.36,19.405,9.773,1
6.981,1.025,14399.643,4.403,372.157,264.584,11.413,238.996,33.389,8.679,1
8.27,0.782,26262.506,8.941,199.282,353.89,14.473,220.551,16.225,5.366,0
6.921,4.294,7709.046,9.617,117.632,548.506,13.44,248.221,20.945,7.652,0
6.406,2.946,15289.237,5.949,343.762,246.358,5.872,173.323,19.777,5.863,0
6.593,1.163,13650.045,6.896,270.89,384.688,15.853,239.991,34.117,9.309,0
8.373,5.164,30534.241,6.84,150.501,439.957,18.757,151.928,14.23,7.621,1
7.636,5.116,14003.902,2.539,80.0,318.692,15.602,164.786,18.216,10.15,1
6.714,2.907,14381.229,6.497,183.11,434.036,10.237,197.152,23.147,5.723,1
6.864,7.98,10800.028,3.061,225.65,406.878,15.83,236.75,23.752,7.809,1
5.533,0.64,17560.592,4.757,167.11,469.145,18.339,159.896,29.283,7.378,0
7.488,2.289,19256.086,7.379,323.812,626.063,17.748,228.233,28.684,7.858,1
5.34,4.611,11742.171,5.262,195.932,720.0,17.121,202.715,18.695,6.381,0
7.852,1.289,23926.698,7.305,266.054,460.599,5.337,208.528,24.597,3.348,0
7.229,5.511,19261.913,7.699,460.0,391.753,14.292,142.995,21.775,8.622,1
9.487,6.615,23037.345,1.586,274.984,457.91,15.405,168.841,20.124,7.497,0
6.0,0.2,15367.119,0.745,255.181,377.131,17.174,184.85,28.673,5.904,1
6.997,8.155,19080.698,7.424,257.101,214.514,14.82,208.562,24.255,6.497,0
8.898,4.421,16114.873,7.505,321.866,399.409,19.484,145.592,32.027,5.295,0
8.291,2.082,26974.93,5.613,311.332,534.854,4.275,118.941,25.54,4.055,0
6.404,0.852,18255.717,5.884,179.698,229.23,15.013,72.698,28.157,9.27,1
7.324,6.01,17556.901,6.886,230.052,286.849,14.655,231.02,7.037,8.429,0
7.102,1.108,14521.427,6.849,208.277,335.166,16.562,241.925,23.304,4.968,1
7.382,4.416,14146.236,4.492,240.975,449.681,19.44,79.467,25.297,11.945,1
6.401,1.151,19045.193,7.012,420.263,690.24,8.503,194.162,25.832,5.372,0
7.011,3.122,22827.318,4.407,317.483,307.882,19.288,169.258,31.762,8.686,1
5.502,5.833,13050.372,5.587,258.22,415.946,16.167,256.937,26.387,7.407,0
7.235,2.104,18322.765,5.5,370.785,405.693,11.658,178.435,15.771,5.127,1
7.55,8.119,18697.102,3.381,281.02,368.85,8.41,220.003,25.931,8.029,1
6.873,4.685,19829.363,3.614,125.766,399.276,13.383,166.612,27.665,7.068,0
5.485,1.293,6401.273,9.568,406.437,349.232,13.786,152.21,19.273,6.253,0
8.089,0.921,11489.237,3.316,251.706,720.0,14.035,232.198,20.425,9.774,1
7.465,1.627,8622.011,5.84,80.0,494.961,9.679,249.31,27.381,8.523,1
6.374,3.012,17713.749,6.26,129.032,350.263,15.242,120.21,22.84,8.695,0
6.819,8.624,11643.673,4.992,360.853,547.03,10.675,252.834,29.172,7.013,0
5.599,9.696,14274.433,6.443,130.411,435.803,17.975,136.386,23.908,8.034,0
6.075,2.039,9737.177,5.758,379.684,411.954,20.196,61.737,10.177,7.352,0
6.562,1.988,14878.963,3.359,271.889,383.158,8.843,190.595,23.176,8.299,1
8.328,5.233,10193.327,6.174,325.681,374.996,12.77,217.894,20.535,5.651,1
6.46,5.203,22426.405,4.011,243.171,258.604,16.875,106.635,26.417,3.126,0
7.74,7.286,20614.982,8.581,309.486,204.161,13.741,80.948,25.302,9.841,0
6.562,7.414,18476.49,5.958,291.908,449.489,6.414,162.786,17.382,7.373,0
7.348,1.53,15537.377,3.7,261.725,381.95,16.392,155.429,24.0,8.429,1
6.959,0.747,4255.036,5.785,174.438,510.292,9.774,265.329,25.959,6.168,1
7.973,4.733,14521.657,3.25,295.475,298.212,13.402,190.665,25.427,6.997,0
6.565,3.655,12550.532,5.616,110.553,273.247,8.027,230.4,28.518,10.137,1
5.527,0.396,19107.282,4.649,344.178,498.141,16.076,201.533,16.922,8.055,0
5.718,0.729,21528.097,3.446,281.745,369.559,10.605,276.278,21.947,11.368,1
6.568,4.575,19610.112,3.421,304.457,507.688,16.552,140.957,9.93,9.005,1
5.851,2.815,25709.749,9.97,80.0,409.015,11.533,185.163,29.696,6.197,0
7.51,4.648,13805.957,5.283,169.313,630.303,10.334,103.701,23.56,8.195,0
6.634,1.214,13536.457,4.237,222.01,495.689,14.355,234.627,22.352,10.428,1
9.475,4.884,24246.208,3.89,322.263,454.17,7.665,251.271,22.257,7.796,0
5.362,3.987,18580.407,6.042,184.861,500.991,20.592,238.003,25.785,8.562,0
7.304,5.134,15894.508,3.823,460.0,372.252,13.335,183.143,29.036,9.943,1
5.972,2.159,29502.387,2.911,242.618,207.85,9.952,108.081,21.311,3.178,0
6.607,1.798,21255.249,5.035,178.64,448.311,10.703,185.248,25.375,8.662,1
7.241,0.851,16261.463,5.02,249.118,637.991,12.579,152.726,25.308,9.824,1
4.775,2.456,13041.359,4.266,184.169,130.147,16.981,240.746,10.249,6.018,0
7.337,6.428,26122.332,3.317,164.331,461.297,8.475,166.531,18.894,9.282,1
9.003,7.633,18845.481,4.318,350.933,220.777,10.84,165.357,25.526,7.391,0
6.647,1.117,17659.36,4.161,308.625,402.203,12.277,309.569,30.156,4.354,0
7.36,3.01,21895.797,3.883,308.872,414.535,19.441,233.963,30.883,8.823,1
8.125,8.708,23220.571,5.653,373.524,494.622,16.996,249.176,15.897,7.383,0
6.936,9.483,21074.155,9.552,306.367,430.22,19.656,161.834,28.797,7.266,0
6.519,2.378,23245.841,7.764,174.27,569.822,12.64,129.48,28.992,8.563,0
4.824,6.81,20433.933,8.984,325.235,544.968,18.947,248.674,25.394,5.691,0
7.741,6.053,21106.789,3.965,169.237,381.399,18.203,272.066,11.285,8.789,0
6.987,5.722,12744.354,8.449,224.367,536.327,15.635,119.243,19.885,5.758,1
6.087,0.623,29267.3,5.555,261.114,367.466,15.996,161.538,23.628,10.123,1
7.227,1.94,9481.102,7.073,252.49,346.817,9.824,139.716,21.632,9.45,1
6.516,2.768,19510.954,6.015,112.749,260.474,20.727,216.478,10.422,10.168,1
6.572,2.707,8811.014,4.413,182.754,562.436,11.397,249.749,21.485,8.236,1
7.706,2.986,16862.163,6.539,263.087,368.997,15.019,169.743,17.602,6.637,1
5.762,10.161,13786.591,6.07,213.092,114.419,15.545,169.584,26.427,6.102,1
8.147,2.443,18382.413,1.564,360.732,470.048,6.329,82.379,25.784,5.995,0
5.702,4.12,19721.425,4.852,375.286,352.918,12.27,137.517,26.034,7.089,0
6.437,4.016,11283.831,6.845,169.767,369.166,13.415,272.902,20.858,6.165,0
9.023,3.014,17308.806,5.655,270.079,376.918,11.99,217.096,23.118,7.985,1
8.227,1.185,26558.882,6.039,399.531,364.614,12.323,240.946,22.513,5.95,0
7.198,3.324,8970.277,3.597,253.591,720.0,19.217,169.916,28.299,6.28,1
6.159,0.387,11948.651,5.612,230.407,604.525,8.778,174.982,19.907,6.714,0
6.571,4.416,23094.905,4.907,338.119,488.901,6.791,191.024,18.608,6.003,0
7.173,0.309,18004.106,4.693,241.693,433.959,9.861,207.833,28.577,6.784,1
7.138,4.14,18482.507,3.741,373.024,540.451,15.849,265.682,27.761,8.451,1
7.009,1.856,24144.965,6.93,214.447,434.239,16.288,152.999,25.702,5.809,1
7.069,1.342,12338.553,5.791,224.66,502.904,15.227,182.405,32.16,5.233,1
6.886,5.288,14124.321,5.589,332.163,471.987,16.603,146.371,35.113,7.079,0
5.658,2.223,13322.828,9.202,273.546,420.401,13.652,81.751,30.138,5.349,0
6.583,3.197,15236.68,6.048,274.215,517.837,10.169,240.608,18.665,9.806,1
8.015,0.647,26206.894,7.501,102.707,354.579,8.247,286.11,27.82,6.142,0
5.732,8.007,6442.979,5.646,234.96,412.014,6.82,232.1,23.639,7.487,0
6.91,3.434,9737.578,4.394,338.443,287.468,11.478,202.666,19.739,8.217,1
6.28,3.427,8623.06,2.982,198.385,301.323,16.048,291.939,18.701,5.128,0
7.211,4.484,26611.011,5.583,324.557,110.0,13.566,215.238,24.562,5.88,0
6.711,0.2,13506.4,0.5,287.779,459.788,12.603,234.151,27.738,6.266,1
8.577,8.539,15376.621,5.645,248.024,492.782,7.751,197.753,31.0,8.808,0
7.607,2.373,7004.878,5.731,380.409,535.25,24.107,206.153,26.91,10.697,1
5.788,8.208,15794.491,4.665,236.113,272.709,8.785,182.688,26.329,10.741,0
7.771,2.307,23132.391,4.915,242.038,457.789,13.043,235.792,21.806,9.692,1
6.325,1.902,19144.221,2.598,247.053,404.915,17.014,129.979,24.256,5.168,0
6.523,4.271,16798.884,7.871,271.845,493.51,12.69,213.059,14.33,5.822,0
7.414,11.492,7328.244,4.425,330.191,326.83,8.869,143.083,26.278,9.897,0
6.608,6.806,15368.311,3.156,139.833,364.645,16.139,218.042,25.504,10.146,1
7.993,4.609,18454.946,6.189,338.784,218.58,6.472,321.677,34.102,8.832,0
6.325,4.223,11053.138,5.322,270.788,318.97,20.339,228.492,22.77,8.85,1
6.481,3.301,21756.793,4.383,312.093,405.372,13.77,254.566,29.909,6.628,0
6.444,7.966,23252.946,4.172,460.0,425.895,11.36,239.636,20.249,10.489,0
6.534,5.381,14063.783,5.089,221.509,202.694,6.126,62.083,32.843,6.084,0
8.199,0.832,22217.909,7.792,160.903,343.626,7.316,182.757,31.407,4.501,0
7.729,1.349,16786.693,6.039,281.473,424.238,12.266,214.633,29.565,8.842,1
8.81,4.721,24956.397,5.031,294.934,573.965,21.017,75.111,23.349,6.351,0
9.368,1.142,30721.979,6.805,339.087,303.598,13.548,174.387,21.711,5.063,0
6.069,3.419,10391.174,5.155,219.238,463.808,14.062,185.642,20.848,8.98,1
7.17,5.692,22501.649,5.903,194.441,337.612,14.237,122.263,17.358,4.109,0
5.924,4.292,25982.27,5.402,134.697,351.507,23.138,136.667,25.712,8.218,0
6.322,0.977,11190.578,6.28,148.763,299.691,10.514,263.554,21.559,6.596,1
6.47,1.419,13761.716,4.212,229.643,279.679,19.545,45.0,25.22,10.282,1
6.043,4.389,13688.549,2.821,255.09,348.025,10.706,204.931,23.985,8.223,1
6.048,10.685,16636.922,6.914,440.536,530.761,9.334,253.996,16.772,9.333,0
6.956,2.903,15183.624,8.11,121.13,314.404,12.142,188.508,29.155,5.448,0
5.883,5.827,16211.15,2.916,293.509,295.712,12.12,267.474,23.557,4.351,0
7.942,4.319,22946.924,5.459,203.295,430.095,15.029,166.494,28.001,6.748,0
6.182,1.839,5177.224,4.202,283.944,405.626,2.042,140.221,16.241,8.501,1
9.7,5.873,11169.693,6.867,217.975,396.811,13.165,189.481,18.569,7.528,0
6.649,0.626,21854.532,5.593,353.008,435.479,9.806,169.015,20.724,9.471,1
7.172,5.584,21093.045,11.5,352.481,283.851,9.242,158.55,24.409,8.384,0
5.805,4.508,10619.476,4.497,255.386,297.132,6.669,180.074,22.399,5.511,0
8.806,1.991,21138.063,8.175,387.325,523.35,10.858,146.44,30.913,8.236,0
8.22,1.24,26124.635,8.369,329.609,387.488,10.175,143.916,29.001,7.709,0
7.397,2.141,17181.328,6.167,383.368,476.573,10.58,128.291,18.761,9.687,1
5.753,1.721,10948.253,5.174,261.333,551.885,5.126,212.909,38.0,5.733,0
7.311,2.55,23187.203,5.29,345.903,506.489,12.942,135.056,22.508,6.206,1
5.979,2.327,28699.795,5.12,199.698,240.625,8.938,121.687,30.489,8.114,0
8.562,1.99,11740.088,7.367,191.079,391.02,5.142,130.946,21.35,9.945,1
7.909,0.597,17755.138,3.355,450.285,529.9,10.033,201.31,26.623,7.041,1
7.195,1.078,24586.012,4.778,172.701,467.729,9.017,226.816,28.509,8.474,1
4.664,6.512,18249.832,4.536,227.931,427.073,12.685,231.307,14.275,7.463,0
6.117,2.039,6142.574,1.648,103.669,208.254,9.973,201.787,33.132,7.324,0
7.788,2.589,20382.215,6.818,193.102,331.018,5.977,219.455,18.468,9.473,1
8.313,2.226,11137.744,7.226,180.49,413.319,8.502,186.987,20.975,7.598,1
8.209,8.087,9240.303,3.832,208.025,233.892,4.73,215.058,19.49,6.603,0
5.508,1.686,6269.638,7.16,290.49,500.236,17.617,214.212,19.71,6.497,0
7.402,1.583,25237.647,1.933,310.988,390.887,18.34,149.87,19.983,6.847,1
8.116,4.579,12074.376,5.148,179.421,167.442,18.885,130.839,16.075,6.154,0
5.442,3.618,19666.685,4.847,197.878,337.007,9.846,264.369,27.415,6.972,0
7.092,4.669,21263.204,5.275,357.098,370.641,18.337,196.894,23.668,7.506,1
7.374,4.465,18551.823,5.265,409.95,389.415,14.331,247.848,22.198,7.916,1
6.799,5.976,19427.71,4.946,371.753,575.355,8.8,129.501,28.893,5.627,0
5.248,0.951,19976.813,4.324,125.062,474.415,9.672,167.694,33.245,6.643,0
6.774,4.276,18397.635,4.883,366.1,241.145,11.726,114.285,13.952,6.731,0
6.773,1.592,12558.963,7.826,422.564,226.259,12.961,225.548,32.417,6.026,0
6.952,0.411,11979.308,3.943,120.844,372.982,14.133,156.203,22.866,6.357,1
6.537,4.443,16817.62,9.611,357.03,420.145,12.492,159.515,15.165,9.021,0
6.657,4.263,16679.934,3.83,284.143,524.086,10.932,297.569,25.394,9.855,0
7.06,3.102,20290.578,5.58,237.193,612.587,18.584,226.645,22.322,6.837,0
7.542,6.048,24660.725,6.242,274.026,619.107,11.988,225.975,27.991,6.12,0
6.796,1.603,19735.385,4.516,302.677,351.918,11.73,123.884,23.843,7.254,1
6.69,4.96,12229.256,7.865,363.395,517.146,11.522,87.835,25.069,7.552,0
7.192,2.773,3322.487,6.19,359.011,456.075,11.991,243.385,20.476,8.646,1
5.179,2.939,12501.908,4.69,136.911,274.106,6.369,66.779,17.035,6.687,0
7.577,0.488,8760.813,7.843,209.863,178.453,7.986,162.413,27.302,6.424,1
7.099,6.089,12752.581,3.069,272.953,422.293,23.507,145.36,19.955,11.813,1
7.14,4.147,19074.8,3.969,398.639,225.58,5.073,139.117,25.334,5.072,1
8.061,4.829,18048.538,6.225,80.0,302.825,13.723,165.748,31.618,9.022,1
5.147,1.415,29578.155,6.703,213.079,322.82,14.041,131.935,22.073,10.081,0
5.126,3.81,20640.03,5.745,135.129,431.25,17.057,123.119,27.06,6.943,0
7.374,2.768,29909.587,4.846,148.603,558.675,14.151,204.03,22.823,8.192,1
7.093,4.302,22148.406,4.597,348.787,406.529,21.009,248.648,20.885,4.382,0
7.27,3.685,24557.094,7.363,219.79,340.334,13.578,94.506,13.938,7.445,0
6.638,9.127,15167.135,5.581,80.0,156.784,18.565,200.755,22.771,9.487,0
7.764,7.337,10515.69,3.356,251.533,460.005,17.18,219.778,22.047,7.617,0
8.033,2.529,14581.761,3.24,438.048,408.427,19.439,214.558,17.949,7.469,0
7.584,4.439,17422.848,8.127,111.431,339.038,12.612,177.833,11.196,10.522,0
6.839,2.366,13416.967,3.662,310.3,544.931,14.291,157.161,13.313,8.874,1
4.992,5.939,10992.574,5.645,398.255,262.104,10.839,231.722,33.354,8.675,0
7.869,2.858,20209.445,7.802,260.799,322.814,13.219,208.441,23.219,5.941,0
8.322,2.114,10964.918,6.184,428.88,375.597,13.467,85.813,14.67,2.999,0
7.745,3.772,7532.302,3.585,208.916,337.538,3.152,177.842,19.508,8.071,1
6.22,6.965,10206.44,3.069,387.905,471.091,11.856,193.052,23.059,7.41,0
7.774,6.25,15976.689,8.84,367.845,460.67,16.504,129.845,25.603,8.773,0
7.961,2.213,11059.026,3.018,262.235,531.116,6.424,176.611,21.647,7.624,1
8.659,8.61,16017.416,3.993,138.588,465.278,8.061,217.035,34.723,7.48,0
6.224,1.491,21402.888,5.845,179.853,391.155,17.7,144.497,34.996,7.455,0
6.874,1.91,21233.88,4.662,80.0,364.222,18.544,202.814,25.221,5.403,0
7.847,5.771,13204.632,6.248,315.503,459.633,9.707,135.576,20.876,4.079,0
7.157,0.415,9024.38,2.164,305.316,382.163,13.283,121.983,25.219,5.806,1
5.983,3.204,13758.447,4.679,271.733,410.667,12.149,223.857,15.292,5.415,1
7.515,2.521,21761.691,6.455,254.569,466.162,17.796,254.57,28.797,7.318,0
7.679,8.938,23279.775,6.462,380.395,421.627,10.1,124.895,23.996,4.461,0
7.188,1.261,19793.784,3.955,290.313,442.031,10.796,242.416,15.999,6.543,1
7.32,1.391,25309.334,3.057,217.855,310.089,18.533,189.284,19.611,10.873,1
6.841,9.74,28739.814,5.527,277.514,566.965,7.985,68.26,26.326,7.266,0
8.578,2.544,14359.018,2.475,439.038,272.199,10.259,111.078,13.342,7.487,0
6.199,6.786,27162.661,7.669,317.884,457.704,13.098,223.455,17.818,7.428,0
6.513,2.234,15806.428,5.415,231.857,346.699,19.357,100.683,20.298,7.781,1
7.111,1.846,24129.017,3.706,261.22,534.882,7.129,155.979,28.656,6.452,1
7.979,7.01,22105.721,2.991,304.387,511.049,9.302,185.525,32.943,7.103,0
5.603,11.278,4649.12,3.834,229.208,404.754,15.166,214.641,25.197,6.424,0
5.79,7.367,11219.524,1.976,221.689,591.566,15.861,200.157,6.0,4.713,0
5.062,2.121,9561.629,6.09,264.038,382.512,13.452,276.271,16.523,9.511,1
7.133,3.1,5916.694,3.494,394.123,510.803,11.975,145.131,38.0,5.812,0
5.982,1.447,23215.547,5.899,332.233,317.852,13.083,195.423,23.913,10.281,1
6.715,1.67,30947.017,6.175,230.19,453.597,5.717,214.894,7.883,6.023,0
7.761,1.598,15825.129,7.032,338.866,293.105,12.956,229.184,36.762,4.955,0
6.458,2.277,23052.018,5.604,265.729,407.337,19.17,247.82,15.251,10.885,1
7.331,3.478,27150.065,7.35,294.29,398.831,6.559,166.126,26.326,4.737,0
6.801,3.195,18854.156,7.872,286.558,510.427,8.972,225.832,16.351,3.324,0
7.772,5.221,17335.465,5.616,85.628,324.51,10.714,139.078,35.773,4.797,0
7.575,3.611,15903.028,5.737,80.0,720.0,10.997,185.727,14.782,7.152,0
6.408,4.886,20994.133,3.985,284.263,239.15,20.786,217.569,19.605,4.992,0
6.931,5.424,23185.511,3.125,192.507,432.954,8.306,243.646,29.084,6.387,0
8.144,2.151,20501.732,7.664,125.663,439.535,7.407,221.362,19.792,3.74,0
7.493,2.814,20278.51,6.311,195.129,469.571,15.97,194.98,25.821,9.357,1
5.703,12.5,17167.181,6.474,343.595,343.153,9.589,185.628,27.818,8.156,0
7.756,2.01,7145.796,3.919,295.415,434.012,16.045,220.184,24.027,5.121,1
6.015,5.078,23335.157,8.348,330.6,337.266,11.613,310.407,16.556,3.232,0
8.513,1.017,9149.937,4.643,303.513,629.777,14.566,237.002,18.435,5.773,0
8.124,5.53,21526.007,3.496,186.899,328.787,5.445,210.985,20.776,8.57,1
7.39,1.748,22412.288,3.953,331.006,387.238,14.55,114.707,26.407,9.338,1
7.257,3.281,10087.191,8.242,314.788,325.4,13.48,143.554,27.708,6.976,1
6.891,0.857,13549.295,2.878,255.014,308.968,11.351,172.176,24.19,6.497,0
7.779,3.041,31289.585,3.598,270.001,236.87,6.953,240.051,27.073,6.359,0
6.729,3.088,16983.365,10.897,332.36,485.648,13.476,138.478,13.768,7.948,0
7.336,2.734,9568.611,6.982,201.297,324.262,15.758,225.335,24.727,8.987,1
7.972,4.332,22705.715,3.634,357.47,309.342,10.11,196.583,22.624,7.142,0
6.538,6.619,12477.611,2.937,313.033,289.42,10.198,209.521,25.872,6.727,0
6.484,1.385,5016.594,1.755,265.192,441.526,16.072,178.123,27.363,8.805,0
5.906,2.786,20878.502,5.294,395.155,407.601,20.196,157.185,16.904,10.09,0
6.036,0.541,11541.984,6.556,154.982,408.151,16.728,136.443,22.362,6.884,1
5.272,3.578,19587.724,8.138,225.884,313.637,13.533,223.638,30.74,7.553,0
7.83,1.291,12217.515,1.312,207.009,457.228,11.405,185.78,24.763,6.047,1
8.909,3.173,22096.827,2.449,295.438,325.518,12.376,130.752,22.419,7.545,0
8.525,3.682,18692.739,4.861,365.505,413.422,6.535,202.28,15.936,5.732,0
5.474,0.653,1800.0,10.675,181.443,388.232,11.805,340.0,26.148,9.959,0
7.825,4.092,19983.082,6.872,460.0,202.382,17.539,178.919,14.936,8.995,0
8.522,6.408,15616.746,5.846,208.666,648.454,12.678,280.976,21.965,10.527,1
6.643,4.763,26708.665,2.65,295.658,473.975,9.685,47.809,20.151,6.392,0
7.201,1.415,20068.851,0.86,265.228,426.625,9.269,175.124,25.282,11.127,1
5.092,3.025,22415.026,5.178,268.923,445.564,12.357,242.513,19.528,7.84,0
7.367,3.282,12881.485,4.901,197.645,651.28,6.944,190.856,21.095,7.159,1
6.036,2.826,12364.56,4.564,355.741,541.424,8.412,154.655,17.718,9.665,1
7.3,0.968,17333.279,4.339,192.417,446.852,19.398,188.547,21.559,5.563,1
5.539,1.62,15155.995,3.603,114.641,320.003,7.838,244.181,24.245,7.46,0
7.643,2.638,26197.059,3.145,169.63,338.935,8.893,307.889,20.985,7.119,0
8.125,3.645,16503.426,7.879,387.852,188.609,13.811,248.603,21.182,8.152,0
6.317,2.0,9538.659,3.327,371.29,360.806,10.512,162.24,23.954,6.601,1
5.963,0.473,12120.724,4.548,94.385,484.421,12.899,177.192,28.806,6.429,0
4.944,2.101,23772.832,5.022,334.167,481.035,16.383,177.601,27.319,6.715,0
6.834,9.118,16412.827,6.513,96.536,478.938,5.538,142.301,15.496,6.877,0
6.518,4.112,16065.374,3.396,262.686,343.156,15.894,181.471,27.451,7.542,1
5.549,3.57,24391.219,7.056,162.341,471.125,9.879,174.941,30.934,9.718,0
7.553,1.599,11554.039,3.941,340.716,503.902,11.213,123.969,27.093,3.518,1
6.65,2.181,2971.354,4.776,312.146,137.766,21.149,236.097,9.002,8.78,1
6.024,0.433,11956.367,8.386,348.264,441.531,6.188,213.151,24.536,6.55,0
6.545,1.506,19073.579,3.162,239.905,654.726,15.158,154.748,31.024,7.078,0
8.171,3.966,15878.175,6.542,248.737,370.024,17.576,198.129,20.398,5.444,0
7.703,3.589,7357.207,7.109,137.564,110.0,9.424,136.95,38.0,7.483,0
6.97,1.847,24104.387,5.72,177.409,307.481,9.495,159.626,10.354,6.696,1
7.719,2.824,18562.73,4.865,345.625,187.255,10.841,227.822,23.848,6.995,1
5.939,3.197,20028.596,9.351,296.218,328.877,9.397,215.908,27.196,8.45,0
7.132,1.93,20227.467,5.072,273.868,258.112,12.799,161.775,23.998,8.544,1
7.247,4.281,9059.592,5.508,372.28,516.703,16.517,207.131,23.893,9.956,1
6.63,3.542,19468.713,4.427,154.488,498.422,10.865,185.909,16.967,6.334,0
7.535,2.245,23398.45,5.402,326.213,446.159,16.678,135.151,19.663,8.628,1
6.32,1.033,24912.016,7.028,164.772,552.148,18.805,180.802,26.327,8.54,0
7.61,2.117,22188.212,4.549,390.619,337.154,14.44,213.762,10.74,7.558,1
7.652,2.004,20835.343,0.883,311.28,413.826,14.865,206.839,28.251,10.434,1
4.5,1.844,6206.762,6.127,346.983,668.329,9.827,96.906,22.339,6.251,0
8.29,0.683,17402.925,2.943,205.36,475.234,1.5,199.135,26.203,7.672,1
4.5,7.569,11282.267,6.584,450.478,474.936,15.136,191.398,27.909,7.949,0
6.484,7.326,25834.091,5.097,434.877,312.895,16.084,85.595,38.0,5.244,0
8.125,2.748,24847.467,6.986,301.582,355.011,13.591,145.558,31.113,9.677,0
6.783,3.633,11321.563,3.203,364.897,284.645,16.594,217.04,16.03,7.208,1
5.634,4.228,17201.142,4.03,239.34,606.71,10.033,266.164,35.538,8.187,0
6.006,2.781,19115.311,4.42,157.179,218.015,14.833,99.772,7.263,10.244,1
8.127,3.82,23355.143,2.135,332.642,514.697,19.125,243.862,20.426,7.787,1
5.178,4.654,6608.481,7.323,186.859,474.735,15.496,86.579,24.007,7.473,1
8.229,3.447,3137.455,1.849,376.369,212.596,18.542,266.863,21.121,7.52,0
7.045,5.228,17747.965,7.295,354.068,542.089,18.571,176.873,24.634,5.591,0
5.908,1.792,1800.0,5.949,284.994,373.956,7.004,150.69,22.021,6.715,1
6.517,3.022,18530.721,4.702,280.24,246.494,15.736,209.5,30.452,7.127,1
6.083,12.5,21349.351,5.79,349.09,448.738,9.656,137.063,20.203,7.577,0
7.966,6.069,25534.519,5.735,288.338,306.302,7.516,218.376,22.329,9.882,0
7.832,3.504,13453.306,4.299,230.621,380.408,11.215,183.182,33.275,9.072,1
5.381,1.389,18547.681,5.696,136.267,344.31,20.394,45.0,28.615,6.342,0
6.696,3.138,21734.814,6.562,346.506,299.505,10.053,145.411,22.015,7.358,1
6.237,5.799,9857.82,3.211,296.147,262.392,4.588,200.51,25.739,9.921,1
8.394,5.015,23449.761,5.792,460.0,500.62,5.999,248.656,33.861,4.297,0
5.75,0.52,19283.225,0.5,256.848,443.985,14.653,208.232,14.969,6.991,1
8.704,0.71,13564.599,1.241,290.673,436.279,9.085,247.778,16.693,5.049,0
7.067,0.745,18418.974,6.229,292.668,361.293,3.306,140.832,19.667,11.798,1
5.938,4.276,16594.326,4.264,320.314,411.156,6.177,230.02,24.26,8.79,1
6.423,0.755,22570.481,3.393,182.815,316.674,13.251,230.943,28.617,6.507,1
6.298,1.335,15157.009,4.994,258.437,314.604,16.008,100.296,18.564,7.336,1
5.825,2.705,18976.088,4.308,335.351,610.229,10.494,250.473,17.538,5.921,0
7.195,6.453,13463.944,3.123,236.715,511.145,15.42,208.005,15.392,10.984,1
5.872,4.419,11404.022,1.822,332.166,337.626,16.617,174.519,17.535,3.272,0
4.92,2.462,18614.963,1.164,273.221,225.46,8.973,173.572,19.197,7.989,0
6.72,5.33,11671.01,6.578,299.159,200.87,11.955,132.909,10.452,7.272,0
5.297,10.864,22703.772,4.255,362.847,328.899,9.798,224.694,19.744,5.548,0
6.348,3.159,21349.511,7.039,245.675,417.925,14.925,206.613,16.913,6.948,0
6.191,0.976,12526.756,4.235,141.593,419.204,9.745,222.061,22.049,4.483,0
6.229,1.377,18889.573,5.81,242.361,422.798,7.041,194.344,32.849,10.226,1
9.101,1.366,12496.951,4.849,194.828,445.107,12.737,201.318,13.758,7.446,1
7.156,1.65,7071.967,5.189,84.312,280.397,17.497,173.725,28.881,9.047,1
7.345,2.329,13618.036,5.286,255.932,585.93,14.798,249.224,32.673,6.528,0
5.324,3.722,17172.941,4.209,281.918,381.314,17.031,223.35,28.596,9.82,0
6.446,0.836,20889.157,2.641,351.765,440.381,16.636,199.507,24.986,7.463,1
7.315,0.997,18471.62,6.632,168.159,326.256,12.69,182.599,30.621,9.331,1
6.075,4.626,23399.885,8.287,272.525,442.379,9.811,92.763,26.671,8.421,0
8.008,2.012,11122.42,8.418,360.888,654.237,8.586,80.845,29.442,7.339,0
5.897,1.497,15051.46,3.993,216.155,286.28,5.36,169.743,23.688,9.199,1
6.814,2.54,28188.384,3.634,310.579,271.129,17.853,259.778,16.85,13.5,1
6.514,7.208,4947.98,3.991,400.806,301.256,11.012,151.233,29.75,5.364,0
7.264,5.072,14562.297,4.748,106.695,365.021,4.829,153.395,38.0,7.182,0
6.46,4.835,10535.289,4.995,288.176,342.432,18.054,136.521,21.026,5.071,0
6.829,8.892,16229.91,3.104,363.846,280.121,12.924,119.029,23.131,8.146,0
6.864,3.85,14676.091,2.141,235.189,399.041,16.855,139.73,23.65,7.806,1
6.366,9.425,21414.01,5.2,382.875,592.337,11.323,205.325,14.48,10.897,0
7.585,9.917,19160.884,0.5,318.909,387.022,8.93,162.949,18.08,6.938,0
7.338,0.863,9013.486,4.899,415.395,393.427,14.506,160.453,24.766,9.113,1
7.011,0.64,13676.947,3.211,314.51,446.153,14.879,155.555,22.455,3.657,1
6.67,1.287,17499.239,6.66,422.466,482.72,11.24,203.035,23.097,7.673,1
7.897,6.739,22305.976,7.195,290.5,569.787,18.411,211.466,23.154,5.834,0
6.864,2.581,33314.216,7.242,148.737,433.805,16.755,87.205,22.326,8.466,0
6.793,2.338,22068.173,4.407,211.365,404.681,15.041,148.186,18.559,9.472,1
7.205,5.428,10918.751,2.83,351.561,286.016,7.505,185.084,25.523,6.32,1
8.797,1.93,16890.006,3.471,349.889,493.795,6.871,214.14,24.905,8.373,1
5.76,3.501,18676.345,5.675,238.599,303.658,17.896,197.023,17.895,6.758,0
7.87,4.624,14123.959,1.808,418.366,299.94,2.652,235.257,25.405,7.485,1
5.207,1.394,20556.676,7.887,234.913,428.176,12.091,112.348,19.384,8.14,0
7.317,1.123,2736.049,4.439,304.268,589.983,13.16,212.835,26.788,5.593,1
8.675,3.146,21095.473,6.1,301.914,492.175,10.296,302.821,22.75,5.602,0
7.589,3.449,14403.482,1.537,151.91,400.496,12.341,192.625,25.286,8.961,1
7.271,5.144,16786.916,3.248,255.608,287.209,14.391,194.866,24.021,6.181,1
6.54,1.257,27027.199,1.289,460.0,587.654,9.858,218.559,22.673,9.703,1
7.131,1.694,9300.138,7.142,186.607,398.21,16.466,160.006,24.897,4.205,0
6.848,9.853,19272.675,4.78,318.138,370.175,15.121,137.923,27.884,9.084,0
6.314,5.977,22660.49,6.243,166.877,471.62,11.69,193.191,23.699,7.415,0
6.81,2.769,18607.187,5.227,185.721,351.234,8.781,99.03,23.605,7.232,1
7.298,6.63,7007.75,6.037,144.786,314.64,12.092,211.778,20.948,7.665,0
6.333,1.262,26277.578,4.425,344.991,326.149,21.998,221.049,12.452,4.797,0
6.294,2.53,16126.199,4.693,190.932,325.828,9.092,101.789,23.196,9.42,1
5.74,3.428,14070.984,4.917,372.737,269.716,19.389,198.965,15.655,6.625,0
7.491,2.31,15481.861,5.911,219.838,256.329,4.602,178.094,19.718,5.898,0
7.645,2.375,15016.048,5.964,275.88,521.644,8.626,271.283,17.977,11.296,1
7.332,4.967,9763.832,10.723,299.967,485.261,10.058,262.041,18.838,6.772,0
8.065,6.033,18572.179,8.463,127.566,306.264,16.771,236.289,19.2,5.845,0
7.188,2.12,13617.985,1.542,282.31,511.608,12.749,256.587,25.816,8.863,0
7.492,0.91,21860.774,4.814,294.741,442.118,18.395,169.913,24.93,7.874,1
7.404,0.733,20864.371,4.288,361.901,366.145,11.003,204.297,23.644,9.218,1
7.008,0.383,28066.851,7.66,183.442,257.9,12.258,176.115,30.015,7.55,1
6.569,8.795,16124.385,4.469,195.553,445.974,11.021,135.156,38.0,9.119,0
9.314,4.982,12278.877,6.029,321.062,628.846,21.619,194.547,25.943,11.094,0
6.648,4.248,7946.675,0.5,385.053,406.749,7.459,185.422,28.267,6.036,0
6.434,1.902,31756.732,2.073,214.637,524.838,10.213,178.872,24.626,6.574,0
7.534,1.893,21803.702,9.285,160.008,379.594,8.099,186.742,26.758,4.515,0
7.352,6.168,12999.271,5.2,238.078,515.62,15.08,193.344,13.579,8.084,1
5.695,0.643,28505.508,3.103,178.868,386.975,7.365,238.834,7.313,7.625,0
8.223,2.194,26315.055,5.586,298.811,116.361,20.7,157.854,10.739,9.673,0
7.006,6.774,8716.696,2.994,173.214,318.392,12.863,119.62,19.377,7.348,0
5.989,2.191,12602.413,4.533,347.697,420.871,14.356,227.29,30.928,7.248,0
8.289,4.806,16639.889,2.195,283.072,534.915,14.584,237.112,24.481,7.752,0
7.726,2.855,10544.447,3.523,350.348,386.58,12.41,209.687,20.734,6.979,1
5.835,0.2,16872.233,4.267,80.0,408.578,13.047,127.366,26.303,8.062,1
8.877,2.763,22127.753,7.341,115.557,334.528,12.881,182.768,25.048,7.808,0
7.759,3.193,8573.804,6.028,374.877,592.311,14.837,205.678,15.14,8.37,1
7.09,2.602,19404.504,6.377,203.841,585.083,8.799,131.241,25.72,6.99,1
8.69,1.074,25095.237,5.048,140.357,323.851,8.036,147.955,27.828,8.39,0
7.259,2.624,20101.432,6.746,247.771,223.031,16.194,181.938,35.185,8.511,1
7.072,0.414,17008.494,3.353,285.599,188.136,12.491,255.062,22.539,6.813,1
6.44,2.173,13157.339,3.635,251.569,477.409,3.471,202.384,32.824,7.253,1
7.682,5.076,22900.472,5.915,304.781,421.227,10.362,158.511,20.652,7.083,0
7.577,8.477,9850.019,4.542,293.263,311.185,19.385,178.908,36.493,5.191,0
7.115,7.563,19078.147,5.072,288.813,437.621,11.778,153.355,19.549,6.526,0
6.31,1.232,17665.852,4.772,379.612,257.361,10.111,167.34,26.727,8.769,1
7.23,0.768,24816.472,7.607,263.795,500.391,5.773,229.725,24.662,8.923,1
7.03,3.429,13712.133,7.711,261.296,359.123,9.945,84.4,31.641,8.009,1
5.767,3.04,14264.717,3.848,333.239,275.225,7.263,262.322,30.858,5.576,0
5.628,4.561,9427.878,1.58,311.976,360.958,14.431,310.405,16.954,9.162,0
7.665,1.772,20342.348,3.677,188.257,356.823,12.722,198.941,21.05,10.734,1
4.5,3.11,14745.197,3.306,257.17,448.807,10.864,144.291,35.333,8.468,0
7.305,2.986,11896.519,6.763,302.249,544.92,9.07,253.978,23.575,7.395,0
6.622,2.233,12515.694,6.941,215.12,538.696,19.369,205.287,27.721,5.845,0
8.408,0.595,20991.186,3.038,219.17,424.156,9.326,161.072,16.792,7.375,1
6.607,5.025,10330.757,3.591,146.726,382.537,9.343,136.546,21.574,6.509,0
7.759,3.446,10907.921,2.142,80.0,336.763,11.407,167.679,18.89,7.042,1
6.703,5.27,23326.349,5.369,233.203,192.838,12.036,200.592,28.371,9.721,1
7.214,6.164,16420.216,5.01,275.819,402.694,14.669,239.253,27.278,8.99,1
7.837,2.791,23710.393,6.678,171.89,302.879,16.687,205.631,30.097,6.783,0
6.637,5.047,15164.187,6.094,382.119,551.201,16.35,214.976,16.705,7.558,0
8.097,8.609,17492.682,6.32,176.03,380.914,23.435,171.644,26.182,7.391,1
6.106,10.475,18515.945,2.016,342.565,494.65,4.882,237.021,23.117,6.62,0
7.395,3.759,26517.361,3.847,300.587,347.098,13.539,178.63,8.821,4.982,0
8.023,3.976,25988.173,6.998,449.989,323.942,10.158,291.09,25.687,8.89,0
7.76,3.713,24996.041,4.023,310.886,477.575,21.544,154.097,30.494,9.527,1
9.016,4.447,13412.677,1.845,142.067,438.316,13.29,211.725,32.11,6.307,0
6.337,5.983,11085.608,6.716,354.621,443.665,3.366,310.416,22.795,6.224,0
5.721,3.657,22445.145,3.945,409.294,393.746,14.454,247.308,27.811,9.034,0
6.106,10.08,26448.938,7.225,114.362,499.727,13.701,230.998,26.163,6.201,0
7.76,9.154,25058.322,5.063,319.326,482.373,15.91,206.326,18.591,4.904,0
7.598,3.187,17584.82,4.546,338.127,143.782,9.244,192.906,17.799,6.601,0
7.202,3.172,22230.756,7.826,246.91,374.106,13.975,180.437,22.722,9.841,1
5.977,2.1,22345.02,2.495,80.0,526.769,11.283,159.101,21.633,6.458,0
7.867,4.619,18468.128,7.968,239.844,282.656,9.479,105.535,23.512,6.233,0
5.875,2.394,18750.429,3.821,215.609,201.913,14.042,225.234,20.577,6.552,0
8.259,2.02,18138.27,5.425,395.031,388.346,13.188,105.408,24.232,5.329,0
9.7,4.548,12377.373,5.444,257.47,467.488,17.225,225.826,16.815,5.028,0
7.466,1.17,13040.659,4.246,229.954,349.742,12.621,172.991,31.836,6.928,1
7.683,6.054,12940.313,3.576,215.146,560.154,15.218,137.449,12.445,4.875,0
6.607,4.678,7104.961,4.36,292.689,626.235,7.067,267.313,22.53,6.683,0
5.29,8.84,18428.59,3.071,269.834,173.991,18.775,110.3,21.819,7.874,0
6.497,3.809,17236.273,9.024,197.855,358.921,9.003,153.363,22.214,8.078,0
6.007,5.195,22452.767,4.138,287.442,131.179,16.563,158.504,18.105,7.147,0
5.653,5.673,25694.662,7.418,217.633,484.321,13.684,198.227,14.236,5.243,0
8.822,7.164,26107.913,7.154,80.0,323.417,13.113,156.303,24.394,6.66,0
7.373,3.506,26720.025,5.826,321.782,347.903,15.922,270.394,21.812,8.021,0
7.48,2.087,12578.973,4.829,313.721,542.771,2.87,114.579,25.23,8.517,1
6.791,3.874,8192.265,5.488,281.978,245.592,9.919,340.0,13.43,6.909,0
6.927,6.049,23549.833,6.244,227.39,215.453,15.858,131.768,32.956,6.133,0
8.065,6.602,26483.867,5.301,258.875,131.703,21.149,340.0,22.537,7.55,0
7.068,0.601,27613.951,1.967,334.639,557.463,12.39,250.117,6.0,6.763,1
7.631,12.5,20652.475,1.463,211.296,529.586,1.531,183.934,24.095,5.567,0
6.904,2.029,4521.424,8.118,338.07,369.733,11.073,202.465,20.263,7.953,1
6.758,5.258,19876.462,0.5,139.638,251.971,12.229,169.168,16.427,7.433,0
5.693,7.711,21110.366,5.491,279.294,505.092,17.493,209.088,30.146,5.406,0
5.122,2.968,25638.488,4.63,267.189,720.0,12.718,149.464,28.392,6.264,0
6.838,6.779,26792.587,5.422,350.228,376.717,6.755,228.995,24.982,7.059,0
7.156,0.595,23412.617,2.82,186.891,260.652,16.836,200.01,23.447,4.657,1
5.814,6.949,13682.687,5.801,196.166,554.003,15.057,135.577,25.928,6.092,0
7.066,6.383,10810.737,5.512,146.468,269.101,9.354,213.493,13.848,8.537,0
7.154,4.231,20970.747,10.622,216.828,360.999,15.739,210.098,24.112,6.518,0
4.944,6.062,12349.302,5.36,286.711,110.0,10.04,150.558,30.178,5.963,0
6.185,9.32,27088.391,7.796,112.183,368.607,11.158,166.476,29.032,9.349,0
7.507,7.874,6420.367,2.103,227.352,251.606,10.116,218.187,16.907,8.029,1
7.487,3.103,21184.763,7.14,316.917,556.06,11.105,249.991,24.076,8.652,1
5.946,3.847,19576.977,5.553,256.255,287.863,16.58,182.176,16.488,5.986,0
7.258,2.71,16156.017,5.639,271.392,498.577,4.464,241.186,23.911,6.888,1
8.122,2.444,11486.744,5.667,136.982,392.407,17.469,254.188,18.637,7.381,0
7.877,5.65,4098.454,8.513,256.496,420.044,13.293,261.68,17.954,7.808,0
7.005,2.687,14045.714,5.61,267.438,467.667,10.745,212.934,25.077,11.514,1
6.632,5.641,14159.759,3.532,251.083,398.586,12.593,140.404,18.791,7.551,1
6.471,2.965,24726.288,3.868,277.988,327.263,8.41,239.021,18.391,9.351,1
7.568,3.306,12411.438,6.734,238.724,307.557,5.157,179.473,25.039,11.519,1
7.295,1.591,20443.009,5.995,226.237,466.078,8.536,217.858,14.407,10.489,1
7.729,5.539,9100.441,2.039,176.619,176.791,3.97,155.405,21.132,7.683,0
7.232,0.555,20621.613,6.129,347.829,606.38,6.413,156.991,14.085,9.466,1
7.919,7.126,2954.948,2.935,160.734,420.819,5.198,151.423,15.141,7.63,0
7.195,12.5,31119.425,5.977,278.425,364.513,18.007,117.126,29.79,7.33,0
7.885,3.393,16583.061,3.489,419.122,436.93,6.721,157.729,20.585,8.914,1
7.971,3.281,1800.0,4.537,358.622,333.684,12.314,133.187,18.84,8.99,1
6.295,0.782,12834.628,4.01,308.296,383.634,17.525,221.145,27.935,8.313,1
5.292,2.136,11808.195,8.138,286.228,269.193,16.325,131.432,32.373,7.098,0
8.643,6.107,13237.182,5.904,254.139,450.01,11.172,153.181,24.459,6.531,0
7.357,6.708,15129.831,7.622,188.385,395.585,11.192,190.175,28.92,5.228,0
5.386,3.72,13192.989,10.89,243.424,427.496,13.311,289.683,19.801,7.692,0
6.386,5.862,12193.321,5.194,313.864,582.977,22.005,151.934,23.315,7.826,0
7.872,1.619,9968.561,8.104,298.126,308.495,14.359,113.978,23.042,8.895,1
6.82,4.368,22841.631,3.701,332.041,389.534,15.507,117.848,24.878,4.773,0
6.588,8.375,25307.381,7.61,368.672,206.83,22.699,142.665,28.595,7.587,0
8.501,4.985,15845.27,3.485,251.531,471.004,13.75,153.874,14.477,7.036,0
6.053,9.225,17385.362,5.063,281.307,402.902,17.665,316.753,17.837,7.296,0
6.302,9.412,10178.849,6.174,103.579,407.082,14.65,243.171,20.185,9.641,0
7.311,4.571,17961.635,6.488,456.777,386.117,14.584,172.674,17.373,9.707,1
7.49,0.2,18994.764,2.555,229.823,335.617,8.165,291.907,24.333,9.228,1
7.596,6.613,16073.909,3.366,320.394,704.523,7.419,156.308,24.261,7.569,0
8.011,1.063,20074.487,6.323,229.765,409.586,10.195,167.381,23.34,7.059,0
7.299,0.2,19506.607,4.365,227.792,440.582,16.469,164.082,20.664,9.567,1
7.589,0.467,10648.094,2.305,244.855,268.27,16.255,246.477,30.817,10.478,0
6.841,6.932,25254.809,4.958,159.165,511.213,18.499,186.151,24.256,10.278,0
7.163,4.597,16150.299,4.862,80.0,390.184,12.45,272.903,22.129,8.281,1
7.208,3.795,28391.215,5.454,363.574,458.498,14.92,213.87,23.386,7.472,1
7.315,4.914,20232.734,6.158,311.385,513.28,14.939,239.994,27.317,8.645,1
7.873,0.504,30311.065,6.031,187.152,392.531,12.016,90.113,24.241,8.759,1
7.655,2.701,25139.25,3.564,303.412,323.761,11.053,96.547,17.988,6.68,1
7.144,1.865,18976.733,4.278,335.034,125.672,5.818,98.357,33.224,7.054,1
6.291,3.58,12799.805,6.956,206.093,358.538,11.814,166.454,25.679,12.885,1
7.168,3.676,12939.811,4.014,300.007,323.111,12.032,105.363,16.318,6.679,1
7.072,4.767,20964.723,4.31,350.578,267.834,17.605,258.218,12.468,8.933,1
7.293,5.286,18430.32,2.091,142.74,579.37,18.048,179.045,26.995,6.474,0
9.307,0.535,13671.329,5.043,310.34,522.932,13.156,223.844,30.497,7.176,0
6.576,2.73,22914.89,5.791,295.973,185.419,21.785,162.925,25.622,5.741,0
7.522,3.228,17752.014,1.149,424.838,423.445,13.355,235.364,26.554,5.745,0
8.168,1.034,22953.564,2.959,312.348,306.931,17.148,81.92,26.7,8.511,1
7.198,0.93,11159.445,2.257,230.075,449.015,12.05,187.311,23.028,8.297,1
9.438,0.471,23996.566,6.677,239.909,309.042,7.369,217.54,13.247,10.713,1
6.722,0.801,20756.471,1.275,436.988,340.32,10.587,222.175,18.946,7.447,1
7.424,5.838,25284.203,4.943,234.838,520.565,19.133,172.528,27.608,7.68,0
6.301,0.644,23853.298,6.536,314.822,503.321,11.311,95.895,26.399,7.323,0
6.748,0.771,16947.803,5.476,244.738,586.138,10.401,245.621,21.865,5.649,1
7.349,3.47,16425.065,4.22,356.907,378.954,12.482,168.425,19.821,8.461,1
7.946,4.355,29089.701,5.793,361.107,230.321,10.747,173.204,24.008,7.095,0
7.419,3.152,15611.305,7.174,263.073,515.555,17.872,312.057,21.01,4.816,0
8.359,1.242,22364.819,4.885,230.425,516.25,20.985,195.313,22.539,9.393,1
7.005,0.951,15020.985,0.622,228.398,480.392,12.527,161.46,23.767,6.366,1
6.768,3.398,5397.76,7.395,118.183,315.75,14.932,158.165,18.492,7.995,1
9.7,2.89,9522.296,5.901,273.548,276.504,16.873,225.484,27.64,8.059,0
7.494,2.34,20138.486,5.034,271.834,469.316,12.988,144.852,22.045,7.778,1
6.381,5.66,22057.356,1.139,195.629,298.662,8.549,218.144,25.828,5.592,0
6.406,2.744,20159.887,4.503,109.041,368.043,10.658,250.574,23.368,9.913,1
6.157,0.868,24948.672,3.349,282.534,720.0,14.354,185.144,31.945,6.088,0
8.037,2.351,20043.191,2.667,293.273,660.474,14.272,244.331,26.149,2.979,0
6.736,4.713,12460.974,4.827,298.545,500.123,4.435,186.214,25.364,8.927,0
7.227,2.614,21362.964,4.028,180.855,325.528,10.535,152.19,25.153,8.868,0
7.036,4.654,18602.452,4.16,298.726,318.321,9.183,98.448,35.087,5.249,1
7.831,5.323,13758.873,6.579,249.82,490.895,16.47,205.131,22.744,7.39,0
6.253,2.751,20571.375,5.611,338.481,584.639,9.358,206.285,23.951,9.344,1
6.024,3.14,18015.906,4.109,182.14,343.604,10.425,243.972,23.608,9.941,1
7.324,2.483,13567.496,3.855,362.767,350.184,10.268,238.673,11.597,8.502,1
7.701,4.728,16343.872,4.19,393.349,415.525,16.061,303.705,23.539,8.888,1
7.433,2.421,26688.186,4.605,274.867,238.324,16.86,158.043,28.894,8.69,1
6.291,4.402,26475.771,6.268,299.312,241.993,14.721,209.575,25.986,7.153,0
7.777,3.721,18722.937,3.015,331.631,263.879,17.479,152.181,31.764,5.44,0
6.356,0.464,17872.237,8.017,177.815,470.527,18.059,241.154,27.556,6.93,0
6.578,4.577,8185.201,6.27,223.668,437.639,4.354,139.02,25.912,9.424,1
6.156,3.469,28675.873,0.5,280.659,541.434,15.164,240.254,28.155,9.407,0
8.401,7.318,24236.222,5.271,437.286,196.537,10.836,149.49,25.116,7.766,0
7.733,1.082,22387.685,7.181,163.331,222.97,6.845,232.158,21.372,6.8,0
7.705,3.766,2714.25,5.877,404.207,459.687,11.061,256.356,22.255,10.522,1
8.347,2.15,17765.997,4.275,248.576,300.356,15.789,104.525,9.178,7.623,1
9.7,0.53,16673.663,4.978,262.073,309.068,19.049,115.904,32.251,8.547,0
5.391,0.357,21938.3,5.457,368.534,526.53,6.447,202.92,21.85,5.228,0
6.362,8.325,14568.3,6.639,436.823,338.646,15.283,197.065,16.948,7.299,0
6.484,3.775,15993.884,2.27,300.942,352.69,21.345,173.931,20.875,9.355,1
6.249,2.679,21526.184,3.89,364.003,374.989,20.738,163.806,33.191,4.935,0
6.022,0.715,12471.741,8.377,186.774,382.27,1.5,142.964,23.417,7.33,1
6.8,7.996,13768.723,5.166,219.995,487.192,22.305,208.209,24.49,8.136,0
5.883,1.704,18756.623,8.156,150.042,259.799,16.825,136.957,35.1,9.971,0
7.435,3.907,26200.157,11.071,221.175,382.426,2.117,210.135,27.846,9.157,0
7.152,3.368,22755.053,4.116,313.045,544.485,9.055,158.409,21.329,10.448,1
7.581,10.56,24490.126,2.705,283.032,660.93,18.16,166.752,13.141,8.897,0
7.608,3.082,17911.559,4.569,411.804,242.203,14.121,256.868,26.706,9.001,1
7.703,2.039,27218.007,7.298,439.65,444.721,9.917,242.497,19.066,5.68,1
6.727,3.817,6182.314,7.578,253.397,382.187,12.799,135.171,26.828,5.629,0
9.221,4.124,30644.555,9.644,207.227,393.145,14.957,141.989,22.72,10.425,1
7.334,12.5,31486.433,5.026,363.603,310.25,9.893,232.781,25.371,6.584,0
5.238,3.042,20468.006,6.076,372.459,495.697,11.928,111.138,28.196,6.425,0
6.098,1.047,22909.707,3.676,302.506,489.539,16.536,269.97,12.97,3.246,1
5.359,2.34,17253.001,0.5,324.973,707.745,9.346,197.433,23.747,9.308,0
7.117,3.811,16137.806,5.021,311.678,246.47,6.394,158.198,22.895,5.386,1
6.978,4.332,13529.343,2.792,180.956,195.251,9.632,190.577,24.67,5.923,1
6.632,0.644,17181.422,6.387,161.421,651.568,8.5,264.86,25.925,9.37,1
9.111,2.117,21113.568,1.337,260.673,398.773,9.778,72.788,23.882,3.424,0
7.649,10.155,20229.245,3.621,247.922,350.184,4.726,246.447,19.242,9.846,0
7.826,1.419,30412.92,5.635,288.54,427.589,13.56,255.7,16.449,5.907,0
6.169,5.752,18151.785,5.845,253.846,237.618,16.404,172.35,13.791,7.136,0
6.101,2.405,7822.614,5.005,120.223,450.103,8.847,186.063,23.694,6.003,1
7.137,3.181,28188.019,8.835,85.464,395.369,9.566,197.505,26.055,5.006,0
7.273,0.737,9563.797,8.239,327.682,533.853,11.657,230.344,21.016,6.034,1
5.244,2.597,13863.959,3.731,208.663,507.842,8.399,149.865,27.818,5.911,0
6.92,3.776,19266.33,8.319,245.269,517.84,16.927,189.202,22.336,5.184,0
7.114,3.072,20211.638,8.624,217.572,427.9,8.501,184.506,22.503,10.176,1
6.885,2.727,8104.651,4.852,187.391,597.522,10.133,227.336,14.658,5.655,1
6.287,4.745,12647.93,5.191,185.113,474.15,9.065,337.148,20.428,4.003,0
6.56,0.947,7874.914,4.999,351.686,341.026,17.034,149.637,28.34,3.684,1
6.923,3.907,21541.135,3.81,244.672,307.893,11.46,194.336,31.106,8.184,1
7.191,0.32,25191.969,4.009,318.955,321.416,21.469,148.156,21.896,4.279,1
7.705,6.878,9558.053,7.739,330.372,475.66,14.092,163.114,28.029,7.079,0
8.181,2.8,23971.79,5.975,291.908,245.206,17.713,130.822,31.204,10.945,0
6.806,5.488,23550.062,3.992,333.174,423.613,11.041,105.824,17.563,7.727,1
6.644,0.2,13216.04,3.248,266.216,305.055,8.258,255.057,24.841,7.983,1
7.538,4.959,4613.236,3.584,380.924,254.625,12.351,209.584,24.104,6.447,1
7.711,1.651,10536.836,4.772,334.99,274.0,9.444,195.108,29.235,7.376,1
6.666,3.197,13630.826,6.926,346.298,402.145,3.507,141.933,18.156,7.012,1
7.89,5.014,27520.861,3.38,185.226,496.653,17.061,185.877,24.831,7.956,0
8.08,2.976,16731.033,6.903,287.376,323.888,12.647,126.4,21.502,10.383,1
8.392,4.602,10955.618,5.494,109.023,155.883,9.349,188.501,25.465,6.631,0
8.878,2.434,18461.016,5.386,384.087,720.0,14.193,208.355,30.084,5.982,0
6.234,7.247,9080.24,7.152,212.017,539.136,12.711,160.162,31.568,7.264,0
7.114,2.794,20843.21,6.787,223.8,516.874,18.844,148.376,30.135,9.128,1
7.111,2.838,11145.184,2.291,148.774,600.345,14.448,162.923,17.256,6.791,1
7.002,2.88,12088.596,2.932,261.917,416.084,11.794,234.815,20.257,7.88,1
6.451,3.131,19940.698,4.641,242.199,388.8,15.62,201.089,28.837,8.32,1
5.614,0.995,28876.519,5.812,419.929,567.695,12.338,101.62,26.508,11.275,0
7.193,1.379,31785.619,7.829,338.035,566.885,13.327,229.79,21.476,9.061,0
6.332,6.054,10740.874,5.23,221.255,478.822,18.018,219.879,17.685,5.829,0
7.186,5.486,13622.059,8.507,123.37,510.9,7.241,200.29,6.0,3.456,1
6.306,5.246,20850.96,3.687,80.0,256.347,8.615,280.509,13.754,7.671,0
6.0,4.309,25097.131,4.025,177.768,374.104,10.613,191.311,21.228,6.131,0
7.334,2.076,3433.456,4.489,151.847,609.458,11.271,213.691,21.316,6.526,1
7.251,1.903,18067.689,3.466,294.632,501.521,17.704,215.818,25.384,5.607,1
7.679,3.031,14333.571,7.419,252.68,229.557,6.134,238.258,26.489,6.491,1
9.286,6.701,4993.862,0.5,266.473,341.268,12.367,177.742,36.102,6.455,0
7.377,3.621,8808.409,4.093,184.342,589.915,10.021,154.534,18.535,7.192,1
7.585,1.317,13809.466,7.396,277.923,459.626,20.152,243.519,11.683,6.189,0
6.022,0.798,17882.298,4.475,144.265,426.827,16.477,240.674,17.612,6.109,0
5.813,5.605,24052.669,7.246,257.495,430.435,13.574,260.116,32.725,8.354,0
8.683,8.141,19803.263,9.495,335.571,394.973,16.86,212.856,23.075,7.395,0
6.177,0.608,23659.006,5.261,233.938,342.091,6.563,99.318,28.872,7.408,0
6.056,5.734,17673.708,7.438,302.71,304.969,21.624,199.024,19.735,7.311,0
7.061,4.237,12917.851,9.938,96.966,526.239,8.712,191.853,20.092,5.789,0
7.01,1.603,16305.625,5.904,90.148,433.505,18.156,257.62,13.058,9.986,1
6.197,3.656,22020.863,5.004,292.817,489.846,14.982,248.214,21.082,11.058,1
6.795,1.127,24211.654,6.905,353.997,470.603,13.689,223.704,23.063,9.629,1
8.329,2.631,16538.815,7.468,244.75,574.046,17.969,75.985,28.032,4.224,0
6.294,3.159,11460.751,5.022,447.343,459.557,16.985,144.635,26.254,6.209,0
5.706,7.2,19681.778,4.132,142.311,503.833,12.983,169.964,34.525,8.674,1
8.043,2.531,20606.876,8.535,207.201,425.074,10.603,171.225,22.108,6.05,1
7.592,1.76,25512.674,4.559,276.908,291.307,13.054,199.178,24.407,6.138,1
6.479,4.01,13088.041,7.487,304.472,377.926,12.037,271.411,22.91,4.932,0
5.518,4.689,13159.318,5.626,215.368,475.79,14.093,232.859,18.968,6.748,0
6.355,1.705,22415.041,8.754,174.962,486.321,17.093,139.455,25.376,5.921,0
7.045,1.271,14851.682,3.402,317.722,579.123,14.609,144.423,21.401,3.096,1
8.266,1.372,14577.053,3.398,276.325,349.81,13.332,139.455,32.646,9.473,1
6.063,7.217,25651.909,6.809,235.707,432.12,9.557,183.574,18.421,8.15,0
7.015,4.546,8588.464,2.839,307.399,389.501,13.961,234.305,21.029,4.996,1
7.775,2.401,30865.32,5.333,253.41,599.918,4.868,243.021,15.786,8.962,1
4.719,6.424,13517.87,8.197,253.122,450.174,8.911,169.308,24.963,7.628,1
8.134,1.694,23133.735,1.53,249.991,452.471,15.228,188.342,15.3,9.487,0
5.918,2.941,16792.802,5.904,195.21,400.721,16.483,282.08,22.953,8.722,0
7.432,1.109,19263.855,7.523,186.567,377.992,12.407,108.333,16.22,6.004,1
7.347,6.236,15791.888,5.048,220.315,231.16,13.404,225.088,17.295,8.604,0
8.185,1.579,23067.748,3.246,267.726,253.656,14.166,219.147,18.563,8.68,1
7.651,1.61,15242.395,4.575,105.942,426.461,15.566,173.685,27.231,9.3,1
4.723,4.075,13775.848,3.423,345.303,411.498,11.594,188.985,22.452,9.195,0
6.315,0.281,29286.722,5.238,266.568,427.131,8.077,213.112,22.288,11.141,1
7.238,0.888,17690.988,4.547,174.467,517.967,14.242,173.8,26.262,9.115,1
6.905,5.13,13107.979,4.073,402.411,416.153,21.312,154.932,19.172,5.988,0
7.578,1.354,7813.137,6.032,268.552,363.203,8.349,150.79,11.599,7.719,1
7.889,12.5,29626.257,8.258,151.512,379.803,11.929,292.419,16.626,5.512,1
7.708,3.517,13912.485,5.756,398.596,434.269,10.762,165.784,21.342,9.577,1
6.886,0.561,30901.949,7.787,380.164,359.4,23.359,201.074,22.716,5.859,0
5.254,8.413,20092.553,8.258,187.754,532.727,8.177,233.189,26.241,11.416,0
6.645,3.514,18428.754,3.927,237.547,403.647,11.778,178.368,22.158,6.874,1
7.516,2.684,18603.985,5.65,226.105,435.199,10.859,191.968,28.898,7.321,1
6.01,3.505,31903.681,4.25,104.395,307.012,6.855,217.651,25.097,6.564,1
7.731,0.556,3250.579,2.136,292.598,532.785,6.611,143.364,14.833,6.11,1
8.008,3.015,18893.22,5.812,336.837,577.676,15.058,105.495,8.226,6.445,0
7.227,1.442,15776.177,2.996,320.836,241.422,15.689,149.817,17.157,7.817,0
4.5,2.875,16114.893,6.069,267.784,453.107,9.982,285.066,23.799,7.432,0
5.822,2.122,18470.527,1.988,345.084,392.051,18.84,158.366,25.152,6.631,1
8.986,3.372,15769.348,5.442,168.496,439.084,2.371,197.186,22.388,7.952,0
6.553,2.4,18722.849,1.959,419.554,459.251,6.837,117.08,23.697,6.423,1
5.116,2.012,17346.746,6.448,199.373,136.805,8.789,263.818,30.659,7.391,0
8.335,1.302,8961.872,4.313,208.814,496.138,12.46,173.44,23.081,10.578,1
7.113,0.585,19978.879,4.12,216.107,538.488,10.471,164.978,25.029,6.368,1
8.205,0.453,22154.354,7.353,209.908,551.977,11.595,182.661,32.26,6.854,0
7.377,0.919,13976.573,4.457,248.618,291.645,14.683,328.217,12.494,5.321,0
7.559,4.857,29641.325,5.322,245.327,401.283,19.057,214.284,32.916,6.791,1
7.463,1.235,26181.216,4.703,276.019,340.33,16.111,181.376,8.157,8.074,1
7.797,1.744,22985.69,6.115,195.411,175.171,12.753,45.0,18.209,6.449,0
9.377,1.758,22906.835,7.186,279.161,330.536,12.139,264.415,19.757,5.358,0
8.071,2.149,17695.63,6.771,172.314,274.907,17.456,151.781,13.527,8.051,0
5.52,4.283,24918.919,4.167,327.26,445.143,20.979,143.104,22.044,8.241,0
7.547,2.381,27709.905,7.518,326.206,209.226,15.372,148.021,22.703,8.505,0
8.241,5.504,22752.156,3.267,264.508,287.454,10.295,270.576,27.292,5.17,1
8.303,0.93,13793.158,3.615,209.776,342.664,13.667,187.681,27.105,9.867,1
6.673,5.11,17242.071,4.844,291.446,497.419,15.111,106.287,24.007,6.522,0
8.265,7.758,21228.855,7.194,189.55,720.0,10.002,178.773,29.487,5.586,0
8.028,2.986,22945.342,2.76,267.936,441.371,16.396,144.266,26.741,9.244,1
9.673,1.153,16996.398,6.883,252.096,281.147,13.688,209.775,21.115,9.803,0
6.35,4.343,13815.744,4.991,460.0,323.508,17.741,168.747,23.691,6.832,0
6.593,3.026,27797.345,4.233,160.701,483.967,8.105,103.689,19.313,5.901,0
6.794,3.811,10529.922,7.296,80.0,243.479,4.663,185.463,15.892,8.196,0
6.61,5.615,11381.344,3.495,210.806,536.606,10.733,186.876,25.482,5.002,0
6.21,2.235,8873.669,9.671,119.18,437.809,12.607,121.058,14.306,11.993,1
4.5,1.956,11366.92,4.747,203.231,389.991,4.396,82.196,21.913,5.542,0
6.665,12.5,25607.742,5.4,154.704,202.814,9.762,205.544,9.672,8.041,0
7.469,4.383,25825.413,8.186,188.117,515.446,18.276,174.565,23.412,7.111,0
6.607,6.298,17018.704,5.452,174.483,313.605,14.9,178.165,18.784,5.744,0
9.035,5.392,20726.044,7.478,346.851,423.443,13.122,231.021,26.296,5.716,0
7.113,6.351,17431.72,1.194,260.875,386.141,7.749,83.373,21.71,9.43,1
8.391,3.907,9752.151,4.215,356.413,214.944,18.126,193.317,22.26,8.061,0
7.361,5.836,31917.696,5.893,268.441,377.318,10.622,226.442,23.303,6.147,0
7.926,1.753,26435.81,7.263,343.93,259.766,12.927,179.954,19.454,6.392,0
7.379,0.568,19803.726,6.639,239.318,326.758,14.333,112.112,19.714,5.935,1
8.469,1.388,11936.716,6.452,400.537,456.934,13.271,153.654,19.717,8.986,1
7.156,2.697,16037.927,7.222,305.032,489.295,19.213,165.169,22.274,9.06,1
7.596,2.427,12999.234,6.05,198.715,402.81,15.088,103.156,19.77,8.349,1
7.466,3.039,18134.285,0.814,317.628,298.927,14.023,210.426,25.613,7.857,1
6.812,1.666,19514.501,7.984,267.303,327.311,12.111,190.176,12.735,8.528,1
7.505,0.335,15282.684,3.425,247.787,325.227,14.444,154.639,14.305,4.432,1
9.334,2.185,8046.317,5.727,273.162,148.552,11.555,244.204,33.954,7.895,0
6.83,0.815,31358.383,5.462,328.856,413.791,13.352,161.291,20.482,9.323,1
7.519,2.941,19043.924,5.195,85.011,205.071,10.962,271.395,17.115,7.816,0
8.358,4.043,20467.848,2.888,235.17,414.143,10.253,175.209,22.852,7.495,1
8.24,2.15,14754.339,1.223,323.027,229.868,8.378,137.5,27.449,6.255,1
7.112,1.085,7346.928,3.095,286.099,260.249,11.28,139.161,26.718,6.375,1
4.717,3.158,16958.547,6.752,169.258,485.234,10.984,195.009,18.66,6.458,0
7.617,12.5,15399.057,2.207,80.0,407.948,20.732,131.123,20.027,7.801,0
4.881,4.382,22111.973,3.339,409.579,178.819,16.964,197.942,21.064,6.527,0
8.57,4.617,23389.504,5.936,249.098,337.944,11.897,167.971,24.806,4.118,0
7.269,1.971,22472.692,3.045,393.694,436.434,10.595,166.71,23.264,8.836,1
8.1,1.483,23923.77,4.014,332.572,330.685,15.268,187.71,17.681,8.34,1
6.198,6.361,29223.828,5.264,197.543,363.822,21.24,245.258,20.045,8.039,0
5.547,0.2,20034.036,5.665,80.0,434.289,16.085,160.135,21.461,5.714,0
7.361,1.621,24644.903,3.006,225.717,410.364,4.76,200.127,31.596,6.514,1
7.066,8.943,20710.094,5.382,261.834,285.929,16.384,214.436,21.971,8.334,0
6.608,2.805,5149.77,5.898,303.306,407.676,17.181,123.459,38.0,7.448,0
7.185,0.653,16495.618,2.554,170.575,370.519,22.397,218.752,21.439,6.144,0
9.7,4.129,11859.875,5.53,280.131,611.894,11.382,234.846,13.238,9.739,1
7.935,2.162,19004.317,3.667,280.1,392.63,13.124,243.138,25.037,5.875,1
8.149,0.499,12358.434,5.348,348.806,421.197,14.526,129.019,29.074,2.027,0
7.944,3.582,21436.926,6.546,238.921,436.174,9.062,132.862,25.756,7.557,0
8.579,3.198,23876.683,4.747,302.635,366.323,8.654,187.011,24.141,7.634,1
6.91,3.06,25323.205,6.927,289.517,318.609,14.297,183.881,20.798,7.504,1
5.045,4.338,28025.2,6.682,339.425,460.172,5.556,191.062,21.347,8.123,0
6.911,1.018,6605.843,6.916,195.308,461.153,6.573,170.386,9.501,6.397,1
7.912,3.851,9706.5,5.906,80.0,654.909,16.171,200.221,27.983,9.247,0
6.13,3.374,36000.0,7.302,244.867,494.09,14.74,49.526,20.801,4.941,0
6.924,6.271,24061.904,5.87,245.368,496.114,18.124,226.194,29.649,7.361,0
6.408,1.602,18958.912,1.765,166.611,491.128,14.585,270.954,19.911,6.274,1
8.602,7.03,17708.244,3.516,136.815,322.161,12.547,159.582,22.69,9.212,0
7.849,5.327,17130.409,4.677,216.15,254.043,18.301,201.13,30.245,5.97,0
7.752,2.72,4930.647,4.926,255.235,284.569,10.597,282.437,30.748,7.528,1
7.722,3.059,12479.861,5.815,273.111,487.557,11.0,191.841,27.879,7.553,0
7.063,0.221,16772.991,3.486,80.0,575.595,12.21,206.798,12.147,7.752,1
7.298,2.994,12846.911,9.117,115.949,493.08,14.527,291.294,15.593,6.086,0
5.915,5.073,13696.616,4.895,361.012,384.968,12.2,302.004,27.067,8.058,0
4.914,2.4,34131.754,5.085,248.883,606.201,5.817,131.658,18.949,7.452,0
7.25,6.26,15864.255,3.759,264.793,351.761,11.3,167.368,23.428,8.018,1
7.424,4.181,19307.78,3.093,151.673,267.222,12.358,239.147,24.203,10.234,1
8.309,10.763,19076.486,4.847,264.626,435.359,13.017,217.341,24.486,7.609,0
8.671,1.703,21331.487,5.155,233.068,560.023,10.478,228.832,16.877,5.609,0
8.67,4.738,14397.662,4.926,212.425,303.744,14.775,45.814,28.933,10.93,0
6.102,0.84,25605.378,8.41,140.744,200.425,5.253,82.537,19.958,9.162,0
6.748,2.579,20383.154,4.847,191.179,409.525,14.371,288.132,26.421,8.577,1
7.58,4.358,9133.432,4.928,432.621,497.572,20.568,232.563,21.798,7.071,0
9.632,4.947,16801.224,6.731,235.295,110.0,9.769,209.45,34.141,8.731,0
8.58,2.253,16381.036,4.758,332.118,522.284,12.759,121.674,31.401,3.697,0
8.219,6.726,16081.925,6.179,248.306,240.984,11.388,167.176,35.363,10.183,0
6.712,7.723,20810.429,2.542,238.47,491.98,11.464,221.331,32.586,9.013,0
6.217,1.72,21625.714,2.558,210.94,165.396,7.872,113.93,22.221,7.081,0
7.889,2.643,20858.245,5.344,379.379,228.018,21.462,151.211,19.903,8.968,1
5.999,2.43,19702.95,4.637,296.711,479.246,14.236,210.647,16.415,8.514,1
6.862,1.969,18056.645,3.482,197.883,550.892,9.481,222.436,24.544,5.583,1
6.985,7.403,3517.154,5.344,231.501,403.903,8.969,161.232,23.141,7.722,1
8.693,7.346,22556.302,5.518,356.452,692.441,12.777,244.025,22.751,8.075,0
6.745,2.496,20674.302,3.68,80.0,282.288,2.745,242.238,18.191,7.159,1
4.661,4.722,11099.052,4.062,291.393,280.756,17.238,91.399,25.094,7.005,0
7.604,6.211,19323.785,5.533,310.696,368.734,10.188,280.088,20.785,9.022,1
6.401,3.618,21711.6,3.058,201.272,363.023,14.25,254.153,20.201,7.717,1
7.143,2.347,25113.106,3.892,278.141,439.018,14.46,201.361,23.951,10.78,1
7.013,1.615,20816.959,6.168,307.696,315.857,16.844,182.449,22.548,6.224,1
6.826,5.042,19590.412,5.052,160.353,473.101,14.717,233.414,14.728,8.137,1
7.89,0.914,23654.02,4.146,336.564,470.233,15.844,219.355,18.431,5.743,0
5.567,2.398,15507.49,3.294,290.274,598.606,17.086,175.065,26.089,8.619,0
6.583,2.076,20178.021,3.074,251.997,346.147,11.014,278.345,22.723,5.394,1
7.784,0.857,13462.764,4.836,273.919,445.437,22.181,74.241,11.733,7.919,1
6.486,2.809,24716.929,9.152,325.111,477.701,14.088,153.431,27.053,9.525,0
5.491,2.599,7036.878,6.232,460.0,404.132,12.374,214.628,22.713,7.494,0
7.769,1.331,22808.792,2.434,316.845,379.6,8.715,187.134,16.842,5.617,1
8.223,7.215,17615.108,6.514,333.9,157.349,11.568,228.477,19.12,9.101,0
7.055,5.067,23775.018,3.582,281.45,415.007,14.308,113.295,23.958,8.048,1
5.139,3.096,12426.462,5.09,426.64,476.46,12.929,176.006,10.19,7.247,0
7.806,5.613,18084.893,3.922,140.391,398.062,20.724,253.27,25.439,5.658,0
5.44,6.543,17894.096,9.146,117.321,311.127,10.745,107.846,28.723,4.501,0
7.409,7.435,20320.243,2.832,278.008,203.494,15.557,176.774,28.165,11.453,1
6.213,1.694,10690.847,5.727,321.112,459.367,7.435,160.805,29.695,6.368,0
5.94,5.612,21635.398,3.729,80.0,408.976,22.324,209.985,18.476,5.613,0
6.658,2.607,5501.688,6.578,264.708,571.794,7.129,211.62,28.997,7.966,1
6.917,3.526,13159.027,5.687,249.658,231.072,21.834,195.34,24.579,5.567,0
6.456,1.769,7342.255,7.609,328.253,348.563,11.889,174.058,18.155,8.297,1
7.689,2.987,22883.426,6.536,301.443,246.443,2.445,193.48,25.707,9.832,1
6.654,5.668,20100.85,3.713,111.301,528.038,18.584,180.944,25.531,5.496,0
8.08,8.712,20464.251,10.932,173.195,553.684,12.87,188.215,31.935,6.862,0
7.381,2.767,27075.731,6.211,196.423,635.71,10.46,270.133,29.944,8.176,0
6.402,1.371,15446.379,3.999,327.81,467.571,15.388,123.876,18.995,5.207,1
6.234,9.575,21462.307,5.511,296.845,499.712,15.49,208.791,24.976,5.76,0
5.453,1.637,17929.145,6.362,212.238,457.33,14.366,138.184,24.914,7.19,0
7.391,0.584,16939.475,6.286,277.287,473.773,17.608,297.525,24.458,10.929,1
6.745,1.892,25993.068,6.092,175.069,410.889,13.636,194.899,21.232,5.865,0
4.728,0.253,31032.216,7.033,439.219,479.259,15.424,120.267,33.177,6.891,0
6.564,6.327,14695.467,6.836,313.82,661.799,10.152,177.245,19.386,11.863,1
6.199,1.543,22919.177,3.405,331.825,431.242,15.945,109.76,32.665,8.831,1
8.676,1.063,19574.26,9.316,382.029,407.881,10.172,155.172,14.736,4.35,1
5.397,3.285,19652.231,9.038,351.381,428.769,7.44,223.866,20.788,6.98,0
5.659,8.715,19106.655,6.702,267.68,387.109,11.572,264.868,27.435,8.453,0
8.21,4.237,15334.993,5.177,249.278,434.571,11.259,249.438,16.894,10.004,1
8.457,0.899,1800.0,5.212,374.504,383.04,16.675,184.232,18.737,9.907,1
6.355,11.807,27476.261,4.452,267.255,542.278,5.961,221.353,26.103,8.408,0
6.468,3.883,12984.238,4.711,201.333,530.287,17.421,234.468,12.975,8.69,1
7.716,5.896,15929.879,0.726,432.164,664.912,9.697,313.735,29.408,5.062,0
4.773,0.711,16068.096,8.161,185.446,402.175,1.5,156.781,31.576,6.153,1
5.239,10.523,12405.278,7.455,117.55,439.636,7.067,273.017,31.825,5.065,0
6.819,2.218,19061.561,1.747,349.386,434.637,11.116,129.938,24.888,9.255,1
8.65,0.649,17211.969,6.88,202.844,428.951,14.499,254.897,20.519,8.078,0
6.664,3.584,12842.516,5.085,301.983,540.599,11.9,155.864,20.898,7.591,1
7.201,5.894,18470.463,4.702,419.463,210.002,7.057,152.395,24.667,10.178,1
8.234,4.704,17285.196,6.086,148.138,460.285,8.997,174.344,23.752,8.369,0
9.207,4.646,23530.951,1.614,261.522,644.492,7.132,147.32,20.795,9.449,0
6.523,4.411,8787.512,5.078,391.09,568.554,13.664,213.433,32.187,8.761,0
7.083,3.347,12264.969,5.259,322.96,554.828,12.092,257.46,21.572,8.937,1
8.922,0.708,22214.434,5.261,249.715,506.047,15.262,73.864,31.336,5.523,0
5.578,2.577,13341.671,2.365,460.0,333.506,4.534,180.397,23.58,9.154,0
8.128,2.303,11627.885,5.994,256.898,315.019,10.097,130.239,23.22,8.252,1
6.082,7.455,13663.109,7.22,298.734,315.956,21.63,239.78,26.005,6.664,0
7.202,6.333,16843.638,5.915,405.195,268.385,15.385,268.122,25.929,8.632,0
6.857,2.063,16868.337,4.642,348.373,518.593,11.168,180.395,22.162,9.715,1
6.142,5.264,16135.27,10.478,377.346,581.204,8.057,151.318,26.275,7.223,1
6.117,2.874,10814.327,3.251,188.539,457.131,17.485,101.164,26.988,6.051,0
7.376,0.586,22525.533,6.647,369.395,501.574,19.397,297.183,32.589,6.134,0
8.096,0.225,26120.428,5.587,279.415,440.216,7.331,262.541,23.414,4.889,1
6.97,4.833,5082.214,9.125,201.609,473.251,7.757,81.182,18.471,7.097,0
7.17,1.195,7401.986,5.873,283.865,150.954,13.755,226.051,19.07,8.462,1
7.671,1.19,24018.57,6.302,281.171,442.761,14.175,128.833,36.734,10.521,1
6.128,1.677,27703.676,6.111,423.788,353.935,14.673,162.031,12.097,5.95,0
7.84,4.908,3660.337,2.983,297.41,400.181,20.795,121.334,16.098,8.047,1
7.919,6.392,22800.337,3.362,198.632,432.092,8.128,79.956,23.151,7.441,0
9.7,6.3,28146.219,4.549,179.029,319.128,12.679,187.493,19.432,7.385,0
6.724,0.51,11894.32,7.015,260.971,275.927,15.745,294.248,27.749,4.646,0
6.642,1.615,27767.841,5.566,150.559,315.486,15.697,139.068,27.242,5.58,0
7.869,1.393,16343.037,4.687,204.195,231.2,9.585,239.022,19.899,10.666,1
7.919,4.906,19545.141,7.844,244.244,266.375,9.763,247.656,31.722,9.217,0
6.565,1.637,12824.983,1.135,229.14,282.853,10.434,229.696,16.601,7.909,1
6.697,2.714,24006.685,2.508,326.787,232.79,20.166,299.805,18.724,8.231,1
7.641,5.221,22923.939,0.5,202.285,468.453,8.097,242.536,32.12,8.738,1
6.272,3.135,28710.611,7.517,80.0,296.94,11.041,289.256,15.429,6.593,0
6.689,3.871,26863.948,4.907,121.709,181.419,15.99,126.911,25.012,6.667,0
7.19,2.638,17440.525,7.033,263.485,356.85,7.6,230.995,32.096,6.291,1
8.096,5.946,36000.0,4.881,215.122,271.413,13.661,273.099,7.924,7.704,0
6.495,6.357,26280.152,7.146,159.883,580.09,3.952,147.54,21.041,5.329,0
5.258,4.409,21013.354,4.846,431.468,420.95,13.367,45.0,28.496,6.205,0
5.183,6.375,11018.496,5.92,335.444,228.542,12.736,120.297,21.434,8.311,0
5.841,12.5,7554.787,5.627,260.034,473.244,13.236,150.138,23.344,6.765,0
5.787,5.158,8107.319,5.775,284.83,415.197,8.59,220.865,24.091,4.249,0
6.945,2.949,11431.174,8.469,242.463,376.367,13.525,158.846,24.814,6.717,0
5.911,3.937,26452.467,1.851,158.426,593.954,12.324,190.172,18.326,8.382,0
6.397,6.819,20666.078,4.963,352.611,287.937,18.346,156.762,27.444,7.609,0
6.326,2.196,13513.074,5.496,337.363,529.218,15.37,182.93,24.479,4.358,0
6.659,2.053,16616.851,5.197,96.927,355.857,5.98,186.358,16.353,9.258,1
8.423,3.889,15824.648,4.304,284.247,402.797,8.753,155.219,20.299,6.956,1
7.762,2.907,22700.329,4.031,293.631,315.021,9.726,235.169,14.804,8.01,1
7.116,1.38,11787.815,8.16,237.653,322.671,13.312,265.917,24.24,9.28,1
6.639,3.461,19772.962,4.959,443.268,352.675,11.739,126.812,25.846,7.177,0
6.667,7.777,19450.558,9.976,434.043,176.908,11.72,201.952,24.23,3.964,0
7.428,4.305,11982.358,6.157,232.912,446.598,25.18,111.376,26.189,10.56,1
7.684,1.137,27822.039,4.521,246.06,418.787,10.192,93.6,23.774,3.426,0
6.192,4.803,15578.787,6.205,236.077,225.275,18.759,247.01,27.42,6.801,0
7.136,2.464,11047.124,5.318,213.037,484.194,11.837,300.407,22.258,9.732,0
5.068,11.379,23043.72,7.784,186.735,579.848,2.697,171.94,27.07,6.145,0
7.312,4.537,17854.221,2.765,308.083,325.258,13.361,290.831,15.542,6.251,1
7.862,1.88,20154.784,1.498,431.723,310.828,17.537,154.349,14.896,7.01,1
6.82,5.059,9799.581,5.822,396.757,538.61,15.351,177.103,23.502,7.075,0
8.917,3.646,22780.706,6.771,332.08,453.39,13.653,281.725,26.97,5.852,0
6.219,7.284,31620.784,5.672,80.0,388.689,12.607,139.803,21.395,6.255,0
7.317,2.044,9291.581,6.445,106.513,502.747,10.274,240.417,26.701,9.335,1
7.064,4.53,19802.357,6.151,355.454,437.893,16.533,170.845,24.797,6.444,0
7.0,0.709,12395.487,2.139,402.647,576.42,10.546,150.361,11.117,8.304,1
6.986,3.35,34982.439,5.662,312.067,402.989,9.618,162.016,36.476,5.757,0
7.207,1.108,25557.611,7.734,239.026,456.177,14.348,70.744,15.7,9.892,1
7.948,3.558,19333.698,5.444,379.946,536.767,11.15,259.36,17.521,9.088,1
8.478,4.151,9518.861,2.48,329.055,111.261,18.264,202.447,29.667,7.239,0
7.098,4.407,11090.636,4.432,361.683,541.11,14.603,181.86,23.115,8.554,1
7.915,2.042,22350.784,6.214,107.192,344.387,8.999,151.888,18.547,10.139,1
6.398,3.426,8643.801,8.691,294.184,464.994,7.349,207.148,20.276,5.597,0
7.866,6.686,8847.76,1.187,415.839,604.695,9.919,238.59,17.893,5.499,0
6.338,9.348,17557.403,5.822,309.833,368.292,23.021,174.9,18.358,8.073,0
8.191,3.514,18367.208,3.236,345.601,350.338,11.431,242.997,27.578,5.073,0
9.311,6.81,19970.204,6.115,268.092,398.431,15.912,205.13,20.111,4.606,0
6.978,1.49,14643.086,6.276,274.016,230.725,6.625,184.864,16.803,4.514,1
4.907,2.31,23480.953,4.634,384.215,668.895,7.626,240.18,18.592,7.667,1
6.552,3.802,11898.204,6.363,208.068,399.898,11.652,162.065,22.099,3.736,0
8.332,2.922,21573.188,7.38,199.751,602.471,20.155,121.166,18.655,6.674,0
7.653,2.693,18891.784,4.771,224.352,365.015,6.692,187.08,21.214,2.0,0
7.349,6.336,21404.219,2.426,266.993,409.081,9.666,191.94,25.019,8.188,1
8.109,1.283,25182.987,7.951,128.142,518.312,16.558,177.772,20.211,8.309,0
7.584,1.403,14540.34,6.757,327.14,272.734,19.667,255.444,18.014,7.018,1
8.318,0.945,13202.996,6.228,251.039,392.694,14.468,217.527,18.959,9.527,1
8.019,3.886,6525.441,3.718,337.564,513.816,15.541,183.671,31.074,8.832,1
8.622,2.462,4376.486,7.071,84.879,379.436,8.464,189.697,35.615,5.975,0
7.459,5.924,16356.168,9.185,337.889,347.031,6.547,194.435,23.267,5.821,0
8.005,3.648,16801.101,4.857,378.636,538.827,7.344,218.933,27.204,8.991,1
6.793,2.002,10440.46,5.289,302.277,573.134,8.57,192.889,17.549,8.633,1
6.499,1.756,11837.852,2.97,267.552,592.216,13.515,181.505,19.577,6.916,1
8.807,0.228,27402.45,3.661,338.542,324.001,7.012,116.619,25.61,4.233,0
7.316,2.787,23192.959,2.951,373.071,335.482,13.627,150.961,9.291,9.073,1
7.905,1.123,9299.555,5.362,309.449,348.41,11.082,205.235,27.481,7.52,1
7.224,6.438,14624.738,4.418,315.8,491.222,9.969,200.34,19.725,7.296,1
6.513,2.367,20139.017,5.846,405.84,261.384,16.483,108.307,16.748,2.29,0
7.111,0.789,13428.068,3.316,329.698,268.16,8.184,159.095,25.251,8.359,1
8.536,7.314,12243.48,4.765,196.978,319.279,18.961,138.864,31.366,7.29,0
7.655,2.82,15301.402,3.193,372.665,292.413,16.239,265.055,21.185,6.428,1
5.389,4.782,24589.296,5.475,254.484,511.123,8.045,203.812,24.694,5.894,0
6.885,2.026,25179.108,1.835,267.829,503.037,17.91,213.669,25.631,7.6,1
8.882,7.483,12719.596,5.403,274.085,347.198,7.513,186.33,24.392,8.242,0
6.886,1.56,20493.582,4.543,347.354,381.736,18.319,155.552,17.219,6.712,1
5.3,2.461,17458.324,5.462,413.652,110.0,13.998,165.501,24.296,8.407,0
8.993,0.548,10946.469,1.795,267.076,350.109,5.394,217.1,24.068,5.326,0
7.782,7.362,15569.016,6.409,412.157,554.274,6.671,175.695,7.168,6.226,0
7.03,1.821,9282.478,4.503,278.99,343.582,10.678,217.67,27.974,8.635,1
6.729,3.953,25059.859,5.534,384.184,273.899,16.405,197.864,14.279,6.672,0
8.182,4.362,27591.068,1.36,281.867,570.147,11.732,206.255,23.744,10.49,1
6.558,6.573,14831.275,2.615,223.144,271.262,11.62,209.061,31.803,7.898,0
8.248,3.74,13280.984,4.32,428.378,590.527,12.681,161.061,21.586,5.298,0
7.642,2.95,24354.864,7.851,215.03,720.0,3.522,172.899,16.933,4.576,0
7.345,6.123,25404.968,6.155,209.341,391.875,16.209,239.987,26.243,8.812,0
7.246,4.311,10256.326,5.36,158.237,554.253,18.528,290.45,31.131,6.307,0
6.925,2.613,16537.71,3.251,372.718,204.728,16.052,240.49,16.57,9.05,1
8.146,7.583,17116.9,2.887,392.793,199.447,10.594,45.0,9.314,6.428,0
6.235,4.55,12489.954,5.653,296.716,309.393,8.517,148.31,29.86,7.836,1
5.478,1.034,20008.881,6.501,181.371,503.69,7.631,196.309,27.954,6.796,0
7.714,8.503,12950.355,5.518,264.424,405.209,7.401,129.598,25.232,7.86,0
7.731,1.983,13988.305,8.519,239.277,382.632,22.691,127.02,12.561,8.713,1
7.58,6.551,16841.272,3.735,177.41,250.1,12.145,166.971,26.467,7.434,0
7.508,0.804,7821.095,5.459,223.444,389.718,16.571,208.993,28.995,8.59,1
6.779,6.097,4133.054,1.714,307.988,327.767,16.323,223.965,35.507,4.342,0
7.887,1.096,23468.77,5.522,213.561,294.301,13.142,169.796,21.368,8.148,1
7.054,3.668,12687.9,8.039,289.797,284.117,8.308,165.573,23.922,7.441,1
6.613,4.461,31376.617,3.017,114.013,428.033,14.834,143.598,10.515,6.928,0
6.788,2.656,30316.947,6.784,407.73,318.561,7.629,217.89,28.616,3.096,0
9.121,3.22,14207.889,7.982,231.73,404.218,15.21,214.194,28.476,4.396,0
5.365,1.326,32703.844,3.721,338.971,192.718,7.834,239.888,25.342,7.809,0
7.6,5.67,23594.234,6.034,281.038,465.377,10.537,197.136,29.888,8.036,0
5.421,3.812,13305.46,8.259,299.212,433.886,10.53,117.884,18.466,8.137,0
6.992,1.552,1800.0,5.561,168.781,377.236,18.795,170.811,21.735,7.387,1
6.666,3.917,21973.008,6.673,200.352,424.382,1.547,237.131,21.961,5.243,0
5.015,4.005,17703.423,1.552,202.282,517.1,22.989,94.549,29.375,5.55,0
7.489,3.336,20303.85,6.294,267.155,231.143,8.873,185.334,29.506,3.604,0
6.72,0.232,16012.565,6.134,377.723,413.003,11.945,205.683,24.843,7.624,1
5.001,2.365,10064.93,2.448,301.827,248.383,14.36,300.203,24.539,10.83,0
7.94,5.611,14724.327,3.171,188.471,415.513,13.974,156.939,26.195,7.235,0
8.535,4.638,22093.142,6.308,272.423,373.938,16.296,183.308,21.048,6.032,0
8.59,4.541,15196.56,4.495,258.146,402.011,15.247,282.818,30.898,7.446,0
7.459,3.79,15157.284,7.324,235.176,506.81,21.666,157.642,20.379,7.156,0
7.146,6.059,7623.984,5.721,263.69,503.221,15.792,249.109,25.491,4.275,0
8.428,1.974,18092.803,5.213,329.916,535.405,11.972,211.596,19.542,7.857,1
8.782,1.64,10272.442,4.759,203.806,357.435,10.011,177.844,28.492,7.205,0
8.234,9.923,23470.42,5.685,235.599,489.38,9.895,214.839,22.422,7.093,0
6.158,1.805,12728.344,6.706,348.48,465.797,18.32,181.887,34.986,10.979,1
7.301,0.999,15577.923,6.168,304.862,360.455,20.398,314.18,22.267,7.218,1
7.54,2.619,31565.893,4.254,373.725,419.064,17.018,76.394,28.437,10.681,0
5.29,3.427,15507.268,7.579,387.047,389.138,1.5,174.464,19.343,5.911,0
7.569,6.086,14636.264,6.415,149.354,572.386,2.388,176.076,21.218,4.682,0
9.373,2.369,21306.543,5.87,289.505,502.226,12.466,182.63,22.756,5.942,0
7.74,2.353,5895.798,5.283,221.824,364.696,11.75,249.423,25.038,9.512,1
8.573,3.196,25630.261,6.1,163.109,356.347,12.59,165.413,18.67,6.035,0
7.283,2.056,23960.61,1.437,197.919,519.914,18.133,217.062,19.689,4.833,0
7.027,0.814,20908.936,5.583,239.435,565.796,17.909,202.731,23.518,8.012,1
7.481,1.077,1800.0,8.38,239.966,442.864,13.287,236.116,25.312,6.71,1
6.284,7.208,15813.824,5.54,213.414,484.029,5.643,182.455,22.789,8.434,0
6.136,5.227,9226.37,5.267,263.84,561.376,6.969,207.721,21.959,6.191,0
8.366,3.114,24806.694,3.908,460.0,384.026,12.803,183.211,15.301,5.738,0
8.472,4.627,24341.647,6.085,118.356,415.016,14.376,135.767,25.902,10.387,0
6.109,5.334,20022.064,4.71,361.66,463.407,7.022,277.947,27.889,5.901,0
8.068,1.886,9679.777,7.719,263.438,353.52,15.472,148.08,28.575,5.896,0
7.013,1.313,27212.912,3.373,227.78,608.885,4.614,163.683,23.871,8.231,1
7.44,6.72,15795.303,4.195,93.452,352.44,1.5,142.875,19.501,2.384,0
7.56,0.318,29234.912,3.898,329.835,412.354,8.562,212.111,21.134,8.719,1
8.094,4.679,19225.016,8.769,142.518,634.965,18.679,163.701,23.895,10.619,0
7.183,3.631,20794.252,4.72,335.371,181.587,19.35,273.338,22.891,8.957,1
8.51,6.276,14508.022,4.004,413.013,430.915,5.323,219.367,18.098,5.526,0
7.409,4.8,26645.211,0.919,155.962,325.732,5.667,174.773,13.242,6.098,0
7.724,4.607,21454.82,3.277,364.311,405.02,15.924,139.964,19.777,7.516,0
6.267,1.436,26878.796,6.156,267.162,260.294,10.517,183.911,21.394,8.057,1
9.259,5.474,18654.018,6.148,86.993,360.495,18.649,218.602,24.793,10.305,0
7.57,4.283,17194.249,3.798,162.591,407.973,15.851,187.476,20.624,10.224,1
7.813,1.607,21368.346,3.909,280.149,433.598,16.624,182.28,21.541,7.013,0
5.492,3.655,26876.513,8.82,299.101,512.477,8.802,133.874,23.647,6.444,1
6.277,1.178,24108.773,10.493,130.641,126.139,14.497,313.373,32.087,5.993,0
8.338,2.794,18398.455,7.4,267.695,389.896,21.574,178.939,22.035,8.56,0
7.387,12.5,5428.08,8.219,335.002,384.037,13.14,114.402,14.018,9.344,0
5.186,1.367,22767.509,8.643,349.879,397.287,12.297,130.872,19.03,7.523,0
8.138,0.805,8148.419,9.529,229.909,408.873,10.539,171.074,33.486,7.398,0
6.556,1.089,17727.537,4.496,302.27,305.386,5.291,296.963,31.318,11.204,1
8.511,2.763,16747.52,3.343,356.157,219.36,7.555,180.628,28.45,8.624,1
7.012,5.045,8284.505,8.767,337.459,431.053,8.487,169.386,27.069,3.705,0
7.305,3.267,19921.27,3.171,340.772,285.69,5.101,236.458,27.135,7.338,1
8.279,0.926,31503.065,3.043,274.648,453.329,5.554,240.473,21.614,7.763,0
6.203,5.0,15468.064,3.089,256.966,292.536,1.5,226.25,28.03,6.915,0
6.107,0.475,22478.218,4.837,288.13,488.127,8.979,200.993,28.256,9.671,1
6.904,1.03,32811.984,1.131,200.08,398.465,15.539,129.262,27.898,6.806,0
7.927,1.986,23106.986,2.234,359.528,406.795,11.076,148.694,19.528,5.628,1
5.769,6.562,13308.519,3.855,134.916,375.439,11.096,102.499,21.117,6.122,0
5.432,3.365,19040.596,2.708,222.134,356.197,15.951,177.682,19.278,8.614,1
7.924,3.465,20625.071,7.225,261.919,377.042,20.1,166.644,28.782,4.961,0
6.497,0.942,26819.785,5.113,304.923,546.798,22.73,160.935,24.758,6.513,0
6.708,2.153,25391.327,6.254,320.89,220.875,13.15,205.359,25.274,8.925,1
5.243,5.928,1800.0,6.035,391.564,327.224,11.232,153.855,26.338,4.951,0
6.421,4.089,11934.67,4.686,271.609,531.799,10.641,171.274,14.81,5.533,0
7.092,5.128,17044.826,7.076,203.971,503.373,15.16,163.252,28.115,4.349,0
8.03,3.099,10900.634,6.004,252.672,566.224,11.797,188.248,19.863,5.788,0
6.329,5.972,1800.0,4.463,237.851,397.891,11.813,210.055,20.39,6.46,0
8.757,0.936,12783.48,1.732,309.194,246.805,12.111,116.051,18.153,6.973,1
6.415,2.712,17476.531,6.141,174.305,272.059,8.26,214.927,23.464,5.75,0
6.417,4.534,14085.65,2.577,250.088,369.155,2.005,204.534,22.612,6.712,1
8.637,0.657,11019.869,5.861,402.926,496.284,9.488,213.024,14.932,9.163,1
7.311,0.2,17769.52,5.258,280.287,374.439,19.059,197.328,12.623,8.001,1
6.548,9.929,19730.073,2.379,175.501,365.198,18.847,209.886,21.825,11.242,1
6.945,3.4,14454.119,5.617,236.118,452.632,16.729,167.138,27.721,6.189,1
8.453,0.587,26416.335,5.483,80.0,408.327,10.278,214.385,27.161,6.591,0
8.566,3.336,17875.144,5.49,259.997,352.129,8.943,252.951,28.804,7.678,1
6.283,1.045,11835.161,5.394,405.053,284.818,19.811,162.754,21.853,6.474,0
7.058,1.436,10190.507,3.795,164.139,518.634,7.626,164.75,20.949,7.352,1
7.19,6.712,16115.696,6.283,141.236,530.738,12.677,224.678,22.356,3.948,0
6.114,2.027,24737.234,3.725,209.473,278.078,20.103,159.53,27.666,6.733,0
7.044,2.014,12146.023,2.951,343.312,356.687,13.058,150.442,32.353,8.98,1
7.105,1.013,21373.217,6.449,409.894,485.037,11.179,213.219,20.33,10.827,1
8.24,2.396,18114.62,6.973,303.098,268.481,17.719,166.324,21.458,10.008,1
8.307,3.566,30456.014,6.312,155.698,448.821,12.824,257.196,23.179,7.627,0
6.771,2.025,20036.635,4.686,263.111,365.821,13.383,164.358,21.462,8.266,1
6.886,11.645,12961.529,1.221,417.101,258.989,19.316,144.949,19.632,7.995,0
7.764,1.266,22286.402,8.063,238.573,618.281,1.5,189.737,22.271,6.402,0
6.515,1.259,22505.143,1.19,276.94,364.028,14.115,213.949,18.414,5.674,1
7.689,2.319,14919.428,6.272,285.448,467.917,9.052,207.617,27.208,7.847,1
7.012,10.75,9934.028,9.32,133.602,270.459,11.567,219.64,31.548,7.202,0
6.131,5.187,20984.229,5.399,349.825,591.281,13.008,159.576,21.353,8.911,0
6.143,1.97,17912.849,5.682,337.57,638.686,9.46,252.452,32.646,3.115,0
8.547,1.971,7642.424,5.859,95.549,224.739,13.528,98.956,22.374,7.088,0
6.944,1.222,19154.386,5.496,151.895,385.253,14.234,147.053,18.955,9.577,1
8.74,2.264,13359.546,9.801,182.575,564.347,13.416,192.11,26.981,8.438,0
6.586,2.654,7648.587,3.414,328.61,348.788,13.001,151.659,17.64,5.631,1
7.391,5.021,15211.244,3.163,201.155,454.116,11.971,172.967,26.619,5.044,1
9.493,4.303,25838.972,4.445,299.115,203.359,12.059,136.009,24.473,7.317,0
6.043,2.204,25352.4,8.582,249.549,310.404,12.857,178.551,20.659,8.813,0
5.202,8.225,23653.889,3.946,271.05,441.605,8.259,215.469,20.045,8.329,0
8.387,1.75,19250.014,5.961,307.155,334.265,18.216,160.545,17.938,7.608,0
6.273,0.789,21372.682,7.242,288.148,361.736,12.09,141.657,28.983,8.556,1
7.079,3.691,18141.19,6.658,263.387,223.131,10.685,164.649,21.708,7.863,0
6.514,6.379,10317.17,7.136,292.802,483.488,14.281,250.713,24.805,8.479,0
7.368,3.007,11614.238,7.936,283.443,244.251,11.984,250.257,22.936,9.087,1
6.149,0.973,13553.324,5.716,247.178,589.883,18.092,163.704,21.77,6.599,0
6.92,3.472,26608.834,4.186,228.345,323.077,16.526,217.956,24.893,5.806,0
7.55,3.802,24498.49,5.394,424.838,501.084,12.918,188.992,25.97,8.712,0
6.092,4.098,10480.796,4.422,227.37,489.265,16.725,260.623,23.803,6.481,0
6.4,3.524,17847.042,10.143,381.195,286.791,13.559,200.536,21.904,3.896,1
6.753,6.959,14883.054,4.035,206.764,335.909,7.306,178.915,16.697,9.969,1
5.671,1.195,16491.846,6.066,333.865,350.107,16.504,277.993,19.5,7.857,1
6.677,0.2,14015.722,2.098,416.619,358.242,3.948,139.191,21.225,7.777,0
7.219,0.476,26636.996,5.366,236.312,249.28,1.5,207.556,23.093,7.067,1
6.7,0.959,17377.108,4.526,208.272,469.064,15.641,265.134,12.913,8.907,1
6.829,5.639,18905.019,6.451,228.515,322.35,14.496,226.639,26.593,5.09,0
7.08,2.395,18957.678,6.504,263.354,391.299,14.195,148.044,24.862,7.406,1
6.444,8.661,10819.494,7.934,292.359,525.762,18.753,145.083,19.625,7.908,0
7.791,1.113,18205.599,7.775,261.6,473.616,12.389,112.533,17.686,8.392,1
8.536,8.545,24405.059,4.967,229.301,330.443,10.798,271.561,19.018,4.325,0
6.636,1.45,27072.491,3.211,431.136,529.912,16.085,127.691,15.323,8.469,1
7.585,2.65,10039.203,3.446,247.963,484.865,9.288,229.237,21.032,6.646,1
6.86,0.592,7629.092,5.705,212.291,320.299,11.429,111.542,21.959,6.227,1
7.465,7.796,17903.875,5.416,335.593,343.314,13.637,330.64,28.327,4.589,0
8.666,2.939,24709.719,5.616,336.947,525.06,13.996,115.591,25.751,11.419,0
7.609,11.986,19837.377,4.03,385.062,498.441,11.001,192.339,30.233,7.169,0
5.327,6.581,21921.924,7.974,428.868,224.692,10.293,256.663,23.651,7.842,0
7.554,2.599,8658.381,2.155,294.433,284.329,7.46,151.331,17.716,5.507,1
8.333,1.664,13782.081,3.919,240.498,488.445,8.958,221.007,33.096,4.647,0
6.878,5.813,3225.27,2.946,103.31,264.075,20.686,174.499,21.152,8.866,0
8.096,3.18,16573.828,4.682,185.283,501.593,11.305,211.351,14.035,4.97,0
6.41,1.587,3432.574,7.593,282.728,637.294,13.352,249.442,24.278,9.746,1
5.614,3.358,26162.301,4.524,164.62,449.795,5.789,166.44,13.779,10.641,1
7.241,0.389,27606.34,5.303,130.265,294.241,24.034,272.33,22.509,6.004,0
5.344,4.154,18414.183,6.428,270.595,426.181,8.623,209.384,20.243,6.57,0
6.86,4.741,7668.275,4.429,331.025,529.154,7.212,297.166,26.037,2.822,0
8.387,1.076,19942.132,5.865,244.049,416.869,12.225,144.243,28.531,4.263,0
5.19,7.086,29584.362,5.602,341.227,463.06,8.484,154.686,21.116,8.537,0
5.821,6.093,20592.281,2.838,317.41,309.07,14.142,177.225,20.702,9.658,0
6.068,3.884,25202.396,4.171,362.685,318.16,5.698,123.304,27.397,5.993,1
7.037,1.356,14346.425,5.809,449.742,513.727,17.617,240.924,18.553,6.265,1
6.734,4.944,11837.135,7.664,460.0,319.553,16.729,185.829,23.374,4.554,0
8.499,2.291,17039.397,7.663,327.192,110.0,11.966,126.963,26.141,5.366,0
8.054,3.591,4976.415,9.291,225.913,368.24,5.05,144.746,18.415,9.792,1
7.595,5.28,32216.576,6.071,270.256,442.704,8.845,142.152,21.256,7.958,0
7.246,0.804,18407.725,4.273,398.727,532.021,12.781,240.801,23.585,4.169,0
7.493,0.564,23134.024,4.972,189.076,602.493,7.053,215.145,30.718,8.42,1
6.238,2.111,14500.195,4.872,388.051,415.164,7.785,182.709,15.985,11.668,1
7.957,10.673,7469.939,4.284,250.556,484.034,17.222,169.909,22.135,6.691,0
5.988,12.314,26767.796,5.866,284.306,419.475,13.197,176.87,30.852,6.201,0
7.935,4.087,10193.348,5.959,196.347,447.488,13.055,287.961,28.634,8.447,0
8.286,6.211,19767.452,2.752,152.483,382.577,14.874,177.135,21.402,9.212,0
7.311,3.035,20380.051,7.276,241.299,451.373,11.763,237.165,22.586,8.879,1
6.924,3.36,17980.683,1.426,375.756,317.409,12.232,171.888,25.665,6.829,1
7.5,2.648,12400.202,4.655,205.333,642.61,14.552,282.537,25.785,6.643,1
4.5,6.733,16527.39,7.399,402.064,118.053,16.14,122.944,30.993,4.296,0
7.402,8.726,11324.67,6.315,216.306,473.506,14.741,234.387,29.562,5.186,0
6.987,3.301,22759.655,4.386,174.201,443.346,19.072,148.233,14.983,8.049,1
7.049,3.349,21215.055,9.038,286.559,449.554,12.611,311.731,13.749,6.438,0
7.807,2.757,17360.884,4.22,322.721,263.062,6.438,228.354,19.847,7.844,1
7.025,8.874,13805.715,1.096,280.987,203.623,17.397,96.291,12.255,6.97,1
5.96,5.685,31197.566,6.005,277.831,477.693,11.397,138.769,30.612,7.511,0
6.959,1.327,9036.584,1.543,401.252,565.92,9.041,227.683,14.324,7.435,1
7.168,10.46,7460.015,3.437,273.068,431.427,15.706,226.179,21.265,8.743,1
7.215,0.218,16966.961,6.346,225.015,501.632,14.168,222.072,17.947,8.928,1
7.262,8.29,15822.692,4.178,168.698,350.023,6.746,198.612,13.795,7.369,1
8.139,6.367,24634.286,6.261,373.259,444.789,15.518,172.459,29.848,7.032,0
6.014,3.308,21699.757,2.784,228.817,552.079,20.934,249.771,19.655,7.335,0
7.276,3.247,17691.916,6.817,237.111,367.374,13.956,142.471,34.061,5.989,0
8.39,2.867,20752.196,1.718,354.41,547.286,11.347,192.939,31.151,9.355,0
5.365,1.386,20634.077,7.737,439.603,208.851,4.988,155.892,22.982,6.388,0
7.28,9.917,31173.119,4.149,286.363,331.44,21.73,151.504,10.848,7.112,0
6.515,3.174,19146.862,8.162,253.355,470.51,10.174,164.755,21.027,7.717,0
6.729,1.363,13072.999,3.419,264.52,633.337,6.164,149.561,36.258,7.958,1
6.195,9.521,18790.257,8.95,226.279,406.713,12.999,220.234,25.484,7.884,0
6.93,4.424,1800.0,3.185,234.753,280.93,17.037,108.814,22.03,7.154,1
8.941,4.617,17287.791,1.512,235.208,630.609,18.062,213.706,19.454,10.361,0
5.836,10.962,24604.386,5.186,342.412,389.863,9.475,155.115,28.146,7.536,0
5.93,5.078,21414.197,7.568,257.505,484.773,12.057,191.671,25.144,6.948,0
5.798,1.895,19440.614,6.682,380.542,364.869,12.502,180.824,24.647,10.636,1
8.827,5.072,21720.055,7.426,255.116,422.073,16.895,162.543,29.589,6.0,0
6.638,1.503,24671.168,6.721,233.803,337.546,15.168,256.722,29.278,10.631,1
7.074,2.209,26764.017,3.459,373.619,675.917,13.718,169.601,25.536,3.808,0
6.697,3.991,20408.463,6.633,266.832,547.948,16.617,228.693,13.796,6.677,0
6.156,6.146,15445.276,5.286,254.253,617.175,6.371,229.401,17.303,4.395,0
6.865,1.989,2462.107,3.681,267.853,310.385,14.394,175.008,19.424,4.948,1
9.558,2.802,23858.127,5.459,389.665,185.997,13.497,120.816,22.784,8.215,0
8.492,2.779,20848.816,4.987,291.017,369.845,12.275,141.482,31.694,7.914,1
6.247,6.888,18492.287,7.932,371.206,706.977,11.376,260.334,34.905,6.305,0
7.748,3.244,13027.665,4.07,245.057,366.375,13.104,217.09,25.272,10.341,1
6.268,10.368,23773.488,3.977,357.599,531.215,9.934,197.637,26.191,9.442,0
5.324,2.208,15827.963,3.703,285.203,282.019,24.773,158.813,14.235,7.307,0
8.12,2.063,17276.256,8.894,340.019,305.519,18.615,285.25,20.548,4.145,0
8.26,8.19,17136.074,3.815,347.165,395.425,17.418,142.254,19.792,9.126,0
8.146,4.785,20424.036,7.694,184.962,658.163,10.116,197.684,19.307,6.531,0
6.63,12.5,10033.892,3.037,271.116,537.028,8.193,217.599,26.362,7.926,0
6.933,7.986,21156.587,6.113,346.362,158.618,11.546,118.186,20.384,8.836,0
7.85,1.039,12814.226,5.625,359.901,485.008,13.014,148.284,12.008,6.678,1
7.491,3.186,13042.276,7.567,371.542,267.152,5.982,164.835,27.887,9.702,1
6.706,3.987,23254.06,7.277,273.902,323.213,14.66,237.405,29.98,6.717,0
5.481,3.785,11032.315,5.264,395.918,466.247,17.37,165.919,24.672,8.37,0
7.214,2.838,23242.376,4.026,209.137,572.812,2.439,111.01,22.024,8.759,1
8.179,3.729,18158.884,8.35,137.945,566.912,8.448,105.724,17.784,9.042,0
5.902,3.876,6786.201,3.826,241.403,444.788,18.025,147.815,18.144,10.54,1
7.739,2.015,26369.093,0.565,366.647,446.474,14.183,108.044,29.212,5.92,0
7.432,6.699,19516.649,1.383,172.672,566.545,8.602,232.275,18.659,5.361,0
7.85,9.596,20061.818,1.87,140.062,215.935,15.809,234.431,34.673,6.821,0
7.972,5.378,24047.075,6.291,118.757,624.283,9.826,190.388,28.508,12.879,1
6.406,4.323,27244.935,9.529,327.555,316.682,11.437,175.529,24.97,9.831,0
5.483,3.033,18806.675,1.02,141.954,436.274,7.375,230.788,38.0,6.41,0
6.566,3.963,21512.368,3.535,311.668,345.45,12.576,228.51,30.399,6.774,0
7.989,4.259,19912.709,5.278,237.113,266.279,17.082,135.733,20.504,7.373,0
6.558,1.391,15271.36,8.191,199.499,460.391,10.351,143.332,17.063,7.891,1
6.406,6.476,7207.664,3.524,180.109,433.384,15.405,228.86,20.541,8.554,0
5.279,2.332,18896.993,6.282,282.535,392.353,12.275,204.881,22.404,8.629,0
8.853,8.482,26463.096,4.6,200.897,386.68,17.356,223.453,18.602,9.554,0
7.926,3.638,21291.664,10.314,264.577,588.114,10.416,140.834,16.478,11.005,0
7.87,6.553,10561.749,5.389,299.12,668.136,19.498,148.659,24.366,7.16,0
8.068,5.323,24633.89,5.811,317.076,555.348,15.567,215.514,28.152,7.015,1
7.677,1.052,15488.446,5.269,344.417,438.289,13.598,152.492,33.775,6.744,1
6.856,7.982,3901.832,4.271,279.002,208.528,13.762,106.403,23.445,6.902,0
6.936,1.737,24116.375,7.0,175.742,480.259,10.408,153.325,26.495,8.064,1
6.672,2.207,11355.026,2.782,304.587,485.567,10.118,178.717,12.263,8.544,1
9.7,2.368,29074.734,1.096,320.777,497.56,13.68,283.574,27.98,10.507,0
7.656,0.705,24960.527,4.8,249.567,268.082,7.106,143.885,17.149,6.124,1
6.636,3.764,16019.305,6.731,240.528,507.008,9.792,186.607,24.768,8.046,1
7.565,6.833,20485.839,3.938,460.0,592.39,8.282,302.361,22.75,5.887,0
6.089,8.345,33255.471,5.473,155.091,287.085,15.073,129.863,21.597,8.129,0
8.605,2.837,24000.046,2.659,306.962,487.159,15.142,226.327,14.394,12.211,1
6.439,3.223,19048.3,7.225,353.913,307.587,18.205,150.896,18.609,7.154,0
7.601,5.58,36000.0,6.404,235.992,392.488,10.994,212.093,17.464,11.814,0
8.166,2.899,18264.277,5.139,250.676,291.157,8.865,318.405,19.554,5.893,0
7.485,7.251,21281.796,5.437,230.875,362.915,5.888,233.535,29.858,6.571,0
7.194,3.104,11414.614,2.313,265.019,363.845,13.719,198.352,20.954,6.783,1
7.111,1.538,6614.327,2.402,341.457,454.473,18.786,137.688,19.097,7.715,1
7.044,3.836,15629.285,4.856,248.152,511.843,12.164,180.352,26.767,7.123,1
6.523,0.854,17749.653,6.127,460.0,550.941,12.62,158.905,24.894,8.775,1
6.651,3.798,19640.213,6.229,226.517,326.764,12.472,110.219,34.787,2.454,0
8.58,4.335,8271.488,4.374,382.089,448.184,13.643,72.909,28.865,5.636,0
6.991,1.744,21794.383,6.591,311.234,273.22,16.987,144.324,11.464,10.81,1
6.314,4.214,12102.494,7.942,274.22,391.717,21.136,188.265,27.67,4.866,1
6.584,2.634,21456.773,4.923,390.015,410.129,14.742,251.563,26.98,6.758,0
8.2,1.683,23577.022,5.719,128.994,294.296,15.039,149.4,32.625,8.502,0
7.776,0.738,14929.191,4.684,301.14,472.093,11.423,200.539,21.849,7.318,1
7.66,0.954,11235.177,4.847,204.108,386.309,12.015,96.434,29.359,5.87,1
6.842,9.058,27533.721,5.439,227.941,423.524,11.954,145.978,20.943,8.201,0
7.673,2.551,23173.929,8.507,223.945,551.941,10.852,55.397,24.685,8.905,0
6.456,4.26,18487.846,6.931,183.075,353.679,13.074,312.877,16.881,6.325,1
6.84,2.819,27044.78,6.75,124.531,507.024,15.312,200.89,15.028,8.133,0
8.07,9.207,18041.201,4.193,298.047,578.145,12.786,199.153,28.044,8.949,0
7.974,1.69,13466.703,3.304,259.401,570.792,11.238,219.437,23.021,9.345,1
6.118,3.433,10988.937,5.879,239.45,382.424,13.067,329.28,15.572,8.066,0
6.244,2.194,16799.306,7.587,329.53,288.281,8.181,166.06,27.724,10.477,1
7.209,6.504,22516.183,8.547,303.414,319.808,16.115,136.057,7.133,7.485,0
8.826,4.227,26533.435,0.5,242.319,214.598,10.641,300.01,18.303,5.631,0
5.184,3.34,17652.816,9.993,460.0,487.322,7.303,122.301,13.368,7.007,0
7.378,1.083,25385.312,5.934,351.529,494.77,14.578,261.397,29.955,9.582,1
5.724,11.946,16107.249,6.918,460.0,419.088,14.801,185.94,20.485,5.792,0
6.466,2.883,12419.613,1.62,229.729,239.864,8.63,213.834,23.458,3.365,0
6.736,1.455,9008.964,4.626,286.224,361.166,15.306,110.981,24.764,8.228,1
6.679,0.742,14209.44,6.746,159.747,570.631,15.353,332.647,27.69,6.601,0
6.566,0.923,9253.727,2.751,236.909,478.16,21.387,168.977,27.033,11.447,0
7.107,3.316,30561.826,0.5,215.363,498.966,11.442,151.426,27.647,7.88,1
6.565,6.574,20355.427,5.771,460.0,720.0,12.255,220.16,21.46,9.627,0
5.638,4.028,16878.503,5.0,206.139,444.369,9.769,154.527,27.948,6.517,0
7.88,0.788,28693.011,7.983,245.107,145.962,14.722,213.345,19.199,8.469,0
7.853,3.311,9035.262,4.78,141.438,272.868,12.479,120.646,20.668,8.069,1
7.943,7.936,16608.572,4.927,310.366,441.667,16.946,198.008,14.087,9.883,0
5.559,2.481,30497.88,6.495,188.481,407.249,10.547,156.826,32.723,7.744,0
7.399,4.037,16563.737,7.167,343.076,384.361,14.623,146.918,17.237,6.457,0
7.776,2.568,33404.29,3.683,112.992,386.468,11.43,138.227,31.183,9.27,0
6.069,4.691,22606.431,6.989,254.662,310.868,4.209,238.723,26.116,6.114,0
7.109,1.667,25988.518,4.057,108.107,449.858,15.326,170.728,24.156,5.929,0
6.984,0.2,26176.816,5.133,223.306,572.323,4.634,179.886,25.129,7.321,1
8.942,1.144,17510.416,6.442,240.587,612.881,11.782,213.489,16.822,6.813,0
9.024,2.237,14326.624,6.79,214.082,609.478,11.853,252.709,32.312,7.43,0
5.436,3.065,16749.638,5.737,222.482,290.284,12.462,139.221,20.902,6.198,0
9.594,2.311,11084.939,2.939,347.549,402.579,12.713,202.135,28.875,9.416,0
6.185,2.273,17071.241,1.359,449.829,367.339,12.669,139.969,19.849,9.39,1
8.081,6.611,17471.361,4.724,293.841,476.037,14.134,178.532,14.698,8.895,0
8.07,1.324,28480.027,7.043,191.896,395.076,12.011,248.58,34.504,8.717,0
6.104,3.327,21356.292,5.999,270.447,377.925,24.271,60.967,19.5,4.074,0
7.593,0.841,32857.014,5.584,234.887,579.55,10.959,139.242,25.679,7.609,0
6.992,5.381,3462.963,5.086,340.598,416.805,6.998,177.277,6.0,8.944,0
7.654,3.953,9589.216,5.718,289.468,419.902,6.155,210.934,22.589,9.813,1
7.331,11.795,15190.255,3.112,130.887,454.589,15.462,257.086,26.504,7.033,0
8.296,1.277,27201.214,6.66,358.325,486.143,5.338,96.65,23.827,9.746,0
7.175,9.501,16787.748,6.793,347.181,486.835,7.056,267.851,22.432,7.953,1
6.932,1.441,7959.126,4.389,392.077,591.256,6.408,218.644,21.776,2.751,0
8.196,2.466,15906.691,5.974,221.103,250.726,14.557,176.765,28.049,7.221,1
7.68,0.987,9715.611,1.667,290.583,443.935,18.488,109.203,15.497,5.888,1
7.832,11.695,8441.433,5.46,164.294,392.714,8.252,158.516,21.627,6.298,0
6.435,4.396,30492.381,4.834,260.644,368.895,14.399,246.386,31.321,9.294,0
6.055,4.43,15214.542,7.618,298.744,495.934,1.5,191.453,14.4,7.935,0
6.532,1.563,18625.494,4.703,210.935,560.585,9.149,180.056,22.382,6.467,1
6.479,0.254,16895.784,6.837,294.099,333.989,15.211,136.569,16.601,6.182,1
7.886,2.386,15865.278,4.318,279.28,607.433,11.095,230.405,24.746,8.188,1
8.076,2.035,12035.703,0.528,226.764,233.202,16.973,181.766,23.192,7.068,1
6.945,0.509,15480.875,4.649,383.785,475.831,2.451,176.986,17.525,8.654,1
8.531,2.515,19692.031,5.494,245.072,298.118,9.193,184.762,23.141,5.913,0
8.468,3.332,26721.13,5.402,276.292,327.987,14.537,154.511,23.381,6.715,0
7.343,4.612,23658.332,5.432,140.313,412.21,14.481,145.159,19.466,5.385,0
6.278,0.308,9576.065,4.087,309.131,357.141,14.826,106.426,20.584,6.404,1
8.675,1.048,23925.461,4.453,224.464,110.0,13.434,155.929,19.241,11.32,1
7.039,1.612,20590.347,2.847,346.363,478.376,7.351,90.991,9.773,6.074,1
7.226,6.81,13439.313,1.107,153.553,498.571,8.994,216.714,28.376,6.548,0
6.76,6.722,18683.631,4.887,301.609,385.672,22.924,153.28,29.93,5.917,0
6.21,4.225,21219.867,3.61,80.0,376.243,6.833,168.423,12.849,7.07,0
5.631,2.479,17805.844,7.26,317.349,360.253,6.13,187.958,30.007,7.27,0
7.733,7.098,20621.582,0.736,250.142,199.624,15.56,145.879,25.329,9.593,0
6.317,3.857,11890.818,5.682,298.945,186.925,7.733,125.375,16.607,6.67,0
9.7,6.832,30453.408,9.343,213.986,501.436,20.565,202.2,21.787,7.606,0
6.014,4.366,4959.649,4.734,184.31,532.764,24.805,293.896,18.908,4.027,1
5.843,0.597,21256.033,5.095,228.067,476.62,11.416,240.058,28.355,5.843,1
7.61,0.248,19883.963,5.953,281.321,450.51,13.893,260.393,17.678,9.354,0
8.629,2.281,21679.132,6.109,314.009,498.926,4.289,118.586,35.313,5.86,0
7.165,5.844,12895.593,4.283,290.827,490.933,17.142,179.47,29.72,8.782,1
7.672,2.013,25099.781,3.083,185.375,310.781,2.426,179.11,15.895,5.734,0
5.256,8.036,16798.126,6.405,421.203,431.695,6.472,268.563,32.503,7.089,0
6.422,5.482,9789.603,1.284,293.289,369.471,13.034,240.425,27.233,10.487,1
6.026,7.564,10383.732,6.764,212.099,371.056,14.964,180.972,22.126,8.741,0
5.205,2.333,18310.583,4.316,301.059,541.825,5.822,64.14,26.919,3.886,0
7.217,1.366,7122.61,5.106,286.759,593.959,10.059,126.266,28.363,13.198,1
4.857,1.186,29203.289,4.049,250.097,123.439,5.023,224.812,18.602,5.531,1
5.778,4.666,24317.988,7.962,240.113,374.391,11.073,172.359,27.843,10.759,0
6.563,0.658,29374.488,5.598,348.714,368.108,8.897,183.938,20.49,6.597,1
6.269,0.706,28689.253,4.457,411.867,544.377,9.639,223.75,27.723,5.188,0
7.496,1.914,15212.608,4.4,91.94,230.955,15.43,252.249,22.209,6.588,1
7.406,3.751,11849.358,4.804,369.596,110.0,13.767,147.165,17.157,6.224,0
7.994,1.636,1800.0,9.894,266.694,503.512,15.025,222.541,26.655,6.413,0
7.852,6.732,14859.478,2.466,285.119,520.552,11.919,278.63,20.804,7.508,0
8.241,7.637,28976.744,7.266,379.89,190.919,15.726,268.539,23.896,8.26,0
7.098,0.2,12118.971,6.236,80.0,390.072,12.342,160.805,25.371,9.957,1
7.403,4.427,16135.514,8.18,334.257,588.622,10.289,206.218,31.522,7.786,0
7.612,2.022,13895.293,6.358,374.012,275.635,15.068,231.291,20.472,7.539,0
7.242,6.029,19937.468,5.107,206.468,417.126,10.595,191.108,18.081,6.099,1
6.703,4.536,25859.55,7.14,146.514,465.955,11.017,176.294,32.546,6.896,0
6.768,3.621,7495.131,5.56,404.394,233.684,17.307,94.825,23.018,6.493,0
6.282,2.879,8739.456,6.61,115.707,337.339,16.883,142.421,19.838,4.928,0
7.522,0.71,27163.03,7.956,300.585,202.1,11.163,151.757,25.101,11.992,1
7.006,12.5,22264.935,5.285,351.964,385.256,16.428,120.624,21.007,7.836,0
6.437,1.036,15814.026,4.251,298.711,310.081,6.748,196.022,21.447,7.859,1
6.438,9.57,28596.038,3.812,312.994,429.922,11.189,237.661,37.927,9.592,0
5.89,5.173,8627.312,6.001,242.473,481.179,9.117,166.943,17.27,2.753,0
8.079,2.108,23552.888,3.344,304.331,571.635,12.492,68.796,14.659,11.43,1
7.179,1.851,17056.452,4.4,204.78,684.874,15.806,183.489,30.108,5.854,0
6.237,0.677,21442.535,3.165,215.79,429.924,15.001,205.069,20.801,5.81,1
7.909,3.275,1983.511,6.117,268.021,367.012,14.388,201.35,24.851,6.423,1
6.54,0.646,15805.428,3.596,134.113,360.04,13.119,150.337,26.702,9.172,1
5.693,6.996,22289.179,2.527,314.048,289.216,11.783,123.725,12.851,11.26,1
8.121,3.894,17088.354,2.878,80.0,458.779,17.905,238.752,29.615,10.351,0
6.563,3.111,25659.436,3.958,295.839,345.615,5.541,209.345,19.744,6.533,0
6.691,3.425,25441.733,4.139,303.834,467.166,9.5,152.532,34.013,4.163,0
7.141,4.01,11269.336,5.603,197.466,293.037,14.351,107.435,18.382,6.654,1
8.243,2.43,22855.952,4.777,160.113,349.071,19.375,202.243,32.081,6.249,0
7.12,2.7,11047.693,5.841,230.306,456.882,10.944,140.635,33.131,4.439,0
5.901,10.254,17851.1,6.001,319.373,390.011,11.326,211.048,20.161,8.449,0
7.644,6.529,21764.834,6.581,294.384,174.561,6.695,198.681,21.896,7.408,0
6.615,5.018,12070.661,1.284,170.52,403.177,10.063,304.23,21.179,8.301,0
8.988,2.109,22615.02,2.846,273.983,308.787,15.687,185.715,31.814,8.717,1
7.099,0.412,14215.188,6.21,287.266,546.772,19.607,300.042,24.041,8.633,1
4.865,4.612,13725.466,5.523,283.663,521.533,11.18,194.505,26.09,7.284,0
7.457,3.418,22093.231,7.054,181.14,131.048,8.905,153.319,22.168,10.352,1
9.045,2.653,12066.176,2.012,278.235,501.18,12.814,131.948,25.738,6.518,0
8.676,2.997,11735.569,4.15,343.008,451.716,5.234,141.763,26.116,6.251,0
8.931,1.098,24267.514,4.507,310.642,226.915,18.06,213.599,19.539,6.983,0
6.08,1.428,18205.621,5.433,299.976,510.399,6.962,197.104,33.28,8.368,1
8.012,6.538,8048.223,5.172,404.628,251.414,13.912,88.875,21.819,8.628,0
6.378,0.285,23061.669,6.038,279.262,542.445,13.845,246.109,28.974,6.787,0
7.324,5.909,14857.092,4.871,193.438,327.457,15.325,271.23,15.682,6.825,1
5.827,8.278,8380.413,7.845,193.707,222.834,13.65,88.317,26.967,9.749,1
6.456,4.543,1800.0,8.482,279.962,659.49,12.512,245.661,29.176,5.046,0
6.424,4.383,23372.193,2.864,142.809,219.441,14.429,282.57,24.542,12.345,1
7.999,1.416,11910.533,5.19,238.566,308.277,16.256,91.217,29.24,6.859,0
7.901,1.617,9415.009,6.696,304.455,331.81,20.584,164.301,18.898,7.032,1
7.377,2.258,21656.118,6.271,364.547,350.32,7.539,143.275,25.741,8.066,1
5.75,0.883,22737.645,4.284,133.759,488.854,4.224,243.564,14.18,8.358,1
6.788,1.512,12383.831,5.61,273.422,411.949,5.539,167.192,23.862,6.221,1
6.354,3.408,23432.164,1.933,259.2,525.516,4.34,164.999,18.401,8.009,1
7.97,2.145,30856.804,5.062,268.188,449.63,7.101,213.17,22.601,5.719,0
8.278,3.638,26253.311,2.179,277.033,204.24,6.53,275.779,31.0,6.322,0
8.156,6.521,25241.871,6.116,262.308,470.983,10.626,186.61,33.079,4.511,0
6.345,3.616,19541.839,2.868,383.338,433.057,16.348,164.11,15.562,7.653,1
4.5,4.419,14615.832,5.426,370.74,330.045,15.319,174.361,30.223,7.083,0
5.333,0.634,17136.741,5.738,447.18,653.847,9.7,226.198,31.115,3.775,0
8.522,6.441,20364.82,5.252,264.101,478.002,10.089,116.774,24.883,6.174,0
6.699,0.615,9326.172,3.836,230.091,518.007,21.548,189.096,30.876,7.348,1
6.349,2.021,12499.018,4.679,182.74,522.189,15.177,138.425,20.593,8.947,1
8.743,1.152,8219.624,7.462,220.848,354.594,13.277,123.835,20.019,5.093,0
8.365,0.415,19028.713,4.251,325.739,481.006,13.047,83.043,20.044,6.858,1
7.124,3.476,18039.85,5.143,338.825,442.923,11.198,161.676,27.141,5.42,1
6.807,4.698,13257.394,3.986,322.419,338.157,21.514,249.33,22.436,8.705,1
6.968,8.422,22833.245,7.141,208.52,258.41,11.646,80.914,18.848,6.197,0
7.327,3.858,10710.098,5.256,208.979,407.908,13.172,219.85,19.126,8.334,1
8.7,1.503,13016.074,3.572,431.299,475.432,5.08,154.314,23.007,6.755,0
7.522,2.102,22573.422,5.114,194.281,406.949,9.636,131.513,18.075,4.333,0
7.826,0.497,23537.303,4.618,385.405,383.123,10.022,208.913,26.877,7.274,1
8.269,2.292,12327.78,7.885,299.389,408.283,14.688,262.081,29.932,5.268,0
5.93,3.076,19008.277,5.011,202.729,370.562,9.012,272.39,28.648,9.415,1
7.855,4.556,12437.753,2.335,164.319,590.918,12.717,205.603,38.0,10.673,1
6.805,5.461,16217.293,6.097,206.442,437.429,9.771,186.134,25.383,8.548,1
4.584,4.448,18434.943,8.672,300.499,346.624,7.547,211.535,32.832,6.247,0
4.972,1.361,21142.38,7.494,187.682,188.037,7.364,326.233,24.066,7.44,0
6.082,1.022,19564.134,2.894,397.125,381.335,11.72,173.903,21.385,7.922,1
7.631,5.187,19275.555,4.563,247.332,335.781,12.964,252.422,23.691,9.352,1
7.214,0.397,10489.761,5.039,324.538,331.325,11.628,157.42,23.965,7.061,1
7.284,11.193,20023.798,5.063,317.675,518.113,8.752,144.315,22.283,8.135,0
9.051,1.633,21081.925,5.862,402.862,414.568,11.88,287.29,16.721,4.378,0
5.831,7.062,21978.074,4.412,227.773,203.107,11.048,190.146,17.319,7.835,0
7.073,1.905,12823.119,3.269,274.017,479.26,7.812,202.351,29.572,5.851,0
7.404,4.778,23451.307,7.004,145.881,215.156,12.874,220.082,27.838,7.477,0
6.364,1.059,8937.973,2.853,273.768,488.198,20.646,140.904,33.317,5.531,0
7.128,3.22,14699.682,3.496,361.901,347.991,11.827,165.895,20.722,8.141,1
5.5,0.537,15709.126,2.84,283.655,415.429,5.925,154.687,20.181,8.548,1
8.51,4.012,9294.341,6.324,460.0,402.011,19.108,208.27,16.335,6.981,0
6.418,1.041,15610.378,5.313,309.175,387.225,18.157,210.165,29.124,5.841,1
9.131,1.208,18939.626,6.867,219.065,430.143,18.946,156.972,17.826,8.433,0
7.068,2.197,5632.481,3.53,303.74,414.826,12.31,301.527,22.821,10.203,1
8.128,2.583,14934.526,2.594,140.611,629.368,8.974,188.494,24.817,10.859,1
7.047,4.561,6135.394,4.212,197.087,431.874,8.481,195.653,13.932,8.113,1
7.069,4.237,30770.002,4.735,161.554,434.662,17.636,263.892,27.506,7.901,0
6.516,3.482,18881.193,5.518,266.369,319.857,19.726,141.879,28.858,5.033,1
7.219,5.896,18317.89,1.735,259.856,450.707,8.358,161.352,24.605,9.765,1
7.418,4.151,19008.477,6.057,367.434,282.169,1.5,205.703,22.497,3.219,0
6.316,4.372,21429.384,3.312,256.579,543.015,12.42,108.839,22.813,9.545,1
6.975,1.198,23858.007,3.805,179.786,226.878,8.431,176.94,31.121,7.448,1
6.49,6.214,7336.899,7.447,397.542,303.761,9.317,302.798,23.309,3.022,0
9.4,5.692,26016.154,0.734,80.0,209.504,11.428,290.594,22.883,8.006,1
7.01,3.611,25597.864,5.745,268.27,455.357,14.344,239.347,19.018,7.118,1
8.645,5.549,17068.747,5.737,283.497,354.135,8.986,255.051,6.765,6.592,0
6.904,3.031,16728.264,3.462,264.126,487.311,13.112,217.136,29.359,6.914,0
7.359,8.709,1800.0,4.206,307.508,287.929,11.932,166.267,22.983,7.366,1
5.779,3.365,9414.057,7.542,274.409,468.777,2.126,280.397,17.923,7.361,0
6.653,2.952,20872.52,9.026,307.471,474.58,14.952,137.815,35.24,4.744,0
7.311,4.173,25304.014,7.229,213.811,430.416,10.47,243.265,25.549,8.125,1
8.686,9.937,22237.44,8.872,140.981,408.705,6.813,161.995,21.805,6.717,0
7.322,1.957,17007.852,3.717,261.06,421.464,9.233,165.306,28.906,10.256,1
8.484,3.975,30018.173,1.94,177.745,295.717,13.413,219.626,25.134,8.948,0
7.741,2.083,24033.641,4.995,203.075,275.968,12.708,301.869,25.021,9.151,1
8.727,2.949,14940.128,6.71,363.726,470.265,15.4,268.576,19.47,10.751,0
7.041,1.498,31683.719,1.39,397.43,360.757,14.465,208.632,27.039,8.725,1
9.49,4.288,10374.913,3.247,362.13,459.407,7.228,193.458,28.454,7.137,1
6.615,3.156,7933.039,3.469,346.377,591.119,1.5,232.981,19.501,2.795,0
6.334,5.467,14762.815,5.813,270.096,350.141,13.044,265.084,12.01,7.834,1
5.89,6.546,12568.839,5.555,351.313,332.989,15.339,93.169,28.51,10.515,0
9.431,7.236,15127.945,3.55,295.228,366.086,11.589,183.014,26.645,9.01,0
7.919,2.152,22687.59,5.46,430.537,409.677,15.473,132.116,27.884,6.486,0
6.766,4.179,17279.133,2.81,186.961,478.697,7.993,177.973,23.268,7.508,1
8.349,7.555,17446.071,4.247,322.172,401.594,10.943,120.815,28.584,6.399,0
7.788,1.487,17882.296,2.57,157.535,654.426,8.357,90.666,19.213,7.95,1
9.066,3.419,2469.884,4.8,322.66,455.502,15.638,117.441,21.918,6.481,0
5.552,1.579,7650.807,3.499,118.876,498.699,8.403,159.557,16.928,9.991,1
6.835,9.849,14995.477,6.481,161.849,400.577,21.769,222.26,29.713,7.617,0
6.637,7.496,12020.963,5.048,155.977,526.42,10.241,145.236,22.729,7.864,0
5.126,4.707,15993.381,4.647,286.431,380.367,16.092,142.386,24.345,5.909,0
8.16,4.654,26626.834,8.636,295.135,327.693,10.299,211.764,25.513,6.648,0
6.83,1.715,17016.078,5.867,460.0,513.641,18.519,205.773,21.616,5.32,0
7.84,8.102,8905.907,4.364,257.24,398.125,18.348,283.62,27.77,9.951,0
9.46,2.488,12344.851,3.933,330.666,434.432,11.043,241.408,32.616,6.476,1
6.747,1.865,28618.743,2.738,278.674,522.826,13.736,133.576,28.682,7.687,1
6.679,6.792,27461.211,4.968,323.556,421.678,18.233,153.119,13.005,4.612,0
7.219,2.301,21373.203,5.715,277.211,387.09,13.869,231.056,23.637,5.183,1
8.087,1.932,7343.86,1.271,358.467,340.752,8.357,141.24,23.9,6.949,1
6.533,5.689,19494.232,2.372,175.523,532.402,12.815,172.161,30.205,6.84,0
6.469,1.11,19994.031,4.068,80.0,363.993,9.133,95.925,19.815,7.841,1
8.157,4.748,17666.011,2.904,300.479,398.868,13.179,118.136,16.966,11.02,0
7.479,3.448,13794.928,5.187,111.568,439.429,8.956,259.266,27.847,3.769,0
5.055,5.363,15142.898,5.464,376.498,438.934,14.178,199.196,22.888,9.161,0
5.875,4.383,13341.853,4.855,218.41,526.644,4.45,155.404,19.382,8.297,1
8.601,12.5,10057.019,6.2,176.75,396.622,7.451,163.132,21.491,6.287,0
7.502,3.692,26378.921,3.93,460.0,570.166,8.93,284.341,14.816,6.619,0
6.338,2.295,23235.04,5.008,263.432,375.149,11.779,153.875,23.987,9.416,1
6.93,3.17,15647.959,3.093,247.141,449.491,5.696,216.035,21.238,7.288,1
7.113,4.349,19789.159,5.669,328.578,382.947,8.524,237.93,26.091,6.82,1
7.836,9.487,20033.056,5.252,334.314,656.177,16.002,269.473,21.811,5.512,0
5.742,4.967,32728.743,2.703,361.826,362.924,16.537,143.192,23.206,5.895,0
6.259,1.636,23171.696,4.79,151.697,373.776,1.5,113.031,20.359,5.211,0
7.373,12.5,22926.003,5.024,310.569,418.769,9.86,129.298,21.523,8.992,0
7.0,6.362,17746.877,5.662,240.079,372.987,18.237,230.207,16.447,5.988,0
7.672,1.553,14676.244,5.736,186.713,442.739,14.237,299.555,28.987,5.251,0
5.87,1.206,26487.617,3.658,269.09,552.491,14.333,232.119,22.758,7.714,0
7.457,1.003,21739.769,6.627,111.044,422.677,15.039,153.728,11.463,5.931,0
8.192,3.045,12107.977,6.146,343.449,427.112,8.185,255.33,13.805,10.184,1
7.587,3.143,20450.133,3.651,240.293,377.502,13.463,164.2,29.018,7.474,1
7.239,1.83,22943.01,2.815,224.412,344.391,14.623,144.256,22.749,7.769,1
7.004,0.864,3877.099,3.804,253.297,416.584,12.982,171.771,22.884,7.774,1
6.265,1.231,11504.486,2.157,250.761,405.912,10.729,158.038,22.984,8.428,1
7.028,5.038,19857.971,5.516,361.958,545.791,12.284,151.396,25.827,8.679,1
8.36,2.522,4991.002,7.467,171.864,289.911,7.369,257.197,31.877,7.453,0
6.981,1.363,6020.147,7.943,232.512,579.544,15.264,161.632,25.582,5.571,1
6.21,3.439,15741.999,2.921,246.593,387.382,6.041,102.699,24.783,7.123,1
6.608,3.941,20695.038,6.674,174.461,422.824,8.827,222.223,19.687,7.507,1
7.301,4.259,20995.594,5.269,278.542,277.22,15.568,137.495,14.053,4.462,0
6.726,3.342,27785.597,0.5,203.471,472.432,13.806,139.268,25.752,3.611,0
7.585,2.966,18034.715,4.435,145.636,289.743,10.321,228.568,26.22,5.217,1
7.623,7.178,15077.756,4.213,309.729,449.807,4.794,150.101,29.378,3.888,1
7.989,1.279,9002.163,7.522,396.518,438.084,12.292,165.093,32.93,6.524,0
8.524,2.671,14999.92,3.358,269.116,365.925,9.664,192.32,16.273,6.009,1
8.096,0.478,22098.941,6.226,256.221,157.167,14.662,174.251,19.439,7.56,1
6.166,2.401,22392.694,4.886,254.42,664.275,10.175,166.393,26.876,8.677,1
6.196,3.622,19220.024,2.208,221.144,278.497,4.622,61.138,23.007,7.921,0
7.024,5.65,21056.247,3.996,364.458,437.73,6.273,180.493,31.372,8.182,0
6.649,0.496,25796.493,8.163,272.994,317.423,10.579,278.74,21.877,9.103,0
5.962,3.543,17989.267,4.753,80.0,530.76,12.989,224.63,34.606,6.813,0
6.658,10.425,26387.572,6.912,366.911,359.462,7.263,169.347,23.325,2.708,0
6.625,4.49,12776.796,6.802,346.076,314.763,9.087,215.86,32.44,4.26,0
6.428,1.068,17023.608,4.203,316.136,476.419,16.066,224.505,9.04,8.297,1
6.784,2.405,14374.584,2.533,80.0,252.365,17.493,143.687,25.821,7.753,1
8.278,4.595,22652.583,2.796,264.749,355.407,13.746,259.145,23.135,8.651,1
7.299,1.903,10905.851,8.003,340.941,487.829,11.217,198.969,10.857,12.516,1
9.572,3.852,15408.524,5.403,297.257,585.821,9.704,172.822,22.911,7.795,0
7.271,3.688,5412.103,1.632,282.438,289.511,14.927,277.474,15.821,7.228,1
6.81,3.01,21363.445,6.768,341.119,331.613,11.076,76.242,19.986,8.023,1
7.104,0.961,25604.137,1.526,276.841,447.257,16.641,125.33,24.77,5.258,1
7.356,1.733,23419.602,3.448,367.308,165.309,16.877,225.288,22.287,8.759,1
7.535,11.122,22782.079,5.263,278.749,567.915,14.345,227.075,25.067,7.092,0
9.177,2.279,22956.103,10.141,271.986,285.06,10.261,280.573,23.912,10.429,0
6.255,2.508,22048.01,6.732,340.855,352.511,10.608,65.921,36.655,4.519,0
7.959,2.498,21493.572,4.135,231.12,436.301,5.103,237.228,24.504,7.408,1
7.308,5.554,21912.937,5.157,171.734,411.148,12.263,121.506,23.653,6.27,0
5.529,2.608,13238.066,6.939,265.323,289.366,12.123,213.039,25.441,5.48,0
7.871,3.063,16198.743,7.944,315.182,611.575,6.301,186.424,22.848,8.521,1
8.368,3.545,17956.581,4.605,343.656,110.0,23.139,236.744,13.813,6.828,0
6.243,5.988,15317.917,4.663,344.126,270.359,15.003,177.054,27.013,9.795,0
7.091,3.074,7318.987,3.44,259.165,328.587,8.718,245.606,30.486,6.444,1
5.375,3.331,9472.442,6.43,250.434,291.035,21.744,144.455,32.02,6.693,0
5.841,1.982,18994.845,7.152,214.67,551.346,10.268,185.521,26.998,11.026,1
8.148,3.917,23387.543,1.223,286.239,205.999,16.237,200.603,21.441,4.968,0
6.634,4.754,17560.722,4.306,125.504,591.896,12.894,282.219,24.525,5.989,1
5.991,4.987,35471.342,2.673,266.935,371.624,10.422,235.812,33.361,2.0,0
7.329,10.014,11521.544,5.402,460.0,241.687,10.984,201.24,21.701,6.596,1
6.578,1.629,20392.124,2.624,137.172,152.892,18.965,225.189,16.078,8.643,1
6.629,3.171,25892.817,2.46,278.331,379.184,16.443,249.739,35.814,8.138,1
7.839,2.621,24426.901,7.347,297.116,320.764,11.949,210.6,17.095,7.66,1
5.938,8.847,21757.935,4.769,308.05,433.379,3.274,133.612,13.883,5.823,0
6.195,5.121,24456.651,4.98,182.835,350.931,13.87,224.561,24.851,7.057,0
7.254,0.701,17860.063,5.963,308.825,519.696,6.891,188.443,25.371,6.684,1
8.069,1.843,28308.731,7.042,219.567,387.901,14.924,170.586,25.657,7.39,0
8.338,2.38,25840.534,4.263,143.655,354.131,9.287,146.812,28.094,7.714,1
6.435,0.812,11960.521,4.307,345.916,521.791,9.758,221.863,22.062,6.769,1
8.037,3.353,19590.192,4.316,321.492,432.38,9.629,218.16,22.146,7.443,1
6.316,2.054,7442.572,7.263,182.842,497.956,17.092,137.444,19.675,7.224,0
8.926,10.302,27391.628,4.964,218.777,542.839,4.552,129.164,23.793,6.185,0
5.966,3.894,18957.504,4.518,215.699,369.744,15.82,294.039,26.143,7.543,0
8.428,2.306,26267.023,5.882,125.295,409.59,14.04,237.335,28.259,5.101,0
6.444,1.356,16789.176,8.763,329.807,506.256,12.173,194.77,17.793,7.726,1
9.113,2.969,5434.261,5.249,332.993,110.921,10.484,223.343,15.772,5.401,0
7.691,8.348,34642.889,4.561,236.728,392.788,14.689,164.275,28.133,7.354,0
6.084,2.645,18352.076,8.986,262.609,378.016,10.52,180.518,19.932,8.238,1
6.578,2.989,10998.644,7.76,274.749,449.886,10.479,191.181,17.286,5.733,1
7.881,6.558,24947.455,7.47,285.773,308.867,12.787,243.037,12.269,9.259,0
8.153,3.813,30733.072,4.099,150.46,536.454,20.239,112.267,31.163,10.619,0
7.029,5.478,16184.152,3.9,306.518,316.468,5.692,133.886,24.599,6.23,1
7.145,4.094,16854.924,1.432,165.082,349.918,14.753,122.639,26.164,7.139,1
7.858,3.931,19047.301,7.03,322.917,325.271,11.856,236.921,25.537,9.581,0
7.232,0.661,10278.691,5.254,174.485,552.586,11.507,184.45,24.233,4.163,1
5.806,1.19,13010.662,1.498,154.491,154.731,5.629,139.599,22.865,7.46,0
6.287,3.523,29082.518,7.504,262.617,619.426,4.599,177.816,22.592,6.856,0
7.335,1.47,16640.658,4.425,260.707,581.804,14.03,155.251,17.334,9.021,1
8.315,2.971,12055.88,4.672,273.818,337.216,6.788,111.101,12.761,6.959,0
8.716,1.091,14561.728,2.074,189.117,528.231,17.074,259.319,36.025,8.214,0
7.88,6.594,24473.354,6.084,282.24,420.611,7.929,181.786,23.22,5.918,0
7.387,1.628,4656.67,6.104,290.244,603.349,14.979,260.59,20.462,9.113,1
7.849,1.353,19155.224,5.004,364.086,519.078,9.908,110.317,18.354,5.381,0
6.433,0.87,33504.422,4.264,280.728,668.177,9.692,217.735,29.088,8.967,1
6.947,4.948,30701.907,10.353,214.052,217.542,8.388,110.662,23.839,7.537,0
6.276,2.968,21225.818,2.693,150.5,427.961,14.466,324.496,17.992,3.162,0
5.851,6.431,26056.877,3.657,134.928,198.108,15.72,94.88,21.239,7.513,0
7.434,1.993,25994.371,6.517,292.453,342.754,11.08,288.781,24.806,8.493,1
7.286,1.161,16681.962,3.071,332.422,674.958,15.16,188.91,20.758,5.187,1
7.788,2.868,23511.16,2.924,189.331,461.184,12.557,179.949,27.727,5.875,1
7.646,7.308,29125.79,7.363,286.697,523.145,6.496,222.414,35.32,7.56,0
7.343,0.644,9285.545,6.31,250.191,466.673,14.203,138.409,20.553,6.479,1
7.657,3.751,21248.231,6.068,326.053,459.055,11.148,233.181,21.347,7.993,0
7.057,4.03,19849.59,5.464,338.617,342.318,1.5,237.209,18.186,7.023,1
7.513,8.12,18170.569,3.716,80.0,319.963,10.742,190.655,22.11,5.025,0
6.374,1.527,17595.116,4.595,352.731,339.101,4.879,203.753,11.63,11.591,1
7.47,0.598,19005.855,4.942,286.437,110.0,6.958,296.13,29.376,6.788,1
7.768,2.159,19551.219,6.792,219.835,395.155,11.38,225.815,15.262,7.624,1
6.43,5.424,24770.999,5.952,222.206,433.782,12.162,146.979,18.323,10.59,1
7.152,3.115,20597.345,3.244,267.699,330.694,8.742,231.279,23.486,8.953,1
6.476,4.338,16343.802,6.679,222.181,389.318,14.873,160.414,30.989,8.386,0
6.573,1.23,12040.511,1.743,185.355,468.006,11.985,149.765,18.045,9.304,1
5.975,2.522,14429.124,4.459,204.837,511.176,10.592,218.196,21.917,8.393,0
8.366,3.202,19197.58,2.816,176.586,261.263,12.695,134.485,24.702,8.393,1
8.166,0.749,12910.54,3.386,379.458,309.627,17.923,192.552,19.105,8.421,1
7.637,3.188,23648.201,8.953,269.752,495.355,2.824,227.056,22.301,7.096,0
9.072,2.34,20295.358,2.159,456.492,475.681,18.348,295.034,13.775,9.335,0
6.911,12.5,24932.928,3.462,296.541,566.328,9.725,225.108,19.939,8.614,0
9.7,3.021,13347.675,6.121,315.057,561.351,8.995,109.152,30.137,3.261,0
6.872,8.417,12098.06,4.16,174.764,694.785,10.69,117.742,27.731,8.931,0
7.355,4.315,24884.372,5.411,246.452,369.868,8.51,284.949,20.426,5.972,0
6.702,2.748,18344.701,7.959,271.179,594.428,7.818,155.116,17.124,7.837,1
7.472,7.597,16183.639,6.409,210.834,294.598,16.311,106.594,21.768,4.39,0
7.936,1.069,22041.293,4.163,225.492,692.286,13.219,134.738,14.511,6.35,1
6.986,2.12,21799.42,4.833,300.713,459.564,3.87,233.677,21.859,6.744,1
8.877,5.648,9337.536,6.161,302.38,470.042,15.533,196.206,20.622,8.366,0
7.339,0.288,26500.193,6.37,151.36,523.791,14.878,225.603,20.41,6.342,0
7.37,2.945,14832.355,5.142,289.118,242.356,5.819,188.185,22.181,3.501,1
6.191,2.926,28550.117,5.821,312.006,276.029,13.311,129.343,26.113,6.517,0
7.518,3.662,8831.934,5.823,214.826,418.881,15.292,91.701,16.976,6.715,0
6.966,2.544,19563.093,4.916,206.187,446.486,5.281,144.098,28.554,8.54,1
6.492,5.49,16293.462,3.89,302.525,654.906,13.784,196.697,29.526,7.667,0
6.324,1.595,4660.975,6.585,80.0,291.096,9.462,124.905,35.758,6.02,0
9.7,6.026,21778.352,5.684,265.177,589.823,14.94,244.06,24.719,7.899,0
6.837,1.197,4994.409,0.938,403.926,373.129,8.299,134.996,31.544,10.701,1
5.643,3.875,15604.165,3.448,80.0,371.457,17.19,99.142,28.663,9.507,0
6.402,6.999,24677.791,4.139,334.944,385.339,11.404,190.036,24.105,3.963,0
7.048,1.475,14054.766,4.698,311.276,368.367,9.733,231.84,15.941,11.855,0
7.647,1.805,11625.728,7.508,142.761,463.385,9.249,272.091,28.192,9.531,1
7.655,6.17,22702.317,11.5,309.242,357.607,16.433,101.351,24.39,10.254,0
7.777,3.478,15878.133,0.5,350.121,235.745,9.246,268.303,33.367,4.664,0
6.455,0.606,14867.112,5.709,164.988,372.863,17.272,200.193,27.293,6.654,1
7.44,3.578,25787.451,5.239,204.886,459.797,13.46,155.845,29.124,8.459,1
6.224,4.861,9912.688,4.739,267.219,236.721,6.265,227.445,19.646,5.381,0
6.48,6.345,14512.553,6.186,348.102,474.82,12.617,264.546,24.419,8.35,0
6.182,3.809,23131.906,5.4,219.005,546.662,12.711,97.651,11.843,10.34,1
5.912,4.418,9492.342,4.377,261.422,582.592,6.118,166.299,26.216,6.8,0
8.164,8.975,29039.757,5.158,208.484,445.52,12.537,160.043,30.063,10.466,1
7.789,5.763,16090.491,6.213,267.087,188.442,14.94,224.429,31.073,8.664,0
8.077,2.471,23184.428,6.023,353.968,482.714,17.577,270.302,20.941,4.054,1
7.139,2.729,23170.829,5.477,274.001,521.061,17.38,194.037,12.48,5.836,1
7.877,6.807,16510.128,3.933,234.616,321.416,23.251,173.93,19.882,9.395,0
5.339,3.752,14386.421,10.738,262.216,396.278,12.503,214.495,22.549,5.542,0
7.963,3.357,17220.73,5.819,196.947,463.032,14.992,177.104,25.371,9.343,1
7.277,2.41,22132.448,6.625,180.477,619.471,9.772,70.675,11.229,8.501,1
7.727,6.633,11088.239,4.084,367.291,374.298,20.979,218.437,22.394,7.962,0
7.48,1.552,9678.819,5.479,404.205,511.951,8.491,244.212,16.983,6.361,1
6.113,2.124,27147.318,5.463,112.722,442.956,20.777,249.053,31.39,7.942,0
5.602,6.619,12723.442,1.276,314.481,428.931,20.199,126.42,9.457,10.428,0
6.388,6.564,19801.545,3.667,338.009,564.656,8.968,223.394,28.874,6.698,0
7.665,12.5,16185.673,3.63,162.007,305.229,17.163,274.302,22.075,8.498,0
7.79,2.954,16473.874,3.899,224.901,432.649,14.555,329.184,11.128,11.011,1
5.732,2.44,26797.533,2.96,215.951,408.262,10.646,216.341,32.729,7.872,0
6.119,2.639,16946.4,5.188,426.58,224.17,11.889,244.112,30.831,6.517,0
6.377,0.689,15180.63,7.895,405.458,552.91,13.695,135.406,30.25,6.497,0
6.743,0.355,15746.848,5.361,186.7,504.482,14.123,128.213,23.54,3.649,0
5.738,3.799,14227.52,2.737,140.964,409.066,19.224,244.303,19.105,5.219,0
5.678,2.294,13144.41,3.038,330.703,373.635,15.071,78.026,23.378,8.009,0
6.278,1.649,14253.595,4.346,311.236,405.027,9.036,198.544,26.167,9.146,0
7.186,3.321,28310.866,2.269,370.739,489.885,15.846,268.683,19.854,6.633,0
5.919,3.864,22124.677,5.709,174.979,411.347,4.636,229.192,18.025,9.123,1
6.984,2.799,15256.222,7.806,326.501,324.9,10.76,228.834,25.86,9.009,1
8.159,2.855,23880.762,3.948,202.8,342.95,11.194,187.279,24.133,6.013,0
5.798,2.273,7183.24,5.252,317.969,403.545,15.462,167.456,28.37,6.328,0
6.894,5.119,26441.909,4.242,261.845,293.089,20.469,308.513,31.834,4.977,0
8.125,2.006,25918.513,3.841,426.553,444.999,13.48,257.85,27.967,8.739,0
6.682,1.358,32036.171,5.479,303.028,309.838,10.874,236.544,16.317,7.407,1
6.526,2.196,24075.084,3.773,238.31,290.479,9.358,191.532,22.925,8.998,1
8.263,3.675,20342.025,3.483,276.724,720.0,16.258,157.873,25.244,7.293,0
6.794,5.336,25892.413,1.861,256.456,637.782,11.623,249.38,27.693,5.707,0
8.204,10.146,13432.239,5.229,166.873,422.273,10.236,173.121,27.977,8.804,0
7.529,3.333,14929.793,7.234,428.616,507.122,16.781,194.329,22.663,3.833,0
6.757,8.488,17082.409,6.515,400.891,527.514,17.762,223.863,20.156,6.793,1
7.58,1.867,26397.73,8.084,250.014,395.947,8.183,201.521,28.85,6.006,0
7.42,1.6,11936.791,3.751,324.49,438.931,5.765,275.25,25.19,10.146,1
8.121,4.276,11246.599,6.802,439.371,373.54,12.06,117.402,24.633,10.55,1
6.552,4.735,19037.498,2.895,370.136,555.68,7.369,193.704,18.913,8.162,1
7.141,3.586,22163.948,6.519,238.872,557.332,6.753,307.594,35.179,6.358,0
7.038,12.5,12929.976,8.388,257.524,592.43,7.817,239.338,24.444,10.498,0
7.804,1.956,21857.717,6.097,119.01,436.92,17.209,179.163,22.496,6.143,0
6.075,7.437,26394.596,8.424,330.856,665.137,15.427,233.935,24.445,4.909,0
8.117,1.638,25303.001,3.903,370.642,395.838,23.559,187.374,22.237,3.823,0
7.566,5.001,19796.403,4.832,371.225,650.632,9.611,270.65,15.525,7.584,1
5.783,3.227,16911.115,3.269,324.588,349.404,18.484,235.169,24.732,4.313,0
8.308,3.768,28781.554,5.17,294.949,249.307,14.721,142.342,14.581,9.954,0
9.334,4.309,17600.126,5.639,180.186,648.337,9.996,203.11,23.598,6.355,0
8.102,3.317,23612.305,5.152,292.175,484.245,11.84,213.024,13.759,5.085,0
8.527,2.847,30228.83,4.152,211.309,467.295,9.975,215.746,10.505,9.408,0
7.185,0.535,22929.243,4.119,309.64,361.742,13.664,207.531,26.555,8.977,1
5.438,5.922,11018.907,5.79,200.071,303.582,16.94,221.061,16.599,10.394,0
5.256,1.012,9446.352,4.781,309.099,314.97,10.841,213.046,25.518,4.341,0
7.355,2.317,15565.409,2.796,377.465,421.626,16.318,150.335,23.982,3.962,1
6.508,3.968,22111.744,1.305,297.058,386.976,18.221,164.894,23.852,10.209,1
6.185,1.198,20391.108,3.909,292.919,172.13,19.223,176.021,19.363,2.349,0
7.037,2.845,31846.033,2.335,342.607,608.251,7.222,195.254,22.24,5.212,0
7.716,5.468,20327.866,3.429,415.478,354.635,12.279,176.2,19.193,7.5,1
5.647,2.274,15371.632,4.253,255.881,553.609,15.692,250.658,28.48,5.007,0
6.651,2.881,10133.276,4.808,309.287,320.322,7.61,137.193,20.199,7.78,0
8.61,1.429,25172.843,3.768,393.455,423.581,6.607,94.595,21.559,5.332,0
6.025,2.495,17460.602,9.482,321.89,521.677,12.381,298.176,27.319,9.722,0
7.97,1.039,7710.092,2.578,94.798,505.122,10.642,145.037,19.395,8.692,0
6.615,3.636,17644.694,7.518,204.172,372.845,11.724,250.521,12.611,7.895,1
7.646,0.817,11027.702,4.775,328.839,466.115,10.379,223.472,16.846,6.761,1
8.197,1.895,14733.356,3.785,230.985,486.114,22.22,146.976,29.123,5.54,0
7.841,3.249,17540.248,6.275,387.43,387.248,10.423,182.687,23.479,7.158,1
8.009,2.7,11616.343,4.194,422.924,271.354,15.135,174.493,24.694,5.183,0
5.948,4.128,14330.443,3.486,214.829,330.052,14.834,209.601,24.715,10.851,1
8.214,2.889,12663.221,8.68,177.237,359.493,4.9,147.791,33.372,7.975,0
6.247,0.532,12837.62,0.711,234.3,408.127,19.098,180.292,10.964,5.834,1
7.36,1.18,10947.867,4.61,229.392,596.086,15.316,187.951,22.259,10.219,1
7.358,3.134,14362.03,5.48,395.568,513.898,13.206,250.6,23.174,7.317,1
7.585,6.476,11684.46,7.916,176.997,307.072,17.258,167.389,22.882,9.918,0
7.437,5.715,21312.797,4.303,328.107,625.383,12.285,136.339,27.637,9.863,1
6.256,12.5,18805.2,10.422,382.966,395.54,16.469,160.041,27.784,8.186,0
5.75,2.077,25265.649,6.618,334.634,485.674,4.057,210.187,21.746,5.115,0
7.972,5.342,29763.572,0.5,302.099,292.322,16.179,92.563,13.201,6.355,0
7.286,5.085,21902.613,2.193,251.212,350.732,13.326,255.852,37.549,13.5,0
8.249,8.699,20422.316,5.574,422.163,529.553,13.397,191.081,22.964,6.408,0
7.055,7.189,22312.192,2.812,244.153,299.535,8.71,213.827,23.507,6.937,0
5.695,3.834,20532.827,6.196,345.604,411.621,11.515,202.055,30.321,6.551,0
8.066,4.755,17826.296,4.193,251.508,461.509,11.383,153.295,20.719,5.709,0
6.73,4.139,17309.382,2.708,108.455,282.248,7.374,130.479,30.492,8.667,1
7.442,3.046,10859.145,3.171,242.08,191.696,14.112,151.474,21.222,4.99,1
6.453,4.518,22952.977,6.804,251.716,513.886,19.579,107.168,33.609,5.905,0
8.744,3.554,17296.584,1.054,252.811,720.0,6.104,209.154,25.641,7.956,0
6.223,3.444,26921.873,7.191,208.874,460.064,14.706,181.049,19.082,6.949,0
6.763,8.967,23448.383,7.249,318.19,483.09,10.608,105.612,35.646,7.694,0
7.207,3.888,13431.314,4.437,327.653,298.911,10.088,156.092,26.494,7.344,1
6.008,3.334,25603.492,2.291,239.005,581.361,12.836,225.867,19.469,5.29,0
7.431,2.763,1800.0,6.212,238.292,359.788,12.905,261.116,14.839,10.036,1
8.712,2.583,30046.467,4.127,175.691,544.646,13.331,119.386,27.046,9.457,0
6.61,1.148,8800.106,2.07,286.621,477.876,7.411,308.876,31.028,5.68,1
7.495,3.048,20718.229,8.918,382.123,480.804,17.405,137.232,25.245,8.258,0
4.5,6.7,20278.205,3.331,382.182,476.197,12.865,96.238,24.914,6.517,0
7.061,2.028,24804.16,2.156,214.072,472.372,15.172,286.66,32.04,9.35,0
6.787,11.562,15363.471,5.67,434.251,439.007,17.966,132.754,26.47,8.946,0
6.282,0.309,3554.13,4.964,234.215,521.312,3.855,273.811,19.184,9.661,1
8.181,4.399,15372.629,8.072,178.645,317.874,15.337,153.431,19.433,5.695,0
6.774,3.651,16075.445,4.339,149.243,376.342,11.761,173.879,26.222,4.961,1
6.923,8.863,4180.252,4.36,173.517,581.171,17.085,118.219,25.912,4.055,0
6.723,1.851,17794.915,5.77,293.369,425.749,8.894,260.259,29.31,12.215,1
5.183,1.026,10506.965,5.499,243.116,365.887,16.709,252.704,25.138,9.031,1
5.968,2.654,21719.053,5.56,211.279,529.184,7.752,153.673,26.943,9.641,1
8.061,2.339,15900.482,5.644,192.971,505.492,14.31,185.881,25.019,4.819,0
4.99,0.679,30247.117,5.429,172.68,249.022,13.779,226.415,28.593,8.544,0
6.334,3.357,15834.839,4.267,189.361,492.592,11.801,164.072,27.326,4.301,0
6.7,2.188,20297.543,6.765,351.308,421.481,7.856,265.032,21.502,8.219,1
8.844,7.802,16115.035,4.38,418.284,490.428,10.841,184.178,21.907,7.437,0
7.869,3.397,6948.757,6.709,423.539,406.285,16.653,161.429,24.879,6.863,0
6.543,1.661,16169.365,7.876,323.402,460.716,19.195,102.944,23.65,6.424,0
8.405,3.09,22397.187,3.745,223.157,185.28,21.294,118.846,30.623,9.516,0
6.359,3.6,21412.934,9.909,208.236,297.608,14.871,222.37,24.229,6.459,0
8.109,4.701,15593.76,3.675,329.272,493.812,13.631,202.95,14.744,9.836,1
5.741,3.204,8031.085,3.689,244.06,719.572,14.52,234.864,16.145,7.315,0
8.173,11.19,21688.981,6.18,300.013,449.073,21.178,159.043,21.613,8.073,0
6.694,1.113,20226.663,5.983,429.087,321.863,14.843,99.728,27.186,8.39,1
6.071,2.158,22982.171,5.244,283.43,421.249,12.892,162.703,18.794,8.227,1
6.883,1.667,15718.271,6.737,458.617,297.789,11.261,302.086,26.778,7.811,1
7.377,2.425,6551.564,5.605,169.216,554.979,11.781,136.935,18.551,11.275,0
6.605,3.92,20969.441,9.231,303.031,410.77,14.239,187.996,23.921,9.432,0
7.654,3.726,17440.572,4.994,291.668,531.385,9.119,57.254,25.404,2.798,0
6.517,4.623,26545.945,3.391,181.353,386.585,9.681,161.407,16.369,7.025,0
7.72,3.382,17686.765,3.997,333.141,542.035,12.213,167.234,25.295,10.075,1
7.542,3.532,17204.465,6.043,395.119,210.169,10.466,208.252,32.37,5.936,0
7.039,3.433,20212.154,6.072,452.227,407.937,15.184,172.513,21.854,7.408,0
6.659,2.248,13619.948,5.513,299.96,469.751,15.533,106.478,23.443,7.543,1
7.252,2.117,13306.618,3.401,103.491,372.798,13.681,153.485,24.47,10.266,1
7.65,1.639,16863.681,7.317,305.544,448.141,14.705,178.782,23.526,5.516,1
9.162,4.792,11517.359,8.974,328.067,446.105,13.029,135.211,23.139,5.774,0
8.039,0.389,16010.879,5.158,245.009,530.86,1.5,143.203,22.691,8.31,1
8.076,3.476,30107.149,8.721,283.285,479.583,8.559,245.285,13.909,8.02,0
9.7,5.412,24277.119,6.833,223.909,452.151,15.683,155.632,25.627,8.34,0
7.616,6.394,19502.247,9.537,253.636,510.536,8.725,214.198,16.765,7.98,0
7.585,0.255,27585.902,6.045,351.486,242.634,16.349,180.267,25.184,7.187,0
7.804,2.304,12138.175,5.373,383.067,314.711,16.602,122.352,27.067,8.409,1
6.091,1.721,33687.859,6.785,156.99,238.769,11.305,171.687,25.36,7.77,1
6.656,2.155,14506.734,4.233,221.538,470.832,9.843,206.004,17.875,6.952,1
6.594,7.298,30524.738,5.914,129.981,454.658,12.543,285.523,24.829,7.286,1
7.748,1.731,30496.12,7.761,421.258,571.235,12.302,147.527,21.761,6.429,0
6.926,5.403,6104.006,6.739,339.016,447.2,15.322,185.311,19.579,6.126,0
7.238,3.511,27036.099,5.038,94.915,329.196,1.965,240.0,34.969,8.404,1
8.187,2.081,15654.591,5.501,259.515,421.08,9.197,259.329,17.791,5.048,0
7.963,1.915,13808.205,6.615,240.906,179.949,7.944,154.31,25.869,8.64,1
6.938,3.777,20910.148,6.549,200.745,356.013,1.5,181.431,31.849,6.925,0
6.43,2.967,10948.55,6.6,353.084,123.348,10.273,251.198,25.22,7.214,0
8.235,0.63,20762.981,5.779,351.138,444.422,5.752,218.13,19.432,7.081,1
7.874,1.405,11384.836,3.451,287.903,371.484,10.756,246.839,19.803,8.306,1
5.494,3.846,18651.015,3.77,210.46,389.127,10.304,254.428,14.898,10.064,1
6.787,1.067,26179.857,6.022,211.174,293.21,14.54,220.455,23.542,10.646,1
7.266,5.928,20012.367,6.763,268.734,324.737,11.374,197.895,23.755,9.286,1
7.879,0.796,15161.355,6.504,226.143,488.114,4.888,153.096,21.546,7.541,1
8.01,2.546,21019.172,3.75,264.505,232.672,14.059,176.568,31.258,8.839,1
7.384,4.894,8357.878,4.798,312.437,465.683,23.39,180.218,22.783,3.76,0
7.685,1.308,12047.405,2.751,134.65,307.653,17.338,255.945,14.01,8.494,1
7.164,1.0,14703.245,2.317,200.554,203.28,15.557,199.699,31.796,8.101,1
6.426,4.301,22614.527,5.263,262.136,552.161,11.62,200.22,16.339,4.62,0
6.839,5.52,20137.692,7.816,398.054,564.502,10.291,135.328,26.176,6.354,0
7.119,2.687,20978.582,5.3,336.853,340.264,9.979,256.246,26.936,7.9,1
7.065,2.255,17322.013,8.916,264.695,339.087,13.583,147.797,22.778,8.087,1
5.214,0.765,12377.352,4.772,299.196,374.895,7.388,174.34,28.656,9.123,1
6.703,3.285,27172.76,5.162,256.372,307.792,13.492,262.017,23.69,10.405,1
7.156,0.529,12964.343,3.118,356.564,328.938,9.514,238.763,21.16,7.131,1
6.819,7.365,20223.753,4.406,301.869,459.007,4.785,143.262,11.154,5.352,0
6.853,2.787,16771.32,2.72,373.698,653.867,9.45,130.665,13.202,8.879,1
7.588,1.43,21159.456,2.009,149.796,362.435,18.13,178.795,38.0,9.718,1
6.021,1.9,13564.335,2.754,196.474,527.773,13.123,158.297,27.514,9.682,1
5.472,3.471,24342.402,5.271,288.339,447.347,1.5,109.292,30.537,8.247,0
6.752,2.165,26458.806,3.627,306.948,204.332,9.469,148.569,37.844,11.0,1
7.864,3.066,23943.6,4.1,460.0,402.068,16.565,45.0,21.176,6.907,0
8.788,1.256,18524.565,5.92,111.342,386.994,11.157,239.719,22.462,10.279,1
7.882,6.479,14671.686,2.002,262.189,580.745,14.857,236.257,13.711,5.312,0
5.632,1.933,35843.727,5.262,258.377,585.618,10.721,267.533,21.601,3.321,0
6.868,0.364,11054.44,6.796,285.216,450.216,13.328,209.428,21.449,5.282,1
7.357,2.315,23227.992,6.969,412.327,550.711,12.659,165.343,21.015,6.366,1
7.278,1.699,19663.102,6.133,339.483,387.437,9.594,246.287,29.381,7.401,1
7.639,6.194,17093.507,4.996,128.659,539.323,15.072,151.42,27.433,5.721,0
6.183,1.436,18703.559,3.853,395.37,417.04,19.392,117.041,28.622,7.63,1
7.165,2.141,14183.601,4.935,392.998,536.721,14.231,181.903,16.209,8.564,1
7.52,3.541,20275.861,8.407,287.361,548.929,12.968,212.608,23.45,8.035,0
7.926,4.643,19559.359,5.646,127.49,490.974,8.706,145.342,25.275,7.152,1
6.294,7.686,34904.746,4.886,252.112,316.009,16.722,132.387,34.117,9.565,0
6.755,1.54,24460.344,6.227,304.842,354.535,10.2,167.074,23.959,5.959,1
4.5,7.132,20853.238,5.199,349.707,495.271,15.023,212.655,22.333,6.966,0
6.479,6.036,21241.133,5.552,114.512,512.215,15.928,182.001,29.584,6.41,0
6.576,1.677,29456.995,4.607,199.626,424.007,16.944,335.007,21.784,8.575,0
6.08,1.514,11192.227,4.27,358.331,367.525,17.028,182.516,26.008,6.634,1
7.266,4.098,16312.237,7.092,392.65,427.967,16.865,231.285,25.836,8.12,0
7.044,3.012,5103.598,1.199,301.595,371.583,6.847,110.319,20.265,8.869,1
4.841,4.09,21132.03,6.057,362.624,372.251,8.634,222.279,19.272,6.488,0
7.316,2.373,23013.129,4.146,303.699,640.204,6.324,164.571,22.817,4.523,0
6.172,3.239,11028.6,1.29,346.862,347.942,6.021,189.493,20.49,6.995,1
7.586,2.801,26828.02,3.151,277.335,465.935,19.364,282.774,14.31,5.968,0
5.818,4.051,12827.28,5.028,305.796,423.351,8.063,169.525,27.185,6.244,1
7.13,1.469,15273.957,5.303,161.149,257.814,7.431,118.059,26.308,2.952,0
6.817,3.423,18277.178,6.58,326.382,253.678,12.249,126.634,18.692,4.483,0
7.403,7.584,27862.276,6.716,158.55,395.266,9.143,199.509,18.129,8.84,0
7.225,7.301,11921.714,2.007,326.286,170.677,22.679,196.526,25.834,5.713,0
6.845,3.713,19393.106,5.855,227.686,624.649,11.27,194.24,33.162,9.481,0
5.564,1.443,22536.445,6.557,296.449,361.606,14.503,119.296,28.921,6.112,0
5.623,10.009,21195.056,5.538,184.012,351.817,8.988,301.449,29.964,8.275,0
6.516,4.052,21435.107,6.105,222.193,551.768,5.021,270.548,21.234,6.944,0
7.092,9.377,22449.751,1.235,296.278,388.114,9.221,197.168,25.41,8.569,0
6.492,4.17,13894.302,3.12,329.118,483.125,9.269,106.338,22.232,6.944,0
7.725,0.218,28470.569,7.832,357.972,336.29,9.238,277.145,18.789,7.784,0
6.821,9.967,16777.529,4.541,167.244,410.452,5.3,252.525,24.135,9.615,0
6.135,5.472,15914.987,9.546,137.404,521.217,13.112,195.655,17.967,8.248,0
6.822,3.15,26259.566,2.543,182.099,301.582,10.984,255.932,18.678,6.161,0
7.326,0.588,13401.315,8.228,174.423,468.328,5.561,162.812,20.418,4.028,0
7.425,5.881,19581.808,3.879,398.18,115.019,12.978,137.186,21.037,7.204,1
8.978,4.142,12801.575,6.825,378.918,556.861,15.93,198.655,22.829,8.175,0
6.431,11.836,33875.033,4.509,180.288,338.23,17.89,104.599,11.016,7.677,0
7.027,8.775,32506.254,5.331,410.376,394.721,1.609,128.943,17.592,5.82,0
7.526,9.199,16783.434,6.291,373.842,393.246,9.211,219.913,32.111,7.673,1
7.077,3.643,20879.072,3.873,126.484,288.017,6.332,203.199,22.949,8.588,1
6.599,3.525,17533.799,6.702,177.43,278.804,9.565,114.009,26.256,9.908,1
5.551,4.175,15234.103,4.568,123.963,467.561,18.748,167.505,25.414,6.993,0
6.589,1.831,18277.605,5.456,257.641,473.2,9.228,116.406,22.372,11.823,1
6.026,3.219,17236.091,0.5,266.48,298.767,10.362,163.129,17.879,10.016,1
5.373,2.756,7615.662,4.425,266.321,469.928,8.769,157.117,19.811,7.703,1
6.304,6.996,19209.652,7.627,92.728,471.947,19.817,244.573,34.359,7.871,0
6.053,7.958,17225.096,6.489,143.685,359.614,2.151,181.376,19.907,9.9,0
7.684,4.997,19529.303,6.873,287.113,249.781,9.996,176.621,32.986,5.666,0
7.701,1.587,16996.134,5.207,317.889,400.495,8.605,168.416,20.591,5.956,1
6.196,10.384,15157.794,8.453,93.316,448.81,4.755,95.366,21.149,5.082,0
6.84,5.86,23186.915,5.677,156.104,397.936,17.46,184.575,23.443,6.941,0
5.242,3.973,20965.374,3.78,351.905,333.901,4.386,216.556,21.979,5.852,0
6.606,4.677,26574.307,6.81,160.93,461.036,10.432,202.738,17.556,6.761,0
7.499,0.918,20715.743,6.945,263.751,556.839,12.146,228.094,22.918,7.338,1
7.925,2.76,16215.557,6.359,152.839,312.564,9.121,230.771,14.461,4.919,0
6.387,7.397,21508.995,4.294,335.676,369.239,4.696,310.895,25.114,9.859,0
8.152,0.874,4626.014,5.663,93.556,720.0,11.743,127.92,24.304,9.545,1
5.584,0.849,31173.919,7.887,239.121,439.904,9.072,202.91,27.225,6.572,0
5.852,5.886,19283.471,6.055,344.926,252.983,16.139,209.073,20.118,10.067,0
7.81,4.45,31698.963,2.144,316.852,347.69,14.823,172.411,27.282,8.099,0
8.771,0.885,11849.257,3.842,225.55,314.17,21.249,155.213,25.498,9.378,0
7.593,2.572,10235.305,3.749,205.612,450.647,12.995,217.432,23.74,4.958,1
7.06,3.973,19877.916,3.591,245.204,441.927,15.152,212.154,34.467,6.795,0
4.905,3.644,19856.476,0.877,155.405,328.622,10.885,132.081,25.731,8.531,0
5.078,4.198,19698.591,8.881,256.499,627.757,20.203,91.132,20.31,7.105,0
7.229,2.426,18707.87,3.347,257.956,415.216,12.546,162.962,31.91,7.083,1
6.742,3.779,13417.238,3.492,229.474,350.312,12.039,152.961,25.959,7.201,0
5.994,4.991,7845.187,1.217,350.03,258.465,14.933,223.15,33.317,8.072,1
7.166,4.729,19340.479,6.833,174.009,297.628,9.598,139.181,12.241,7.601,1
7.215,2.483,9163.152,4.918,120.127,255.477,10.252,180.231,21.257,10.205,1
8.044,5.315,8549.459,4.398,220.348,382.132,14.929,96.12,21.271,5.619,0
7.237,1.435,15025.893,4.504,275.54,298.804,15.795,104.668,12.047,7.57,1
8.328,1.899,20299.283,6.276,255.928,499.078,15.187,147.678,23.962,8.667,1
7.108,5.88,30420.435,4.14,252.151,334.868,12.139,176.221,20.844,5.161,0
6.985,5.239,23865.185,1.122,169.259,505.824,13.717,144.91,11.406,6.781,0
8.164,2.658,26815.914,2.517,181.484,463.976,16.822,197.85,18.556,7.713,1
6.122,1.868,21748.801,2.413,223.491,482.461,7.577,96.43,31.041,10.105,0
9.7,2.077,19884.549,5.651,216.788,512.61,12.506,178.173,28.271,7.646,0
7.475,4.842,33787.637,6.96,358.337,644.199,1.5,178.81,18.872,8.764,0
7.481,4.231,8901.439,8.032,287.433,303.12,15.831,110.368,18.703,8.882,0
7.625,1.773,14814.003,1.83,219.732,506.52,8.978,202.561,27.993,2.44,0
8.977,5.214,15321.331,6.341,358.076,452.774,9.098,70.704,11.6,7.545,0
7.893,2.569,23308.121,3.87,302.934,532.594,11.951,152.314,26.443,6.616,1
5.495,1.477,11137.951,10.947,149.609,418.296,15.286,233.312,12.376,10.106,0
8.503,2.25,22462.292,7.867,80.0,546.121,23.263,67.622,32.524,8.658,0
6.759,3.4,21267.724,8.504,152.27,250.008,5.511,226.906,26.819,8.975,1
7.207,5.09,22786.758,6.705,315.569,284.483,8.677,125.873,12.305,8.335,1
5.821,4.868,22668.95,5.864,340.776,336.695,13.529,157.525,20.793,7.589,0
7.626,2.952,27499.078,4.295,123.88,396.03,9.23,267.361,24.84,8.904,1
6.449,3.695,17180.138,3.901,320.985,410.563,16.262,155.519,11.476,7.362,1
7.2,2.763,20946.026,3.5,317.763,316.197,11.745,278.757,22.747,9.712,1
6.816,1.776,12712.43,6.335,383.579,286.095,16.484,173.21,25.793,5.476,1
9.025,3.035,11228.832,8.221,345.784,326.365,11.382,185.346,11.003,9.268,0
9.082,0.583,28971.387,4.386,379.91,199.883,14.952,236.324,27.327,6.747,0
7.147,8.057,12221.228,3.655,306.511,370.424,8.193,219.924,22.277,8.623,1
7.164,3.627,21668.529,2.133,303.668,397.991,21.218,198.475,28.318,4.571,0
6.727,4.348,20951.778,5.589,236.331,457.924,4.852,164.517,21.64,7.885,1
8.206,1.84,25137.376,7.559,334.722,425.025,9.315,104.702,16.869,7.128,0
6.771,3.605,6721.696,7.659,151.745,620.208,6.108,107.38,16.303,7.318,0
6.679,4.042,23292.845,7.857,253.212,502.485,16.101,262.224,21.19,4.218,0
8.079,2.665,17122.792,5.931,310.89,493.478,14.928,283.469,21.905,7.459,1
6.562,2.774,13600.591,5.28,384.698,448.764,7.018,197.127,29.172,7.633,1
7.062,1.056,15869.686,7.665,224.375,469.287,16.987,92.447,21.38,4.193,0
5.519,9.772,24239.01,2.88,347.159,378.511,9.357,147.525,13.95,5.329,0
7.804,1.818,22253.063,4.218,248.24,416.955,14.243,144.796,20.345,7.684,1
9.041,2.012,16668.498,8.522,348.9,635.587,15.3,159.432,14.16,8.132,0
7.821,8.393,10095.801,2.951,196.885,396.593,11.398,141.342,25.03,7.309,0
8.562,4.488,10554.46,5.031,326.708,245.176,16.594,218.633,26.363,7.481,0
6.254,5.118,22394.696,6.363,256.896,488.617,11.852,203.607,27.352,7.448,0
7.336,0.994,9194.674,5.265,164.266,510.025,14.024,276.903,21.245,6.419,1
6.157,3.573,16731.996,7.399,251.97,423.543,11.266,168.597,18.941,7.079,0
6.872,1.005,34926.969,8.151,377.345,179.599,4.093,201.01,20.038,4.877,0
7.872,1.607,20487.145,6.059,178.368,559.393,11.944,230.762,22.47,6.348,0
7.202,10.684,22324.62,7.88,138.833,432.589,8.569,246.192,20.047,7.324,0
5.687,1.369,10603.271,3.243,298.893,367.769,18.765,122.08,32.336,9.625,1
5.785,4.956,9522.539,4.785,122.387,547.567,6.361,212.266,20.877,7.181,0
5.719,1.482,22672.843,9.91,397.885,162.043,18.013,198.066,22.407,11.111,0
7.591,1.637,15664.712,8.986,395.744,418.423,11.696,206.654,18.642,10.874,1
9.164,12.5,25128.54,2.546,353.254,340.105,14.328,193.28,18.773,7.525,0
8.462,2.963,18430.366,5.074,264.045,584.058,6.29,284.208,15.616,6.655,0
5.204,0.927,36000.0,5.372,406.496,434.146,11.11,141.004,17.035,11.479,0
8.521,5.098,14429.921,5.933,379.363,301.241,9.509,137.75,33.859,8.743,0
8.036,7.056,20029.355,7.648,219.719,541.588,21.965,144.846,26.154,8.19,0
5.555,5.417,12338.053,8.778,387.301,110.0,9.398,174.039,21.034,6.101,0
6.797,2.775,24858.52,5.175,187.508,465.948,17.69,206.132,19.192,6.63,0
8.196,2.844,21013.331,7.344,248.252,253.405,17.753,164.912,30.165,5.599,0
7.65,2.113,11902.266,6.396,112.556,349.507,17.627,245.347,18.153,10.078,1
5.791,1.229,16087.648,5.058,277.404,376.119,9.828,189.807,13.121,8.303,1
7.711,3.989,27066.926,1.704,239.967,514.213,20.622,184.699,25.756,6.841,0
4.962,2.674,26286.109,7.137,226.563,669.409,21.555,116.837,17.625,6.55,0
6.877,1.019,8956.428,6.31,250.919,191.454,14.152,290.16,15.556,5.616,0
8.238,3.017,15121.197,5.879,215.739,458.557,10.406,187.39,16.664,7.274,0
7.118,1.827,29989.079,3.137,268.542,669.295,8.627,280.041,25.407,7.707,1
6.601,3.844,17063.344,9.018,374.103,336.248,14.623,155.775,22.395,3.304,0
7.989,3.581,19342.246,5.405,174.743,328.8,12.792,235.684,17.29,5.664,0
8.075,2.398,24825.057,2.817,338.315,433.314,13.322,159.056,25.723,6.182,0
8.41,3.122,9490.949,2.495,283.296,504.46,6.435,290.047,18.2,9.354,1
7.974,3.319,12041.966,6.455,296.801,483.912,12.648,251.642,13.513,6.403,0
8.181,5.879,16045.956,6.514,262.39,361.956,17.647,236.725,15.414,4.17,0
7.833,3.04,25980.054,4.174,204.021,308.696,16.168,150.141,23.128,5.418,0
7.366,2.153,24778.475,6.025,302.813,562.936,10.636,294.866,18.455,10.504,1
7.19,2.583,22828.481,6.435,309.101,312.052,12.009,302.089,23.611,6.729,1
6.863,9.303,17245.46,5.38,196.96,175.058,5.892,169.12,29.452,5.531,0
5.888,1.527,25492.203,3.697,151.226,230.593,9.506,198.891,19.346,4.388,0
6.145,2.711,17157.806,7.023,272.251,335.863,10.97,240.975,38.0,7.444,1
6.818,2.681,21906.792,6.775,329.151,584.101,15.35,81.53,24.602,7.634,1
7.341,2.766,24078.253,6.235,350.433,262.397,9.321,253.023,21.978,8.194,1
8.541,1.192,29179.33,3.433,367.282,587.63,7.838,246.302,15.259,12.308,1
7.058,2.572,17783.89,2.438,296.568,561.818,15.91,159.027,20.979,5.175,1
8.103,2.068,15793.034,5.253,242.627,432.028,10.598,69.423,21.558,6.735,0
8.179,3.832,26567.99,6.959,264.817,110.0,8.725,208.325,27.406,7.926,0
6.869,6.444,27067.042,7.181,159.33,262.913,16.156,127.649,19.545,6.612,0
7.695,4.042,14618.066,6.269,206.975,328.976,14.565,102.649,25.508,3.682,0
6.856,3.408,10967.281,4.199,260.474,612.684,11.566,210.389,23.244,8.32,1
8.422,4.32,26073.724,3.492,242.336,336.7,10.919,262.488,28.654,6.264,1
7.736,3.634,7478.772,5.066,272.821,312.248,14.208,177.959,29.111,5.485,0
5.91,3.104,7146.791,5.085,148.139,427.596,14.924,255.183,24.935,5.792,0
7.262,5.732,16406.082,7.315,167.125,235.857,13.44,226.527,27.437,10.192,1
8.748,2.52,18165.858,4.141,330.925,402.045,13.043,114.475,29.517,9.738,1
6.919,1.178,10610.311,4.307,194.166,309.173,9.77,159.523,26.117,5.436,1
7.548,2.015,18942.118,9.21,207.525,720.0,10.04,249.36,24.611,4.283,0
7.646,1.811,19232.056,8.202,273.078,294.885,11.727,159.076,25.373,9.017,1
6.063,10.931,14377.479,3.334,185.849,636.592,8.175,235.051,32.348,11.105,0
7.611,6.693,30717.517,8.038,359.038,268.18,7.649,167.442,23.653,11.599,0
5.706,3.437,20293.448,2.856,158.169,436.533,12.096,229.669,27.228,4.851,0
6.474,1.849,24835.179,4.232,265.13,465.038,16.953,213.601,19.078,9.844,0
8.176,5.694,8034.616,4.46,201.37,422.012,3.172,176.344,31.705,7.39,0
7.457,3.344,7978.528,4.945,278.276,414.648,10.739,228.118,25.607,3.926,1
6.796,2.524,20490.407,6.34,222.716,508.375,13.726,71.207,20.997,5.853,0
7.546,3.363,29556.575,5.313,262.99,455.084,17.325,130.288,22.593,5.986,0
7.04,2.575,10935.417,6.329,368.809,384.252,20.6,164.5,21.733,8.256,1
7.113,4.285,18431.948,4.296,206.567,324.068,11.34,254.499,23.029,4.94,1
7.757,1.085,9471.874,5.848,205.86,385.111,21.376,110.46,24.217,9.099,1
6.373,4.265,12828.953,5.258,238.148,383.629,14.55,188.092,21.859,8.256,1
7.14,2.573,18755.224,2.323,390.292,381.268,16.164,207.459,13.789,9.236,0
6.788,5.778,14298.027,6.066,257.372,414.144,7.706,203.615,33.292,6.212,1
5.514,6.795,9014.095,5.292,369.907,235.881,14.54,184.578,24.545,8.114,0
6.18,7.758,8868.535,3.672,249.963,281.691,16.553,155.868,24.573,5.535,1
8.668,11.45,5240.947,4.25,366.119,504.813,9.398,176.433,22.721,8.618,1
7.485,7.586,20597.795,4.299,299.628,134.95,1.5,243.612,28.267,6.973,0
5.776,5.658,21384.277,4.61,312.138,548.644,13.171,152.143,23.28,7.149,1
5.56,1.223,21351.597,8.618,142.96,337.93,11.533,71.236,21.197,7.341,0
6.988,0.316,11590.357,9.281,130.347,605.337,18.549,215.64,21.567,4.266,0
8.661,6.173,24038.683,0.5,355.967,552.146,10.078,272.271,30.258,9.542,0
6.913,1.6,22094.061,6.076,354.911,365.712,9.327,132.183,24.174,7.549,1
8.407,12.5,17547.414,7.01,460.0,378.154,7.229,264.841,22.796,9.549,0
7.452,0.83,16480.613,4.668,138.694,596.191,9.665,218.637,20.474,9.416,1
7.571,5.5,13280.749,6.956,306.293,557.788,24.501,126.4,21.141,5.936,0
5.764,3.626,18749.052,8.408,177.975,521.729,5.36,151.295,29.268,6.914,0
8.038,0.924,28012.111,2.356,202.049,542.303,6.491,148.885,17.685,4.609,0
6.765,3.61,24896.068,5.368,222.309,274.497,12.256,199.297,26.884,9.607,1
7.963,1.768,15834.632,9.013,297.5,429.636,21.386,180.029,27.098,7.984,1
6.286,2.97,21001.04,2.624,208.558,312.555,15.837,250.806,24.251,7.762,1
7.277,3.0,10340.705,4.87,267.861,271.412,19.485,236.715,21.899,6.903,1
7.452,1.789,22245.437,4.203,335.723,424.667,10.767,105.009,14.404,5.654,1
6.946,2.405,12099.429,7.204,360.878,355.339,6.245,111.957,26.852,9.709,0
7.505,1.653,21986.661,7.482,323.87,385.05,10.479,223.785,13.749,11.01,1
6.834,0.608,36000.0,5.425,303.409,344.996,11.939,161.651,23.968,9.779,1
6.451,3.4,13794.919,5.164,252.961,254.463,12.549,180.382,23.302,7.099,1
8.705,7.561,36000.0,1.662,216.641,608.615,11.537,220.061,27.455,8.102,0
8.149,1.734,20689.131,7.946,310.816,423.699,15.158,237.216,17.805,9.326,1
6.339,10.067,12627.433,4.394,175.673,231.937,9.296,122.164,17.518,7.569,0
7.668,11.418,12329.535,4.815,275.126,426.837,8.328,67.811,26.101,10.9,0
6.357,2.252,32872.211,7.043,173.567,587.567,7.079,183.777,22.009,9.647,0
5.915,2.675,20704.426,5.495,261.491,520.047,13.423,142.984,11.301,12.414,1
8.134,2.286,13820.006,7.108,175.435,342.753,12.976,193.644,22.964,7.75,0
5.396,1.24,16177.506,6.307,230.952,345.635,17.411,185.126,33.485,3.053,0
8.027,2.685,20300.043,5.508,207.544,290.151,19.461,136.352,26.182,7.529,0
6.847,2.463,17443.316,5.721,197.293,315.93,7.067,304.777,16.124,6.717,1
6.888,3.358,19748.344,2.854,257.575,325.694,12.606,190.935,25.724,7.711,1
7.51,3.49,29028.471,4.802,80.0,228.807,11.576,158.443,28.7,10.609,1
7.681,1.159,10168.191,7.268,111.789,351.722,5.585,195.579,12.995,6.425,1
6.274,4.777,21690.097,3.303,333.316,446.277,10.123,219.143,21.333,5.903,0
7.818,2.661,17026.166,3.669,277.536,355.32,19.55,155.21,30.537,6.236,1
7.213,1.364,14256.205,3.341,203.514,431.082,9.653,317.614,14.16,11.277,1
5.844,2.616,24469.132,5.407,347.782,599.632,8.905,106.258,21.376,6.571,0
6.93,3.587,8000.733,7.905,210.67,625.28,12.266,110.082,21.752,7.867,0
8.481,8.49,2118.183,6.194,215.726,396.849,16.603,102.037,20.59,10.724,0
8.777,7.62,18959.465,0.746,198.412,510.622,11.129,190.214,30.98,8.594,0
7.817,2.107,16601.832,6.397,427.063,385.002,13.075,216.013,30.089,3.342,0
5.91,2.798,8706.493,4.216,284.984,346.455,2.219,171.825,21.246,6.53,1
7.591,1.613,6381.409,6.119,281.635,270.981,15.075,215.849,17.101,6.225,1
7.951,4.005,30049.117,4.801,304.644,415.393,13.495,215.111,30.383,4.263,0
7.826,2.198,20509.597,3.379,107.52,535.126,16.481,170.158,27.495,6.543,0
7.885,2.728,17627.697,4.957,214.509,252.07,4.096,213.507,22.903,2.5,0
7.463,6.319,31769.092,4.217,303.674,370.549,11.139,179.195,26.798,7.985,0
7.028,1.155,24143.406,5.715,264.651,364.759,16.839,167.504,26.756,7.413,1
6.492,7.631,29000.299,3.328,452.461,434.625,9.994,162.582,17.928,6.125,0
5.202,4.283,9830.299,2.85,219.509,436.532,12.73,202.817,19.555,4.143,0
7.44,7.399,9586.948,6.564,345.171,469.468,10.657,256.979,23.033,9.91,1
7.286,5.286,21510.989,7.318,333.51,632.638,10.767,123.723,11.787,6.377,0
7.658,5.946,20194.245,6.26,277.14,300.541,17.752,163.584,21.012,9.376,1
5.762,3.239,25622.803,3.802,292.574,293.946,6.095,198.947,18.404,7.174,0
7.745,1.334,6899.872,3.62,240.333,434.684,12.274,286.627,23.994,10.027,1
9.155,1.984,22073.383,3.735,97.281,579.327,13.633,213.743,16.468,8.452,1
7.178,1.691,23930.246,6.881,294.681,229.515,16.721,145.301,25.491,7.601,1
7.038,0.466,23585.118,3.45,301.416,444.765,11.951,139.186,24.291,5.889,1
7.409,6.311,14856.487,6.868,314.78,380.839,16.86,244.18,22.409,9.738,1
9.132,2.977,20870.999,6.374,270.363,507.515,12.254,172.75,25.721,7.03,0
6.076,1.582,12458.229,7.575,347.484,480.383,13.038,122.3,26.436,5.933,0
7.303,11.136,15595.85,7.226,191.391,410.822,12.866,245.759,21.62,7.117,0
6.3,12.5,10720.914,6.185,389.813,463.503,15.449,206.95,23.205,7.317,0
6.553,1.028,12568.673,2.163,181.027,326.007,14.938,124.322,19.064,8.973,1
7.05,2.683,15933.745,6.32,255.834,501.027,7.491,116.282,18.996,4.012,0
8.447,2.554,14308.911,5.331,322.874,571.383,13.477,70.78,32.167,11.69,1
8.901,1.478,12567.856,4.353,221.229,417.019,14.933,155.769,21.827,8.234,1
7.548,6.213,9052.619,7.824,328.665,356.046,19.078,206.752,22.932,7.371,1
6.723,0.472,30247.123,4.797,235.863,387.582,7.961,242.83,22.552,8.199,1
9.593,9.331,14246.341,4.041,275.041,499.765,14.923,213.372,25.155,4.643,0
6.672,3.339,19644.776,7.348,249.604,399.976,10.935,118.234,19.845,7.623,0
6.529,10.543,6066.682,4.29,215.971,261.043,13.363,174.396,20.403,8.571,0
5.325,3.138,26324.719,3.941,456.341,519.253,7.669,268.616,28.435,6.87,0
8.496,2.547,18586.544,2.846,193.621,287.06,12.44,161.834,14.374,8.342,1
8.068,6.544,14614.815,3.46,80.0,455.939,13.935,232.288,24.084,8.828,0
9.518,10.499,14671.583,3.631,196.691,181.037,8.134,225.494,18.239,6.089,0
5.71,9.411,23151.164,6.342,276.16,417.978,19.019,231.79,11.348,9.648,0
8.558,0.712,1800.0,3.062,232.967,396.804,5.551,213.716,22.529,7.292,1
7.17,7.851,12142.743,1.384,351.579,168.952,14.919,231.62,16.304,10.832,1
7.906,2.451,16725.955,5.706,348.486,444.938,1.572,108.515,15.267,9.757,1
5.452,2.9,16651.028,3.832,237.937,272.837,11.353,273.343,38.0,8.132,1
8.568,2.411,33784.528,5.067,122.011,415.17,14.658,90.638,26.144,5.939,0
7.887,1.983,15305.642,7.665,155.932,355.592,15.707,207.149,26.286,7.199,0
7.061,2.706,23936.475,5.243,262.263,227.333,12.026,187.335,22.691,9.214,1
7.745,1.432,29275.772,8.119,132.017,279.513,11.413,155.59,16.074,6.393,0
6.335,7.882,21858.992,4.964,233.738,289.117,15.053,136.366,22.04,8.18,0
6.521,5.235,13120.196,7.114,385.811,522.89,16.778,220.236,20.94,8.384,0
6.637,3.802,9150.831,4.005,294.141,505.298,18.708,234.074,11.839,7.198,1
5.247,2.41,22345.232,5.315,268.882,668.34,6.691,184.331,33.39,5.921,1
7.962,2.09,28192.664,3.234,176.534,343.575,11.597,174.091,22.481,10.276,1
8.292,4.405,21048.76,3.472,280.448,339.712,2.629,260.479,18.17,8.255,0
6.399,3.893,25517.413,4.651,243.025,421.185,6.346,166.806,23.714,6.857,0
7.448,6.853,34347.656,2.443,285.284,362.368,9.331,187.68,15.004,5.978,0
6.834,2.118,22942.933,5.419,326.803,335.092,16.393,178.802,17.56,9.017,1
7.428,1.96,10345.886,4.494,341.341,411.531,10.336,325.894,31.912,7.275,1
6.472,5.087,17831.895,5.569,275.956,489.433,11.2,143.801,19.986,9.159,1
6.217,5.839,26406.399,2.474,308.513,151.543,13.85,235.729,22.895,5.74,0
8.152,12.5,15882.931,6.503,221.482,336.336,9.482,96.536,23.6,7.945,0
7.036,0.676,27287.086,8.495,361.268,236.665,3.524,137.314,21.99,6.536,0
9.122,8.171,17064.91,8.073,189.594,386.54,9.143,172.993,19.876,10.535,0
7.146,3.576,19673.258,8.908,247.365,456.916,11.957,182.797,36.161,8.063,0
6.174,2.215,15220.183,5.185,370.113,539.033,14.608,174.907,18.702,5.608,0
8.327,4.446,18536.986,4.395,224.059,352.951,11.571,184.533,17.815,9.083,1
7.731,4.338,18880.908,6.075,151.033,417.753,14.533,152.103,25.846,9.622,1
7.827,2.266,7044.477,4.624,230.086,203.145,16.661,260.816,15.548,6.793,1
8.291,0.73,14629.644,1.619,383.297,301.744,17.543,134.977,28.923,5.942,1
6.447,8.19,9484.147,6.739,80.0,429.857,13.275,230.945,21.834,3.435,0
6.973,1.824,14853.794,4.631,273.703,241.918,7.383,227.269,23.748,9.381,1
6.929,1.601,12331.435,2.165,211.11,553.441,6.897,137.869,24.714,4.245,1
5.809,1.969,24076.838,4.083,250.751,467.822,7.317,169.815,21.031,7.313,1
6.836,5.645,24152.1,4.677,235.374,296.45,7.663,189.863,28.311,4.295,0
8.436,2.485,21141.912,5.124,346.641,227.14,12.947,282.148,26.769,10.642,1
7.337,2.0,9260.28,5.148,269.574,318.684,20.993,169.695,25.995,9.802,1
5.754,4.242,16862.124,7.838,350.895,297.082,13.454,340.0,14.217,7.94,0
5.544,3.828,8743.25,2.523,374.151,258.96,12.122,232.233,20.978,9.286,0
8.765,2.036,16542.593,4.796,267.541,236.183,16.829,208.892,22.354,7.162,1
7.01,0.716,21708.238,3.342,234.443,377.352,8.771,238.632,33.079,5.915,1
6.453,5.56,23948.678,7.612,297.061,492.871,17.189,95.478,14.799,4.382,0
6.826,3.879,20573.491,3.977,313.466,319.67,16.856,254.453,19.299,8.826,1
5.623,0.499,25680.065,4.412,166.97,458.386,12.765,117.245,29.273,5.583,0
8.523,8.968,19188.417,7.199,285.065,365.671,21.922,237.831,17.555,11.948,0
6.707,0.476,15981.858,7.75,243.447,478.478,17.519,157.411,19.185,5.398,1
8.467,1.706,23178.793,8.045,229.27,310.623,12.704,146.04,32.709,9.222,0
7.152,1.798,23392.095,1.814,206.27,438.719,11.854,287.488,25.122,9.697,1
8.53,2.06,14092.884,6.066,211.814,419.416,10.556,184.519,27.976,4.988,0
7.357,2.007,19963.385,5.64,371.729,568.478,11.912,105.792,27.191,6.591,0
7.953,1.115,15586.963,4.998,234.061,472.049,12.042,243.613,23.679,6.986,1
7.819,3.618,4444.134,5.233,362.219,435.721,11.062,122.864,23.53,13.5,1
7.723,6.196,20360.692,7.672,276.137,228.613,11.537,264.841,28.143,6.958,0
7.448,3.583,9085.606,7.177,168.719,341.97,7.134,189.109,18.088,5.351,1
6.867,4.032,19633.457,6.894,281.215,308.952,9.943,119.939,33.057,8.285,0
9.015,2.529,7520.509,5.514,164.027,306.335,5.312,235.173,19.902,5.514,0
6.193,3.483,12822.164,9.641,316.607,406.861,14.365,218.666,28.934,7.289,0
7.104,4.247,14681.608,4.299,247.339,433.899,12.86,73.215,25.934,6.581,1
7.115,5.237,25311.211,1.868,337.69,438.593,11.948,186.512,19.825,8.332,1
7.502,1.879,14032.152,4.57,386.851,556.373,16.488,206.437,25.805,6.39,1
6.671,1.686,10512.689,5.215,117.496,463.026,8.614,203.229,23.739,6.147,1
7.415,0.322,19868.243,7.706,225.803,257.658,9.301,179.84,12.76,9.342,1
6.931,10.688,16089.672,4.078,162.196,429.305,5.835,230.974,22.497,7.92,0
5.518,10.254,22638.644,6.082,448.452,475.125,17.104,221.292,15.757,7.451,0
7.11,3.062,10922.78,2.146,227.573,556.463,15.225,191.713,25.943,3.935,1
5.999,3.191,18870.55,7.263,153.215,386.497,18.483,177.0,22.179,8.519,0
5.366,8.552,33552.184,5.237,455.429,387.664,19.622,198.146,28.089,6.553,0
7.237,1.147,15944.687,4.539,203.284,534.468,10.59,156.797,18.959,7.901,1
7.588,1.545,18713.748,9.363,127.142,426.43,9.3,133.762,15.484,4.08,0
7.627,8.899,6703.238,7.24,166.536,213.191,4.42,128.191,16.758,7.899,0
7.667,2.509,11955.635,3.02,277.171,187.455,7.559,184.499,34.717,7.748,1
5.167,1.366,20488.185,4.881,268.889,625.893,11.038,142.825,38.0,6.987,0
5.739,4.421,15355.665,10.573,193.94,199.353,3.226,181.266,34.608,5.805,0
9.074,1.888,21493.814,9.058,223.771,384.935,7.652,263.155,14.067,9.499,0
6.053,7.916,20262.101,6.946,269.512,510.974,12.127,178.611,15.014,6.056,0
7.711,3.463,8932.809,1.406,377.533,193.247,16.52,197.599,16.822,9.038,1
6.413,1.95,24099.491,7.764,293.329,275.213,9.273,177.421,27.49,9.285,1
7.18,2.037,9422.548,3.83,217.131,255.391,13.076,261.858,35.226,5.902,0
6.467,4.275,12528.008,7.747,245.584,621.135,20.887,281.179,28.248,8.746,0
7.662,2.748,18991.652,3.655,330.425,647.178,4.373,164.176,24.102,6.627,1
7.237,2.479,27685.65,6.078,407.806,316.899,17.386,230.029,17.638,8.549,0
6.652,5.374,10974.804,3.819,171.108,474.54,14.213,305.013,21.343,5.715,0
6.05,8.629,18459.949,4.373,359.699,441.967,18.199,126.165,23.514,7.193,0
7.368,4.874,18514.133,6.344,238.414,371.305,16.851,243.918,28.119,7.539,0
5.887,1.769,21772.84,2.462,126.941,209.787,9.516,94.26,20.105,7.347,0
7.527,1.294,25196.199,9.845,110.11,681.896,12.508,191.629,25.327,8.086,0
9.7,5.163,14873.511,3.046,378.405,187.078,5.928,182.296,24.595,5.944,0
8.45,4.867,24077.02,2.934,388.535,430.453,10.147,96.114,23.582,6.406,0
7.818,2.344,26147.091,6.35,216.628,327.288,12.632,249.908,20.706,8.685,1
7.014,2.788,29095.735,7.684,246.968,525.967,13.866,198.12,23.702,6.658,0
5.161,1.853,20762.501,4.453,113.499,506.514,16.052,139.001,22.444,6.505,0
5.778,1.322,18523.34,2.957,329.773,287.542,19.623,208.072,18.465,5.885,0
8.383,1.98,14415.201,3.255,262.588,310.185,10.54,239.711,28.13,6.572,0
6.31,0.228,8016.586,3.04,133.056,218.982,17.651,92.717,32.133,5.551,0
6.401,6.961,15693.302,5.716,282.403,428.376,13.703,45.0,23.987,8.713,0
6.934,0.976,18230.195,4.96,146.898,490.305,6.617,187.691,22.733,6.592,1
6.038,3.111,16788.3,5.952,312.387,352.0,11.823,147.744,27.401,5.449,0
5.873,0.391,21385.167,5.83,172.961,375.623,13.021,263.617,24.075,7.034,0
7.05,4.756,8047.874,6.749,293.651,633.942,8.735,169.627,29.614,4.886,0
6.208,5.767,16317.167,4.28,209.492,517.349,7.817,207.019,23.617,5.86,0
6.359,3.321,30466.002,3.624,80.0,566.732,7.666,179.716,26.4,9.838,0
6.319,2.976,23971.392,5.413,349.674,135.955,10.054,104.973,33.054,5.441,0
7.622,1.847,21505.236,4.99,354.329,470.663,8.609,191.678,30.353,7.142,1
6.868,6.848,20039.435,5.606,220.648,435.165,18.037,117.059,22.09,11.372,0
6.921,0.787,15124.693,3.677,288.326,254.762,1.5,114.368,29.272,7.849,1
7.697,2.225,6098.543,6.384,302.245,279.732,13.001,129.633,16.807,6.481,1
6.958,1.673,20471.336,2.743,304.992,378.788,14.877,124.807,21.834,3.822,1
6.822,1.625,1800.0,4.219,411.676,243.961,8.167,178.425,27.835,7.7,1
7.57,6.729,15383.887,7.358,300.428,309.156,11.456,168.44,31.873,6.018,0
7.768,2.84,17476.215,2.837,234.599,349.609,10.961,205.628,18.642,8.404,1
6.953,1.835,14593.262,7.2,301.373,473.822,12.152,103.42,22.842,6.183,0
7.181,3.969,31613.99,2.282,228.454,320.183,15.483,176.157,23.018,7.899,1
6.318,3.739,29358.228,1.93,174.428,351.332,15.08,163.527,22.465,10.003,1
6.239,5.697,24213.276,2.112,368.678,527.92,9.8,201.077,15.946,8.608,0
7.869,4.278,11485.376,5.334,310.404,193.289,5.73,203.715,25.904,5.027,0
7.545,2.939,29989.2,6.559,106.762,432.274,13.243,198.595,15.601,7.56,0
7.555,3.093,21523.299,7.685,206.888,451.728,9.545,135.535,29.599,9.134,0
7.381,4.147,11377.132,7.526,329.399,455.019,10.125,191.358,30.829,4.665,0
7.146,1.464,17712.66,6.825,132.075,344.837,13.506,161.774,19.297,10.437,1
7.796,3.683,23730.737,3.436,201.001,277.216,10.542,262.281,15.639,7.654,1
8.035,8.501,13607.288,3.419,460.0,587.342,13.88,196.067,22.813,8.438,0
8.011,3.323,18413.462,6.676,236.858,302.221,23.808,194.366,19.984,6.781,0
6.999,2.393,19557.096,7.943,357.029,270.956,15.586,119.551,21.784,7.483,0
8.487,2.369,10344.448,3.038,392.54,407.424,18.552,157.528,23.531,5.79,0
7.328,4.028,15744.396,7.688,187.778,316.305,14.799,204.234,17.605,10.185,1
7.732,3.54,10834.493,1.259,287.641,531.096,12.847,185.67,32.623,10.627,1
7.382,4.911,23146.342,5.88,440.0,373.179,14.867,185.076,19.281,11.264,1
7.347,1.933,11597.64,4.892,304.06,546.657,14.648,93.546,28.425,4.222,1
6.364,2.719,19396.724,4.692,460.0,458.853,16.383,145.226,17.839,7.993,0
7.801,5.478,8463.987,5.163,210.864,358.415,12.767,174.879,23.356,8.178,1
9.7,5.772,10132.66,3.393,417.753,538.682,6.613,256.093,25.612,6.13,0
6.725,5.803,9817.772,5.992,266.417,326.9,5.893,85.991,23.787,8.071,1
7.171,5.092,15617.761,5.221,237.164,366.583,14.576,132.575,21.527,4.814,0
6.654,5.21,18672.481,6.971,319.403,468.499,7.432,85.598,20.141,10.049,1
6.612,3.679,19870.909,8.281,255.526,432.195,15.589,207.897,20.641,4.64,0
8.644,0.942,5980.472,5.354,257.812,324.158,18.524,255.239,19.084,7.851,1
6.427,1.03,16403.844,3.463,306.241,220.638,11.507,209.829,24.932,8.821,1
6.626,3.276,12621.281,2.824,111.343,402.763,17.951,221.747,33.621,6.321,0
5.513,3.382,20972.16,8.497,197.114,317.746,13.665,133.238,25.084,9.871,0
6.342,1.594,15760.364,8.241,326.425,408.557,12.617,210.319,26.456,4.115,0
5.392,1.68,16974.598,6.875,349.28,354.483,12.828,147.514,29.277,7.345,0
7.732,2.925,12657.832,5.22,295.364,318.892,8.761,193.286,20.384,4.364,1
9.7,11.712,28710.21,6.73,288.449,372.821,8.186,217.633,12.535,6.008,0
6.733,1.358,9156.734,7.709,299.199,396.189,5.102,173.944,23.017,6.511,1
5.433,2.298,14901.729,3.864,346.413,488.401,9.201,235.109,27.959,6.401,0
8.0,5.691,18199.39,5.16,143.771,455.783,22.127,181.002,34.66,9.688,0
6.373,5.013,15866.157,2.888,221.695,656.331,5.78,205.049,17.315,5.29,0
8.399,3.883,12534.416,4.842,258.674,421.972,7.206,294.003,29.379,4.602,0
6.818,0.581,5724.057,8.189,281.642,324.248,8.875,217.362,24.514,6.624,1
6.468,2.606,13005.192,7.257,85.681,385.045,9.086,148.784,20.745,7.604,1
6.922,9.713,11263.999,5.37,158.122,473.199,13.712,163.574,16.933,8.306,0
7.858,1.633,28414.96,0.5,263.584,525.411,9.747,238.02,19.613,9.477,1
6.873,1.581,32220.524,3.788,351.117,565.976,11.607,247.349,26.325,3.53,1
6.603,8.255,17169.854,5.305,229.382,282.959,8.677,187.995,30.092,10.44,0
6.901,2.921,8369.082,4.668,208.314,558.681,10.361,106.011,7.199,5.927,0
5.828,0.63,22297.287,5.166,309.937,399.478,12.231,137.736,25.972,6.899,1
7.497,1.211,11123.003,5.585,237.114,293.766,11.895,199.941,19.673,7.442,1
5.313,1.973,13930.388,4.033,339.876,380.547,21.413,221.921,20.215,3.493,0
6.656,3.751,13412.478,5.085,246.187,550.291,12.373,245.262,25.416,6.622,0
7.859,2.683,14246.713,4.801,170.207,459.873,11.556,78.229,34.142,9.186,1
7.403,1.522,15194.318,3.694,385.751,259.555,1.5,237.931,18.836,8.537,1
7.69,2.712,8962.237,8.793,370.167,260.455,13.58,268.485,22.445,6.499,0
7.035,1.632,12936.911,4.147,183.784,257.125,3.612,58.354,13.862,7.783,1
8.27,10.083,24129.638,0.592,298.635,317.215,14.983,189.708,25.543,8.231,0
8.025,1.153,17281.88,8.667,237.233,414.294,13.141,231.678,18.998,6.934,0
7.546,2.179,18314.54,3.407,317.62,269.858,16.091,112.372,32.141,8.286,1
8.028,1.94,2990.387,6.9,190.566,353.601,9.645,162.532,25.09,5.959,1
7.85,1.966,23660.594,3.738,339.107,573.244,12.621,220.811,21.357,5.698,0
6.661,1.272,13044.121,6.239,366.571,599.137,15.541,161.25,21.398,6.865,1
5.756,7.843,24805.796,5.004,184.476,591.057,8.317,170.0,25.115,3.054,0
7.52,12.298,18502.786,7.101,270.755,189.612,15.245,202.144,27.008,8.648,0
7.646,4.084,13846.653,4.673,368.357,605.847,15.039,125.661,16.221,7.55,0
8.19,3.835,6594.368,3.789,179.884,416.004,11.893,131.321,22.138,7.0,1
6.164,0.759,31636.499,5.614,208.15,414.356,19.603,215.762,22.985,8.834,0
6.194,7.717,22721.107,4.335,321.248,528.468,14.82,242.192,24.228,8.097,0
7.56,1.631,23109.984,1.242,251.341,489.415,4.966,211.919,30.574,9.315,1
7.029,0.674,29322.38,3.897,131.102,180.759,16.949,264.868,14.732,10.244,1
5.214,4.614,18956.566,10.838,237.781,331.504,9.539,213.082,28.544,7.995,0
7.475,6.394,26290.6,1.457,413.447,361.072,16.09,291.587,25.113,6.104,0
5.248,7.666,14389.261,5.582,440.346,245.368,13.83,193.618,20.113,8.705,0
6.155,2.201,22294.26,4.614,210.848,524.659,1.5,203.898,27.676,6.11,0
8.452,2.003,13404.371,8.773,187.369,577.672,15.222,212.176,20.778,6.028,1
8.925,3.617,14224.918,2.878,226.069,403.733,11.503,155.458,12.488,6.873,0
5.884,2.683,18130.504,5.303,418.162,440.831,10.432,147.316,6.0,9.485,1
6.771,4.678,9261.907,6.472,336.578,403.646,10.6,140.495,15.945,8.75,1
7.143,3.645,19641.257,4.741,389.447,416.898,16.05,159.435,19.844,8.995,1
8.881,1.521,15472.272,3.565,349.888,539.122,8.354,303.891,23.996,7.621,0
6.607,7.832,4580.856,5.056,152.854,193.14,17.51,290.181,26.464,8.425,0
6.623,4.698,14525.198,4.481,184.348,463.332,5.662,171.964,21.503,8.482,1
8.649,6.294,15257.144,4.475,205.825,406.422,13.831,166.871,14.821,6.161,0
6.725,1.544,23043.437,6.961,220.632,319.383,15.976,71.923,20.793,8.459,1
7.822,4.604,19353.787,5.906,207.344,344.598,15.866,135.316,21.734,7.393,1
5.623,5.506,26908.57,6.204,217.233,624.884,13.328,145.486,33.078,6.671,0
6.929,3.543,20880.712,5.761,319.442,245.7,11.569,165.817,26.23,6.757,0
5.44,1.26,13899.253,7.02,276.543,384.773,10.025,158.667,13.393,6.406,0
6.045,3.306,17120.664,7.709,368.681,600.538,6.999,201.812,21.173,6.894,0
7.939,5.154,15237.688,4.527,286.406,252.584,9.414,232.622,27.04,7.385,0
7.05,6.585,20671.824,6.739,207.517,350.26,8.174,149.971,23.122,8.597,1
6.781,0.825,17888.844,2.508,281.019,410.077,7.436,269.031,13.582,10.117,1
6.351,3.492,13414.362,0.594,136.539,454.519,20.617,209.012,27.747,8.423,0
6.879,1.013,17555.903,8.753,80.0,395.363,4.763,238.855,25.108,7.611,1
7.401,5.201,20497.674,4.433,319.673,297.556,17.565,165.825,22.089,3.8,0
8.083,6.15,10958.26,5.605,351.556,458.688,6.936,220.055,18.323,11.754,1
4.5,1.426,19560.557,2.65,271.131,392.928,7.9,214.943,28.877,6.126,0
6.268,1.205,7238.56,2.557,231.739,480.331,7.827,270.717,12.479,6.184,1
7.259,1.927,24686.214,3.674,150.941,515.843,7.503,225.898,13.985,9.676,0
7.001,2.759,20926.675,6.386,364.189,226.651,16.653,236.954,18.738,5.418,0
7.503,1.726,28090.34,4.067,306.865,528.976,15.148,160.904,24.753,8.069,1
7.368,5.52,10242.123,4.428,289.75,374.444,11.453,255.776,15.088,6.567,1
6.795,6.607,24867.436,3.611,264.59,504.025,24.683,119.812,19.841,6.945,0
6.573,3.387,23582.57,7.432,225.086,464.265,12.425,158.483,21.02,7.489,0
6.854,1.774,16315.492,6.837,170.371,627.49,12.769,205.472,24.99,5.251,0
8.249,2.684,15051.818,4.132,286.48,405.75,9.415,126.601,21.395,7.178,1
6.368,3.387,10446.551,6.468,219.225,356.602,8.879,139.225,21.416,9.247,1
7.037,2.596,8752.237,4.61,228.963,343.444,10.101,139.253,18.906,7.266,0
7.283,2.941,12616.977,4.425,411.017,280.549,16.333,210.827,29.316,13.5,1
8.66,6.26,9337.458,5.001,260.913,501.972,15.07,181.258,26.827,7.565,0
6.8,1.681,27872.196,6.386,80.0,272.83,18.308,243.005,26.618,5.246,0
8.059,10.626,7736.662,3.316,219.486,500.919,9.273,293.432,18.487,6.461,0
8.332,3.46,18467.821,6.105,179.877,378.18,15.153,204.874,20.027,3.918,0
7.036,2.492,20332.083,10.096,253.166,193.413,13.875,161.869,25.763,9.34,1
6.889,1.648,19823.745,5.466,143.923,583.593,14.454,210.258,19.592,10.29,1
6.771,1.767,20394.376,5.171,301.859,110.0,8.613,140.736,17.626,8.917,1
6.844,3.158,23651.602,4.932,239.834,395.189,7.826,186.498,24.674,5.888,1
7.954,3.443,14601.506,6.056,224.564,433.075,14.926,325.424,15.414,5.83,0
7.331,2.425,18069.079,1.879,277.718,128.274,16.428,178.83,21.785,8.726,1
7.335,1.005,15591.85,8.502,258.484,457.95,9.718,206.646,28.175,6.462,1
5.975,3.159,25966.416,7.062,253.55,324.625,15.241,181.116,23.843,5.851,0
6.133,1.793,31149.129,3.811,245.944,375.178,17.897,167.473,16.927,5.65,0
9.243,0.627,9739.431,5.163,263.273,566.161,10.872,216.45,25.741,10.764,1
6.922,4.803,4297.845,3.985,294.17,422.126,6.025,120.1,19.514,6.565,1
6.325,0.728,21199.355,5.698,283.527,362.932,6.588,180.86,27.905,8.897,1
8.531,2.345,24457.424,5.223,360.785,384.545,9.456,115.34,25.953,8.389,0
7.382,2.881,30220.353,5.557,218.531,618.132,10.493,274.946,20.987,5.872,0
7.678,7.203,22296.287,3.043,285.241,453.554,12.337,244.296,18.651,7.473,0
6.962,0.661,26572.576,4.137,460.0,298.948,12.429,147.751,18.074,5.598,1
6.781,5.161,28290.395,7.392,261.519,346.402,11.274,87.929,38.0,10.006,0
6.93,5.716,27021.056,4.032,264.815,262.191,15.557,216.97,9.71,5.761,0
5.717,8.652,23227.543,0.5,157.612,350.795,9.077,187.596,12.79,8.057,0
7.012,6.454,9165.638,4.799,204.377,597.947,18.191,313.407,29.394,6.51,0
7.396,2.952,17445.648,9.923,255.959,385.04,16.73,267.095,28.142,5.735,0
8.95,5.317,19450.251,6.798,310.344,244.558,16.401,224.933,25.09,9.339,0
7.186,7.434,16851.237,3.932,320.179,456.711,9.532,160.947,11.447,6.462,1
4.766,0.498,17252.311,4.999,292.733,357.891,11.976,175.612,26.125,4.107,0
7.006,0.997,27686.982,6.46,333.348,472.369,15.753,206.616,17.318,8.164,1
9.7,3.699,12580.594,1.587,180.056,375.912,11.6,209.527,22.427,6.127,1
7.966,5.672,22693.84,3.388,306.558,578.432,9.354,151.078,25.36,7.684,0
6.289,4.685,19556.871,5.897,266.135,295.722,9.173,114.977,25.938,8.941,1
7.691,3.937,11926.039,8.289,275.616,265.181,9.392,296.052,19.226,8.042,1
6.358,8.573,10502.09,4.221,234.203,517.512,7.276,191.862,30.453,9.0,0
5.746,2.421,6441.452,8.234,183.992,164.573,25.417,213.33,27.715,5.063,0
6.752,1.733,20656.251,3.591,161.712,384.368,3.715,142.841,17.431,9.557,1
7.192,2.075,17088.909,0.5,292.257,501.074,8.086,265.141,20.217,6.865,1
5.228,3.754,12132.447,6.588,307.317,141.672,15.182,247.204,18.6,4.832,0
5.951,2.871,5305.317,6.181,253.987,412.757,9.434,193.326,22.637,2.982,0
7.11,5.888,20312.621,6.572,263.741,225.486,10.917,201.556,26.649,6.845,0
6.692,1.814,16370.773,6.494,203.782,183.619,14.278,205.674,12.266,5.985,0
7.495,4.103,12860.992,5.484,307.76,277.087,17.146,195.4,11.492,6.013,1
5.885,5.33,11233.74,4.582,270.153,382.993,11.27,220.685,18.174,8.002,1
7.814,7.431,15949.261,4.659,233.923,320.295,16.649,210.712,30.846,10.496,0
5.916,1.168,20554.977,4.179,338.617,537.848,4.862,180.325,24.378,5.777,0
8.743,2.044,15355.111,4.299,319.827,414.886,9.773,125.728,32.148,7.566,0
5.384,2.717,9774.579,1.478,134.451,346.325,14.727,188.606,22.097,6.378,0
6.007,0.875,17122.188,2.671,269.178,247.812,21.379,231.264,18.116,5.623,0
7.517,3.915,24296.059,4.773,183.55,431.893,8.156,226.969,13.277,5.571,0
8.764,3.873,17761.739,0.618,276.859,652.068,7.364,262.183,18.191,10.356,0
7.415,3.641,17944.753,1.084,80.0,320.65,14.036,268.003,19.403,7.424,1
7.663,2.594,15383.152,4.431,281.757,334.734,12.739,228.589,8.934,7.058,1
7.118,6.899,11717.185,4.843,325.519,277.714,9.267,200.309,18.122,6.166,1
6.074,2.085,11501.167,4.473,255.583,547.102,7.025,208.893,18.071,7.521,1
6.61,6.483,6697.949,0.5,165.999,516.241,10.187,158.409,23.126,6.252,0
5.888,2.048,25177.968,8.205,431.291,351.447,14.846,233.96,22.756,10.874,0
5.821,1.139,20505.952,2.228,363.257,333.115,11.001,262.802,24.856,7.853,1
7.502,2.971,18036.164,3.464,219.86,291.738,17.77,247.29,13.588,7.651,1
5.977,3.391,19421.288,2.576,242.813,370.283,11.888,220.6,16.417,7.61,1
7.42,4.149,19706.941,7.698,96.612,527.385,15.207,176.764,28.37,9.754,1
5.798,0.343,12725.449,5.943,305.239,409.983,13.753,170.422,21.497,7.36,1
7.396,2.386,15385.795,4.154,148.615,559.518,10.683,181.212,27.912,6.542,1
6.611,10.135,14417.644,4.013,321.641,318.581,16.249,149.841,22.181,7.69,0
8.507,1.93,33824.256,5.459,352.205,127.474,7.022,205.107,24.086,8.824,0
7.424,5.726,24131.313,2.607,259.028,717.64,10.009,45.0,26.066,9.529,0
8.336,12.5,18591.235,5.861,174.521,430.75,10.637,160.367,19.772,7.787,0
6.344,11.344,26378.898,4.003,371.166,498.423,14.217,193.748,19.131,7.813,0
7.156,1.3,25557.974,6.139,265.184,310.498,15.339,327.591,19.056,9.187,1
6.119,5.406,8526.592,6.071,272.924,241.495,8.832,190.243,22.548,2.479,0
6.686,5.636,16051.454,3.913,185.82,423.57,8.198,192.27,26.33,7.559,1
6.838,4.831,17393.891,0.995,281.41,165.997,12.854,144.156,20.642,6.348,0
6.374,1.116,21474.932,4.606,247.752,372.953,5.581,284.574,29.699,7.504,1
5.884,3.62,16044.047,2.201,152.079,527.677,17.035,145.264,33.148,8.04,0
5.686,3.602,16859.548,5.257,378.899,458.816,11.493,301.804,17.905,9.641,0
4.76,0.977,14501.233,4.587,414.526,435.588,7.237,149.303,29.893,4.908,0
6.044,2.491,24318.079,3.924,351.547,614.249,7.148,241.79,22.896,6.105,0
7.727,3.736,8118.287,2.509,338.851,450.041,13.909,186.882,25.208,5.799,1
5.502,2.906,14722.194,7.474,415.034,176.469,13.787,159.069,22.223,6.308,0
5.732,5.075,5516.106,4.193,175.963,387.112,9.042,245.527,30.071,4.934,0
8.891,2.443,10807.344,9.807,174.942,636.038,11.988,263.067,25.015,11.247,0
6.464,3.357,19561.654,5.17,229.776,367.868,7.419,179.796,20.983,8.967,1
7.421,5.974,19685.003,5.803,290.318,628.692,11.337,188.67,20.579,6.004,0
7.742,9.364,15464.254,5.178,240.127,527.837,19.14,167.307,16.033,7.428,0
7.763,1.094,24805.903,5.783,178.301,355.983,22.088,202.323,19.685,6.617,0
5.578,4.944,26301.279,7.285,265.481,275.34,11.547,129.794,30.078,7.681,0
6.869,2.147,17050.022,7.308,256.978,445.787,14.443,45.0,29.281,6.018,0
5.482,4.186,19127.814,1.567,336.513,557.46,14.266,87.137,19.288,4.659,0
9.546,1.019,14558.461,6.811,268.786,215.563,4.755,177.842,16.632,6.37,0
5.505,6.997,21574.77,6.094,103.112,419.446,7.326,131.156,28.52,9.886,0
6.052,1.637,9738.607,5.172,297.765,160.033,2.08,183.533,25.489,4.727,0
6.059,6.047,29172.926,8.525,399.452,364.249,14.521,161.814,11.539,9.375,0
5.603,1.149,24909.904,8.606,267.459,206.432,21.254,151.15,38.0,8.408,0
8.453,0.83,9706.979,6.909,348.891,472.468,17.296,154.314,23.068,6.681,0
9.522,2.642,12371.38,4.013,222.064,322.32,12.7,243.196,32.87,8.75,0
6.624,3.645,20238.117,2.715,313.089,543.964,12.066,202.94,24.01,7.776,1
5.78,12.009,15301.368,6.609,201.71,340.141,10.914,276.072,16.964,3.553,0
4.863,3.582,21039.897,7.819,244.048,329.211,17.269,195.679,24.125,6.672,0
6.856,1.297,15163.924,1.043,244.717,211.18,13.47,84.953,14.488,6.725,1
6.784,5.399,27411.276,7.273,305.519,451.926,12.781,132.591,22.27,10.001,1
6.449,7.775,17553.995,4.59,194.947,464.052,7.535,196.332,16.689,6.679,0
7.321,1.561,33233.608,1.482,140.485,517.769,15.205,203.309,21.814,7.02,1
7.495,5.899,21417.389,6.039,304.96,483.624,11.825,157.771,24.438,5.31,0
7.423,7.137,8728.872,6.919,301.765,453.152,14.286,146.234,24.714,7.286,0
6.784,5.489,31062.228,4.397,274.561,476.502,16.996,156.561,14.533,5.26,0
5.998,1.85,24641.413,2.985,344.296,488.62,5.143,182.055,19.26,9.355,1
7.766,3.673,19970.96,8.524,247.776,513.919,11.17,187.304,11.544,6.643,0
7.113,4.182,21703.117,3.763,288.915,221.691,10.517,129.617,26.601,5.256,1
7.988,6.861,9771.196,7.419,235.257,349.582,10.121,203.544,24.176,9.606,0
7.89,1.953,5771.555,2.074,243.018,210.233,7.474,203.037,16.186,5.049,1
5.678,5.999,17228.627,5.932,293.918,444.856,9.226,183.953,31.154,7.86,0
5.666,2.83,26462.007,5.875,457.662,600.595,7.557,151.995,25.706,4.723,0
6.344,2.386,20072.107,6.847,328.095,512.561,16.212,226.936,22.39,7.927,0
6.044,3.269,28609.615,8.086,311.632,332.154,14.198,262.799,20.255,9.322,0
7.855,0.271,26087.935,3.473,330.742,465.65,13.886,165.347,19.302,6.233,1
7.451,0.4,17633.957,6.142,80.0,446.873,3.829,155.433,18.422,5.276,0
8.199,0.546,25194.42,2.367,292.13,432.976,21.27,215.625,29.809,5.332,0
7.496,4.313,27396.87,2.344,342.39,248.599,10.662,125.618,24.592,7.3,0
7.309,2.601,16978.817,3.943,272.176,562.816,20.351,119.789,16.916,10.87,1
8.3,1.855,16110.459,5.919,261.33,263.629,15.871,154.314,30.522,9.322,1
7.57,3.057,18412.928,8.454,185.105,360.991,11.458,207.022,22.476,9.507,1
7.168,6.093,1822.599,8.818,228.16,520.097,21.694,141.576,17.67,5.474,0
8.58,2.952,19322.807,4.39,194.153,360.19,15.053,188.969,34.458,9.374,1
7.215,1.265,22182.847,5.711,349.958,414.516,11.472,79.487,16.649,9.177,1
6.796,12.5,18439.322,6.986,392.642,419.353,10.74,223.924,18.214,7.949,0
6.262,3.173,19740.384,6.631,429.481,412.91,17.144,269.225,23.001,6.263,0
7.803,7.179,17217.404,4.761,192.75,418.807,10.086,139.957,24.869,9.15,1
8.337,5.523,4519.358,5.252,208.185,430.67,10.796,214.426,18.633,6.18,0
7.049,2.263,28306.866,4.88,201.276,413.964,9.814,178.557,10.177,8.583,1
8.408,9.276,15109.112,4.683,178.423,297.541,9.1,195.839,23.188,6.715,0
5.13,1.981,13484.494,4.417,179.794,218.995,9.375,176.476,16.933,5.626,0
7.045,4.26,26326.888,4.861,221.183,524.775,20.476,173.307,20.917,6.671,0
7.06,3.868,23861.553,4.288,339.331,530.253,17.034,144.178,18.301,10.942,1
6.373,4.131,19274.928,2.829,203.984,445.497,13.559,129.892,16.715,5.301,0
9.484,8.27,22500.903,6.825,354.512,444.495,10.036,250.466,21.455,9.185,0
7.034,3.235,9992.576,6.133,381.235,295.177,10.019,97.652,19.334,8.912,1
6.692,3.699,16974.187,8.853,289.233,112.37,10.85,188.972,18.128,7.068,0
7.126,3.833,25916.097,5.839,369.476,375.157,20.55,186.473,28.601,6.406,0
5.097,11.682,13098.578,4.266,149.293,177.318,13.809,187.419,17.229,5.153,0
6.34,6.821,11010.834,3.847,217.554,427.128,15.864,226.568,21.536,9.72,1
8.083,0.79,18010.926,5.195,281.1,561.509,13.399,169.609,22.783,5.259,1
6.471,2.043,18163.371,6.206,283.975,331.063,8.515,225.915,13.194,2.381,0
6.271,3.403,21709.219,4.611,386.485,337.957,12.962,299.223,16.517,7.954,0
8.41,8.157,8542.009,2.159,180.098,284.301,7.659,181.628,22.771,4.969,0
8.44,8.684,1800.0,3.622,219.359,410.31,17.879,78.241,22.553,7.202,0
7.617,3.095,23488.008,5.136,257.776,401.012,9.131,182.16,18.429,4.981,0
6.645,1.989,10460.617,6.581,220.917,282.704,9.926,176.759,22.849,6.354,1
6.861,2.778,13535.063,2.128,176.377,514.509,16.159,212.111,24.553,7.525,1
6.296,3.495,3308.969,5.63,224.493,720.0,9.358,80.326,26.404,7.889,0
6.105,2.634,24148.932,5.542,244.13,547.783,11.514,207.847,26.865,9.81,0
6.056,7.299,19777.198,4.197,388.041,391.727,1.5,166.822,30.013,7.403,0
6.482,2.441,19516.265,3.926,178.28,390.295,11.048,234.15,23.624,7.593,1
6.065,1.579,19472.458,3.627,334.291,343.373,15.174,161.485,14.944,6.968,1
5.536,2.733,4108.946,5.382,373.132,340.899,9.681,237.739,21.285,9.063,1
7.319,4.01,11096.421,7.354,221.429,519.979,15.017,106.91,15.639,5.364,0
7.335,7.39,14563.774,7.496,287.091,525.205,12.427,190.978,27.901,6.612,0
8.801,1.474,12633.172,2.852,313.955,264.656,17.395,136.549,30.964,7.398,0
6.432,4.028,15735.175,4.726,299.935,448.958,9.193,163.154,22.964,5.769,0
7.396,4.116,19100.298,0.713,271.982,538.335,11.413,339.605,29.741,9.912,1
7.413,4.67,24041.849,5.318,207.3,362.978,5.887,137.774,29.345,7.973,1
6.846,2.439,7878.674,6.295,321.309,379.616,12.086,169.507,24.761,5.194,1
7.844,4.615,17442.57,8.242,233.171,488.518,10.603,127.094,26.055,8.135,1
7.875,5.428,22125.034,1.527,267.435,491.93,16.821,173.115,28.503,9.758,0
7.427,2.419,11493.459,2.924,279.945,456.487,9.689,181.752,14.903,6.105,1
6.844,3.696,16246.587,5.388,337.759,435.507,10.593,149.599,24.437,9.851,1
6.742,2.861,20532.589,1.863,428.875,451.631,9.462,276.7,26.214,7.862,1
5.732,1.761,17572.858,5.444,202.288,371.674,12.622,253.534,14.68,7.763,0
6.294,1.043,21882.285,6.346,269.469,270.874,21.448,137.926,34.091,9.557,0
6.478,1.981,18115.538,2.537,138.825,218.206,1.5,234.919,29.337,7.767,1
5.976,2.097,15472.893,5.365,390.923,476.467,12.285,163.595,29.384,8.103,1
7.54,1.028,9877.387,2.676,268.727,417.984,17.785,122.388,25.372,7.566,1
8.297,4.406,19106.596,7.851,239.527,459.662,10.185,150.518,17.498,4.243,0
6.192,5.693,18149.823,5.513,269.439,305.534,14.871,120.922,15.643,8.141,0
7.383,2.803,11046.592,3.82,273.735,417.31,17.798,241.765,22.425,7.854,1
6.066,3.122,21283.363,2.624,202.794,414.437,11.257,141.798,27.042,6.716,0
6.795,2.209,25741.503,5.878,365.977,558.481,9.563,260.847,26.146,2.811,0
6.41,2.993,13209.395,7.816,319.803,507.211,16.709,197.748,32.919,8.52,0
7.702,4.639,12770.391,3.557,331.654,316.205,14.729,167.803,21.198,5.851,1
6.421,4.034,12533.034,4.221,207.199,465.546,12.219,162.385,20.912,5.372,0
8.112,2.98,6588.7,3.596,202.6,315.373,15.251,286.395,23.045,5.201,0
6.854,2.096,30529.131,8.211,255.348,110.0,16.821,190.567,16.294,3.874,0
6.45,5.373,14582.245,1.283,332.996,612.114,12.261,162.261,31.711,8.231,1
5.847,2.269,11920.048,7.671,307.644,360.008,13.875,236.939,21.55,11.641,1
7.353,1.105,10175.962,4.346,198.897,529.736,14.851,222.205,24.469,6.356,1
7.995,3.539,14978.211,4.957,321.76,325.639,10.422,135.655,27.723,8.878,1
7.373,0.652,12981.139,4.419,182.37,308.118,17.846,190.289,18.635,7.231,1
9.339,3.918,26847.476,5.579,208.762,339.409,7.861,90.522,24.609,7.896,0
8.53,4.124,9383.204,3.64,278.406,435.318,11.909,188.16,22.956,7.28,1
6.792,1.964,7499.527,7.217,165.425,426.138,15.954,207.281,28.657,8.808,1
6.782,2.194,21086.597,7.298,183.1,464.724,7.746,214.633,23.049,5.225,0
7.57,5.899,16803.158,3.133,396.93,345.436,16.421,135.029,6.43,7.579,0
6.262,10.963,16050.859,6.435,381.133,409.851,13.356,149.38,17.58,9.443,0
8.266,3.251,21137.636,4.387,459.626,303.819,18.463,203.607,14.301,8.662,0
7.462,1.996,18388.626,5.203,303.299,581.316,15.258,258.777,34.178,7.987,0
7.356,4.15,17195.686,8.15,319.805,247.32,11.768,195.064,31.205,7.576,0
7.787,2.893,8363.3,3.752,251.829,306.364,13.542,159.304,10.528,6.75,1
8.823,3.957,6657.382,6.953,235.212,354.189,13.704,243.362,17.139,6.765,0
7.271,3.547,12947.216,6.014,339.113,691.672,21.605,197.1,14.967,4.604,0
6.987,3.611,10451.628,4.712,380.768,497.02,12.881,199.83,24.255,8.306,1
8.609,0.45,19249.838,5.835,331.866,302.57,11.879,233.874,17.456,9.857,1
8.068,2.188,5808.353,5.597,193.616,503.663,11.62,184.703,21.46,7.929,1
6.779,2.027,14593.459,2.783,298.288,466.9,13.35,138.662,15.012,7.43,1
7.105,2.005,16375.013,3.887,199.537,437.849,7.396,181.498,25.496,8.478,1
7.295,4.882,17242.241,3.009,237.418,488.498,10.778,251.168,13.26,3.587,0
7.462,1.199,20093.268,4.547,404.079,411.969,7.945,294.097,37.518,6.487,0
5.743,0.453,15377.489,7.79,163.036,425.496,8.533,122.969,31.725,7.267,0
5.558,1.969,13161.302,6.262,449.339,218.649,16.118,280.049,37.394,4.328,0
6.213,1.657,25589.121,2.235,311.71,578.172,12.618,169.82,26.517,7.689,1
6.135,3.267,15419.788,4.553,225.38,351.299,9.162,191.125,32.031,4.069,0
6.456,1.647,26724.347,5.567,270.798,256.533,11.824,283.493,28.178,8.644,1
7.735,2.586,15386.673,6.588,206.778,344.481,11.393,167.466,17.174,7.807,1
6.931,2.312,17394.247,3.798,218.512,349.313,12.737,174.908,20.841,7.056,1
7.296,7.144,16598.142,2.625,271.23,308.852,5.718,154.647,25.459,8.771,1
5.876,1.683,19002.921,4.987,237.042,498.318,7.589,192.083,29.683,7.665,1
6.638,4.685,14770.987,6.238,185.698,521.903,6.013,207.147,22.962,8.256,1
7.687,2.965,18124.877,5.57,246.18,169.896,8.452,152.211,26.217,7.91,1
7.695,5.985,27450.291,3.331,153.258,343.227,9.248,269.77,21.071,5.852,0
6.375,8.589,24317.537,8.609,156.896,351.827,7.845,148.897,20.608,10.223,0
7.262,2.931,24362.299,4.902,156.025,384.343,15.94,217.412,14.465,9.642,1
9.299,0.673,8777.451,5.487,407.063,609.758,20.78,191.46,25.568,8.172,0
7.082,1.206,9829.22,3.776,299.478,307.371,16.215,258.405,20.145,7.671,1
6.407,0.963,18915.381,7.313,315.648,592.489,9.956,145.784,15.548,8.751,1
6.926,2.198,22509.797,6.244,265.957,387.455,13.446,221.489,19.561,9.668,1
7.192,1.935,14125.619,5.729,308.034,593.607,12.201,323.159,24.655,10.827,1
6.949,3.672,12965.698,2.797,364.947,367.685,9.76,110.711,26.875,6.425,1
7.069,5.679,26559.98,7.288,299.665,353.63,18.461,140.468,21.93,9.282,0
5.657,0.603,21958.198,6.614,404.428,402.284,21.532,304.618,29.195,7.243,0
6.137,3.132,24376.913,7.13,261.839,560.07,5.885,182.621,31.643,4.504,0
6.951,1.722,14630.575,5.174,315.908,423.998,18.981,196.248,21.337,8.909,1
6.935,3.213,14119.866,4.95,324.841,430.11,9.841,171.725,28.648,10.041,1
6.534,2.205,23667.789,4.736,185.776,481.404,11.32,280.98,19.129,9.151,1
6.923,5.049,15792.282,9.658,268.633,299.433,13.772,101.252,15.458,7.096,0
7.161,1.282,13529.429,4.015,108.479,445.403,19.464,258.037,17.52,8.098,1
7.989,1.812,11564.223,2.728,253.961,329.622,13.766,108.737,17.986,8.658,1
7.001,2.782,14176.582,4.353,241.275,581.552,14.356,103.818,20.461,8.431,1
7.499,2.386,23188.043,4.034,236.189,455.239,16.34,130.217,34.497,9.614,1
6.558,2.769,7687.178,7.62,230.361,488.127,17.05,182.969,19.963,9.097,0
7.672,0.76,21588.841,2.388,308.518,160.281,14.8,150.712,20.817,6.358,1
7.476,7.756,12896.578,3.977,189.704,489.808,17.078,147.451,23.891,7.448,0
7.966,2.075,16133.047,5.481,423.099,383.695,9.809,138.983,15.34,6.491,1
7.813,1.359,16549.404,7.637,313.236,232.541,4.695,139.934,23.846,7.69,1
7.689,2.83,16065.158,6.526,196.748,416.398,20.712,138.694,26.809,4.036,0
7.002,3.152,15633.67,8.338,320.013,222.805,7.83,202.917,31.599,10.871,1
7.345,9.999,14611.686,5.792,349.563,478.323,10.098,155.025,30.62,5.997,0
8.164,6.295,13785.736,4.693,296.375,577.077,11.008,45.0,25.106,6.476,0
6.448,2.349,26078.528,6.811,179.506,190.132,10.233,187.949,21.704,7.549,0
6.472,8.874,17662.821,2.366,455.169,401.402,9.232,231.218,22.04,4.92,0
7.281,7.768,16681.336,1.68,319.355,385.213,14.586,174.665,25.364,6.796,0
7.515,1.37,13309.757,7.053,158.956,166.251,14.634,120.657,22.73,7.703,1
6.276,11.499,14848.365,5.521,282.775,514.98,15.29,230.977,22.474,10.368,0
7.025,2.104,13332.387,7.028,246.273,480.085,15.007,114.51,17.58,7.656,1
7.006,3.426,22474.737,3.395,265.546,648.131,10.625,172.335,26.89,6.67,1
4.885,7.001,12601.606,7.67,163.534,464.54,10.618,188.798,24.727,5.374,0
6.88,0.606,2899.402,6.441,269.618,299.52,17.536,249.354,18.614,11.249,1
6.943,2.77,17879.002,5.038,194.344,466.72,10.154,221.775,31.636,7.538,1
6.94,3.814,15683.96,5.515,235.289,559.177,10.064,203.114,24.21,7.548,1
8.516,6.14,13692.377,5.794,297.933,349.216,16.683,241.183,14.74,4.931,0
5.884,3.042,23425.115,3.387,224.486,507.29,12.416,126.31,28.48,8.345,0
6.275,0.615,1800.0,4.33,240.314,122.411,10.227,276.898,19.099,6.341,1
4.5,9.95,27745.586,5.762,334.72,582.008,10.27,45.0,20.623,10.049,0
6.619,3.123,24355.405,4.25,189.469,501.047,17.558,268.527,21.916,8.236,0
6.704,3.919,13417.654,2.161,209.884,110.0,15.137,143.731,28.007,7.625,0
6.59,0.844,14569.902,5.69,158.36,450.919,13.564,210.91,22.665,5.019,0
8.208,7.545,20778.515,6.772,195.057,166.62,7.251,269.665,26.586,7.223,0
7.961,2.128,20952.904,7.237,275.976,331.67,13.584,220.852,13.873,7.015,1
7.178,1.727,13379.768,6.165,319.354,486.464,11.542,210.483,16.601,7.621,1
6.729,6.465,6990.951,6.737,196.476,388.677,8.394,237.648,23.185,3.854,0
8.126,0.94,31239.003,7.075,316.834,555.794,9.793,108.603,18.794,5.763,0
7.08,3.96,23714.806,5.259,273.943,412.648,15.633,116.853,21.815,6.507,0
6.282,1.684,18519.545,0.862,147.479,400.506,18.091,204.925,27.326,8.3,1
5.384,4.293,18642.539,7.42,279.838,536.819,7.742,179.132,18.342,3.925,0
6.659,5.101,21538.561,3.313,366.52,364.488,8.309,172.795,18.735,9.887,1
7.855,2.069,22316.911,2.838,104.169,401.98,15.624,258.101,23.636,9.636,1
9.377,7.257,3938.617,2.893,435.442,417.8,10.659,253.331,10.667,5.61,0
7.162,3.127,15219.332,10.069,213.106,396.9,14.987,139.36,28.844,11.844,1
6.335,10.045,14543.605,5.981,124.826,544.226,10.598,214.333,23.755,7.829,0
5.915,6.518,16450.675,3.017,276.766,324.984,15.096,103.962,23.54,7.204,0
7.652,3.388,22510.161,3.733,335.642,305.363,6.318,102.639,19.872,8.469,1
5.335,3.37,5864.479,5.099,241.163,277.598,14.972,140.893,26.997,8.153,0
7.65,1.03,8730.574,6.185,291.486,147.98,3.053,187.087,22.064,7.611,1
7.918,6.459,13068.657,5.659,445.178,583.049,16.664,154.082,30.112,5.448,0
7.536,1.913,18503.243,3.243,282.481,296.906,12.347,214.817,13.077,6.613,1
6.88,3.657,22908.816,5.734,460.0,376.369,14.486,189.157,23.367,8.043,1
7.665,9.987,28103.602,3.878,372.494,591.958,13.567,251.275,23.246,8.901,0
7.271,7.168,15638.698,7.194,269.381,387.974,4.824,220.01,24.805,9.991,1
6.322,1.447,22898.126,5.213,289.781,466.729,18.651,132.881,31.141,6.577,0
8.95,3.14,22116.056,3.581,237.848,234.529,14.005,239.534,15.09,7.543,0
6.748,3.926,21020.849,6.478,286.214,572.803,15.903,142.593,14.912,6.211,0
7.876,7.754,17342.174,5.866,312.732,390.408,8.904,212.631,20.952,9.369,0
4.681,7.01,14903.042,4.15,230.647,282.805,13.583,162.924,12.023,6.84,0
8.376,4.655,10574.904,6.56,147.702,282.717,6.605,262.824,36.378,6.342,0
8.569,4.354,10144.646,6.358,377.309,607.797,13.172,230.215,28.414,7.512,0
7.13,3.097,19756.032,7.504,347.746,334.659,8.272,151.906,26.0,4.389,0
7.659,3.845,17146.254,6.52,144.547,285.409,26.0,168.769,27.541,8.374,0
7.659,2.581,14799.202,4.672,279.534,353.032,15.223,340.0,30.372,6.842,0
6.457,5.431,21821.256,1.719,352.301,410.445,18.489,120.648,19.435,12.382,1
7.647,4.513,16196.82,5.473,343.517,423.218,11.377,150.405,20.906,6.287,1
6.291,6.304,11564.336,5.784,206.013,458.323,14.296,153.094,24.985,6.919,0
6.491,6.186,15767.763,5.202,348.48,433.171,16.574,126.259,20.075,9.231,0
8.227,1.906,22834.094,0.5,266.283,482.657,7.673,132.038,17.62,8.808,1
8.075,0.336,10847.164,6.458,298.038,372.27,9.473,184.023,19.929,9.265,0
6.394,1.788,18860.299,3.276,186.843,653.662,16.876,216.209,25.214,6.896,0
6.366,3.824,17139.733,6.471,80.0,346.387,11.519,102.377,28.286,5.335,0
6.454,2.584,12554.736,8.501,198.927,567.287,9.136,162.421,15.629,12.203,1
7.833,2.503,15593.211,4.594,310.609,333.119,9.661,145.781,21.899,8.329,1
6.1,1.7,7284.06,5.977,247.538,233.668,6.999,125.623,22.687,7.806,1
7.457,4.211,18212.661,5.166,320.266,204.949,3.683,244.768,14.934,8.85,1
7.847,0.634,8629.236,6.151,359.023,441.474,4.867,147.924,25.603,5.054,1
7.012,4.63,24470.842,5.307,236.906,544.435,12.706,114.656,22.379,6.578,0
8.11,4.689,16902.179,4.066,228.539,266.877,15.522,238.408,17.556,5.523,0
6.796,6.212,13783.211,3.29,80.0,299.701,23.835,258.818,20.202,7.7,0
6.886,12.5,25043.636,8.281,133.448,451.335,12.314,203.071,26.105,4.919,0
6.123,0.288,10792.983,5.977,151.106,404.695,6.74,138.253,28.672,8.613,1
8.117,4.545,12640.061,6.761,312.314,334.722,12.372,174.729,24.97,9.53,1
6.333,5.178,5609.897,5.898,237.755,251.489,15.663,153.973,34.055,9.464,0
7.45,1.792,26011.791,7.052,219.59,442.089,17.136,187.283,29.469,8.193,1
7.029,2.725,29673.627,3.308,209.857,483.352,16.699,229.375,26.198,7.746,1
6.047,2.152,6621.639,5.266,198.787,464.01,15.077,188.612,18.924,6.648,0
6.491,4.749,12197.479,6.111,343.494,408.182,12.929,189.806,29.561,8.207,1
8.483,6.67,17953.788,7.685,272.934,278.315,15.816,161.78,18.542,7.202,0
7.302,1.162,14147.988,10.446,349.263,442.747,7.168,226.568,27.331,4.035,0
6.091,4.249,17296.452,5.915,80.0,433.779,3.463,210.256,8.825,6.29,0
7.405,7.599,16735.613,3.778,310.282,247.414,21.92,88.9,20.136,8.826,0
6.954,1.902,20149.087,2.709,223.878,368.719,12.288,92.018,14.893,5.374,0
9.7,0.208,11253.724,3.29,241.075,448.972,14.903,171.76,21.34,5.338,0
7.385,1.538,18752.288,3.552,379.99,395.611,1.5,243.387,14.073,7.041,1
6.719,1.39,10245.172,0.5,231.863,169.736,19.452,254.166,23.166,3.496,0
8.52,1.609,14822.924,3.749,306.811,328.158,17.701,231.962,25.709,8.713,1
5.259,9.875,6211.116,6.533,178.475,320.175,5.455,181.713,19.229,8.554,0
7.194,11.372,14870.437,5.251,268.069,472.115,11.072,270.57,21.144,9.105,0
9.094,8.251,13777.206,4.583,129.744,716.806,13.698,150.263,24.273,7.798,0
6.984,2.543,23633.266,1.856,260.129,421.076,6.813,171.244,22.727,5.865,1
5.367,8.46,17114.81,7.201,297.76,261.244,14.699,111.849,30.818,5.186,0
6.704,0.344,18296.271,6.124,359.042,385.739,17.205,171.006,19.025,8.392,1
8.555,1.32,17354.062,5.074,195.479,406.276,13.959,142.605,26.116,8.688,1
7.476,5.521,3660.793,0.695,220.038,495.791,5.452,274.583,24.509,5.39,0
6.261,2.04,4519.849,4.118,210.25,554.055,7.835,263.755,13.785,5.149,0
6.415,1.171,15428.595,5.967,243.409,571.922,11.943,193.48,23.506,7.366,1
6.54,4.157,19310.64,5.043,183.068,469.468,11.377,215.682,22.496,7.646,1
7.461,4.229,15973.376,5.484,81.636,404.905,11.468,156.769,20.144,9.083,1
8.438,4.525,11883.617,6.471,176.369,583.008,11.309,50.484,33.291,8.592,0
8.152,4.888,15937.965,5.409,260.838,363.3,4.382,148.064,30.453,7.256,0
7.556,4.011,15373.944,6.399,252.411,411.538,16.125,231.138,18.577,9.264,1
5.768,2.924,22563.521,3.413,311.93,375.788,15.323,214.099,26.685,6.771,0
5.772,3.339,22199.63,2.654,336.586,149.245,14.851,168.436,27.314,6.845,0
7.633,5.574,13902.806,6.055,226.788,557.611,14.434,230.673,23.846,8.927,1
5.755,3.906,17175.492,6.465,130.212,486.062,11.222,164.105,16.631,9.124,1
6.874,2.224,19295.295,6.138,299.274,120.599,9.768,127.211,17.476,9.171,1
7.404,1.767,20260.189,5.363,264.166,525.21,7.921,230.678,26.062,7.077,1
5.962,3.318,28241.888,4.452,243.032,368.588,19.443,156.35,25.94,7.529,0
6.076,7.576,17317.04,5.522,368.736,523.626,12.408,246.464,21.345,5.841,1
7.006,4.941,25096.841,5.859,303.297,414.095,5.027,80.128,30.632,9.02,1
7.604,7.844,9959.46,5.979,275.446,242.119,12.369,158.675,31.662,6.336,1
8.162,2.509,13355.12,10.314,278.93,408.162,3.121,222.845,31.593,3.806,0
7.707,3.701,3617.141,3.258,337.225,297.186,13.616,217.163,31.618,6.606,0
7.174,4.105,18483.493,11.5,206.388,258.254,13.143,177.837,22.908,5.86,0
6.354,5.749,21708.906,2.586,190.181,509.043,10.061,205.803,15.258,2.527,0
6.029,2.512,1800.0,5.871,245.099,451.985,8.272,197.709,21.13,6.368,0
6.589,4.931,18723.861,2.71,164.875,584.708,15.031,108.103,22.334,8.808,0
7.51,7.294,21427.367,5.712,261.139,357.674,12.126,170.001,19.348,8.145,1
7.437,3.045,21057.044,7.064,273.241,289.452,3.762,202.507,20.791,8.141,1
5.0,1.586,9726.903,5.165,259.152,481.657,17.918,217.842,16.298,9.966,1
6.314,7.458,22525.28,7.046,234.279,304.958,8.271,186.418,27.144,6.358,0
8.305,5.245,17560.479,4.253,405.506,367.777,6.568,159.642,32.444,5.338,0
7.179,0.935,21341.745,1.0,344.956,468.011,18.614,116.603,36.816,8.289,1
5.683,3.099,16681.924,6.353,256.743,389.887,17.268,231.403,24.44,8.043,0
9.456,10.264,19976.743,5.161,272.907,346.352,10.608,225.357,22.005,5.121,0
7.071,4.662,24710.033,4.141,381.989,236.681,6.864,244.298,22.786,7.083,0
7.484,3.313,16173.857,4.279,215.313,517.427,8.406,130.69,30.895,8.369,1
7.5,1.419,19346.681,5.913,182.924,360.789,10.531,196.711,30.797,7.895,0
6.732,1.416,25623.497,3.471,284.286,479.171,17.973,151.925,21.605,8.717,1
6.372,5.511,16634.004,5.85,300.182,463.319,18.327,192.555,29.98,6.19,0
9.222,1.529,10184.925,7.477,306.523,535.954,13.247,340.0,23.937,4.847,0
8.103,4.126,21894.28,9.22,335.361,376.732,15.426,239.701,18.734,5.756,0
7.922,3.038,26826.704,7.909,202.731,363.274,11.558,148.44,22.103,8.956,0
7.676,3.954,25877.093,5.423,145.282,272.008,8.572,176.105,32.878,9.264,0
6.097,2.847,22147.42,5.615,215.312,339.882,5.747,170.086,27.186,7.098,0
8.378,4.515,2262.976,4.3,314.457,445.94,13.953,196.815,20.061,10.123,1
6.257,6.186,13367.087,4.169,186.639,306.953,16.552,106.183,28.437,7.108,0
7.383,2.883,13700.097,6.844,100.624,442.894,10.202,207.804,27.141,6.478,1
5.461,5.828,17791.645,4.485,277.263,581.075,17.844,73.531,21.202,4.86,1
5.059,8.069,28473.721,5.832,216.798,351.575,10.768,98.001,18.67,7.264,0
7.418,4.102,10476.479,3.175,118.197,247.276,12.877,300.092,16.555,9.309,1
6.291,5.416,32074.314,7.841,271.328,355.392,11.505,170.158,13.463,9.683,0
5.111,1.174,15014.868,4.455,232.167,234.281,18.064,268.444,19.205,9.325,1
7.641,2.928,12515.141,7.276,407.459,565.107,14.717,145.441,21.969,8.299,1
9.22,0.833,22993.831,3.692,272.552,415.182,12.237,74.417,30.309,10.274,0
8.49,2.185,23507.978,3.587,314.817,317.586,12.845,132.213,27.781,5.656,0
6.843,2.957,21724.655,7.756,263.535,337.817,7.15,337.84,24.14,9.533,1
7.109,10.836,12498.539,3.848,214.21,263.146,2.45,112.413,12.132,7.906,0
7.988,1.788,20763.183,1.964,223.553,526.337,10.108,287.707,24.713,7.779,1
8.222,3.202,10781.875,3.02,356.881,625.464,11.627,208.987,13.456,4.839,0
6.756,1.532,12317.902,6.813,328.562,225.709,14.891,196.591,28.065,8.014,1
7.134,2.773,16883.344,6.621,138.467,530.191,11.766,148.827,28.229,9.477,0
7.401,4.566,12170.237,3.575,158.868,375.498,10.389,140.433,23.295,3.568,0
7.654,5.082,24342.864,3.837,163.589,557.099,1.5,221.025,27.738,8.832,1
6.967,2.502,13741.911,6.446,355.108,184.941,14.872,262.56,28.882,3.287,0
6.98,2.002,16067.035,7.732,117.833,432.047,13.45,200.796,23.636,4.849,0
8.48,8.76,11778.711,4.962,331.851,356.052,16.162,230.676,22.16,7.23,0
8.31,2.362,24244.464,6.208,298.86,484.091,12.623,166.593,15.293,10.249,1
7.577,0.422,13170.175,6.847,277.479,412.337,17.661,309.52,20.941,7.169,1
8.819,7.32,24923.072,9.406,224.795,407.671,10.023,203.122,17.22,8.246,0
6.714,0.545,24445.533,2.789,366.032,392.282,12.317,301.826,17.161,5.762,1
8.723,7.328,14601.384,3.763,274.645,592.476,13.582,136.914,18.749,7.05,1
7.643,0.851,17692.841,4.087,142.242,384.003,15.469,187.524,11.623,7.301,1
9.7,1.025,14420.892,6.755,162.038,508.714,14.374,248.932,28.68,10.333,0
5.908,1.288,21047.193,4.596,125.196,480.422,14.649,197.811,24.27,6.055,1
6.411,2.216,16235.936,5.724,367.028,511.657,13.71,218.476,29.733,6.213,0
7.519,7.375,14786.376,5.344,386.062,283.23,11.633,136.222,27.651,9.338,1
7.497,1.324,17800.165,5.103,357.334,489.861,16.556,167.698,25.893,6.956,1
9.05,4.557,7215.598,5.315,252.834,445.424,4.966,141.857,27.607,7.604,0
6.432,3.886,17006.986,7.16,143.758,262.265,9.669,185.296,23.875,8.183,1
8.005,3.421,21722.478,3.159,175.409,379.513,19.663,179.638,30.569,6.254,0
8.262,6.489,18397.353,4.803,180.946,680.314,9.473,160.903,20.043,3.706,0
7.805,3.629,23685.768,2.669,261.116,357.983,12.148,224.779,22.883,9.335,1
6.139,3.832,15047.562,5.553,382.933,360.882,18.745,131.415,21.381,7.609,0
8.508,5.384,14514.61,4.709,382.599,459.085,11.933,71.794,34.699,5.101,0
8.329,2.276,10237.426,7.238,223.491,340.096,8.748,158.564,19.335,8.801,1
7.7,3.226,14862.658,5.09,80.0,421.854,17.893,308.382,30.469,11.017,0
7.304,4.098,30278.302,4.212,165.806,351.131,11.198,218.044,15.093,9.547,1
7.326,6.076,19291.032,4.607,366.031,453.286,11.505,143.457,23.582,11.146,0
7.021,2.926,13694.015,8.547,284.688,397.574,3.588,214.477,21.947,5.19,1
7.741,3.184,10960.077,1.96,234.77,639.239,11.927,182.622,17.079,7.849,0
7.131,4.483,7109.55,3.845,228.844,410.521,15.573,211.319,19.146,8.039,1
6.251,2.968,12102.442,5.172,201.178,378.287,10.561,238.44,25.918,7.19,0
6.051,1.824,22434.758,3.827,162.679,528.532,6.734,200.643,21.049,6.81,0
6.348,5.377,14724.293,6.081,441.125,238.07,10.338,196.63,17.402,2.073,0
7.322,3.644,11271.884,4.987,411.071,608.007,9.732,271.758,28.207,10.446,1
7.073,2.415,11986.805,5.612,195.141,286.382,11.359,219.682,22.877,4.49,0
7.315,1.286,21721.625,5.336,115.921,548.094,10.171,200.716,24.921,9.027,1
7.601,0.558,16971.79,4.894,279.367,579.793,19.991,192.322,29.34,7.42,1
6.473,4.645,13423.171,2.518,252.465,341.903,13.861,158.876,31.966,7.345,1
8.566,1.789,15495.476,5.452,318.392,353.434,4.669,121.495,9.741,7.03,0
6.832,0.799,31838.24,1.573,337.642,391.899,12.822,226.872,22.377,7.758,1
6.667,1.614,25427.55,3.756,165.548,479.586,12.32,260.212,13.274,8.553,1
7.582,4.084,27046.065,6.078,373.819,285.233,17.875,213.531,38.0,9.113,0
5.263,1.774,6111.324,7.479,234.981,391.893,11.798,221.126,23.874,7.173,0
6.309,4.143,16517.835,9.799,316.672,367.389,11.669,141.21,28.644,5.23,0
8.081,2.096,13308.871,4.243,242.775,266.843,20.883,157.209,19.363,5.168,0
5.363,3.211,21034.961,3.37,343.412,279.599,7.69,119.5,20.939,9.27,0
8.218,3.42,24388.745,6.145,80.0,420.39,16.09,176.276,29.376,6.912,0
8.611,5.182,19621.77,8.84,327.758,418.263,12.788,244.076,25.988,5.555,0
6.731,5.294,11828.945,8.165,194.287,313.323,10.246,151.642,32.731,6.065,0
7.392,3.289,13203.413,3.03,271.244,414.509,9.583,185.894,18.161,7.231,1
8.219,1.479,21533.711,4.819,370.8,327.366,18.613,228.635,21.735,5.09,0
6.633,6.96,22180.476,6.801,196.732,561.851,14.594,256.447,25.976,7.344,0
7.968,2.376,18416.19,6.939,183.399,392.642,15.205,99.413,26.861,9.656,1
6.429,0.254,18343.641,6.284,233.382,536.704,16.504,163.782,25.432,7.186,1
6.622,3.977,17825.796,4.203,228.019,201.877,14.039,149.395,15.326,4.218,0
6.301,4.091,19249.128,6.266,175.736,443.732,7.726,141.781,17.533,8.962,0
7.443,2.452,22153.746,6.959,274.033,476.529,5.427,168.937,24.981,9.398,1
8.258,0.856,21596.077,3.236,278.444,388.454,19.428,82.888,14.049,9.493,1
6.916,0.685,17653.305,7.76,304.354,340.338,13.436,169.782,17.861,7.506,1
5.829,2.596,17181.179,7.084,195.336,386.534,12.857,191.926,23.216,11.597,1
6.017,1.355,16932.561,3.616,184.76,494.096,20.621,132.628,18.499,8.725,0
7.495,6.062,12427.851,6.95,254.919,259.736,7.71,163.506,24.33,12.782,1
8.944,2.518,12345.317,6.726,244.171,489.059,1.5,191.076,22.48,9.833,1
7.494,2.284,21035.716,6.802,245.804,443.204,4.348,196.59,18.429,9.557,1
6.713,10.114,12866.352,8.252,204.885,373.705,10.111,100.107,18.566,6.279,0
7.866,0.31,22790.57,5.079,293.053,378.832,13.027,228.514,30.412,5.694,1
6.861,3.19,17166.272,5.763,184.889,412.423,18.762,229.837,25.228,7.608,1
6.722,0.579,22827.369,0.5,254.615,604.034,16.294,149.166,24.434,7.053,0
6.142,7.443,21640.232,7.332,238.959,446.76,1.5,282.287,23.318,6.432,0
8.508,0.784,22979.045,7.139,262.156,291.877,25.103,215.071,17.737,7.166,0
4.561,4.209,14403.623,7.812,365.748,352.764,10.653,207.12,19.727,7.044,0
7.898,3.794,20157.846,3.227,153.267,267.651,18.025,227.569,9.076,6.248,1
6.636,0.566,22296.272,7.024,80.0,178.225,14.957,133.185,19.308,8.583,0
6.69,4.231,7416.376,7.137,214.494,265.543,12.524,170.561,19.406,6.047,0
8.792,2.089,28561.007,3.798,167.139,419.409,11.433,223.968,26.182,7.322,1
6.386,4.816,32228.695,7.212,80.0,557.875,7.494,146.122,19.502,5.214,0
6.42,1.978,23657.374,6.026,413.44,524.493,6.705,170.616,27.558,7.58,0
6.97,4.243,22738.225,1.704,312.575,266.369,11.752,223.056,21.494,7.762,1
7.514,2.957,21326.931,6.269,321.708,309.282,6.253,207.042,23.862,5.67,1
6.658,4.233,15397.683,3.566,240.735,292.358,19.916,191.151,22.819,7.527,1
5.526,4.754,16783.894,1.748,300.769,110.0,12.936,193.442,27.059,7.224,0
6.234,2.718,23768.632,5.833,229.076,384.883,21.917,180.381,29.996,6.571,0
8.381,2.384,11174.088,4.969,334.217,501.391,10.54,236.903,17.275,6.588,0
7.175,4.666,10605.34,7.908,281.071,374.713,9.843,304.953,33.205,8.206,0
7.551,2.114,14917.36,5.463,261.895,252.862,15.159,206.097,18.031,7.451,1
6.839,2.762,21765.646,6.657,268.309,303.582,11.333,260.511,21.931,9.124,1
6.441,8.402,11871.415,6.118,389.563,365.538,16.879,165.981,19.932,5.535,0
8.778,3.215,16034.796,7.142,279.223,497.426,18.972,152.514,31.745,7.062,1
6.912,5.296,16806.609,3.327,177.483,383.062,17.446,146.65,16.847,6.294,0
6.657,1.86,10922.85,5.497,293.576,481.189,18.64,139.491,27.162,7.509,0
8.196,4.2,1800.0,4.819,306.568,395.239,16.179,173.856,10.191,7.885,1
6.378,2.817,10827.668,6.407,252.7,433.415,10.029,238.736,27.72,5.273,0
6.505,2.435,19195.762,5.612,260.571,292.18,17.629,245.161,21.891,8.467,1
7.11,0.518,20659.933,3.872,174.372,322.699,15.639,161.969,20.828,11.293,1
7.1,1.371,20713.359,4.424,273.251,254.303,9.72,172.184,18.988,7.707,1
7.36,10.541,21462.221,8.397,161.769,477.199,10.291,189.888,22.614,5.838,0
9.192,2.93,13428.433,1.711,243.684,370.058,12.087,202.875,20.941,6.874,0
7.436,3.231,12036.041,6.519,208.108,110.0,17.502,222.269,14.353,6.816,0
4.722,5.952,19937.877,7.583,348.547,462.739,13.026,168.047,18.448,6.199,0
7.426,3.922,16123.625,6.258,396.745,521.897,12.475,178.977,27.631,8.701,1
7.138,2.422,23396.011,9.042,167.732,307.595,11.784,264.508,20.665,4.118,0
7.143,2.441,19978.928,6.977,264.607,462.634,10.91,174.678,18.415,7.89,1
7.346,1.275,25844.834,5.868,238.619,379.833,7.262,158.396,23.27,9.723,1
7.071,4.448,14474.014,4.167,304.477,150.862,16.079,185.296,25.834,9.607,1
7.047,4.56,24438.973,5.905,273.181,639.356,7.922,194.298,26.771,9.244,1
7.713,3.261,30725.393,6.463,232.073,380.554,12.804,105.252,24.96,6.212,0
6.558,2.872,17849.327,5.107,272.969,429.17,10.66,165.598,30.012,10.024,1
6.152,4.589,20745.493,3.614,246.755,330.049,15.949,213.098,23.285,8.06,0
9.7,1.248,11451.566,2.692,400.076,369.536,10.961,300.247,21.631,9.962,1
6.384,4.074,23311.367,5.471,197.54,424.399,7.972,160.911,28.066,9.347,1
7.2,8.709,24838.878,2.139,286.886,279.895,16.952,232.068,18.891,7.966,1
5.604,1.906,14286.054,4.157,308.319,608.276,8.783,199.856,20.656,6.959,0
7.216,2.666,21310.037,0.5,302.271,505.578,13.196,253.801,13.76,11.655,0
6.167,7.232,19323.073,6.766,239.679,467.019,18.232,155.963,33.521,4.196,0
6.658,3.265,20040.104,7.408,381.303,387.986,9.214,250.675,35.095,7.088,0
8.145,5.583,22778.128,5.258,87.445,313.654,12.034,267.114,21.985,4.87,0
7.572,4.244,20872.847,8.763,172.015,528.611,10.56,269.454,27.428,7.611,1
7.668,4.495,16596.579,7.795,321.403,478.283,13.092,268.507,27.057,8.042,1
5.329,1.819,22916.426,6.06,190.191,357.069,12.192,200.498,24.099,6.243,0
8.937,1.771,24727.065,4.874,185.227,274.857,16.642,222.172,30.05,6.378,0
5.908,5.087,13897.736,4.401,225.288,215.892,9.707,166.923,15.664,5.023,0
8.629,0.931,17488.306,6.225,198.22,408.429,18.234,67.739,21.928,8.213,0
8.122,2.759,6003.497,4.818,319.153,375.129,19.721,204.073,10.896,6.561,0
7.677,4.593,21293.387,6.196,341.874,547.275,13.654,181.145,17.136,8.16,0
6.245,2.655,25450.264,6.345,272.507,524.065,8.944,242.968,13.571,6.457,0
7.252,2.894,15827.581,4.641,354.643,409.667,12.315,237.409,12.341,7.845,1
6.629,5.772,18367.335,7.292,147.153,395.266,11.938,131.581,20.127,8.731,0
7.129,7.816,16068.728,4.643,271.45,266.75,20.476,318.654,25.116,8.261,0
6.85,12.5,15004.675,5.143,379.576,532.317,12.036,211.347,19.142,7.779,0
5.061,7.374,19009.113,3.145,348.033,398.192,18.723,119.371,19.838,7.214,0
8.222,2.246,12402.423,4.559,387.085,477.634,13.002,127.073,18.739,8.259,1
7.019,1.568,15970.7,9.416,214.846,546.216,12.706,70.223,23.814,6.315,0
6.615,2.271,11620.419,3.299,342.961,337.127,10.905,232.001,19.494,7.048,1
6.54,4.646,21328.998,5.975,228.724,305.65,11.325,161.022,17.162,8.024,0
7.458,2.456,19055.048,4.191,315.588,701.245,16.504,143.779,28.407,10.167,1
6.206,1.877,14696.954,0.672,376.425,476.336,9.212,154.582,17.94,6.298,1
4.845,8.448,17741.012,6.218,197.504,371.568,16.819,173.466,15.623,5.807,0
7.507,2.395,16065.286,3.988,107.26,553.787,18.984,221.661,27.292,7.913,1
7.619,4.396,24935.319,5.738,422.043,368.009,9.837,99.555,13.234,9.573,0
6.9,4.316,14633.42,7.079,306.491,444.058,17.936,131.161,30.13,8.861,0
5.952,0.533,21627.792,5.569,255.898,336.812,17.217,215.577,17.049,7.439,0
7.189,8.112,12916.153,5.757,251.229,402.964,16.411,157.326,23.465,9.606,1
5.635,1.18,22792.55,3.364,86.824,372.112,9.638,222.026,17.231,4.142,0
6.073,0.843,24242.486,6.514,282.742,314.774,11.963,162.64,23.075,9.221,1
6.349,2.186,24549.291,4.721,219.902,434.143,11.957,276.615,19.978,6.834,1
7.944,1.587,27061.61,1.103,269.46,328.369,21.908,201.477,17.301,8.534,1
6.737,7.277,19400.893,6.754,267.575,474.118,12.455,257.445,13.699,9.214,0
6.652,3.876,25546.654,7.366,80.0,368.455,11.675,218.477,19.864,7.749,0
9.055,2.027,28057.17,8.062,306.647,198.588,7.334,221.805,25.755,7.526,0
7.452,0.811,10206.66,9.442,281.062,479.502,8.127,148.617,26.911,6.695,1
7.439,4.204,13578.952,6.647,292.478,481.512,9.421,254.206,18.832,10.445,1
6.73,2.568,7777.945,6.128,249.409,675.426,14.126,201.867,18.846,8.02,1
6.504,4.615,24397.437,7.283,269.158,407.127,6.092,137.541,21.989,7.8,0
4.914,3.894,7694.54,3.326,279.689,426.999,9.504,73.95,23.008,10.117,0
8.069,1.632,5931.025,1.756,288.312,462.431,4.126,197.697,22.981,6.495,1
7.548,5.029,10366.948,4.146,305.425,527.364,18.809,272.933,20.483,6.95,0
6.921,1.055,6200.972,7.654,289.035,519.864,12.979,140.107,20.88,9.087,1
6.963,2.483,19269.027,3.778,422.227,443.254,13.897,138.256,21.334,10.594,1
7.836,2.751,10450.473,6.031,203.289,401.043,7.595,172.606,8.992,7.48,1
5.545,3.042,6513.161,6.247,233.129,506.119,17.726,250.568,20.648,8.096,0
6.51,0.995,17227.823,5.589,408.901,396.048,19.264,88.977,27.536,4.541,0
5.964,7.038,17611.228,2.545,251.859,250.3,12.801,154.24,31.081,9.708,0
8.872,1.629,5346.41,5.785,344.189,224.853,10.344,134.683,29.823,5.45,0
7.976,0.633,12860.942,4.257,276.518,369.808,14.985,220.916,23.522,6.429,1
4.897,3.983,17014.848,8.506,245.636,419.396,15.807,182.151,16.105,7.739,0
5.586,10.444,15180.649,7.374,348.831,701.644,16.417,170.938,19.823,6.232,0
6.968,0.53,15358.359,4.327,309.066,390.597,15.488,180.096,18.581,3.909,1
6.628,1.359,25165.365,8.631,134.609,410.592,16.838,233.165,14.828,5.176,0
5.776,5.823,31452.541,5.787,279.747,356.48,9.383,251.688,17.536,7.577,0
9.045,3.204,15463.56,1.757,180.42,479.257,16.604,246.355,18.773,10.093,0
7.413,1.032,8907.77,4.943,373.048,438.641,10.458,221.647,14.91,9.948,1
7.575,2.733,15975.21,8.371,414.055,328.4,1.5,266.115,28.41,8.088,0
6.408,8.834,18762.905,3.46,424.288,283.625,10.417,138.761,26.533,7.682,1
7.822,7.546,17153.689,4.964,295.389,356.716,10.007,211.322,22.715,8.836,1
6.72,12.5,21469.492,2.38,225.767,303.795,13.585,319.172,25.214,9.786,0
6.817,5.19,31877.41,2.698,292.349,377.261,16.271,88.979,24.774,7.611,0
7.711,2.132,6364.714,3.432,185.123,421.978,13.368,160.617,18.746,7.673,1
5.471,5.752,14203.982,2.645,460.0,344.857,21.539,133.029,33.434,7.766,0
8.697,1.78,27517.431,3.863,366.52,579.54,10.137,205.88,18.542,9.217,0
7.282,2.912,14106.704,8.577,290.885,544.127,3.555,269.081,13.326,4.937,0
8.381,1.791,22631.708,5.028,349.749,377.453,13.751,219.563,23.936,7.429,1
6.025,5.175,21600.855,6.671,223.203,289.3,10.048,178.048,26.273,8.121,0
6.177,4.862,25539.719,7.283,170.824,401.425,7.614,220.012,21.249,3.992,0
5.938,1.923,29936.708,2.883,80.0,388.954,11.161,174.065,30.219,9.051,0
7.35,6.665,19664.973,3.437,272.06,397.466,8.975,200.689,24.048,9.337,1
7.166,8.1,6152.106,6.632,247.307,357.237,9.418,224.024,18.24,3.897,1
6.636,2.149,12947.353,3.831,309.14,279.072,19.351,286.405,19.556,6.656,0
6.086,4.261,31709.344,6.499,266.111,409.187,13.059,214.719,23.862,6.716,0
5.833,8.431,8307.714,8.455,305.28,362.896,11.306,201.973,23.467,5.8,0
7.052,3.998,20729.243,2.189,333.942,373.568,19.689,301.947,30.038,6.048,0
6.634,2.487,1800.0,4.386,140.885,416.275,11.17,82.422,27.842,6.46,1
6.414,3.001,8717.023,4.703,338.856,396.677,6.964,184.939,13.908,8.498,1
8.647,2.128,23265.092,4.047,230.441,413.666,6.531,149.23,22.021,9.645,1
7.018,6.803,17733.746,3.884,308.994,357.338,12.14,176.888,15.791,8.393,0
8.37,6.252,15053.128,4.116,351.889,448.217,5.11,223.219,31.46,5.755,0
6.567,11.766,12206.686,5.069,352.473,318.864,7.224,243.936,17.354,8.824,0
7.345,1.743,4522.473,5.43,275.978,274.447,10.784,161.378,24.172,8.487,1
7.045,2.024,22007.138,7.007,280.17,298.203,17.594,226.802,18.953,2.12,0
5.402,0.856,15659.542,5.05,340.813,323.797,18.313,140.63,11.524,9.632,1
8.528,4.67,7607.876,7.336,137.4,250.464,15.468,119.573,15.719,7.64,0
6.965,1.208,17696.229,3.916,184.116,201.875,12.483,193.897,21.553,7.707,1
7.846,11.381,21278.112,2.697,241.263,465.415,9.933,177.98,26.298,4.263,0
6.348,1.588,16195.621,4.49,151.713,557.909,14.248,271.979,26.08,10.305,1
6.935,0.49,18253.952,6.025,241.904,471.924,20.519,307.065,15.282,8.007,0
6.233,1.166,17747.824,6.821,237.26,347.028,13.136,156.53,24.817,8.795,1
8.336,3.91,12905.834,8.02,272.404,199.028,10.421,90.366,28.509,5.017,0
7.411,2.969,17852.687,5.68,260.165,428.033,11.791,114.805,25.974,8.321,1
7.467,1.559,22278.91,6.606,355.895,212.123,11.3,144.037,20.902,8.357,1
8.458,2.858,24225.184,7.838,313.705,394.601,14.969,201.402,23.279,7.12,0
8.256,1.958,22639.741,3.542,258.962,309.05,9.063,175.634,23.884,5.072,0
7.865,4.591,13111.863,4.68,236.673,131.329,14.328,120.782,31.103,7.289,0
5.678,1.251,21635.382,10.642,260.958,582.664,15.057,288.238,32.868,5.681,0
6.404,3.518,20525.532,6.813,262.462,254.304,14.048,226.457,26.74,6.143,0
6.096,3.627,12886.893,6.121,460.0,362.305,7.612,286.746,23.31,9.488,0
7.828,3.039,14481.967,6.887,141.11,389.524,11.827,90.94,22.82,7.556,1
7.271,4.213,21918.005,2.429,186.267,348.546,10.129,259.997,23.421,7.254,1
5.709,2.834,26449.903,3.806,173.801,460.75,12.168,181.803,24.191,5.284,0
6.911,5.136,5724.133,3.075,287.888,316.084,9.5,168.449,20.006,7.318,0
5.606,3.037,28160.398,5.937,284.522,450.829,18.095,191.338,34.415,7.13,0
7.047,7.004,25067.038,4.362,216.289,443.221,13.341,151.528,18.407,5.633,0
5.445,3.504,18794.27,5.291,341.17,239.67,5.218,182.135,30.514,9.353,0
7.629,6.712,15935.342,4.478,296.421,433.301,6.516,242.053,10.252,9.267,1
7.478,1.989,20037.817,1.847,344.739,278.523,17.921,82.034,21.403,6.006,0
9.008,1.383,13336.325,6.87,367.294,265.123,11.69,272.352,21.035,8.112,0
7.948,5.11,16344.982,1.576,83.861,439.868,10.746,211.581,24.327,4.065,0
6.677,3.079,7912.325,3.645,323.277,355.998,17.578,183.938,20.887,7.973,1
7.918,0.321,6180.101,2.469,155.345,449.753,11.818,241.459,31.039,8.806,0
5.702,1.714,32659.993,3.341,286.2,450.809,7.122,210.01,21.595,5.379,0
6.138,3.924,17909.989,5.504,258.804,233.639,7.426,163.605,17.03,7.427,0
7.433,2.883,18823.979,7.57,262.432,493.874,15.324,147.493,17.397,7.63,1
4.942,1.651,17300.237,1.978,162.607,439.202,21.633,272.475,20.257,12.6,0
7.063,3.06,12119.469,3.986,352.591,334.603,16.278,108.654,27.201,12.045,1
6.08,3.44,15504.096,1.602,155.308,388.695,10.781,179.17,28.252,7.979,1
7.201,0.637,18092.727,3.889,328.795,497.297,11.48,112.427,16.027,6.205,1
6.022,6.589,16221.851,5.244,143.289,366.647,12.718,216.828,18.359,7.84,0
7.524,7.597,12610.682,6.634,263.482,658.831,3.41,184.662,16.82,9.427,1
7.119,1.706,20616.677,0.863,418.373,583.883,12.606,121.276,21.344,4.387,1
8.5,10.215,18724.37,6.201,460.0,419.014,15.128,142.205,28.58,3.635,0
7.107,2.903,20053.901,3.155,127.409,377.642,20.478,192.442,23.994,5.337,1
6.331,1.871,22082.791,2.668,205.114,382.839,17.408,205.679,26.191,8.772,1
6.853,1.825,16391.595,5.235,220.574,332.922,21.185,83.456,27.332,8.877,1
5.756,9.775,16402.228,6.354,456.68,420.027,20.063,151.202,19.597,8.196,0
7.506,1.274,27135.942,4.899,259.192,487.506,18.776,198.825,15.571,9.399,1
7.69,3.494,11363.901,2.914,356.346,243.063,12.618,256.54,19.593,7.073,1
9.569,3.807,5321.394,4.898,290.475,482.133,14.052,236.159,27.764,6.912,0
6.478,5.134,21111.002,3.65,163.067,517.026,4.984,164.977,26.497,8.093,0
6.832,3.292,13409.224,6.308,106.917,473.661,13.087,244.95,23.459,10.48,0
6.524,9.317,10497.219,7.251,212.887,389.407,15.048,172.671,28.504,8.14,0
7.312,10.475,23254.047,7.123,460.0,468.676,11.225,45.0,23.845,7.228,0
7.482,7.955,16559.006,5.061,286.897,560.914,5.563,269.248,21.075,8.125,0
7.047,4.08,9286.834,7.345,354.622,398.017,19.623,215.171,13.901,9.961,1
8.186,5.874,30077.15,3.058,144.449,407.833,14.327,200.343,30.374,6.752,0
6.483,2.458,7030.539,8.666,237.356,660.905,20.243,190.452,22.443,6.594,0
8.086,6.752,16936.59,3.047,331.202,441.869,15.84,206.649,20.382,6.547,0
7.638,1.962,5219.701,1.04,172.251,284.125,18.658,190.402,22.405,8.867,1
7.088,1.47,19259.279,7.831,259.563,509.757,17.734,174.099,31.693,5.997,1
6.785,1.434,13332.793,3.68,190.22,453.233,9.443,154.079,28.757,8.553,1
9.527,4.672,22825.286,5.333,335.247,326.35,10.21,194.232,20.912,4.752,0
6.283,8.581,17386.988,3.038,298.874,272.526,10.572,141.53,25.725,6.933,0
7.398,9.032,26278.951,9.827,323.088,433.632,8.151,127.164,30.117,7.295,0
6.35,0.352,14706.86,8.744,339.041,397.788,20.443,204.839,25.015,10.618,1
8.886,6.119,7070.462,8.193,245.648,255.69,12.69,243.9,23.7,9.147,0
7.987,1.385,19043.854,5.277,350.275,394.383,14.568,146.209,10.876,6.759,1
6.422,12.5,15858.376,7.061,214.863,386.827,6.51,155.776,30.225,6.467,0
7.613,1.014,5674.811,4.994,318.186,397.51,16.184,96.728,17.036,6.186,1
7.358,0.651,10640.028,7.344,97.469,463.991,10.657,117.61,12.15,5.38,1
6.583,6.204,12708.639,4.279,201.56,193.573,18.174,119.69,12.535,10.308,0
7.858,2.342,27609.992,8.269,460.0,271.545,9.416,243.585,18.04,6.039,0
7.489,2.235,22098.398,4.178,316.934,346.567,18.493,94.5,25.819,10.498,1
7.316,1.683,15239.721,4.405,316.964,564.141,16.734,215.255,29.732,7.579,1
7.058,1.931,20560.653,4.167,194.969,689.134,10.404,175.414,24.982,7.252,1
7.531,6.388,4243.511,5.485,171.992,405.581,18.88,223.292,33.066,7.576,0
7.329,1.43,13828.11,4.324,242.529,410.465,17.67,254.14,20.662,9.578,1
7.159,2.818,20106.47,6.075,259.294,111.796,14.703,188.353,21.654,5.862,0
6.459,1.3,18574.946,4.138,427.73,513.535,8.029,252.355,12.173,8.315,1
8.794,3.397,13994.185,6.682,351.61,458.957,16.101,275.242,19.66,7.33,0
6.05,2.205,17250.997,8.137,274.259,438.976,12.797,264.049,11.156,8.126,0
7.528,4.396,19697.705,5.255,270.586,255.454,12.722,153.03,15.218,7.032,1
6.78,4.809,17439.182,9.537,329.442,642.587,12.832,81.681,26.655,6.75,0
8.86,8.676,23096.526,7.355,152.902,587.465,12.364,183.133,13.215,8.345,0
6.197,12.5,19571.564,9.376,101.685,440.322,8.605,199.811,13.788,4.915,0
6.365,1.832,20823.063,4.978,328.188,524.039,5.681,82.563,12.805,9.909,1
6.13,5.201,28638.106,1.777,271.121,411.133,4.752,193.36,27.503,7.594,0
7.423,2.174,22878.791,3.688,153.47,503.529,13.847,48.499,32.506,6.411,0
5.727,4.71,28816.23,3.892,86.935,248.13,1.593,275.019,22.567,8.063,0
6.621,4.571,13132.557,3.194,340.979,132.155,15.768,216.258,28.469,6.15,0
4.948,4.471,7149.31,0.708,220.668,252.661,14.778,145.012,16.248,7.542,1
7.34,5.48,16588.175,7.149,299.022,308.222,11.138,196.968,30.133,7.553,1
6.6,3.558,16033.624,1.38,242.58,327.772,17.119,203.76,18.849,9.665,1
5.612,2.35,26986.192,6.958,262.09,458.774,11.33,216.56,26.872,7.902,0
8.186,3.426,10154.711,9.471,214.659,374.119,14.384,193.817,22.842,5.385,0
5.792,12.008,16987.287,3.543,258.497,401.56,3.688,241.974,11.876,8.446,0
7.897,2.007,20133.666,5.875,314.051,262.847,2.412,120.268,17.866,8.698,1
6.399,2.499,18150.666,4.303,241.563,252.46,11.441,182.896,23.992,4.498,0
8.702,1.716,16385.057,6.754,236.71,409.932,14.403,288.266,12.272,5.261,0
7.85,0.525,19830.695,2.711,316.641,339.947,16.776,170.654,24.72,11.018,1
6.092,3.015,24514.135,4.836,322.305,405.548,11.702,203.276,14.786,6.803,0
6.183,4.936,27482.346,7.342,168.313,470.328,13.61,135.261,26.136,6.845,0
7.706,1.486,17713.247,5.002,262.543,601.738,16.038,308.627,15.109,7.337,1
6.838,7.805,12197.003,1.843,220.48,402.546,11.925,205.691,25.57,6.247,1
6.931,4.302,27474.472,7.583,266.166,622.601,15.143,120.771,27.736,4.209,1
8.372,6.429,10495.383,2.508,386.887,453.753,7.42,249.97,22.025,5.38,0
6.351,4.017,29138.762,5.257,295.512,487.74,5.046,130.973,22.535,6.25,0
7.191,2.808,26236.88,6.265,448.961,531.37,10.098,227.609,31.616,6.495,0
8.055,2.393,27181.092,5.34,283.666,491.37,15.986,246.649,18.457,6.015,0
7.909,3.897,21955.041,10.175,250.851,308.795,9.3,301.467,19.901,4.715,0
6.94,4.152,3768.815,6.568,263.327,534.967,15.429,202.311,26.716,6.404,1
6.811,2.126,10745.715,4.695,277.124,360.11,7.879,192.687,25.449,9.407,0
5.361,2.754,19494.773,6.305,292.442,441.203,9.879,78.52,21.592,6.191,0
6.044,10.525,13108.295,5.52,180.683,420.942,13.589,164.883,15.953,7.072,0
7.418,3.473,15450.681,5.189,245.181,542.292,9.497,150.716,28.647,9.999,1
6.962,3.736,21483.253,5.588,203.426,452.168,10.259,180.059,15.818,6.163,1
7.175,8.894,16395.167,4.232,352.518,238.661,1.5,161.395,36.214,12.903,1
8.139,4.191,9576.366,5.526,101.318,655.999,16.277,233.241,16.066,9.006,0
5.913,3.157,23256.782,4.089,278.337,505.192,11.966,159.224,16.59,7.539,0
6.864,6.305,20846.868,1.308,135.956,338.941,8.246,216.154,24.982,6.953,0
7.289,5.371,15881.526,7.38,301.74,268.524,20.747,183.646,26.185,9.816,1
6.396,3.804,22123.23,3.969,231.093,518.912,8.949,155.749,17.351,6.152,0
8.531,4.043,18117.806,5.383,110.572,282.712,10.18,150.752,32.816,6.621,0
8.009,2.558,26153.848,3.579,345.09,501.086,8.172,202.814,24.912,10.293,1
7.39,1.218,18482.851,3.64,80.0,533.29,17.467,265.39,21.562,6.724,1
8.894,4.847,26105.53,3.022,262.329,327.028,18.952,149.804,25.239,6.56,0
5.601,0.817,5321.257,6.997,323.751,316.322,18.503,192.615,30.022,6.208,0
7.092,1.267,20484.924,7.479,382.022,348.574,18.46,216.611,32.334,3.922,0
7.466,2.726,14913.898,5.152,128.137,286.334,9.812,188.91,24.119,9.227,0
6.185,2.52,11916.169,4.027,221.138,432.548,20.026,93.189,15.61,7.323,0
7.401,5.213,25030.254,1.714,357.111,449.674,11.62,216.346,15.701,9.325,1
5.993,6.162,23279.068,6.691,362.855,492.299,5.558,107.148,14.793,7.096,0
7.791,11.5,4457.902,3.747,373.863,305.001,10.581,107.908,19.273,6.64,0
8.158,0.695,22150.722,2.865,460.0,505.795,13.967,118.241,23.219,6.206,0
7.372,4.454,21361.962,5.159,221.761,286.479,9.598,181.101,24.241,8.631,1
5.247,4.327,12800.035,4.432,296.652,505.727,13.161,137.001,29.535,5.952,0
6.133,3.952,12070.524,2.064,235.602,226.601,14.915,111.051,10.975,8.092,0
7.665,4.846,7161.261,2.339,97.115,593.129,14.348,210.899,22.938,7.469,0
7.121,5.567,15306.043,5.773,257.35,342.418,15.448,188.517,25.673,5.523,0
4.5,7.968,16346.331,3.789,95.479,476.891,11.69,231.671,6.714,6.593,0
8.343,4.038,22680.479,6.121,220.73,486.415,9.227,149.877,25.631,7.418,0
7.237,9.585,19250.972,5.393,140.207,252.656,5.884,186.503,38.0,6.841,0
6.281,4.059,10610.597,7.195,302.303,505.216,12.104,234.018,27.485,10.811,1
8.095,2.257,19052.683,3.436,198.825,338.91,10.082,117.765,24.786,7.823,1
6.422,3.801,15848.705,5.565,113.257,368.271,11.967,153.613,21.413,7.047,0
6.412,1.6,11423.63,6.377,338.581,324.573,3.182,244.603,24.35,6.746,1
7.458,1.671,7168.203,3.848,213.681,598.655,5.667,191.076,31.915,6.987,1
8.881,2.904,21561.222,7.354,228.271,264.603,14.795,181.719,20.989,6.306,0
8.724,2.599,20401.581,1.767,181.891,456.635,5.14,187.878,29.923,5.918,0
7.46,7.822,21118.999,3.434,362.671,330.161,11.645,257.266,25.692,8.478,1
7.562,2.877,12766.411,1.693,287.994,535.929,8.761,188.676,32.434,10.172,1
7.891,1.41,18612.019,3.628,212.887,683.563,8.476,192.506,29.316,6.589,1
5.843,3.306,8560.133,4.791,102.307,329.359,12.884,189.079,24.099,8.173,0
7.744,4.03,11087.212,6.763,460.0,421.807,12.629,101.124,23.725,6.204,0
6.366,3.569,17719.259,4.789,433.246,358.776,14.958,217.644,21.183,7.587,1
7.418,1.349,19205.295,3.909,387.664,529.569,7.541,144.837,28.666,5.045,1
6.873,8.387,6912.684,2.002,205.23,375.156,8.52,120.579,19.577,5.864,0
7.601,0.617,10625.959,2.672,222.419,513.663,17.555,93.945,23.66,5.799,1
7.218,3.53,15124.947,5.72,299.057,357.272,11.489,105.368,21.878,7.139,1
4.5,1.31,23730.372,6.863,189.022,674.248,14.147,65.186,15.221,5.294,0
7.279,6.553,12214.832,4.262,180.901,142.017,10.263,133.621,24.278,3.367,0
7.742,4.468,18413.739,7.522,388.977,450.224,14.549,166.094,14.153,4.934,0
7.546,4.03,19095.052,3.2,260.313,403.735,1.5,248.369,20.4,7.086,1
6.997,2.713,15877.003,4.319,169.811,399.392,17.681,193.34,26.869,5.973,1
8.742,7.907,19242.13,4.488,345.977,439.247,10.451,203.942,23.98,6.358,0
7.411,2.707,8758.041,8.159,216.219,412.012,6.88,260.366,23.887,7.876,1
7.538,10.143,13237.383,5.367,96.755,431.285,7.719,45.0,17.985,5.922,0
8.144,1.631,26823.339,1.503,168.541,453.972,11.314,211.542,29.083,7.256,0
7.463,3.322,27280.972,7.003,221.098,614.878,12.003,207.32,17.86,11.246,1
6.202,5.463,22978.985,8.792,283.697,110.0,13.135,235.301,27.097,6.714,0
4.662,4.686,24652.549,4.601,279.598,626.65,7.133,91.204,30.533,7.03,0
6.623,3.132,5631.579,3.306,369.36,712.176,16.42,158.429,14.123,8.085,0
7.861,0.707,11333.477,6.829,244.852,194.87,10.141,138.796,20.642,5.928,0
6.747,3.706,15477.84,9.029,225.419,410.743,9.916,119.166,20.109,6.335,0
7.901,2.462,33201.673,6.797,370.829,569.555,11.482,317.196,24.583,7.228,1
7.249,2.022,15464.954,1.854,348.19,515.224,15.483,158.867,17.528,7.749,1
8.388,5.685,22341.878,6.609,246.856,606.145,12.347,240.998,16.241,5.725,0
6.805,0.562,19959.418,5.908,289.823,449.633,10.059,228.813,22.689,8.405,1
7.568,3.218,19814.802,3.191,224.598,161.065,11.043,110.789,19.745,10.184,1
7.606,0.2,17347.051,7.678,166.216,561.556,17.986,161.118,22.153,3.957,0
8.602,4.711,9699.787,5.977,451.765,481.257,17.249,193.315,28.178,8.105,0
5.393,5.726,1800.0,7.73,218.939,580.961,14.146,211.751,13.619,7.236,0
6.642,3.668,25831.976,2.977,290.074,220.921,13.169,208.189,22.34,6.865,0
7.949,2.283,13492.764,5.898,136.195,259.081,22.911,286.423,19.572,7.987,0
8.646,7.83,5363.764,3.31,327.598,406.975,14.586,240.072,23.137,9.883,0
7.34,8.182,20346.747,5.595,162.502,564.971,13.313,226.131,19.595,7.863,1
6.807,4.181,20222.131,8.054,407.626,598.391,11.591,243.256,16.155,9.127,0
7.857,8.999,22491.3,2.247,417.78,317.91,14.106,264.403,25.28,7.33,1
7.969,1.628,24752.152,2.362,313.079,356.227,1.5,155.734,38.0,8.057,0
6.74,2.987,11526.589,7.011,274.765,720.0,17.125,103.126,22.417,6.421,0
7.43,0.306,11812.619,5.072,249.07,338.666,6.777,156.635,18.788,7.468,1
8.281,1.229,15428.429,7.443,260.959,486.042,9.269,114.45,18.771,6.91,1
8.99,1.132,22840.661,3.485,299.785,350.779,6.199,135.936,28.421,7.592,1
7.843,4.691,3832.847,5.202,272.628,461.971,9.186,195.49,17.914,4.421,0
7.144,1.307,18333.341,6.476,348.445,301.04,10.969,159.56,30.538,5.393,1
7.046,0.523,23558.792,5.52,186.945,304.46,16.502,225.644,13.507,9.539,1
7.657,1.896,23290.567,1.523,394.887,360.506,18.301,206.698,24.115,9.909,1
6.984,2.097,22105.65,10.745,229.074,339.574,21.235,210.061,26.847,4.283,0
7.29,1.018,24409.503,5.525,201.6,368.506,12.96,120.427,27.422,6.379,1
6.042,3.466,1800.0,2.419,295.822,468.102,11.514,141.732,27.015,6.054,0
8.397,3.94,27987.546,5.728,301.257,631.845,16.008,84.951,24.543,7.856,0
5.96,0.792,19647.632,5.958,117.383,334.139,8.656,221.242,29.691,7.249,0
6.668,5.202,26175.233,7.088,224.106,286.384,8.154,295.718,17.252,8.624,1
7.198,1.533,9864.876,6.954,80.376,406.141,10.848,199.834,19.264,4.968,1
9.091,2.071,6100.126,4.672,207.565,302.838,12.348,204.723,20.662,8.03,0
6.677,4.493,29111.455,1.656,211.225,208.784,3.199,160.762,31.604,6.799,0
6.434,2.086,11477.608,6.023,290.284,532.712,17.301,178.089,25.704,6.073,1
6.549,1.246,15479.482,1.815,198.037,414.661,13.58,260.106,26.955,8.195,1
8.759,3.318,20928.455,7.53,218.161,426.419,16.092,194.991,21.961,6.955,0
4.5,6.605,22523.763,3.634,375.83,173.74,5.433,225.162,27.737,7.219,0
6.097,6.069,24509.706,6.37,440.456,334.829,9.507,261.545,13.998,9.805,0
9.7,1.929,18952.01,3.788,186.723,235.095,9.279,250.525,20.628,7.528,0
7.691,1.438,10646.99,4.116,351.637,402.544,11.588,191.778,21.739,10.901,1
5.994,1.704,22093.112,3.498,297.964,421.119,12.349,195.82,20.249,3.206,1
7.058,6.113,22196.614,6.532,117.203,421.032,16.413,168.752,21.137,7.383,0
7.167,1.68,5702.273,3.857,197.751,324.966,12.944,217.441,26.172,5.399,1
7.946,8.708,26721.451,6.637,80.0,302.644,9.164,167.267,24.382,5.729,0
8.94,4.453,1800.0,3.91,292.503,381.814,22.345,209.256,29.923,6.22,0
7.489,3.041,24223.702,4.637,173.473,447.841,11.305,247.106,10.9,9.061,1
6.56,1.903,13378.285,5.171,276.384,335.494,8.419,97.264,31.632,6.668,1
7.887,3.352,22085.812,5.408,460.0,292.511,4.017,87.839,19.232,5.345,0
6.402,1.239,20816.262,3.252,400.417,297.634,12.907,187.544,30.633,8.588,1
6.067,0.818,17258.703,6.508,199.804,325.988,15.608,226.786,20.578,5.272,0
5.34,4.483,20432.063,4.557,179.254,350.682,7.37,205.779,25.143,10.41,0
5.535,3.031,16938.084,6.188,374.903,273.218,15.312,123.4,16.754,5.076,1
6.204,5.334,22140.68,5.068,179.592,351.539,12.876,239.484,15.946,6.883,0
5.922,3.849,31704.266,6.273,349.245,553.336,4.52,294.956,26.371,10.864,0
7.413,1.877,8781.947,4.277,460.0,369.659,15.316,142.222,7.548,6.816,1
5.901,6.064,1800.0,3.521,322.411,256.338,11.307,150.124,15.952,8.163,0
4.5,2.063,14798.117,5.954,365.641,133.981,7.433,191.409,27.447,7.203,0
6.056,7.239,14353.832,4.113,355.783,625.366,16.806,183.083,20.597,7.398,0
6.628,2.012,15045.807,8.018,217.647,541.718,16.72,256.169,17.883,5.927,0
6.495,0.955,11478.147,5.235,289.666,439.153,7.335,205.597,31.832,8.216,1
8.62,8.118,23170.822,2.353,183.703,544.524,13.821,173.962,33.871,9.789,0
6.486,1.956,8521.359,3.929,374.644,468.311,13.415,157.567,23.002,3.904,0
7.981,2.07,20430.038,3.101,172.764,395.92,12.194,105.983,30.388,5.736,0
7.081,0.995,21650.027,7.246,324.584,256.177,10.18,265.323,31.799,6.405,0
7.058,2.846,19557.028,6.647,361.196,634.036,11.832,224.52,22.905,5.803,0
6.265,1.118,20666.431,4.978,223.21,352.555,16.723,185.023,20.029,8.557,1
7.041,7.805,23670.237,5.68,203.715,359.113,14.341,195.981,23.515,6.309,0
6.335,2.325,17848.174,4.925,250.576,409.495,3.825,184.079,14.564,7.546,1
7.27,1.462,15247.772,6.821,189.143,411.555,2.854,92.895,26.294,10.084,1
6.864,3.23,20661.408,6.14,278.294,473.965,4.143,111.833,21.089,4.169,0
6.155,12.428,21402.381,6.5,187.058,460.151,6.388,178.766,23.328,7.971,0
8.092,3.34,23282.927,4.716,193.213,335.776,9.102,177.834,23.244,7.179,0
7.527,2.583,6369.447,3.837,311.487,408.106,10.463,189.333,18.084,7.184,1
6.652,3.173,16307.045,6.43,317.492,470.169,12.205,283.365,22.792,5.771,0
7.245,5.52,10575.106,8.203,240.051,325.561,12.348,174.251,15.116,6.715,1
7.016,5.18,21146.271,7.312,125.054,578.599,12.281,148.048,20.202,7.386,0
6.232,3.766,22223.61,8.263,364.523,402.57,17.646,192.915,16.543,7.069,0
7.17,6.234,15716.318,5.424,226.886,596.817,4.955,113.173,17.916,8.655,1
6.479,3.307,12759.758,3.16,440.297,237.944,14.003,198.556,9.906,5.431,0
6.155,2.751,21380.263,3.338,253.746,483.555,13.981,150.135,20.51,4.886,0
5.477,3.253,16633.925,7.859,276.541,298.156,6.818,202.378,25.816,3.789,0
6.741,2.022,26772.033,1.376,228.301,328.863,14.902,180.086,24.031,7.654,1
7.667,5.601,29024.195,8.11,285.69,513.582,14.177,182.218,29.287,8.762,0
6.405,1.943,24004.622,3.525,460.0,377.583,12.305,224.458,17.474,5.288,0
9.621,0.45,19012.273,8.947,235.338,716.689,1.62,230.391,20.224,5.127,0
7.986,0.813,29366.237,4.959,373.488,467.163,16.837,301.822,28.319,10.799,1
8.404,4.043,19064.682,6.545,272.704,321.507,13.52,228.187,22.498,9.699,1
7.895,1.689,14385.24,9.87,364.772,467.376,14.316,176.526,24.073,9.801,1
8.953,5.265,13110.287,4.44,100.79,376.536,1.5,155.206,35.262,8.029,0
6.313,3.052,12927.24,4.406,430.315,504.846,10.108,209.077,21.526,8.67,1
4.539,5.573,17458.597,3.71,293.987,369.458,6.048,270.379,20.192,6.883,0
6.654,0.5,20510.064,3.096,242.241,453.801,18.32,237.096,17.241,4.837,1
7.658,1.931,8301.48,4.44,341.781,428.812,7.527,150.824,21.323,4.928,1
7.252,1.421,14581.981,3.99,277.232,414.411,19.157,214.892,28.926,7.406,1
7.375,12.5,18883.532,2.599,167.431,530.016,16.788,202.211,26.327,9.065,0
8.421,2.202,21683.571,4.679,80.0,188.61,13.496,247.701,31.309,7.099,0
7.482,0.801,17331.502,6.0,420.215,416.701,17.609,206.577,25.093,8.496,1
7.899,3.989,19089.303,3.308,246.058,320.859,8.25,204.521,10.003,7.239,1
6.16,1.316,9449.604,4.775,212.901,243.162,9.056,125.031,26.649,7.948,1
6.005,5.972,11573.386,7.913,219.507,304.463,16.651,233.563,23.605,8.788,0
8.714,6.657,17104.398,2.261,389.48,330.63,8.271,113.517,23.01,9.796,0
7.201,1.433,20818.582,8.963,223.341,376.76,6.534,194.928,30.066,7.914,1
6.477,1.731,19003.471,3.752,319.771,445.48,11.054,159.708,21.409,10.891,1
6.479,3.726,11982.641,5.502,236.556,470.075,8.53,156.463,26.362,6.98,1
6.451,6.092,15962.347,7.658,158.341,355.912,20.894,222.043,16.755,9.783,0
6.391,4.041,27326.949,8.269,341.609,595.155,15.989,189.823,14.194,8.449,0
5.817,2.205,21037.679,6.04,358.755,360.44,9.908,58.362,19.527,4.105,0
5.6,0.961,16443.535,3.711,207.258,171.425,7.994,179.118,21.181,9.945,1
6.905,9.229,10832.061,3.534,261.791,363.649,14.024,168.642,26.179,5.747,1
6.507,4.11,12863.088,3.95,273.246,410.659,17.844,259.159,16.635,6.952,0
8.207,10.528,17542.837,8.879,302.836,110.0,13.809,121.668,31.74,8.972,0
7.393,4.535,19293.656,4.334,432.56,549.88,8.22,295.431,17.4,6.06,0
7.365,9.636,21176.162,5.747,237.471,393.111,6.035,237.12,22.489,7.272,0
6.357,1.6,20021.906,3.012,236.946,266.712,10.799,174.708,23.067,8.583,1
6.979,1.703,15093.464,2.787,250.098,289.784,13.921,166.962,24.736,5.92,1
7.461,2.671,14177.818,5.153,184.912,496.407,10.383,154.895,25.615,6.975,1
7.816,1.493,30805.428,4.451,118.616,511.071,17.035,207.565,36.12,6.764,1
7.006,0.679,13882.962,4.597,276.37,327.148,14.872,146.668,19.505,9.135,0
8.179,1.855,9103.926,2.142,309.819,242.365,13.568,183.546,24.814,10.223,1
7.108,4.49,6848.336,4.953,265.208,420.706,14.784,130.237,22.515,5.42,1
7.893,1.073,15204.272,8.199,259.67,442.729,6.249,229.202,28.701,7.54,1
6.61,1.188,23609.895,3.394,188.608,472.832,10.258,199.321,25.603,6.457,1
5.287,1.954,13756.34,6.895,286.454,337.425,7.819,164.261,24.275,7.456,0
7.368,1.351,27103.845,0.5,279.438,390.348,14.23,176.704,14.336,10.58,1
7.825,2.046,17452.67,3.495,305.366,407.417,7.887,151.891,20.372,8.084,1
7.675,2.825,24712.127,1.279,292.512,521.017,12.869,207.231,17.336,6.387,1
7.522,1.143,12574.813,7.572,298.474,564.516,11.76,120.972,20.406,4.937,0
6.751,1.992,12675.591,6.858,377.096,597.083,15.2,239.607,18.21,9.198,1
6.293,3.021,18091.797,3.031,313.637,561.298,7.115,199.531,19.995,6.573,0
7.652,1.545,20636.605,5.679,305.852,622.615,14.533,165.324,20.616,6.003,0
7.526,0.96,16336.778,7.503,116.887,526.579,7.687,222.323,20.717,7.947,1
6.539,1.644,19401.025,7.814,354.547,334.278,8.161,211.374,21.293,8.442,1
8.209,2.305,21325.159,4.288,239.682,589.021,11.858,132.49,17.617,6.737,0
6.217,0.642,8266.713,0.682,271.733,239.83,17.874,261.905,23.215,5.697,1
6.516,4.538,15283.907,3.303,156.803,688.736,8.713,52.69,17.769,9.863,0
8.736,2.404,14128.564,6.632,442.639,287.972,4.5,249.925,19.527,8.63,0
7.969,1.652,14444.206,9.298,80.0,511.518,8.246,181.027,22.709,9.177,1
6.742,0.752,20144.705,4.991,391.49,578.31,10.767,244.48,8.027,6.757,1
7.387,4.138,14218.869,3.886,301.139,460.115,20.911,269.223,37.451,5.907,0
7.255,6.702,4466.995,9.899,103.05,158.958,14.247,166.49,26.044,6.441,0
4.5,1.919,15962.629,5.911,438.094,291.247,9.11,169.074,24.855,4.657,0
6.194,9.93,10581.361,2.644,308.67,447.818,11.864,207.305,19.973,6.798,0
7.049,2.916,20726.158,4.862,80.0,481.275,19.569,127.65,23.545,6.184,0
6.743,2.997,22737.03,7.1,229.091,383.545,11.418,171.758,15.983,7.26,1
7.347,5.436,3363.612,4.959,310.434,413.92,11.472,167.088,25.843,7.488,1
8.229,4.292,12467.492,6.689,410.625,228.732,10.676,124.762,13.234,7.563,0
6.778,1.067,19796.925,1.89,230.214,617.922,15.632,164.197,15.64,6.346,1
6.042,1.861,8342.312,2.232,80.0,359.648,10.136,231.418,18.882,5.261,0
7.425,6.079,22587.296,3.63,389.017,499.651,16.425,227.448,31.757,4.804,0
6.773,4.353,24320.557,4.536,307.347,573.427,17.282,180.254,16.609,7.752,1
6.944,9.989,16446.898,5.768,80.0,266.395,15.261,193.431,24.935,7.644,0
6.808,3.891,12469.575,6.374,294.129,420.362,11.491,173.269,11.036,4.894,0
9.342,4.458,2481.31,10.032,303.128,438.359,6.207,93.125,23.144,9.968,0
4.859,1.639,22791.164,3.623,237.399,374.034,11.492,134.082,33.064,8.903,0
6.712,6.632,30516.49,4.472,194.681,516.283,9.491,242.744,25.901,5.561,0
7.096,0.302,29171.733,3.679,213.173,324.931,8.994,255.848,10.976,7.878,1
6.319,3.392,16232.672,7.259,237.345,411.597,11.423,142.792,23.252,7.154,0
8.0,4.552,10397.607,7.368,295.151,360.493,14.657,251.55,20.309,7.874,0
7.913,3.709,22944.557,4.205,332.011,684.065,9.697,123.962,30.113,7.71,0
7.052,2.934,16675.353,9.231,82.434,325.464,6.313,161.557,22.419,8.609,1
6.829,2.691,20607.856,3.682,286.758,494.394,8.186,183.466,14.647,10.063,1
6.988,3.025,19467.886,7.16,306.475,620.597,20.107,174.975,22.209,7.939,1
6.995,1.225,18104.523,8.009,279.377,294.796,14.969,151.931,18.962,8.359,1
7.022,3.695,24185.34,2.377,230.587,416.44,8.19,196.971,10.471,10.037,1
6.912,1.655,24426.842,6.255,385.684,286.63,18.301,232.705,21.989,6.432,0
7.352,1.92,14102.53,0.5,379.274,163.45,11.42,110.044,23.026,5.72,1
7.853,1.103,11499.769,6.748,233.872,310.798,22.751,196.942,25.212,8.61,1
5.87,12.5,1800.0,2.897,257.938,336.556,13.679,243.07,28.902,5.199,0
6.049,3.51,15249.951,6.235,330.606,343.689,15.045,167.3,21.372,5.946,0
5.351,0.9,10393.386,6.61,374.023,369.043,16.268,159.922,14.293,10.109,0
7.966,3.249,20224.78,7.34,195.681,405.735,19.187,143.205,18.147,4.308,0
7.35,6.583,15316.865,6.88,176.073,261.384,10.524,300.019,22.892,7.945,1
7.605,3.666,16021.714,5.212,288.304,447.194,18.798,272.126,30.048,4.804,0
5.671,2.876,22777.78,4.339,169.496,550.6,9.693,173.781,23.023,8.139,0
8.885,1.542,20082.155,4.951,99.675,564.677,10.873,254.915,22.233,10.698,0
6.491,3.67,16741.515,2.868,195.268,373.779,12.54,161.065,21.629,5.577,1
7.268,5.054,28461.767,4.677,300.459,512.267,16.642,181.442,22.953,3.614,0
7.954,5.092,22297.968,4.519,397.057,323.28,11.014,131.703,34.081,8.042,0
6.113,3.424,14796.904,3.524,204.755,363.796,19.928,88.629,22.511,6.27,0
6.554,3.417,15086.854,1.618,254.437,452.823,18.469,158.09,21.471,7.069,1
7.279,7.319,22624.468,2.546,278.221,364.835,12.678,166.624,23.222,8.056,1
9.7,6.813,18818.497,0.5,209.869,253.331,8.153,213.462,19.077,8.413,0
7.401,2.576,10212.462,4.484,203.191,504.991,17.005,226.022,13.945,8.431,1
8.706,9.432,23315.633,5.821,293.474,305.568,3.07,183.252,12.908,7.351,0
8.306,0.915,25672.009,0.5,163.218,342.603,15.836,135.487,18.785,8.184,1
7.468,3.537,25179.028,5.573,199.77,531.987,8.793,153.813,29.851,7.062,0
6.111,3.797,27527.869,4.855,247.78,469.455,18.153,277.511,29.769,6.808,0
8.16,1.466,30949.788,2.746,292.409,426.133,6.264,224.603,16.527,7.371,1
5.602,0.737,28744.734,4.238,136.204,228.683,9.52,268.256,22.083,8.439,0
8.701,1.494,19714.302,7.202,253.881,265.404,14.472,287.733,23.763,6.235,0
7.3,5.76,16145.219,3.152,155.277,452.679,15.207,153.839,18.795,7.787,1
4.5,5.875,5607.589,5.258,206.843,480.604,9.683,235.11,30.59,6.574,0
6.759,4.865,17570.641,5.793,332.033,435.362,11.005,140.38,27.42,6.075,0
7.754,1.68,20874.384,3.456,258.723,348.151,16.787,246.832,25.093,9.293,1
6.863,5.925,17783.094,7.117,406.871,344.207,17.031,235.531,23.397,8.068,0
7.815,1.779,5226.564,5.908,258.863,430.9,10.917,73.726,13.934,8.085,1
6.25,3.694,15636.961,4.596,347.281,254.787,9.768,212.153,30.87,5.698,0
5.794,3.011,21694.658,9.826,332.556,416.003,6.339,142.889,26.367,6.956,0
7.029,2.231,10831.552,7.125,263.876,238.348,13.641,171.278,25.374,8.481,1
7.132,4.7,18576.993,1.728,153.17,278.685,16.157,153.717,18.72,8.07,1
6.752,5.36,20305.576,4.322,256.064,426.386,13.181,239.937,19.223,12.016,0
8.327,1.596,24766.79,10.033,219.714,474.988,8.338,152.407,25.868,7.796,0
6.25,3.146,28631.935,3.136,216.429,446.016,20.539,119.653,29.393,6.203,0
7.413,5.17,15044.131,5.233,278.245,271.256,3.035,145.584,33.004,6.617,0
7.168,0.2,18694.423,7.562,141.786,180.478,16.452,178.201,18.735,5.858,0
5.543,4.052,18897.95,6.405,190.723,404.002,13.475,212.563,22.079,6.237,0
5.781,5.244,21720.937,6.693,178.975,177.075,14.609,255.773,10.853,7.58,0
7.112,4.182,20993.12,6.575,243.391,518.331,8.959,218.248,8.725,6.565,0
9.081,4.325,26762.536,5.151,199.706,275.24,11.814,222.109,26.041,9.805,0
7.679,2.85,2346.571,3.515,205.294,673.103,13.82,230.617,18.051,8.986,1
5.374,4.999,20217.137,5.97,276.514,289.561,12.114,234.954,11.555,8.955,0
4.5,1.039,20668.172,4.294,227.117,460.554,4.428,246.836,16.255,6.947,0
7.833,1.502,15971.01,4.137,265.409,316.607,20.206,327.78,24.988,9.045,1
7.004,4.272,2783.937,8.065,170.166,384.819,15.426,234.048,25.227,9.242,0
8.241,5.011,17103.525,4.338,194.584,427.077,12.656,205.758,13.504,10.273,1
6.219,6.611,12881.355,8.512,438.47,508.235,12.946,164.413,30.171,6.426,0
7.45,8.529,28406.71,5.614,205.721,527.342,20.077,207.047,18.965,7.421,0
7.946,1.699,19939.394,4.782,85.954,492.278,9.158,253.463,24.594,6.048,0
6.653,1.205,12329.349,1.465,294.081,529.516,8.143,122.995,23.218,12.151,1
6.674,5.67,4157.807,9.34,204.823,331.066,16.325,259.222,22.933,7.037,0
7.125,2.154,21339.015,5.088,285.727,482.856,14.582,166.529,17.566,9.696,1
7.643,2.937,22024.97,0.558,257.39,364.093,7.956,177.244,22.859,7.682,1
7.086,5.285,16097.45,7.075,311.739,523.347,17.399,218.698,24.562,8.983,0
8.074,3.532,21423.891,5.0,256.532,418.869,13.827,161.031,21.844,7.374,1
6.638,4.891,15236.242,3.237,245.743,479.431,8.459,215.235,23.585,9.062,1
5.772,1.566,24436.899,6.962,362.573,439.977,14.706,126.631,29.391,7.897,0
9.077,3.831,23952.451,0.5,80.0,496.245,14.033,238.178,20.267,10.469,0
6.495,3.774,6846.985,3.672,152.334,308.082,12.104,200.779,26.789,7.951,1
6.532,6.534,8431.253,4.501,194.867,216.37,14.229,189.798,21.78,6.1,0
7.034,7.52,30703.331,6.804,121.108,523.676,15.318,205.108,31.262,8.333,0
7.167,2.116,23559.276,9.581,224.252,566.399,16.614,188.892,14.845,7.417,0
6.713,1.336,9294.523,4.61,215.863,391.092,12.983,214.286,30.562,5.624,1
7.083,5.092,7292.53,6.02,347.85,502.332,11.282,178.6,19.916,8.083,1
7.06,0.668,18850.518,10.597,257.497,209.483,13.576,174.003,35.248,6.29,0
7.275,5.338,10074.95,5.109,246.894,330.415,17.859,92.762,25.525,6.976,1
4.743,5.623,15441.402,6.036,232.714,414.835,15.335,265.068,27.931,7.474,0
8.981,1.983,17192.685,2.625,175.58,196.768,11.03,126.034,22.067,3.751,1
6.953,0.208,16912.15,9.018,340.717,221.461,12.75,278.85,26.948,6.624,1
7.681,6.031,24822.499,3.674,367.857,423.954,19.995,176.672,26.946,9.063,0
5.722,7.87,29425.916,5.637,161.966,332.318,15.872,256.964,22.174,7.054,0
6.629,7.519,14387.034,5.58,402.705,363.399,13.183,247.322,27.433,3.977,0
6.428,7.681,10150.715,5.271,207.966,356.244,17.632,242.923,6.0,7.253,1
8.57,0.966,20027.5,4.231,201.036,250.971,10.056,192.554,19.264,8.269,1
6.514,3.216,28104.621,5.583,305.187,378.897,13.98,124.294,23.124,6.864,0
7.858,3.757,14879.101,8.615,312.774,403.356,20.94,179.989,25.911,6.922,0
6.45,3.359,23027.333,9.662,258.943,335.075,15.441,172.704,28.638,6.597,0
6.647,4.927,12058.619,4.75,235.566,344.823,19.794,184.381,21.534,8.517,1
6.854,1.261,17638.264,4.201,364.65,380.523,12.123,122.477,20.735,5.92,1
8.384,0.648,9947.375,3.482,212.02,503.371,10.357,174.254,28.055,8.383,1
5.21,0.449,17570.408,10.472,259.155,393.665,17.721,45.0,29.679,6.918,0
5.784,6.118,16743.043,5.358,408.972,173.841,4.273,173.483,27.291,9.656,0
5.153,0.956,21452.799,7.33,151.348,261.737,13.311,196.919,22.112,6.526,0
6.012,3.343,29057.4,6.493,226.015,516.818,17.139,146.995,37.782,5.401,0
6.288,1.909,14972.18,9.517,352.136,322.727,15.031,175.142,23.46,8.514,1
5.486,1.981,4501.761,4.605,309.88,394.382,3.039,198.942,24.255,8.287,1
6.366,2.64,16186.325,2.886,340.991,635.987,6.443,245.704,32.471,8.141,1
5.085,2.052,19445.565,8.819,152.555,480.818,11.985,248.005,31.863,8.924,0
6.082,0.65,18812.351,6.907,292.295,147.201,14.637,206.796,27.104,5.597,0
8.3,2.641,16476.752,6.013,240.757,578.389,14.814,188.384,17.77,5.981,0
7.504,1.595,27170.147,8.17,458.155,422.958,12.472,209.535,23.653,9.775,1
7.287,1.528,18385.395,6.127,333.797,449.316,15.786,288.997,26.001,8.184,1
6.097,9.37,16818.824,8.24,263.103,441.5,14.466,217.582,34.322,6.58,0
5.564,0.816,12444.91,5.593,289.301,514.603,11.921,204.334,38.0,4.226,0
5.961,2.545,6146.381,6.904,269.614,395.431,14.919,249.009,19.526,5.16,1
7.057,3.558,19640.008,6.153,324.416,227.212,9.586,192.642,27.945,5.677,1
7.968,9.377,19095.216,4.449,192.214,443.823,15.366,143.065,18.273,6.39,0
8.002,1.143,10614.352,4.689,381.043,239.182,8.689,215.254,22.276,7.95,1
7.731,7.26,17211.58,4.314,152.398,622.991,14.694,199.369,17.969,4.942,0
6.362,2.626,16564.966,5.631,282.429,361.543,14.583,177.977,32.682,6.45,0
7.125,2.701,13440.747,4.188,194.936,398.791,11.155,219.905,24.379,5.126,1
6.779,4.728,12343.48,5.972,268.64,323.877,15.357,90.31,24.702,6.642,0
6.899,8.024,20133.031,5.904,348.982,445.7,19.442,160.264,23.286,11.692,0
9.137,2.039,16032.224,5.51,119.451,459.524,7.91,141.672,25.183,9.541,0
5.338,3.752,13658.542,5.545,250.594,323.556,16.794,147.383,25.381,8.432,0
6.865,3.389,11899.132,3.968,142.621,459.368,17.389,181.531,19.026,6.46,0
8.312,3.27,16655.097,4.536,241.252,413.127,11.567,139.949,13.211,5.462,0
5.634,5.302,23509.143,1.759,142.397,393.496,16.104,282.233,15.301,7.244,1
6.456,1.692,18843.16,4.86,278.752,314.815,11.354,214.842,13.658,4.604,1
6.571,2.272,15958.707,3.128,228.776,682.727,18.153,146.31,24.13,8.567,1
6.877,0.669,19505.188,5.3,328.505,546.935,1.5,94.276,18.264,7.043,1
5.504,4.47,26368.503,3.671,369.427,492.404,19.002,157.911,28.685,7.35,0
7.695,3.159,20687.691,0.999,265.905,540.178,7.495,171.866,24.396,4.404,0
7.766,7.892,19191.306,9.605,340.961,440.989,12.905,155.078,12.355,7.49,0
7.608,1.12,21650.442,4.637,382.509,363.08,8.837,329.837,20.619,6.97,1
6.23,10.15,16472.911,7.994,186.621,110.0,19.234,99.019,10.687,5.678,0
7.187,5.003,18696.441,4.046,386.974,258.722,11.469,192.807,16.364,7.804,1
6.201,4.853,14321.79,8.496,261.86,664.803,10.061,182.854,20.156,6.683,0
6.767,1.871,7421.403,2.797,181.838,544.224,17.541,176.298,17.517,7.93,1
9.253,2.457,19728.433,5.452,290.369,429.278,15.795,83.334,33.933,8.513,0
7.196,2.144,19753.421,2.915,258.872,215.696,10.999,187.647,27.343,5.447,1
5.912,6.964,15629.866,10.301,145.404,481.173,8.04,199.922,21.099,7.593,1
7.28,0.563,24232.837,4.601,171.411,371.635,7.432,229.033,31.276,7.559,1
5.748,2.742,12809.578,6.757,404.172,488.755,18.238,216.577,17.348,9.639,0
5.901,2.921,5986.001,6.001,288.679,271.57,14.385,257.004,21.073,8.914,1
6.059,2.084,12968.747,5.049,390.953,346.206,13.28,77.458,27.953,6.773,0
6.656,1.389,7483.895,6.135,229.591,511.214,14.715,177.077,16.529,6.634,1
8.037,0.279,19697.236,7.818,196.862,636.338,3.731,327.748,26.973,7.669,0
7.678,2.777,12611.494,6.436,121.918,325.987,11.04,248.305,24.698,5.377,0
7.623,4.462,23900.48,5.425,347.278,285.047,11.159,110.061,26.411,5.647,0
6.001,3.161,23764.692,6.139,299.904,527.746,16.916,194.848,33.425,6.558,0
6.559,1.39,11487.668,8.93,230.359,253.81,5.889,132.392,25.642,3.113,0
7.372,2.944,12247.305,4.266,197.624,262.437,17.241,166.265,23.731,5.619,1
6.472,7.955,20973.858,1.392,360.784,436.912,20.575,299.981,14.315,6.802,0
6.822,1.755,23868.959,2.907,249.931,655.282,4.764,242.717,24.22,12.361,1
7.541,3.509,4417.966,3.056,250.845,303.146,12.575,106.403,20.216,6.241,1
6.751,3.875,19330.861,3.337,213.934,360.629,14.747,147.913,22.286,8.588,1
7.326,0.878,3215.661,3.406,230.366,418.356,16.429,190.045,20.254,7.043,1
8.693,2.367,13934.645,5.053,311.76,348.274,2.76,175.462,25.851,8.192,1
6.928,2.389,24608.769,5.595,144.603,192.98,14.019,207.228,17.254,5.451,0
8.279,3.069,36000.0,5.573,271.863,501.235,11.516,147.41,24.23,4.618,0
7.659,6.809,15947.645,3.639,346.225,427.359,11.225,169.858,16.959,9.879,1
5.633,1.082,9393.747,7.088,257.796,449.024,21.811,146.77,12.567,5.006,0
5.998,7.094,14162.301,6.169,354.609,387.996,11.53,169.781,21.018,10.071,0
6.266,4.699,17929.453,8.263,378.951,586.581,14.524,228.715,25.691,6.732,0
6.245,10.334,13143.432,6.794,341.804,344.455,11.959,206.321,18.493,5.911,0
7.01,0.397,11488.646,4.401,219.333,275.754,13.586,151.428,23.792,6.47,1
7.715,0.2,14725.475,7.711,261.988,604.645,14.987,252.277,20.895,10.284,1
8.355,12.5,20071.252,5.647,294.39,141.166,16.52,248.505,16.995,6.143,1
7.408,0.841,16398.842,6.696,225.071,386.544,9.004,189.939,26.232,6.712,1
6.654,1.479,11769.582,6.541,222.236,395.939,13.187,175.806,19.222,9.155,1
5.018,1.491,13144.594,4.851,217.118,391.254,13.346,286.94,25.173,8.253,0
7.171,4.544,14809.919,5.307,460.0,218.855,5.084,278.381,14.531,11.139,1
7.126,2.529,11003.728,4.837,241.957,262.795,8.209,106.677,23.794,9.498,1
7.283,1.685,12903.558,3.394,355.837,519.959,16.509,255.686,26.618,6.147,0
9.206,9.123,21683.634,0.811,191.101,571.241,10.423,284.808,25.04,9.745,0
8.341,0.322,16002.914,3.712,409.651,354.923,24.254,226.115,28.177,3.94,0
7.885,5.956,6102.335,5.498,232.822,293.32,16.834,164.319,26.744,8.786,0
6.138,2.87,24162.167,7.271,269.503,190.825,14.533,170.987,24.735,6.222,0
6.587,1.659,20208.679,6.692,109.219,517.868,19.297,284.084,27.907,8.472,0
7.005,1.835,8509.636,4.541,359.911,524.958,15.977,235.948,20.832,10.934,1
6.325,2.333,15125.036,3.74,378.324,110.0,13.329,220.099,26.023,4.393,0
7.6,1.509,12351.358,4.74,164.082,114.131,6.136,318.303,23.126,9.061,0
7.457,5.326,21899.887,3.15,364.858,421.418,15.494,134.576,33.734,8.912,0
6.012,2.18,15084.261,0.869,151.331,436.942,18.785,185.009,24.586,8.588,1
8.297,4.809,17026.973,2.01,318.726,347.721,9.832,200.45,15.544,5.636,0
7.202,1.859,16270.236,7.849,240.523,401.046,4.283,178.363,24.468,7.239,1
5.371,3.464,7879.126,8.815,378.582,375.331,7.688,88.78,17.483,5.667,0
7.049,3.463,26635.075,6.608,286.181,408.171,20.416,245.213,27.225,8.174,0
7.381,3.046,21805.145,4.984,344.175,296.891,12.861,148.683,27.33,5.052,0
8.073,7.245,12642.007,2.314,370.209,403.53,19.069,147.698,19.467,6.613,0
6.763,7.733,18747.102,4.778,240.262,324.076,12.586,170.252,16.981,8.534,0
7.928,5.134,23831.766,6.324,262.543,314.075,10.266,177.337,23.77,6.081,0
7.287,6.294,17862.317,6.76,170.55,180.973,22.106,183.317,17.757,6.687,0
5.785,4.942,27618.902,6.478,239.498,383.935,10.828,243.004,18.137,5.768,0
5.685,2.056,36000.0,7.519,428.801,501.357,11.379,254.287,20.065,7.862,0
8.223,2.694,16680.209,8.986,329.242,365.93,14.573,175.736,26.621,7.152,0
8.296,0.4,13713.557,4.29,176.209,362.582,11.195,157.102,14.393,6.081,1
7.423,1.303,11068.84,10.711,403.673,555.686,16.002,182.937,18.624,6.265,0
8.596,0.847,3111.765,1.06,298.065,527.998,14.507,140.849,36.913,7.685,0
8.157,1.647,25612.943,3.543,335.586,613.15,14.685,188.44,34.332,5.495,0
7.784,3.668,15202.29,5.5,306.695,675.85,9.725,137.963,30.017,7.32,0
6.189,1.995,23189.812,6.198,300.679,412.138,5.019,306.997,23.254,7.46,0
8.831,5.504,24496.939,4.737,95.194,266.14,8.755,197.035,27.362,7.681,0
7.636,1.349,10473.694,4.108,359.092,342.463,9.152,160.419,20.769,6.445,0
6.714,4.652,11449.708,9.505,80.0,473.76,13.817,228.822,7.312,8.489,1
6.432,1.244,28840.465,4.013,351.359,577.813,8.832,122.237,19.693,9.131,1
7.357,6.904,17044.577,3.061,273.463,279.136,5.906,150.864,20.251,8.565,1
5.429,1.347,13208.131,8.482,336.014,435.633,7.34,213.309,23.164,7.778,0
7.8,4.182,10706.374,6.798,278.464,309.857,14.244,197.446,25.801,4.832,0
6.146,1.687,16580.537,7.289,353.719,387.401,15.593,247.682,32.575,10.416,1
7.471,8.514,27301.314,5.492,266.373,385.606,10.22,45.0,23.184,7.505,0
6.578,8.28,21955.347,2.348,288.879,450.742,10.7,234.997,17.18,7.961,1
6.836,4.081,18681.455,5.269,299.405,648.879,15.263,160.115,21.864,6.131,0
6.343,4.024,27825.386,2.073,424.685,462.011,13.245,125.636,26.736,7.013,0
6.939,5.226,26572.539,5.585,316.023,353.42,17.837,95.227,22.349,9.523,0
8.989,4.598,19671.794,6.407,153.068,333.615,11.791,159.438,18.34,8.809,0
8.485,5.717,35544.778,7.251,217.062,382.099,8.759,277.449,26.043,6.84,1
7.454,1.319,15891.749,4.915,315.83,300.397,17.389,243.301,16.372,10.15,1
7.075,3.047,24637.185,6.596,372.078,421.758,11.099,279.89,17.904,5.583,0
7.944,1.795,14945.522,3.292,203.615,115.652,8.951,183.739,25.413,4.374,0
8.23,8.196,23368.515,7.033,455.39,379.657,16.518,195.873,18.446,3.928,0
6.27,0.988,15885.483,6.449,279.926,389.159,19.022,103.14,20.955,8.831,1
7.023,9.164,20498.894,3.499,300.748,265.722,13.325,103.13,23.092,6.147,0
5.278,3.088,33035.883,6.161,158.404,359.143,7.981,181.94,22.757,7.147,0
8.223,5.778,23687.037,7.279,359.816,539.39,19.407,114.31,17.387,9.37,0
9.165,1.98,20599.467,5.257,227.108,548.046,14.195,142.853,24.908,7.992,0
7.18,0.909,12464.432,3.455,201.6,341.023,13.489,192.38,17.678,5.265,1
4.975,7.981,18723.487,5.456,238.039,467.818,10.682,259.979,32.574,10.324,0
7.709,4.346,10947.984,6.205,382.536,225.18,17.584,190.541,20.672,6.876,0
6.196,1.077,23265.346,3.44,304.588,369.461,7.512,115.183,26.526,7.287,1
6.437,2.787,23102.205,3.085,189.428,432.697,7.083,89.801,27.252,6.117,0
7.727,2.626,16332.37,6.143,219.918,588.231,21.025,196.595,20.942,5.392,0
7.355,4.239,28312.958,6.747,384.813,548.136,8.619,155.4,17.391,7.815,0
6.612,1.314,27398.824,9.4,244.908,430.072,16.819,196.389,27.232,4.805,0
6.45,1.054,18472.703,6.431,312.635,295.617,18.703,178.77,14.749,7.25,1
7.226,3.363,21175.822,2.682,333.438,568.022,13.446,186.126,15.635,10.254,1
6.691,1.385,13675.028,9.18,80.0,364.165,8.535,256.087,26.52,8.752,1
5.991,8.148,15730.827,7.21,372.473,458.819,15.334,247.95,21.835,7.765,1
6.767,5.402,10492.95,1.089,192.55,390.297,18.763,210.287,18.9,5.423,0
7.44,5.293,14390.81,3.039,234.35,644.069,14.041,140.764,20.108,7.291,1
6.922,0.389,16821.472,4.117,395.842,331.795,9.141,159.681,18.386,5.967,0
5.686,2.047,6707.613,6.776,387.989,514.95,13.877,231.979,35.651,9.996,0
8.089,2.404,21249.291,0.5,306.886,394.631,6.269,261.577,28.907,6.547,1
4.5,1.193,24143.834,4.862,326.917,473.293,8.119,119.945,18.219,5.985,0
6.654,4.61,17448.535,6.662,348.127,599.401,11.336,274.014,21.187,7.008,0
6.48,4.181,1800.0,0.5,386.559,164.451,12.777,147.114,26.462,5.993,0
7.248,5.145,15855.547,6.594,397.381,397.153,7.091,226.783,17.34,7.824,1
7.662,6.209,8442.99,6.834,274.155,297.712,13.624,340.0,19.759,10.678,1
8.227,5.997,13537.476,3.407,202.327,458.488,14.847,102.566,21.271,7.413,0
6.388,12.5,26937.586,2.793,243.312,487.96,11.534,217.786,17.888,5.739,0
7.687,2.972,1800.0,3.375,275.812,348.543,2.788,172.733,29.359,7.116,1
7.296,2.595,12193.644,0.5,260.489,342.354,12.97,214.598,18.857,5.112,1
5.388,4.567,22892.202,4.448,178.961,429.457,20.667,155.956,22.325,12.572,0
9.001,6.97,12937.48,5.539,302.128,252.215,14.56,53.629,23.677,10.642,0
5.661,0.655,12440.204,2.661,131.738,444.986,12.57,148.54,32.2,9.645,1
7.519,1.56,30710.64,7.044,272.258,306.875,10.824,209.085,22.499,8.753,1
7.49,1.886,19959.518,5.305,277.708,493.038,15.097,264.207,35.394,7.102,0
7.376,3.204,23572.966,5.62,274.795,246.854,13.438,212.305,20.896,7.142,1
6.605,2.057,20715.353,4.296,337.353,336.928,15.683,271.002,21.719,7.003,0
7.927,6.276,18551.033,6.586,326.082,314.864,7.566,162.861,28.434,11.678,1
5.54,3.547,25716.162,7.681,453.928,369.221,13.046,158.387,34.136,7.054,0
7.034,2.762,29884.753,4.285,220.994,570.161,10.425,208.869,21.466,6.385,0
6.536,4.208,6557.14,6.622,288.743,506.516,14.172,169.375,30.17,7.212,0
6.423,0.464,17270.437,6.644,283.295,347.438,3.745,251.738,27.915,8.331,1
7.529,4.062,17219.208,5.936,279.296,347.334,10.733,112.693,18.587,2.0,1
8.177,1.421,14709.698,8.454,157.487,511.238,14.941,237.448,22.895,8.108,0
6.757,5.526,23876.894,3.647,164.405,265.325,15.667,256.442,22.764,2.823,0
7.881,0.558,19169.77,4.257,265.55,407.686,12.363,210.08,17.017,10.05,1
7.15,4.409,30015.574,3.546,131.049,332.308,2.778,240.2,23.952,4.297,0
6.207,1.455,24651.732,6.55,236.593,384.397,15.386,154.294,23.464,5.954,1
6.842,7.065,26370.566,4.555,209.959,502.093,19.629,144.272,25.173,3.949,0
6.801,0.714,9705.433,3.709,239.672,324.69,8.725,209.371,23.405,10.641,1
6.403,3.117,12260.441,8.426,361.248,521.898,10.584,150.278,19.13,7.378,0
7.528,4.979,12796.006,8.719,173.341,668.95,16.129,206.528,37.188,11.408,0
7.335,3.895,26100.272,4.443,338.933,477.481,16.25,206.588,24.258,10.978,1
5.509,3.876,11213.354,2.365,216.441,394.91,17.437,186.293,30.539,9.649,0
5.448,0.981,11403.427,8.827,227.026,543.856,17.066,205.526,25.541,4.877,1
7.525,0.919,10211.19,6.041,304.571,271.939,5.605,224.908,31.741,7.698,1
6.285,3.769,35394.677,5.941,241.697,587.529,10.343,184.499,18.499,9.859,0
7.402,3.357,16575.493,5.31,189.14,314.632,15.319,163.772,22.484,8.1,1
7.881,1.247,20944.272,3.499,233.526,665.171,12.112,235.246,20.401,6.734,1
5.829,1.182,10085.987,4.273,113.986,318.946,14.147,205.03,19.683,8.033,1
5.688,2.795,23735.18,6.455,297.401,484.404,11.913,214.809,24.552,8.206,0
8.774,2.233,5971.167,4.205,80.0,217.851,10.539,222.042,21.572,4.741,0
7.452,10.098,11136.482,5.966,340.482,379.41,11.412,198.17,14.722,6.38,0
6.681,7.349,12746.07,5.127,317.297,275.437,7.452,171.069,21.244,8.576,1
6.166,5.387,18922.665,2.986,401.122,232.018,9.244,156.074,20.761,8.974,0
6.59,7.961,12344.965,8.342,450.477,549.662,12.199,185.135,28.108,7.838,0
5.909,1.773,27405.988,6.288,344.541,257.693,12.281,216.496,14.608,6.666,0
7.983,2.002,20770.951,5.761,211.671,316.791,15.054,219.063,20.025,7.054,1
6.323,6.644,13017.578,6.21,449.673,302.807,11.217,197.915,18.648,6.042,0
8.194,3.11,23984.511,1.514,163.516,541.76,20.041,209.371,27.321,7.213,0
6.699,3.254,14943.65,4.114,103.27,527.1,18.035,129.245,19.836,8.93,1
6.057,1.109,13662.162,2.045,422.459,557.435,10.239,164.457,29.067,11.771,1
6.674,6.438,23322.802,5.349,316.132,310.624,13.39,226.9,22.727,5.232,0
4.5,4.56,1800.0,5.752,105.556,566.952,17.958,144.16,25.841,9.68,0
6.979,2.443,22276.311,5.383,149.794,309.602,9.617,197.77,29.413,8.089,0
6.93,2.014,12864.884,7.457,311.859,314.437,9.135,192.836,16.028,4.518,0
7.925,7.148,12855.053,2.105,191.053,321.153,18.347,183.737,21.566,7.224,0
5.214,1.791,30227.89,3.501,203.277,325.523,15.611,227.334,25.442,7.072,0
8.262,0.803,14047.117,5.929,432.146,394.106,17.332,202.495,24.148,7.397,1
7.921,7.421,23713.445,5.628,447.596,304.357,13.919,124.139,15.477,9.286,0
8.352,7.521,19315.091,2.469,277.475,432.769,11.353,218.389,27.04,10.955,1
7.047,1.785,19989.442,7.493,252.208,110.0,6.462,162.109,23.277,9.731,0
8.114,11.393,15871.475,8.186,341.709,432.378,13.116,114.987,23.744,7.783,0
5.629,2.848,15532.349,5.951,217.263,274.238,18.044,230.824,21.716,7.983,0
7.813,1.802,27431.925,2.082,80.0,324.671,18.097,124.779,6.0,11.142,1
6.329,4.456,23547.99,5.419,80.0,327.569,17.318,170.493,26.164,5.494,0
5.449,0.957,14252.074,5.781,258.744,518.181,16.043,206.143,26.411,9.636,1
5.976,1.376,10701.805,4.556,339.96,465.552,22.45,185.968,20.556,5.335,0
7.106,3.786,13700.921,7.794,266.36,385.135,5.517,155.664,14.39,4.654,1
6.276,3.309,23879.719,4.868,333.847,319.172,13.539,135.345,19.895,8.536,0
7.476,5.761,25161.497,9.309,342.336,498.945,8.285,148.195,28.771,4.416,0
5.292,1.098,21107.133,6.666,382.813,620.365,19.486,130.741,20.634,6.693,0
4.973,10.144,6990.989,5.652,280.832,401.641,10.013,183.043,23.131,9.874,0
8.472,2.198,22399.564,6.941,288.449,213.202,17.038,160.005,21.065,5.755,0
8.004,3.221,25973.258,8.162,261.872,320.652,10.478,114.168,24.829,10.634,1
6.051,2.118,18628.118,6.898,243.036,472.106,14.391,174.093,15.362,3.336,0
7.097,0.949,30368.72,4.948,131.377,351.874,12.012,154.623,21.827,9.28,1
8.12,2.965,8913.691,3.78,364.619,301.957,12.438,204.746,29.358,4.909,0
7.519,4.932,21951.249,2.856,232.38,296.738,14.001,209.916,17.681,7.05,1
7.248,2.635,10868.561,0.5,227.511,416.001,16.638,263.808,21.406,7.788,0
8.195,1.514,24380.522,5.448,218.962,220.941,12.008,225.628,29.107,6.892,0
6.369,5.893,21483.596,4.325,151.067,400.841,16.511,130.146,27.331,6.937,0
7.131,6.047,29208.813,4.432,257.729,415.616,17.17,70.481,25.624,4.789,0
7.082,2.53,20748.106,7.158,308.896,351.057,10.623,106.469,25.255,9.947,0
6.827,3.958,14873.961,4.876,205.051,279.857,20.983,162.361,25.164,5.186,1
6.71,5.864,14308.044,8.89,353.196,527.208,15.853,101.562,21.663,5.185,0
7.173,4.894,15873.848,3.954,233.685,245.066,10.559,156.113,29.392,7.225,1
7.134,3.878,14180.294,3.158,134.724,425.728,15.263,191.774,20.283,6.146,1
6.052,4.754,26256.208,2.585,381.764,492.33,17.173,159.025,17.233,8.909,0
7.902,4.154,25791.649,6.546,281.869,424.135,15.154,205.331,14.973,6.44,0
6.124,3.094,7772.312,7.403,338.379,552.742,13.408,156.532,19.424,7.398,0
6.882,1.077,17749.341,3.911,340.383,268.752,1.5,148.092,19.35,7.606,0
6.805,1.326,17906.195,2.972,184.581,310.09,8.147,283.94,18.874,9.153,1
7.458,4.283,12421.581,8.161,220.637,349.652,15.554,188.183,16.181,6.45,0
4.981,2.101,20348.625,2.199,352.914,720.0,8.057,196.161,25.169,4.391,0
7.991,4.174,26995.53,7.12,420.993,465.936,14.812,236.433,17.51,5.943,0
6.423,1.05,23296.758,3.958,270.379,488.402,16.481,238.238,26.181,9.447,0
8.32,1.637,26255.945,5.894,211.689,483.402,11.993,169.866,27.182,8.027,0
6.622,2.635,12829.959,7.254,407.999,414.458,4.559,247.528,37.923,6.733,0
7.051,0.303,17737.301,6.053,211.737,530.933,9.185,165.312,20.363,7.51,1
9.014,1.46,12523.29,4.509,292.962,180.564,15.581,245.893,22.074,6.922,0
6.823,1.821,19056.295,7.892,228.638,438.237,18.156,122.14,18.671,8.818,0
8.339,3.488,19641.431,5.678,287.871,456.386,3.133,173.129,16.205,8.007,1
7.139,2.513,23738.947,11.5,184.637,527.238,12.864,202.243,20.563,6.898,1
7.515,3.624,26037.697,1.69,233.154,266.318,5.896,209.844,18.499,9.052,1
7.17,3.177,21978.352,1.66,211.68,275.149,12.907,143.602,16.133,9.518,1
7.948,2.433,11908.896,7.089,321.29,282.735,11.793,99.318,24.373,5.745,0
6.414,1.831,8710.877,5.036,278.873,467.678,23.122,215.317,16.782,5.778,0
6.116,3.256,20880.13,6.685,339.817,469.39,10.075,178.632,26.282,11.722,0
6.461,6.978,27253.387,2.903,194.81,291.024,17.22,168.509,27.964,8.527,0
7.2,1.822,17338.853,5.208,247.282,634.713,17.04,280.992,17.985,10.405,1
6.879,9.875,7571.942,6.015,318.128,439.365,11.623,173.884,31.111,9.006,0
7.81,3.302,31050.914,4.013,337.99,419.905,13.035,161.569,25.327,8.227,1
8.405,5.564,20681.13,5.564,142.108,380.085,12.502,90.993,22.577,3.554,0
6.124,3.989,18612.42,2.377,292.013,516.659,9.153,130.446,12.684,5.202,0
6.366,4.412,9908.188,5.89,195.874,451.739,8.764,238.17,13.064,8.571,1
5.664,1.45,17605.405,7.991,342.291,631.782,10.656,150.102,32.121,5.771,0
9.13,2.086,21964.747,2.625,423.143,259.332,7.377,224.568,30.654,7.133,0
7.405,0.639,20769.635,2.504,80.0,219.532,10.248,118.912,32.278,9.039,1
7.58,2.59,13080.734,7.48,209.244,316.193,11.62,142.194,33.772,7.644,1
5.76,4.704,17129.076,2.469,287.421,471.402,13.228,140.791,30.973,8.118,0
7.099,2.604,13495.956,6.781,264.673,353.629,14.497,216.222,24.383,9.898,1
7.609,5.774,28317.05,5.211,344.87,557.523,11.616,178.345,26.247,10.077,0
6.847,2.251,23316.681,4.264,271.72,357.773,9.039,128.915,19.031,7.299,1
8.176,1.729,14091.823,8.033,219.972,534.829,14.415,229.297,24.384,9.693,1
9.412,2.015,9904.947,6.956,178.272,305.309,16.059,217.186,27.325,5.671,0
6.153,5.021,19305.798,5.659,163.975,546.966,10.314,208.724,27.436,7.808,0
6.078,8.502,14296.687,0.795,201.866,569.298,8.078,206.238,22.272,8.419,0
6.222,10.533,14781.007,6.525,216.967,337.226,10.492,143.032,11.228,7.21,0
8.706,4.664,10121.108,2.958,297.619,463.747,11.683,259.222,14.223,7.0,0
8.142,5.594,10925.843,4.657,251.678,437.126,17.653,184.443,25.761,5.385,0
6.964,0.8,18557.356,5.115,209.674,467.005,15.622,204.74,20.069,7.336,1
7.137,1.03,15765.29,8.895,179.208,559.132,12.485,211.061,26.858,4.505,0
6.283,1.505,33727.344,4.594,205.277,521.785,21.053,138.03,15.94,7.16,0
7.99,7.26,21362.647,2.254,217.057,466.694,12.343,294.302,30.897,7.509,0
6.72,7.191,10013.981,8.039,201.409,484.566,18.862,188.511,17.562,8.741,0
6.84,12.08,7518.364,6.551,322.215,252.688,17.996,191.837,31.564,5.283,0
7.709,1.475,20088.114,6.626,381.284,400.09,17.678,167.312,14.001,8.012,1
6.912,2.829,14920.364,8.077,165.035,272.82,13.945,253.248,26.499,8.425,0
6.865,0.635,26154.587,8.546,360.137,402.821,13.025,255.569,17.597,7.36,1
7.111,0.883,19332.115,3.317,323.925,539.017,12.523,198.706,22.949,8.205,1
7.895,2.426,4613.618,2.318,280.289,404.154,16.326,109.38,29.243,7.886,1
8.746,1.532,10873.742,6.785,394.766,110.0,8.948,180.955,28.23,2.719,0
7.685,1.548,13110.667,4.575,250.527,279.384,11.317,186.426,18.226,5.74,1
7.903,1.891,20373.24,4.756,299.161,474.731,20.001,165.16,19.447,11.257,1
6.9,7.811,10657.109,2.857,275.517,340.306,15.305,135.917,13.878,8.581,1
6.392,6.322,18493.314,6.268,269.195,499.061,16.794,104.517,12.606,6.317,0
7.754,1.312,8815.026,5.904,304.015,260.135,7.005,270.913,18.164,8.06,1
7.271,6.205,17540.205,4.789,268.946,450.806,10.556,230.788,18.043,8.68,1
5.677,1.639,19905.169,2.323,304.62,456.833,14.002,191.895,14.263,10.174,0
6.772,0.789,26999.817,7.518,208.065,499.788,12.313,154.262,21.809,6.699,1
7.017,1.837,19096.24,5.611,210.721,326.375,6.986,209.806,22.812,6.327,1
6.59,3.733,12191.223,7.336,207.679,498.575,15.919,201.227,22.923,6.504,0
8.582,1.445,27204.533,0.894,233.992,585.787,17.348,167.937,18.366,6.371,0
7.58,4.605,16309.343,5.214,351.129,132.277,11.216,211.433,19.641,6.311,0
8.473,1.944,22528.184,3.666,225.713,411.204,16.081,218.181,21.162,7.737,0
7.363,3.928,13516.177,5.172,320.459,188.238,21.631,227.805,27.739,6.642,0
7.181,1.298,18090.059,6.986,287.563,301.776,19.364,141.152,19.075,7.288,1
6.163,3.04,12291.758,5.84,227.479,311.571,11.417,213.719,13.264,10.77,1
7.112,1.484,19594.69,5.136,376.281,397.026,7.534,254.766,21.137,5.676,1
7.113,2.481,22724.883,5.126,327.569,450.305,13.536,206.3,20.47,8.006,1
5.733,9.972,14283.805,1.98,265.151,513.598,23.061,311.452,13.633,5.356,0
6.56,2.155,13918.449,3.287,258.103,436.683,18.521,180.078,20.684,9.069,1
6.777,1.009,19819.318,7.343,272.967,485.835,12.473,95.525,17.868,9.414,1
7.513,3.184,12137.396,4.089,134.989,275.58,19.53,143.311,22.548,5.838,0
7.561,3.224,7633.366,7.381,194.878,531.799,17.759,153.188,25.435,6.147,0
6.519,3.208,19795.777,6.753,304.314,110.0,3.953,220.722,19.888,8.6,1
7.569,4.422,16799.968,6.858,130.451,588.203,17.277,235.751,25.964,6.906,0
6.918,2.075,16662.414,5.766,201.452,566.664,13.034,197.486,21.225,9.951,1
4.5,4.727,20886.958,4.228,231.634,495.006,8.6,206.093,21.466,5.237,1
6.615,2.948,21794.877,4.798,460.0,672.476,12.911,295.329,21.207,9.339,0
8.179,0.956,16453.488,6.381,322.268,188.542,14.364,144.29,21.875,11.428,1
5.418,5.191,10202.649,0.849,358.274,498.531,8.926,185.992,15.016,8.106,0
7.213,3.409,13349.186,7.588,196.562,421.213,11.96,165.117,12.391,6.254,1
8.685,4.557,21302.266,4.1,295.775,434.29,11.011,125.437,29.484,6.001,0
6.339,1.063,18386.617,4.927,115.385,265.372,16.079,78.629,24.227,7.108,0
7.102,5.402,13926.564,4.945,236.898,452.377,11.144,261.308,19.853,8.617,1
5.796,11.692,12401.488,5.02,307.956,446.739,4.85,147.969,29.167,4.712,0
8.727,0.991,21515.848,2.473,144.506,322.249,10.486,176.228,38.0,6.842,0
7.017,5.922,16059.259,5.403,298.417,396.757,8.241,213.683,14.3,7.637,1
7.147,3.42,22392.659,6.289,305.466,247.26,6.677,124.55,22.774,10.197,1
8.454,2.972,23215.683,1.011,213.787,357.552,17.812,144.107,26.869,10.751,1
7.761,5.444,15466.542,2.498,194.042,520.298,16.116,188.804,13.545,7.163,0
6.224,5.047,23672.709,6.892,204.204,522.697,8.149,165.895,14.146,5.405,0
6.453,6.927,18399.663,6.52,235.509,497.244,6.788,119.826,28.526,7.652,0
7.595,1.102,19240.429,5.697,238.074,520.246,12.038,223.395,22.686,7.717,1
6.476,7.106,3273.131,3.736,308.317,521.816,6.544,164.467,18.977,9.535,1
4.983,3.9,11189.012,6.531,219.576,327.774,11.411,197.521,13.484,6.601,0
7.047,0.654,11541.487,2.694,401.181,445.746,12.817,193.131,24.892,5.62,1
5.62,2.171,15428.744,4.825,400.564,535.414,13.87,243.329,14.871,7.379,0
8.716,3.477,18243.282,2.487,285.077,239.453,14.031,209.419,17.09,6.788,0
7.277,2.134,18509.127,4.776,235.706,238.762,8.987,142.557,17.457,6.74,1
6.195,2.703,19357.355,3.039,219.671,232.122,12.818,253.921,21.035,5.837,0
6.401,1.901,13047.86,6.612,291.924,190.735,18.262,163.97,16.614,5.14,0
5.211,12.5,21993.859,5.966,306.796,278.903,3.063,145.238,17.491,8.499,0
6.001,4.78,29260.375,3.959,247.915,341.944,13.966,137.089,28.481,7.875,0
8.116,3.172,15203.388,7.281,231.584,586.477,7.198,61.107,23.974,5.954,0
9.332,1.272,13186.157,3.187,294.983,352.503,18.818,156.534,23.089,8.876,1
7.826,6.939,13045.343,5.029,270.869,223.036,16.177,211.816,25.53,4.083,0
7.008,4.356,18055.541,3.87,216.37,424.943,16.033,115.097,16.858,6.666,1
6.668,1.391,14082.54,6.585,274.608,382.324,8.66,283.973,25.108,7.788,1
6.144,1.399,6252.865,6.387,213.552,311.144,13.687,66.763,25.476,9.394,1
9.16,2.753,8031.113,7.704,201.109,334.372,14.188,146.924,17.063,6.4,0
6.911,3.195,24131.236,5.266,264.577,533.051,1.83,108.185,26.461,9.423,1
9.216,4.702,25831.661,0.5,216.153,235.814,13.159,240.494,24.367,6.227,0
8.494,2.893,27899.282,4.238,202.695,205.108,15.26,225.887,24.521,8.879,0
5.359,4.981,18970.979,8.231,353.886,461.02,6.137,175.368,32.664,10.428,0
6.434,2.136,11059.114,4.45,231.663,331.324,15.209,111.802,23.71,5.6,0
6.431,2.899,14652.895,1.265,421.686,591.265,12.948,124.085,17.644,7.673,0
7.02,7.111,7805.98,5.999,318.264,386.484,18.716,203.749,23.756,8.373,1
7.04,5.137,7555.702,6.148,195.24,392.955,10.641,152.812,23.077,5.16,1
9.7,3.029,19159.208,3.646,363.58,499.386,13.299,159.088,16.569,8.178,0
6.023,3.801,21003.575,4.607,204.087,204.341,14.036,185.943,11.261,6.38,0
7.329,2.908,30229.428,3.405,432.735,445.51,1.5,167.308,22.622,5.883,0
7.717,0.892,16959.892,6.145,284.226,361.126,10.904,93.769,28.47,6.638,0
7.098,8.747,8674.074,5.213,311.118,528.217,12.888,116.801,28.525,6.507,0
7.21,1.471,16707.518,2.768,267.631,327.387,1.896,118.133,24.639,8.841,1
6.055,2.267,15664.015,5.081,287.6,426.219,15.534,149.985,32.106,7.398,0
7.206,12.5,14306.994,3.634,245.526,361.924,12.886,194.955,24.012,11.559,1
7.611,1.229,19734.372,8.022,186.306,454.548,12.861,192.69,21.856,6.435,1
7.428,2.783,9605.929,6.887,293.872,374.862,15.745,255.263,24.184,8.253,1
7.67,7.424,18349.689,4.855,352.108,436.477,10.651,112.614,18.748,7.129,0
8.513,10.004,21735.161,5.262,163.795,615.389,12.695,206.853,15.65,5.103,0
8.037,4.313,26728.296,7.128,395.94,370.682,16.393,146.737,17.323,10.263,0
7.171,6.982,19517.443,4.753,316.097,453.33,12.75,298.654,20.22,7.615,0
5.928,2.573,24280.283,6.617,227.863,679.376,4.203,184.175,28.024,5.994,0
6.5,0.2,14614.676,8.055,226.344,451.783,12.732,159.112,14.607,8.12,1
6.88,6.57,15522.113,4.118,423.454,112.899,12.788,205.087,17.35,9.26,1
7.352,2.978,26261.006,8.392,344.792,325.048,16.553,200.839,27.671,5.872,1
6.622,2.347,8584.701,7.81,361.904,260.55,10.955,169.103,20.93,7.491,0
6.164,2.186,14879.588,5.597,243.66,515.636,8.099,222.666,21.844,9.273,1
5.912,4.914,24834.901,4.212,312.219,393.742,8.114,273.071,20.826,7.697,0
5.449,4.874,16127.774,5.572,294.697,532.622,18.992,240.499,34.209,8.398,0
6.865,3.043,15643.587,4.611,250.155,478.387,13.802,181.811,26.25,6.925,1
5.63,4.168,15775.341,3.514,274.287,477.869,18.762,287.716,24.461,4.569,0
6.099,1.207,18261.487,6.165,359.354,258.203,19.413,216.516,24.145,6.947,0
6.706,2.602,24559.545,3.053,400.965,465.587,9.154,129.625,25.375,6.391,0
5.764,1.257,23507.505,4.423,243.623,568.991,8.81,193.02,33.72,7.204,0
7.48,1.219,17574.472,4.449,153.39,231.348,11.925,178.079,20.831,6.411,1
7.84,3.889,24600.526,2.369,404.705,366.943,15.265,160.223,23.979,7.707,0
6.551,3.166,19721.654,6.417,405.773,447.53,6.193,207.29,23.169,6.776,0
6.663,2.139,23084.281,4.643,299.033,416.762,14.547,86.654,28.24,8.856,1
7.637,2.504,10815.598,7.698,417.374,577.39,14.319,278.172,32.888,8.508,0
6.386,4.125,28800.593,4.611,292.847,492.421,7.436,223.657,19.588,5.736,0
6.317,4.984,18931.385,4.287,187.73,453.731,7.593,88.723,25.628,9.662,1
8.296,4.439,1800.0,3.291,153.469,503.112,14.5,223.005,24.022,6.098,0
7.984,0.624,28286.927,5.178,152.656,496.715,21.829,214.38,14.922,5.376,0
7.702,0.28,17532.857,5.189,265.387,409.928,11.173,270.591,28.627,9.3,1
8.026,1.593,14929.289,6.584,225.369,362.422,13.984,284.822,32.068,6.334,0
5.123,0.285,13563.06,5.234,215.797,523.837,9.777,294.089,27.754,7.576,1
8.454,8.081,20356.762,9.288,255.913,315.831,13.564,174.722,19.334,5.082,0
7.492,2.439,11725.472,6.012,337.928,396.327,9.686,219.745,15.131,6.741,1
8.111,0.949,13750.108,3.126,218.504,266.192,11.335,163.579,26.718,7.192,1
7.487,2.417,13906.292,2.957,204.192,492.801,23.521,243.814,16.739,6.693,1
7.149,0.478,15600.394,6.17,224.114,552.903,12.982,71.12,17.317,6.475,1
6.825,0.97,14151.146,3.063,343.279,292.734,5.461,119.853,24.214,7.474,1
7.467,2.278,23043.292,6.29,259.048,386.528,15.393,166.137,27.268,9.182,1
6.788,1.988,19261.905,6.891,288.792,347.392,17.582,186.688,21.05,5.705,1
7.968,2.263,20054.739,6.939,397.007,534.039,15.54,198.991,21.801,2.851,0
5.514,4.219,21468.914,3.362,460.0,575.037,11.705,260.089,22.351,9.631,0
6.558,5.849,16894.887,6.943,319.433,347.509,8.372,154.246,17.687,6.215,0
9.145,3.317,10867.989,5.745,311.015,110.0,8.483,118.932,20.795,6.368,0
6.474,6.062,29233.621,3.884,164.315,543.336,11.646,168.685,13.619,6.418,1
6.861,2.025,23528.975,4.781,296.324,410.411,10.849,156.667,27.266,5.009,1
6.217,6.624,27983.376,6.043,270.27,410.874,9.988,220.427,38.0,6.689,0
7.436,3.356,24224.5,3.754,340.841,520.646,17.969,273.875,23.348,6.896,1
6.364,5.509,14507.586,5.704,231.693,361.318,16.645,268.925,29.908,8.183,0
6.914,2.058,2238.143,7.991,282.061,329.367,18.201,249.919,21.482,6.414,1
7.949,3.244,9510.873,7.028,316.445,362.315,8.952,158.675,15.191,3.006,0
6.401,10.879,21637.393,5.264,426.376,463.69,8.356,181.104,36.057,4.993,1
7.889,3.226,16838.639,5.568,397.921,510.476,12.848,213.354,18.095,9.408,1
7.922,5.814,14770.976,4.024,372.616,600.978,14.367,147.616,28.493,5.888,0
8.155,6.308,1800.0,4.08,326.805,453.407,12.822,152.739,24.253,8.382,0
7.241,4.681,17414.673,2.026,228.337,387.645,14.061,210.596,29.886,6.116,1
9.7,5.268,10468.439,5.602,326.756,511.343,19.633,114.956,22.611,8.863,0
8.155,2.063,12791.513,6.465,199.357,288.449,11.517,250.093,16.25,7.578,0
7.425,1.549,23025.677,4.958,247.471,575.327,16.132,167.916,19.145,4.788,0
6.224,1.273,10810.577,3.345,416.161,430.365,14.831,219.73,36.643,5.292,1
7.003,4.08,11431.02,5.232,310.728,377.557,12.929,201.375,24.854,4.718,0
8.526,3.158,18706.272,7.784,284.296,288.837,15.925,258.98,35.629,9.042,0
8.81,3.881,23170.354,6.896,295.235,480.233,9.044,72.95,20.868,5.134,0
8.578,1.088,14882.412,5.041,257.025,371.326,8.139,259.324,27.14,6.735,0
7.885,1.761,27036.9,9.195,81.755,393.686,14.448,258.096,15.553,7.256,0
5.844,5.705,9188.65,10.497,157.527,204.457,5.129,205.467,23.173,7.8,0
7.587,3.528,8048.639,4.14,317.465,352.838,14.802,218.672,35.894,6.57,0
5.859,3.374,7494.641,4.608,186.754,336.78,7.423,222.801,18.454,4.564,0
5.613,2.587,6760.806,6.487,255.855,455.228,19.331,140.44,18.996,5.228,0
7.339,1.63,19687.568,3.274,160.667,372.882,10.717,192.978,27.8,5.506,1
7.623,6.771,11144.369,6.798,203.915,110.0,19.04,238.951,23.665,2.633,1
8.003,7.531,8333.75,5.303,264.638,355.199,11.551,91.681,33.998,8.177,0
7.597,3.256,19968.679,5.843,343.528,230.462,11.359,215.907,21.603,8.31,1
7.632,2.795,22855.67,3.949,360.568,279.859,16.397,194.789,23.399,5.471,0
6.115,7.897,24330.58,3.525,202.556,525.466,13.818,224.504,24.838,9.748,0
6.995,1.804,23189.349,1.129,291.07,202.322,12.2,120.045,16.761,7.208,1
5.593,2.17,11532.327,8.07,143.839,440.381,10.682,149.099,15.468,8.925,0
5.097,5.524,19294.591,6.983,269.795,344.134,10.725,113.212,14.939,8.797,1
7.841,2.141,20729.665,6.447,346.032,320.996,23.109,112.621,6.0,7.159,1
6.347,3.121,14413.259,5.797,259.301,287.481,4.961,235.7,22.507,3.747,0
7.972,0.372,18570.889,0.5,376.833,443.343,7.089,157.611,15.456,7.758,1
8.208,7.65,9364.482,3.598,336.138,456.817,17.796,153.57,19.874,8.348,0
6.481,5.211,13420.599,4.588,285.513,197.982,17.458,249.984,28.916,6.225,0
7.69,6.46,19916.617,2.937,243.775,543.063,8.349,171.108,17.514,7.689,1
6.439,1.431,27299.027,1.713,219.582,262.648,4.614,243.005,27.001,7.348,0
5.254,8.755,24984.357,3.145,141.073,451.633,18.225,132.284,13.835,5.684,0
7.223,2.909,21795.58,5.198,154.912,263.284,7.789,170.955,19.027,7.22,1
6.629,6.838,18018.05,5.199,349.569,349.913,10.29,140.188,33.098,6.483,0
6.66,4.001,17011.002,6.915,393.664,251.544,12.933,220.134,20.519,8.075,1
9.075,5.376,8090.6,9.226,173.112,341.551,7.673,178.62,30.469,6.338,0
5.574,4.222,12069.208,6.472,270.796,380.883,16.66,230.212,36.661,6.119,0
7.483,2.128,12281.443,4.749,131.17,267.082,12.594,198.407,20.571,4.452,1
6.105,0.721,21235.936,8.701,181.973,442.733,8.531,82.972,19.139,11.372,0
8.008,7.192,23642.161,1.936,287.085,458.452,8.927,175.476,10.471,6.585,1
7.398,0.2,22287.727,0.942,220.911,720.0,18.336,105.551,24.692,5.365,0
7.479,5.786,25187.332,3.327,102.124,516.443,11.246,209.058,25.2,8.486,0
6.155,7.185,17969.674,6.724,411.104,546.17,15.265,220.535,27.47,7.736,0
6.334,0.913,11110.954,5.437,260.823,192.718,12.455,226.24,31.07,8.387,1
8.027,2.224,17175.436,2.843,171.126,169.984,4.605,183.243,17.05,8.577,1
8.871,0.815,12788.559,3.646,275.883,369.361,15.861,100.234,33.852,9.375,0
7.58,1.88,21776.09,2.617,258.126,619.418,17.332,201.527,21.366,5.483,0
6.203,6.39,15165.932,2.617,300.855,701.924,20.791,212.393,25.109,7.664,0
7.439,5.334,16859.544,8.202,236.112,322.496,3.947,179.96,22.609,4.558,0
9.527,4.852,22008.544,4.813,291.712,334.653,1.5,194.702,18.526,6.848,0
7.202,2.236,12682.887,8.639,345.209,470.267,15.376,86.164,16.047,8.607,1
8.562,0.228,23765.848,3.32,152.954,381.341,9.803,193.643,24.22,5.789,1
6.36,1.044,8740.624,6.082,206.073,384.368,6.065,184.039,17.408,11.416,1
7.058,2.587,19492.581,5.554,336.337,481.188,12.984,123.3,21.722,7.432,1
7.72,1.265,16909.157,6.859,218.132,720.0,10.478,219.055,20.61,4.141,0
7.497,5.828,22877.722,5.609,258.058,561.549,6.757,162.815,20.899,8.669,1
6.334,8.937,8566.569,7.07,225.017,629.295,12.127,202.602,12.564,11.396,1
6.29,3.979,7549.858,6.208,230.318,183.704,15.049,216.842,6.0,3.374,0
8.088,0.902,22375.289,2.917,223.101,533.974,13.287,208.084,27.866,8.686,1
8.292,7.368,14959.006,6.565,158.012,291.016,13.321,116.257,29.528,5.619,0
8.612,3.376,16909.786,4.894,304.032,606.174,14.495,168.874,8.142,7.303,0
8.904,3.046,13211.63,3.547,355.296,567.879,4.889,307.12,25.425,5.043,0
7.235,4.573,23433.267,6.488,249.998,477.458,12.269,266.754,24.26,8.936,0
6.789,1.086,19444.905,6.943,345.704,315.853,13.58,235.899,15.32,6.827,1
8.451,2.266,19064.317,4.133,223.258,346.942,10.799,205.088,28.208,9.489,1
7.813,2.89,9897.467,4.399,218.24,356.651,8.768,135.657,29.602,5.547,0
6.118,3.736,20759.786,2.326,299.909,496.48,9.142,181.074,29.144,7.028,1
6.066,4.014,11050.616,1.491,301.327,453.467,11.18,166.766,33.12,3.235,0
7.592,4.567,13219.405,4.615,255.416,575.404,16.615,185.342,28.801,12.076,1
6.923,1.922,8625.24,6.684,322.51,598.298,19.372,110.444,18.178,10.855,1
7.074,0.581,16482.48,3.953,155.607,303.557,18.456,242.497,23.101,11.323,1
8.173,2.567,24419.076,7.956,239.162,462.024,5.477,45.0,25.236,10.16,0
7.859,2.82,18973.517,4.69,347.01,460.564,8.273,237.141,31.81,6.336,0
8.43,0.553,14628.164,4.698,346.781,393.597,15.459,238.193,21.544,7.321,1
5.168,1.837,18209.451,4.522,336.062,518.012,18.353,317.976,19.333,7.925,0
7.353,3.493,18173.491,7.063,351.763,463.917,8.149,176.262,13.407,8.074,1
7.795,2.08,17929.446,3.182,233.334,336.053,13.325,161.401,28.064,5.428,1
5.573,3.39,18652.674,4.842,120.058,387.946,7.407,196.619,24.213,5.338,0
6.445,2.007,10740.037,4.005,243.003,363.093,13.744,220.79,17.974,4.993,1
6.26,4.805,18192.499,3.977,319.06,317.698,9.604,185.037,27.469,6.632,0
7.122,1.357,6090.886,5.17,332.952,394.761,13.323,124.932,21.027,6.824,1
8.728,3.075,21241.553,4.873,220.267,249.369,7.047,220.719,15.317,6.585,0
9.123,3.188,10332.13,7.203,182.719,461.866,5.148,189.964,30.719,7.852,0
6.286,5.675,25154.386,5.078,191.177,573.494,26.0,134.55,11.034,4.911,0
7.627,2.362,1800.0,6.21,218.788,411.057,12.812,100.634,23.834,5.862,0
7.659,8.854,28383.762,5.446,103.743,518.571,22.106,325.79,22.357,6.031,0
7.488,8.633,6845.066,7.908,220.193,423.64,19.291,235.762,13.495,8.874,0
7.499,1.437,9700.425,4.495,269.07,282.347,5.14,220.766,24.887,7.755,1
7.404,3.008,19443.871,4.501,256.68,645.848,14.128,183.676,18.978,8.009,1
8.788,0.994,21521.647,6.59,236.927,114.308,6.675,227.949,32.765,5.719,1
8.202,4.32,15657.995,4.468,206.413,406.237,11.167,132.124,28.823,7.473,0
6.04,2.057,23301.939,6.097,216.311,312.774,4.018,200.967,24.283,6.006,0
7.896,3.342,12322.397,9.776,217.814,594.803,5.416,203.365,8.548,6.068,0
7.992,2.515,14902.002,3.142,324.966,430.916,8.653,133.485,19.777,8.065,1
7.415,12.5,15536.493,8.163,264.921,711.657,10.044,184.256,19.33,6.236,0
8.231,2.745,14000.427,4.116,460.0,409.321,12.675,167.298,30.02,7.21,1
7.288,2.563,4927.839,7.775,236.751,313.699,7.837,147.983,24.032,6.914,0
7.3,5.931,17339.664,6.472,302.219,199.768,13.172,160.363,24.838,5.286,0
7.221,6.516,16752.454,6.301,238.647,537.797,17.611,96.123,28.901,6.36,0
5.082,3.706,24508.188,4.798,236.582,304.832,13.733,248.454,32.458,6.389,0
7.02,6.639,9141.361,4.599,397.802,354.623,12.197,275.928,31.461,6.713,0
6.432,12.5,13343.852,3.656,349.792,552.373,14.037,139.052,26.168,4.155,0
5.914,2.412,25322.693,5.113,115.851,531.404,6.043,251.05,21.423,6.087,0
8.534,1.107,19406.378,4.732,178.085,331.844,16.784,188.239,25.523,9.041,1
7.604,4.085,21070.968,5.482,253.419,350.519,7.111,189.439,22.809,8.187,1
7.07,6.224,20447.319,2.279,221.045,194.272,19.483,118.759,27.559,6.681,0
6.535,8.383,20476.166,5.145,136.792,158.339,15.968,159.325,19.707,5.276,0
7.396,4.62,29336.825,7.625,274.843,496.644,15.005,219.305,28.24,7.581,0
8.091,3.132,18095.014,6.988,105.359,509.885,15.2,136.356,23.27,9.142,1
6.273,1.626,10926.269,5.146,275.774,447.865,12.491,149.207,25.239,10.131,1
7.095,7.211,21652.184,10.225,327.048,427.467,8.961,162.054,16.062,6.457,0
7.968,3.846,13817.414,3.945,339.183,320.26,8.262,45.0,21.413,5.492,0
5.164,0.597,16785.41,4.927,252.733,581.176,20.381,208.055,25.59,8.267,0
7.042,10.863,19906.177,2.199,393.419,190.917,12.965,225.033,21.943,8.046,0
6.671,1.171,12161.197,4.293,293.188,348.781,7.483,210.052,9.389,7.419,1
6.966,6.303,14183.084,8.676,336.895,424.284,14.825,241.856,15.843,6.257,0
6.598,3.621,20593.016,4.369,202.418,404.951,14.043,165.578,24.983,5.044,0
7.238,0.647,13933.808,2.044,394.339,404.754,11.018,289.615,31.725,8.614,1
9.024,2.865,23827.005,6.844,264.749,342.69,8.459,143.537,21.651,9.014,0
6.776,2.417,11089.976,5.878,399.026,469.909,15.81,177.654,20.164,6.752,1
7.392,0.815,11068.092,6.761,380.443,259.153,16.757,172.223,29.103,10.479,1
9.095,4.312,29889.363,4.506,286.899,387.719,13.951,200.246,23.063,7.825,0
6.55,5.711,7553.528,3.086,299.483,456.828,12.822,176.824,27.31,7.085,0
8.915,3.017,17326.343,4.733,249.705,365.096,8.979,184.339,21.285,5.271,0
7.105,2.367,29534.645,6.21,195.369,405.574,14.659,152.684,20.644,4.339,0
8.882,4.547,17314.156,4.955,315.592,430.862,9.644,165.883,27.767,6.478,1
7.85,0.2,26254.009,5.876,311.244,193.702,6.774,67.115,26.9,8.064,1
7.407,2.159,21741.087,4.026,127.413,204.924,17.565,234.134,21.139,11.6,1
7.034,2.29,17453.188,5.95,257.964,421.071,7.865,133.791,16.48,7.522,1
6.476,3.092,16650.806,5.094,338.781,331.994,3.964,163.014,13.319,8.466,1
7.176,0.764,3724.437,3.688,389.588,339.237,18.391,131.713,14.083,5.911,1
7.997,0.431,15425.774,5.38,326.652,473.281,4.65,221.332,19.327,7.776,1
7.087,1.277,19009.42,4.327,136.032,286.339,10.746,160.115,24.836,7.54,1
6.783,4.264,19005.809,6.334,175.372,115.411,7.57,55.622,13.339,5.698,0
6.849,2.259,33528.082,6.846,235.59,603.843,9.243,205.441,13.718,9.809,1
8.092,1.269,19326.227,6.103,383.899,550.181,22.508,148.902,25.19,7.159,1
8.325,9.774,21595.945,1.83,213.399,548.66,12.043,188.715,32.099,9.39,0
6.433,2.365,25072.261,3.17,354.981,270.51,14.12,235.77,29.315,7.417,0
6.431,3.106,21013.259,3.827,212.034,395.71,16.057,135.685,12.319,6.803,1
7.479,7.139,16940.681,3.507,310.273,252.79,9.589,187.202,25.272,5.994,0
8.628,3.45,16972.282,4.014,185.098,397.805,17.338,147.559,28.544,6.769,0
8.246,4.515,15220.746,6.95,248.526,363.239,14.192,244.267,20.127,10.036,1
5.848,1.558,20387.372,6.497,168.813,275.633,15.892,194.343,21.626,5.782,0
6.836,3.233,16392.915,4.252,387.663,465.394,9.239,188.73,24.934,8.599,1
6.169,8.968,21562.087,6.284,205.938,373.951,14.498,121.75,25.829,6.84,0
6.832,4.117,10940.932,5.758,133.493,611.724,12.46,231.261,25.187,8.461,1
8.704,3.701,18454.515,5.034,126.763,415.294,17.584,238.24,27.201,7.772,0
5.677,2.554,27588.438,7.396,257.738,110.0,10.068,147.862,24.251,5.0,0
5.481,0.98,16039.947,3.777,226.064,187.545,21.645,198.464,19.37,7.698,0
6.271,6.63,29479.511,5.206,320.142,656.477,14.024,222.34,20.412,11.298,0
7.387,2.923,18563.864,2.998,245.015,361.916,11.937,311.988,18.481,7.953,1
7.721,1.755,17132.697,3.094,364.107,433.801,11.41,211.512,20.326,9.069,1
7.537,0.88,18258.02,2.378,232.24,406.167,12.469,189.977,26.258,7.935,1
8.276,3.841,15475.749,3.128,352.251,574.958,9.671,181.439,18.518,8.819,1
5.337,1.135,4626.386,5.266,184.033,176.171,15.5,184.709,29.206,6.108,0
8.288,6.669,23221.137,4.495,137.217,564.51,12.446,232.201,17.268,7.181,0
6.788,1.843,31752.636,4.56,195.016,556.245,21.246,141.488,24.179,8.984,0
7.831,3.286,20622.79,4.502,169.057,405.739,10.55,241.298,27.848,6.77,1
5.777,4.059,21018.586,8.645,159.546,454.594,11.957,105.231,25.603,9.33,0
7.105,3.73,16313.148,2.826,300.16,360.528,10.546,226.649,12.285,5.594,1
7.336,5.724,25025.629,2.612,242.533,202.77,20.911,241.964,23.773,7.506,0
8.256,1.989,17244.734,3.409,277.051,474.634,5.994,234.34,18.721,6.934,1
5.515,3.122,19236.931,4.956,309.842,434.59,12.921,204.871,15.331,12.149,0
7.131,4.69,7326.093,6.13,121.716,437.083,13.908,211.719,24.293,6.698,1
6.015,8.404,14059.278,6.337,313.444,462.875,7.424,167.989,15.756,8.156,0
7.605,5.447,19887.795,6.989,162.558,332.48,24.394,128.128,24.42,3.815,0
7.877,6.158,23396.876,4.884,215.97,584.192,8.312,203.734,31.445,5.298,0
8.387,2.413,23577.108,4.307,104.169,405.976,12.651,193.794,24.753,7.95,0
6.565,4.116,7235.324,8.367,320.639,470.005,20.078,240.803,21.65,6.925,0
8.027,7.608,7894.431,0.5,121.43,372.345,10.812,182.23,22.068,6.96,0
8.461,3.006,21296.891,5.226,162.991,531.027,13.146,198.742,28.301,6.815,0
5.457,4.133,12645.745,5.96,169.156,417.479,10.949,205.808,21.228,7.067,0
7.712,0.688,23314.852,8.847,254.055,394.786,12.26,221.482,20.301,4.319,0
8.059,5.011,6903.907,1.779,251.462,549.883,17.367,242.173,17.598,7.244,0
6.841,3.673,16860.335,4.26,334.011,198.256,10.603,137.545,17.814,7.005,0
5.889,4.782,17277.461,2.385,256.112,371.398,1.5,228.594,28.181,9.32,1
8.043,2.459,20623.036,1.503,347.09,331.483,12.352,180.069,20.181,8.903,1
5.9,0.525,10797.46,4.691,297.243,449.866,12.783,225.344,26.22,2.308,0
6.922,5.176,4716.034,6.766,184.634,442.896,13.379,271.316,26.689,6.078,0
7.06,1.741,18613.273,7.512,208.288,403.584,11.675,74.039,17.455,10.644,1
7.816,0.769,20921.797,4.036,393.4,319.32,8.619,256.795,18.389,9.031,1
6.473,3.491,24048.457,6.433,369.332,402.116,11.397,183.489,26.348,8.284,1
6.415,9.126,15169.414,4.705,335.047,443.804,20.443,142.95,23.815,6.495,0
7.199,1.526,22541.931,6.213,346.217,383.588,12.311,165.937,21.963,8.732,1
8.106,1.802,20657.53,7.409,304.536,537.906,15.438,133.272,25.678,4.672,0
9.387,5.356,26095.633,4.712,293.484,478.442,7.848,217.912,28.872,6.381,0
5.593,2.642,17139.979,7.254,269.226,407.284,11.189,133.085,22.774,8.021,0
7.415,5.164,6255.655,2.674,409.402,123.478,7.997,256.238,19.701,8.494,0
6.013,2.533,17060.212,6.413,225.504,378.803,18.322,228.055,23.68,7.79,0
8.119,2.225,18074.93,7.167,285.426,480.612,5.499,202.494,18.333,8.108,1
6.161,1.591,20868.263,6.96,119.797,371.477,14.176,78.012,23.828,7.696,0
6.425,3.911,7537.565,2.73,143.389,441.391,14.033,117.26,23.011,6.833,0
6.511,1.583,15471.709,4.688,419.289,378.051,13.742,185.592,18.268,9.813,1
7.024,2.119,23142.673,5.704,317.426,432.899,1.948,188.588,20.652,10.732,1
7.423,6.597,16823.445,5.986,246.921,573.121,3.397,241.689,21.119,7.309,0
7.584,11.729,15512.727,5.332,271.658,499.409,13.027,45.0,27.252,5.285,0
7.094,4.271,29891.122,7.958,149.56,249.53,8.346,148.246,17.924,6.977,0
5.77,6.77,10544.973,2.509,228.61,206.037,9.607,236.04,18.305,7.556,0
7.828,2.327,25515.506,4.619,141.058,458.107,10.59,171.453,20.833,3.422,0
7.047,2.58,24138.123,1.724,239.899,545.142,7.762,164.298,26.271,9.809,1
8.262,3.612,16036.418,6.342,322.827,205.722,6.986,101.327,27.218,6.251,0
6.392,1.764,17286.211,6.209,303.531,379.823,12.5,248.219,24.519,5.912,1
5.498,2.2,17263.018,11.5,400.075,689.786,3.923,163.327,27.146,6.789,0
7.066,5.042,18682.66,7.153,290.052,372.763,10.224,250.153,29.741,6.549,0
8.396,3.176,13635.481,5.763,80.0,708.103,9.497,270.617,23.914,7.502,0
7.261,2.794,14717.037,5.61,430.807,306.168,12.393,262.442,18.351,8.821,1
6.9,2.691,15191.041,4.467,193.541,327.372,23.242,188.217,22.551,9.696,1
6.23,1.286,15398.565,5.361,278.779,320.646,8.081,163.37,15.102,8.823,1
8.858,3.514,15480.085,5.652,273.655,251.497,14.329,159.624,25.289,5.703,0
6.07,1.765,2934.639,1.17,285.476,202.043,13.494,298.259,20.148,7.204,1
6.375,0.68,18134.719,5.494,269.085,378.451,15.02,178.346,23.65,7.588,1
7.67,1.126,14071.459,5.302,270.582,422.384,11.54,247.924,22.507,7.953,1
5.244,2.73,5365.728,8.608,152.661,318.986,18.987,216.532,20.779,8.281,0
8.375,4.76,15224.668,4.837,460.0,347.854,15.584,167.366,24.307,7.54,1
7.724,5.649,15023.776,3.569,320.372,578.529,15.655,176.083,22.276,7.244,1
7.999,0.889,25789.089,5.637,269.41,521.609,6.136,255.087,19.343,9.039,1
7.658,4.435,13995.005,5.249,421.559,373.959,12.934,191.719,16.632,7.161,1
6.939,9.49,21840.636,4.839,173.886,456.585,10.206,165.04,25.065,9.122,0
6.037,5.843,26488.278,2.542,338.813,208.629,8.623,145.622,16.003,8.864,0
6.96,3.416,13417.553,4.788,217.811,437.355,9.681,207.604,33.41,10.015,1
6.125,3.623,17191.268,3.942,299.198,397.511,12.248,161.595,30.465,7.792,1
7.586,3.345,28736.497,4.667,301.078,360.1,14.555,222.664,13.779,9.999,1
7.907,2.074,18988.345,6.564,80.0,408.937,16.917,329.928,26.64,6.854,0
8.577,6.036,19929.374,3.751,143.309,389.539,16.706,218.495,29.602,8.022,0
7.472,1.387,14852.849,4.658,399.847,247.363,13.817,289.226,19.601,8.777,1
8.025,3.548,21965.83,6.182,243.566,606.573,12.75,150.684,25.036,5.581,0
6.803,0.668,17242.323,4.561,435.134,519.098,11.04,227.619,22.274,6.693,1
6.622,6.411,5591.331,10.318,376.361,358.465,11.386,259.06,26.955,6.198,1
7.574,3.445,15190.989,5.598,246.277,193.732,8.989,265.89,20.411,7.296,1
6.714,0.826,9809.338,2.616,238.776,110.246,10.572,260.36,28.881,6.441,1
7.369,7.88,18229.566,3.421,405.115,645.564,14.092,190.912,22.168,7.592,0
6.039,2.89,11540.546,3.22,443.757,384.161,19.432,238.945,21.161,7.26,0
6.218,1.019,20607.835,3.45,240.639,496.558,11.826,134.033,26.761,6.897,1
7.735,10.047,17790.962,6.174,395.744,291.153,8.865,278.392,28.224,7.671,0
7.987,2.538,9387.941,2.887,352.552,368.115,16.862,137.632,9.449,6.172,0
6.114,1.614,14298.502,4.438,367.217,374.24,3.489,258.978,6.156,5.848,0
7.771,3.676,21533.658,7.385,273.597,433.975,17.194,247.395,24.982,5.252,0
6.567,1.134,24961.955,4.06,207.844,415.784,6.052,247.046,19.16,4.182,0
7.117,2.074,11634.262,6.443,175.378,294.328,15.457,303.607,15.338,6.177,1
8.517,7.275,10366.637,1.734,154.137,293.078,10.358,247.882,20.831,8.37,0
7.907,2.586,30181.402,4.359,427.426,395.214,13.944,117.038,38.0,7.044,0
7.896,4.252,17436.508,3.328,265.93,194.482,21.874,222.442,15.286,7.422,0
9.009,7.494,18094.548,5.7,167.694,306.231,8.73,86.085,28.137,6.672,0
6.396,2.524,12693.958,3.03,350.206,386.503,7.998,184.988,18.584,10.878,1
6.114,1.556,18898.931,9.239,224.296,452.7,12.852,166.767,14.577,7.698,0
6.378,4.822,28648.122,1.821,209.667,585.412,19.364,225.081,19.451,6.376,0
6.845,0.98,19153.374,7.372,440.781,347.824,13.306,144.734,14.756,5.498,1
4.745,1.411,24422.261,6.857,151.89,409.334,12.701,146.386,13.905,10.484,1
6.893,0.804,17688.395,5.72,284.979,180.916,13.261,217.566,18.796,4.877,1
6.555,7.138,10832.279,5.209,214.772,445.178,7.979,254.612,16.677,5.969,0
7.884,3.256,13058.962,8.81,201.207,295.877,13.307,190.144,22.153,5.97,0
7.452,4.949,10234.286,10.042,140.572,368.012,10.732,317.768,23.978,7.338,1
6.499,1.494,18915.613,4.685,270.065,462.106,18.451,171.12,18.424,8.039,1
7.69,4.134,25455.277,5.416,190.718,467.122,16.091,227.385,26.651,7.523,0
7.823,4.237,18546.571,3.995,315.267,230.55,6.543,208.769,19.148,6.744,1
6.331,10.014,15499.418,2.761,261.004,501.234,11.226,171.148,22.109,4.885,0
